Date,NVDA,AAPL,MSFT,AVGO,AMD,MU,BRK-B,JPM,V,LLY,JNJ,AMZN,TSLA,T,GOOGL,GE,CAT,WMT,COST,XOM,NEE,WELL,LIN,SPY,^GSPC
2010-01-31,,,,,,,,,,,,,,,,,,,,,,,,,
2010-02-28,0.051292985295009266,0.06334697786154271,0.021904080122600426,0.04335043078638454,0.05857234315985318,0.038249900207512164,0.047274988265730435,0.0749329000496573,0.040356897938831064,-0.010716960500777757,0.009847152766145029,-0.05751966369965739,,-0.021926370335617843,-0.005942899564455416,0.004978822054662932,0.08807946382569626,0.011906827343786536,0.06288342538100804,0.015310341536191945,-0.03951619949675437,0.0010421932343183636,-0.0023927408132423593,0.030718117687334404,0.028114739741840464
2010-03-31,0.071459191457912,0.13843078408561124,0.021394758563511997,0.12467674462895434,0.15865566646989915,0.13504798848081495,0.014126621945771757,0.06413628166457153,0.06524941191028517,0.05330093145182256,0.034324986510981134,0.1368935175496437,,0.04067714607010521,0.07374997930673467,0.1250896006047214,0.09682243422177012,0.033524616569397536,-0.0208825734241896,0.030006351357108944,0.04139944420202789,0.06555597473531435,0.10535183513452122,0.059098563642636506,0.0571328154163926
2010-04-30,-0.10217269993492707,0.10528007354107086,0.04179143657187303,-0.002434523490823007,-0.021811198478635715,-0.10354082469194668,-0.05397148160549059,-0.04858829884316647,-0.008827142142028769,-0.03512182512722732,-0.01389979187843493,0.009748336463648685,,0.029839933715799453,-0.07584019577183869,0.03562163977558282,0.08629803174539888,-0.03588835408078472,-0.010607127231744132,0.011725901724942952,0.07415223641043281,-0.00665434919657343,0.009233681346764942,0.015351226970955938,0.014651373006918428
2010-05-31,-0.1786363779711762,-0.016256279597532317,-0.16416113497675755,0.006802609517735345,-0.05670453348040953,-0.028201393110968073,-0.08748370029819544,-0.07306078825556128,-0.2178409679122349,-0.050380223667148796,-0.08886504600539642,-0.0887236443851414,,-0.06992493990816001,-0.07928374486785293,-0.14281545120916622,-0.11389868556075439,-0.053341651548477774,-0.010718727700409133,-0.10736959321665693,-0.04158269529551632,-0.026302321557122005,-0.0765074499057611,-0.08278842201826996,-0.08553157288349063
2010-06-30,-0.2522932376905975,-0.02104678042585676,-0.11444552794948525,0.019660094371798484,-0.15765734557568392,-0.06828599606684113,0.12182241649046169,-0.07800237541524242,-0.02388169854353559,0.02142159304376132,0.012951610868689177,-0.1382566148170809,,-0.004537422410276157,-0.08748499967352202,-0.11928267989616363,-0.01142108131892513,-0.05050256158606783,-0.060506810311833956,-0.05770298804873841,-0.013442377892272213,-0.02253651228886263,-0.015182778672736036,-0.05312797343735757,-0.055388449405503734
2010-07-31,-0.10525202214754635,0.02248540691088695,0.11483340969253004,0.03269820720766879,0.022958415546577456,-0.1537580154054576,-0.019897996878972347,0.09690042533088446,0.03608970042155988,0.060800657061703296,-0.016560285531386453,0.07602161862016502,-0.17821804856427062,0.09289142356743563,0.0858776876888048,0.11144464231693504,0.15604445210013976,0.0628860512883795,0.033713211221136005,0.044717749025097356,0.07008605430795026,0.07300520176517424,0.13323547778548922,0.06606940016995974,0.066515799010857
2010-08-31,0.015119269932788584,-0.05657484406312759,-0.08971885616421445,-0.07686936244657189,-0.28901802363684137,-0.11950147641262687,0.008413000880692748,-0.10238608865106265,-0.05976355975940975,-0.04505922509440006,-0.00920496921401945,0.05720084700357641,-0.023338954963559734,0.04116112252558299,-0.07454757863315581,-0.10729228668593667,-0.06807186062584422,-0.014905793326005083,-7.841552960674992e-05,-0.0024659791045289117,0.03622768742612262,0.02870103116240205,-0.009141283258694781,-0.04602366628159858,-0.048611822887418846
2010-09-30,0.22464256991336293,0.15462072454523468,0.04254136813919618,0.11075555323859046,0.2369515192595828,0.10983968484111245,0.04831859645694416,0.04569455179413775,0.07375547853149778,0.08390506725730949,0.0830870600045153,0.22967512306233234,0.046636695158093135,0.056459395797759465,0.15560986529300946,0.12269546837404575,0.18854374411688857,0.06523652098996786,0.13226950217482034,0.044341116041415524,0.012208831354501418,0.030237233553850502,0.05317883080468759,0.08576918826949707,0.08392847418803404
2010-10-31,0.028694140151300857,0.05895010681712078,0.0852750866539006,0.09203347890893471,0.0318366008214183,0.13595577532810685,-0.03846631520519676,-0.010073299417772704,0.051185463940792694,-0.03708760040750866,0.028323284015077634,0.050710567232285786,0.06771791591559374,0.01632108786402889,0.15460433886220326,-0.014254722777501868,0.004475656276313515,0.012071947549344432,-0.02380858182702643,0.07330981892552947,0.011879799039495362,0.07642919945729536,0.011893989307346519,0.037490306152634954,0.03619305175049079
2010-11-30,0.12423303549561425,0.033231206237025496,-0.04819180392466957,0.056325171553441446,-0.006835322627179107,-0.12766854712072,0.0015071938069421897,-0.006130476147137275,-0.05471935307423412,-0.030942547370568958,-0.0263937824496328,0.05973064606779766,0.48098922741477296,-0.025929635098611906,-0.09925961607680397,-0.011931198921183522,0.07356235078099803,-0.0014785618555799157,0.0742786397349417,0.05141521438073745,-0.07406839011576234,-0.08528434415613909,0.007742876116577869,0.0,-0.0022928763797244473
2010-12-31,0.12356262155934303,0.03601392101855659,0.09976278316544304,0.08707789193476083,0.11518864713442185,0.098182182163336,0.005382080739583906,0.12594903842636526,-0.04812758004236029,0.040180126709129245,0.004862406108304942,0.02588771875558719,-0.2826941194939583,0.05563785040805799,0.0665822027454908,0.15229943561907458,0.10173696662166962,0.0025532227737387865,0.06582280749262133,0.04991190348235909,0.026704594154223462,0.02896296828603927,0.04125692406104783,0.06471250317522806,0.06325648750899807
2011-01-31,0.4403472399346969,0.05065466000383298,-0.0064700524570728375,0.010504196148550493,-0.043729687663294894,0.2732391374322714,0.020265111931418753,0.05885617348009364,-0.007558838995129271,-0.0077353588137213216,-0.03420820151402727,-0.05927826490771326,-0.09982616452392223,-0.04622882949593428,0.010700651923534475,0.09635408212823895,0.03983426030090764,0.03891411825982879,-0.005137139513887957,0.09838910163223019,0.02788291798699496,0.029778505533383546,-0.02578253447165452,0.023033029228312477,0.022392969812412192
2011-02-28,-0.054112922721711074,0.04011912696148775,-0.03646261440806024,0.16882070544079616,0.1623273541502107,0.0544666883683033,0.06545551776139466,0.0382018867898446,0.046807652384341994,0.007793946385813802,0.03656031145608097,0.021287932966237978,-0.00875191363284144,0.030772275692627457,0.021487865716321344,0.04489338190562698,0.059234726133012394,-0.07574204434074498,0.04298698612240233,0.06363259007376022,0.036908227123220755,0.07609767507646005,0.06592160525752293,0.03414746681830182,0.03145657676282469
2011-03-31,-0.2049955961825453,-0.013395779110341094,-0.045803460657007244,-0.08628034845327426,-0.0685276067927175,0.03009077489360331,-0.04271905298739024,-0.01271712439700643,0.007772526864261045,0.017496567183607845,-0.03629541290300997,0.03871232059389018,0.14977569274405803,0.07564192673717873,-0.044401409530744014,-0.04247625415274797,0.07862989722304599,0.008330211895577776,-0.019850696962988433,-0.01650390268131582,0.003883415715232531,0.004204119610942214,0.027208734236996965,0.00012016696882646706,-0.0010478617545838823
2011-04-30,0.08012607695512382,0.004637472626075102,0.020659374481713733,0.073142899862505,0.05651220782614757,-0.013163958846402972,-0.003953688742822803,-0.004838862432909313,0.05932960376408646,0.05099453507337604,0.10363723872639345,0.08346592982274258,-0.005420062216286015,0.03524247695831446,-0.07548296173537707,0.019753991055828493,0.03996791649980058,0.054764712263846,0.09825715570136329,0.04474619250448689,0.02596551875718361,0.02504576144543412,0.046350222966662226,0.028550205981614545,0.028096938770245248
2011-05-31,0.0019978049610906985,-0.006590678200122324,-0.02920579156572883,0.009814253615795557,-0.04725289161179527,-0.10418343549164595,-0.05211505358527347,-0.05379945216220608,0.038806025397438756,0.05168649597518056,0.0322440832683274,0.004484147703354889,0.08803718432485527,0.014039414996269223,-0.028106752175576476,-0.040415094737882726,-0.08694019990210775,0.010950633923200686,0.022388457829008303,-0.046966759374723006,0.024102065741607174,0.002840746975419563,-0.005465133004277438,-0.01127827232945609,-0.013592919455284002
2011-06-30,-0.22889848200830692,-0.03558482323308978,0.03882051153163648,0.12005458455717076,-0.21654104032922253,-0.31015484113896336,-0.021475966827601244,-0.05465881795642258,0.03871801070776337,-0.02499808591257425,-0.011508802219656859,0.03889012836168557,-0.034084388011572105,-0.0047638837262088335,-0.043738847387010935,-0.03233466022849635,0.006218245054011473,-0.03839540629909452,-0.015148411408348082,-0.025357606836466207,0.0010449429900791624,-0.014390998047291083,0.028666533515584,-0.017013533007315194,-0.018426185911932576
2011-07-31,-0.14199181175007416,0.1512477660872258,0.05244662396519699,-0.12216732373132663,0.04885833991342914,-0.014815337522527472,-0.042497834334471546,-0.005915710267587322,0.015076649937743311,0.020309140550434507,-0.0263512065620449,0.0844979761201948,-0.033510994116746594,-0.05274182026523096,0.1757734717046012,-0.051683600030653046,-0.07055772367022743,-0.008124709522029474,-0.03749866697888696,-0.019731490642022603,-0.039220440001706554,0.006652920116834827,-0.04481281041592746,-0.020207245571200794,-0.02170835585666382
2011-08-31,-0.03832408478725115,-0.014574970445223004,-0.023339433264814302,-0.015583436827775996,-0.0720142010026829,-0.2207716055686311,-0.01590028991280705,-0.07412652367101988,0.028737253743300443,-0.006534115720522466,0.024338259208869163,-0.03330976445373903,-0.1298364280867048,-0.027019246442913078,-0.10971551970851781,-0.09358077398411223,-0.08213664877588013,0.016273503630989065,0.006869222736185815,-0.0684807903864308,0.03628679387161097,-0.01985948033515334,-0.05096793767476021,-0.0565446063668742,-0.05846750227195686
2011-09-30,-0.06198690773053844,-0.009162973242923067,-0.06644550262465981,-0.007308457853950509,-0.2960134158403848,-0.15923959715176653,-0.027216329576985804,-0.22075064459133498,-0.024885854620072364,-0.014500061059622527,-0.032592267112107214,0.004635361488216237,-0.014247924006388524,0.0014038601600203477,-0.049100531414042685,-0.05962342954404402,-0.20895898277983765,-0.024551954264180536,0.0446947605693056,-0.018957365488661938,-0.048772888853695774,-0.08515714146558538,-0.047102382188633204,-0.07194789297499085,-0.0744671007197857
2011-10-31,0.168097965849065,0.059704977133935494,0.067572403705037,0.030059263240737856,0.1377057407040636,0.10357309834130166,0.09166923844999449,0.15204239458368643,0.08430497466246438,0.005125931991448664,0.010930500432495712,-0.012658956467094145,0.18580047599363586,0.047637851856054875,0.14034229210092922,0.09339695138236817,0.25179666200277034,0.08880822992143439,0.013545264773353181,0.07248416072453563,0.043114888772757876,0.11854231906628368,0.08398448393316718,0.10359139092238882,0.10230659176938868
2011-11-30,0.054565667344618304,-0.05740003105542143,-0.03272574100624286,-0.12104581469341391,-0.024306729081401746,0.06911192605665449,0.011492930872816507,-0.11544836778727854,0.04131365426847459,0.031428376769345616,0.014349747042725564,-0.10467900819431043,0.10862401548149982,-0.011322550299783731,0.011325484607006144,-0.04905937000208417,0.03556534571901234,0.03771441857974317,0.027181749572495095,0.03559051908182922,-0.00706216859426676,-0.03542386766188447,0.0032407609336850157,-0.004072082011691544,-0.005071553722512535
2011-12-31,-0.12018513641357435,0.05794340781031365,0.014746026815615917,-0.03188187820981072,-0.052311286963695136,0.048869564879688326,-0.031732302606979894,0.0710355286725737,0.04595272606917102,0.09350746481046833,0.013200270715692297,-0.10513522259406152,-0.1365905719303928,0.042559112238354985,0.07473238254413098,0.12806790324915632,-0.07728820803833285,0.020724450064948566,-0.023485582137698354,0.05231186520704604,0.09360347716699713,0.08333373537454729,0.05191053447087576,0.0103940507310988,0.008496565407114517
2012-01-31,0.06359065134368493,0.11965763123551314,0.12884979384915446,0.16213782638223198,0.2171999854378192,0.1891874503123779,0.02676825782388085,0.12211119976216578,-0.008804564421247494,-0.04477988869508703,0.005019309598916473,0.11625421340373088,0.017699535359453778,-0.008481360507116429,-0.10742725983258426,0.04369892829493164,0.1904543505079266,0.02642164982875818,-0.012682374363851083,-0.012106585794280351,-0.017063536268709368,0.04797765789644623,-0.00656983619194646,0.045331477254558765,0.042660044467807356
2012-02-29,0.02540223459138978,0.17253235724914742,0.07873259308984276,0.10267537279370313,0.09110134358090122,0.11778289267540473,0.0010202041672503002,0.05070326860522878,0.14713587400500874,-0.00011861669201456801,-0.0038786684952762875,-0.07889050843753967,0.13914844175192992,0.03933870300190181,0.06367533695086447,0.02681473491083141,0.04559063017359269,-0.03786598549381778,0.04788077406603816,0.03788595475526396,0.004273348214725961,-0.03661446301622046,0.02602381233461867,0.042489694185558737,0.03978734467204456
2012-03-31,0.016367300614331937,0.10010237468580972,0.016250287164346174,0.03903147584907788,0.08723817870660161,-0.05406711006284609,0.03383787248542291,0.1585097318840503,0.01390975311356284,0.02591062881310975,0.013431147954368448,0.11955610462215448,0.10852843668386178,0.020705926523981292,0.03651083902183814,0.05215946837090433,-0.0697065917165277,0.04192585583627325,0.05361447517525513,0.002655075659537817,0.02603979505543176,0.00950620870160278,0.055475231377501495,0.03165750020035319,0.03085147563299614
2012-04-30,-0.16941831860991197,-0.026313155885920318,-0.007467069684387096,-0.12241263912246143,-0.08587852807485724,-0.20631081768883566,-0.008663477258995137,-0.06094666874632309,0.041337075586543565,0.027432045406475366,-0.013123810623171906,0.13551702637317714,-0.11694418902250853,0.07102247707552861,-0.05842342983875295,-0.024717672798392543,-0.03161808085185518,-0.03813619369395597,-0.029279298811564,-0.004506532164209589,0.05215255687960002,0.03116857233345214,0.009203759384834738,-0.006698213363186671,-0.007525699544988767
2012-05-31,-0.04483619167212997,-0.010759680231593204,-0.0859943225588668,-0.04084615117760019,-0.19105526745159943,-0.12082254494014225,-0.013641364837256111,-0.2596922433915083,-0.06346355096127379,0.0011186757197728405,-0.03219041269474382,-0.08543670888586663,-0.11604892393016633,0.03757198505176723,-0.040470654737425484,-0.025343938804198114,-0.1594840900029663,0.11767542648552838,-0.01720519649747116,-0.0866741469228748,0.024516732260471876,-0.00885963760375091,-0.08529973967987795,-0.06193461063663742,-0.06469930815862472
2012-06-30,0.10600405863398166,0.010794405115514109,0.046846722032194574,0.08562021954270069,-0.05928914937437491,0.07740487427239538,0.04881417970011115,0.0749479251334096,0.07062349492570856,0.04675295610345686,0.0789701120054003,0.07000994113257503,0.05890807986796035,0.04268149919896583,-0.0013608650368684956,0.09899596875468643,-0.03141751215309764,0.05756361229285268,0.09500605743980221,0.08458119663941782,0.05174484838296899,0.049759898798967986,0.028470349097493432,0.039779382152250395,0.03879271987369995
2012-07-31,-0.020468904666311162,0.0448033541283701,-0.037300162311377824,0.027474394138070037,-0.3445325745354223,-0.015974853236128204,0.0179584361639392,0.01583163379250135,0.04306166480822617,0.025766474423015856,0.024273521424500254,0.02144567621933101,-0.13202589473849205,0.07786897655446269,0.08727421004197286,-0.004327714087840664,-0.0019097114785437562,0.06537226643500847,0.012344296115464901,0.01484774027748445,0.02992115569517171,0.06523445072734306,-0.04678703384906384,0.011759795779093486,0.01251888494028272
2012-08-31,0.035549586290295886,0.08972778623798962,0.05139371733156493,-0.008983205537529714,-0.08745928354395496,0.0,-0.0059108816339659715,0.0311755134547102,-0.0046781612227292544,0.03109114798853237,-0.017153582491091165,0.06219167434933645,0.03933276030022949,-0.03433800021616596,0.07912714922821068,-0.0019295656921122335,0.013212582564319246,-0.019500758960076022,0.02029326795031457,0.011645809498695791,-0.043149627864407625,-0.0508658576425825,0.01663022266838115,0.024744232119430765,0.01957060970187109
2012-09-30,-0.05043050288092027,0.002791760705688795,-0.034998823132687824,-0.04305568835958754,-0.09881096557043667,-0.037740209868116374,0.044750723514692725,0.08611346087642655,0.045945985130381645,0.054172610257523,0.021710960490004916,0.024076435296874043,0.026299293545949176,0.02851918126995084,0.09650502292190968,0.0997962720650391,0.008286185789632843,0.01639358890699252,0.02312881180755224,0.046442040297979166,0.0438897313562868,-0.012050389601793152,-0.010183967845887903,0.02503483495448442,0.023947118796254597
2012-10-31,-0.10752871658749563,-0.11384095636375903,-0.04185856928384327,-0.054210979076790566,-0.497072940515573,-0.09648134592008309,-0.0211981414904905,0.03657211463046376,0.0328184450718878,0.025407563962538772,0.027340206402534678,-0.08802706531828465,-0.040068281412177414,-0.07078386178313292,-0.10352136807320862,-0.07542988076746807,-0.00837801907695089,0.01639600733122253,-0.01742311910529926,-0.0030665679618813928,-0.003846519585461061,0.028848806179039444,0.022181856770874513,-0.018365719229786543,-0.019987842358050206
2012-11-30,0.005595879630940009,-0.01245132837635698,-0.061459929674283695,0.060784807540243894,0.07061761214871896,0.09480779617387203,0.019836726281139565,-0.014500326673222829,0.07827323196600078,0.0185926310197157,-0.006706651946974597,0.07906125741660056,0.18421609176983414,-0.013387801554170084,0.026215122550662984,0.003318535640640944,0.005057592382179263,-0.04081059037229151,0.05715380751500388,-0.027558054430225725,-0.010570545818277294,0.003414825353683257,0.009371426441406677,0.005643621234029284,0.0028426724604567314
2012-12-31,0.023938424085678162,-0.0951274099375618,0.0033750259970204586,-0.09853332395642922,0.08701139505164275,0.060131679811090515,0.01822522183995847,0.06798647861183119,0.012413548322450856,0.005693188218700739,0.005292431149760695,-0.004692605085600493,0.0014771105277870474,-0.012382293475262261,0.012818977557167967,0.0024367316079984412,0.05573929403509294,-0.04852569356163482,0.017120061500632756,-0.018204206501344827,0.00696120499618746,0.03994569601160639,0.02589494806202464,0.00889485582766241,0.0070433681007134085
2013-01-31,0.0,-0.15558904267592108,0.027328406068159044,0.12237154244010584,0.0800426312573253,0.1759924809150005,0.07751833661000707,0.07454948502043159,0.04091153107322622,0.08489709882895312,0.053060023797101195,0.05667993952994145,0.1020781142396528,0.048514024015671973,0.06606322778656346,0.05964345262896907,0.09347238687073527,0.024896368973104717,0.03591138915672042,0.03875410728377332,0.04050401799396038,0.024974860302279463,0.008370559128466494,0.04992260093168881,0.04919779199874611
2013-02-28,0.038221582494143515,-0.02561144539305726,0.020914984479639583,-0.044299530428772195,-0.043228694041020706,0.10297690553527625,0.052551175918155245,0.038975465687720146,0.006719793197697764,0.027055326162689127,0.03716398781864426,-0.0046435024240481125,-0.07412863957729032,0.03168602154794437,0.0584794169682938,0.04947352748158223,-0.06313668314550926,0.011795527657356097,-0.007647118070942442,0.0016893162200588556,0.006673058614514934,0.0327246041317245,0.02399184823063146,0.012678726034035007,0.010999927126354463
2013-03-31,0.013338549240963136,0.0028506965256352083,0.02872031772125197,0.05378642880569351,0.02381062616420465,0.17473478642210727,0.019771852460677104,-0.030299191654707614,0.06821931751983774,0.03822792437646281,0.06879131567823202,0.008365416226146671,0.08420813821368955,0.02148829459047032,-0.008788021016142454,-0.004315715906508345,-0.06023900029362361,0.06207347060839612,0.04648844460763669,0.006233845143537046,0.07773901162261745,0.057115558212343466,-0.008118766249397568,0.037268043503112885,0.035355294329704884
2013-04-30,0.07070665287188296,0.0002710479020122057,0.14577679419538275,-0.11680915393612211,0.10064352080641695,-0.05774769880367368,0.020141311502875184,0.03837030822208887,-0.008158700316757916,-0.02514152772233345,0.04438248770096412,-0.048750749700386786,0.3541115308277039,0.03656431862753172,0.037539391928348355,-0.0365597749975194,-0.020398728456274707,0.03789380610939617,0.021628226721258175,-0.012507162862837214,0.054487092659565264,0.09890439851420306,0.024443881259197706,0.01902955063235879,0.017924165836652507
2013-05-31,0.054651834139633065,0.022171794247638106,0.0599416102266271,0.16597032394010466,0.34955749984263534,0.21504276525820476,0.07035888082983047,0.10782617277089425,0.057702955453929776,-0.032167937942691675,-0.00490733578938865,0.05886862455691608,0.5937166840689898,-0.06821158234787261,0.055032346182917954,0.045173256125518944,0.013257825489415802,-0.03178026365936091,0.013793465406489108,0.023388235294118015,-0.07260946013087527,-0.08696573510818481,0.00026205417352225495,0.023335963365951878,0.020550202383511563
2013-06-30,-0.030167012266462612,-0.12589572395420753,-0.010368561754043333,-0.0034662263729089765,0.01980260859668314,0.20447724439807213,-0.01902797836763163,-0.033528815505398955,0.02554928252541949,-0.07904012875231912,0.0197605342247768,0.031050750556967186,0.09367216329803962,0.011649822033545525,0.010447893013721983,0.002364236108819326,-0.03934190020029346,-0.004687301950462572,0.008537417877302762,-0.0013272293527928022,0.0746366984345555,-0.014808660903209168,0.012389768035175627,-0.013434916046979706,-0.015112928770280075
2013-07-31,0.028091434472371765,0.1321020293863143,-0.08139502773521945,-0.01890398764403191,-0.07902197331593457,-0.07911277576459172,0.03468458271612982,0.061462952878874294,-0.031912839185495354,0.07809940723449067,0.08524363632273269,0.08133553501043705,0.22373952232629382,0.01308875344846576,0.008347788770904457,0.049632013944400144,0.012025542412893081,0.04527369322912295,0.06010884939956134,0.03694041249693176,0.06105750948078462,-0.03863018183221392,0.042585181744378524,0.05038647181229944,0.04827772805178804
2013-08-31,0.026270896226538925,0.08044288799157955,0.05485414215719625,0.04868614618539356,-0.14228501732434767,0.024618941736453098,-0.04095866397797686,-0.0979520021520478,-0.01289711758280283,-0.023619972895848707,-0.07135248672470337,-0.06955740895414024,0.22997164238397244,-0.04168460312233514,-0.04710754673920073,-0.051790076649953935,-0.0044728726809342015,-0.059699395578589644,-0.04582236763717572,-0.06599829532654196,-0.06672592422020342,-0.03634398001607321,-0.023320560558447487,-0.030451771882778013,-0.03179826803794541
2013-09-30,0.053460133582333876,-0.021723416900612545,-0.0035991565273553083,0.11801355178805854,0.15283919504382482,0.25262389142635244,0.02038072485201371,0.022697718740105056,0.09133073988402703,-0.02103727862743058,0.0032354582624181207,0.10676888968423186,0.1347066202236366,-0.00029578670800220865,0.033680922491814966,0.03956880343403089,0.010365478188177957,0.013338864500532184,0.029071806673232926,-0.012933080339264965,-0.002492003907127749,0.01518354234801875,0.028773783713181737,0.031156384900364056,0.02931559136642498
2013-10-31,-0.024066438733783665,0.09201529624117002,0.06203785240552559,0.05311395643293512,-0.1316583928293185,0.011948813248774726,0.013823441573868557,0.004433671540398173,0.028730446231556774,-0.010184883741507214,0.06605872917935102,0.15218391156754468,-0.1898065953130254,0.08568578171723346,0.16261370363900934,0.0900071691110957,0.006499325361567692,0.03702901817805035,0.02427497874345454,0.04076609195483662,0.05568055668491843,0.03883239303324406,0.03675109713025255,0.04526645945839282,0.04362997111283392
2013-11-30,0.03203484818150009,0.0677083130700268,0.08156241804284942,-0.015528521168477074,0.08601292917767933,0.17683914224751815,0.012434340948858928,0.1045454804133427,0.0359613945021947,0.01783356671772325,0.028851206180286734,0.07814968602068982,-0.22840940499013687,-0.02772913978301458,0.027760159527184487,0.019697379565533035,0.01476585096366129,0.05401919195171636,0.06359831462357488,0.04895048298605396,0.005805643355243744,-0.1347390595703168,0.012352288485487731,0.029206686570192816,0.02766328977323541
2013-12-31,0.026567177984396364,0.008862053906203132,-0.01906341586219668,0.17205986607142,0.06127076700191627,0.030340598566571106,0.017270400845887456,0.021781213265154618,0.09026629462553992,0.015411928901717487,-0.032969925361657985,0.013049038615695133,0.16710854089725802,-0.0014207254261449924,0.056080433211501315,0.058169758138231935,0.07083475194044093,-0.023252447512583117,-0.05245630011688757,0.07935084400537977,0.0121033127022079,-0.04418391354747782,0.03426272052843397,0.025596264302040657,0.0232894744820535
2014-01-31,-0.020177251051831657,-0.11394917580868223,0.011428304399317434,0.03274025076312376,-0.12069419682980383,0.05761807583397102,-0.06049810468115812,-0.04830839519872675,-0.03309967936778328,0.057343926367839276,-0.03465786005771201,-0.10597651187014008,0.18726171378380785,-0.03617182378303113,0.05237371893626847,-0.10921296761153772,0.04008148192306373,-0.05230354658717118,-0.057583462910450293,-0.09357237274564872,0.07110814669074293,0.07807371955605602,-0.04169364406360289,-0.03588454648576417,-0.0362314077760193
2014-02-28,0.1621074680274746,0.0559177574982879,0.01981555851993783,0.12151800565439655,0.078471606260957,0.04870743667807715,0.03677079183309936,0.02603079145796511,0.049434167466833066,0.10768379748771838,0.04759810973072581,0.009461900251812093,0.2997227846531338,-0.04261184983980305,0.028942792994700053,0.022138308564633023,0.0320651066846802,0.0002677152179052219,0.04145442978690202,0.050688433272557114,0.00205152237710948,0.028126010532684327,0.044305351067390024,0.0445103724147347,0.042213375072275613
2014-03-31,-0.02590411281826253,0.019756794927043107,0.06761697127565379,0.04725185274261475,0.07775941149469415,-0.022153636777897095,0.07638189015810173,0.06622053031610231,-0.045639332947778666,-0.012661682470627529,0.06421990410410829,-0.07370861606695153,-0.16078324198958024,0.09379992465939098,-0.08686399422781603,0.016355396303714867,0.024448305734844977,0.02932629875123572,-0.04482509258523606,0.014539805609971718,0.04524601338890453,0.014534268531544254,0.009565951020052692,0.008261204489320642,0.006908248426944213
2014-04-30,0.030788800395427984,0.09476117544670946,-0.014498058080558455,-0.014228644890714846,0.019753708966021546,0.09891556220413988,0.030575266201866423,-0.07483100481922167,-0.06334708390802678,0.00406916535249263,0.030676068010179938,-0.10075653033193854,-0.002690121888148953,0.03511459300695419,-0.04198121203910931,0.037897771570792264,0.0647836201593213,0.04201955628845917,0.03518993505598994,0.04728763533991645,0.04328691137288226,0.05690663076216106,-0.003211974475265521,0.0069275690919945645,0.0061816433655846855
2014-05-31,0.0328863812826682,0.07576515694112122,0.020307642490069874,0.10698114692918326,-0.022250646242371802,0.09035576216875524,-0.003966020679594039,-0.007351191041277572,0.06045220394043062,0.021058000910239457,0.008621945730575446,0.02730918443776941,-0.0005774220041062266,-0.006463275091748677,0.0664847182795519,-0.0037257959102734908,-0.03053716545299121,-0.03140872227046413,0.005991928009802694,-0.0117616784752459,-0.017778971805258097,0.014790023540116529,0.012861842303628192,0.02294137309619198,0.020812196013358243
2014-06-30,-0.024508652525295195,0.027286085142005072,0.018393219903378513,0.023716720372234733,0.046406386470589776,0.1419338498351501,-0.013966479059094873,0.03622626965392288,-0.019364334071428225,0.037864142255626225,0.03067015947717581,0.038383620242700624,0.14445722361252894,-0.0031063263673306893,0.022520515645471365,-0.01100554922581583,0.06109008849440371,-0.022393323049872942,-0.007439845632908295,0.0014908660588307226,0.05125211610192181,-0.008896265043452398,0.00940156558310842,0.02043444840130567,0.018878996713560546
2014-07-31,-0.05772957223065016,0.028326667015015104,0.03441312449274269,-0.038039282864383156,-0.06916335164162356,-0.07562612656920861,-0.00896864825921908,0.00783353339652993,0.001422760031696572,-0.018015565502617806,-0.044264727067366845,-0.036976815446596964,-0.07237267584425122,0.023537078615815263,-0.008795605898760894,-0.043950176267142864,-0.06937014757512566,-0.02004775148487277,0.023483009383432677,-0.017433335743046723,-0.08754383116765989,0.015202005506650637,-0.036022192801016574,-0.013528956350771478,-0.01519468763799153
2014-08-31,0.11006007507706186,0.07465153121563514,0.05748472918944884,0.16821752043045332,0.06437865815776325,0.06494729657159919,0.09005624392002007,0.03039858558026656,0.009034357136256749,0.048144168406399485,0.0424625597127982,0.07994684039465534,0.18879400654841638,-0.017860679110727966,0.004836864665344836,0.03246912279086169,0.07934784617648269,0.03232606333094493,0.029672881308365956,0.012183350567549997,0.05494905065343744,0.07270726013706934,0.026263672665318562,0.03870481973461805,0.03696364440798924
2014-09-30,-0.05278251179402071,-0.017220421767606246,0.020264559476550384,0.061738045425355076,-0.20120373764090507,0.049666359968324005,0.006463578852831834,0.01320115735333014,0.003991831613133258,0.020092125543894383,0.02719833052248692,-0.050201018391786194,-0.10556647677589621,0.007977294947257008,0.010335158343450546,-0.0055438217441195385,-0.0965671504298701,0.012765791890454152,0.03441898969519431,-0.05592823713657994,-0.04753159566382302,-0.08022786092859571,-0.014647034370885516,-0.013892076597294719,-0.01563543610528987
2014-10-31,0.05739905831026809,0.06948895323778616,0.012646095401504432,-0.00865778130932067,-0.1970929163144554,-0.03474703948590859,0.014516994073672608,0.01069115119647265,0.1235515698990795,0.022565695328147752,0.011102424624670818,-0.054098234668899556,-0.004046476501135142,0.005974009269638012,-0.035531504408995565,0.007388729900219689,0.03133781343373225,-0.002618759977678235,0.06225652030680448,0.027890083914194282,0.06535063903853376,0.13114394478339741,-0.023609488788475966,0.02327773839868443,0.022936398829564386
2014-11-30,0.07485217699805742,0.1007308849440808,0.0244389882225972,0.07964112736808354,-0.0035778179907354503,0.08289779458549502,0.05907896481242545,-0.00530527391819678,0.0690401591134945,0.03387655945494325,0.01084299147861418,0.1031187276945569,0.011599801020913306,0.015379913110245043,-0.03364832600538586,0.02600520211472293,-0.008019456215747362,0.137815973253795,0.06613808943767337,-0.05873137726490003,0.047814525728026185,0.04640182214643846,0.018791853639239794,0.027101478950461135,0.024237473563306713
2014-12-31,-0.0448635030487716,-0.07460647061299903,-0.028858258394159546,0.07776422859268473,-0.04396308117385499,-0.02649548465409544,0.009771135651313895,0.03943776998226307,0.015412036104208078,0.012690399969008491,-0.034586338935394395,-0.08723686140825584,-0.09477451914585316,-0.051918383390200155,-0.034122509974190036,-0.03777872987680468,-0.09448543685588243,-0.013573892819810645,-0.002606495645891578,0.020876509608142066,0.018037576743902304,0.02692201111123683,0.014222784497401778,-0.002539871184679035,-0.004197384221126008
2015-01-31,-0.04331881246493253,0.059611849547343346,-0.13954677640883692,0.02251054319863787,-0.038172628055106024,-0.1790706790611977,-0.04244662415058216,-0.1340368610253102,-0.028197369038584053,0.04270465546497069,-0.04328807634597608,0.13309225571979186,-0.08836528889064563,-0.001454081606338033,0.012900210823246772,-0.05615825573390406,-0.12684933533319906,-0.010534621402721286,0.008709747870876255,-0.05594386734844667,0.027375961744270916,0.07972709298867448,-0.07174795513414892,-0.030077001309732183,-0.031532779266425476
2015-02-28,0.1426987524193683,0.0960157650172431,0.08903643237416106,0.2154935613465112,0.19071681952833316,0.04672195989194845,0.024029715272903637,0.11945724259828833,0.064167820496518,-0.018628171235074605,0.030367004111929722,0.06979924256667619,-0.0012778075562322375,0.04861689995267615,0.04560043828308852,0.09340287519030954,0.03598368686065767,-0.012433136766797595,0.062376877519223516,0.020229311186120893,-0.04707712713230471,-0.050718237546949305,0.058852157144769435,0.05468220426470315,0.053438876325627216
2015-03-31,-0.05258219619587833,-0.03187431887702142,-0.07553005415625981,-0.00208001373506813,-0.1488058730277275,-0.12264495798993673,-0.021184737838040136,-0.011488777401716284,-0.03629262085098561,0.03473307880652919,-0.0188080053636071,-0.02142957548125044,-0.07435005121525805,-0.05685223267761507,-0.014194879505912313,-0.04646537984391377,-0.03523364666504581,-0.014231370301961753,0.030425068394981186,-0.040803554509346196,0.005686461500708003,0.003236903769979705,-0.05205314500776139,-0.01583045100274139,-0.017549197433963104
2015-04-30,0.058907945025952126,0.005769570418768519,0.17920151194268297,-0.0828816849970025,-0.1704520103677722,0.03619672977954906,-0.021784915437738275,0.04991313217358313,0.009737175523033013,-0.010794679354589973,-0.014014001144850756,0.1253212736183352,0.18022680786809112,0.07810812931096393,-0.010747939178234083,0.0875488576997111,0.09038020000573382,-0.05241373306280671,-0.05465935692794926,0.02750061607669121,-0.03044442719556204,-0.0715258696386831,0.009807578320541101,0.009785689506459258,0.008484722544635536
2015-05-31,0.0014607740076300717,0.04434172631167523,-0.03080335135992317,0.23653762966686975,0.00881062135360639,-0.0071353440194016175,0.012596438633480514,0.039062590715446856,0.040793905395942485,0.10021406431778468,0.016696123121407697,0.017509029251770093,0.10389957420138538,-0.002890744571812948,-0.006306758816292007,0.006991979696567176,-0.018118967443153017,-0.043350982938924115,-0.0032206473211282803,-0.016913602039547868,0.02152428659514146,-0.013130598317183436,0.007598413443188593,0.012774450780069944,0.010436729675336851
2015-06-30,-0.09571719348975999,-0.03793847963238314,-0.05957213024542934,-0.10504152757507515,0.05129334667232602,-0.3937189995167728,-0.049381243431672876,0.029656110123192855,-0.022528478336509936,0.056545994944728666,-0.027126475622498314,0.011258981394398498,0.06730093529615058,0.027977712010957254,-0.009729470923362158,-0.017534708188154398,-0.005877529639683916,-0.046013735374253635,-0.054254464050469145,-0.023754101251615447,-0.04302709385997535,-0.06816987155703477,-0.021458808038331955,-0.020521293549979648,-0.021235558871758677
2015-07-31,-0.007988346482954059,-0.03348109393194438,0.05615133340862347,-0.06038954613066587,-0.21794880135078257,-0.017671416164561957,0.04756144519839131,0.01781423871054903,0.11508209401854966,0.012142923251366221,0.027825586106228255,0.21116210895932794,-0.00789661613635335,-0.004653981894226725,0.19680128608257552,-0.017847388619687005,-0.06658660985224044,0.014695014192063559,0.07308152973676962,-0.04914473327494739,0.07058951602506473,0.05542160362368741,-0.046308885349937955,0.022337785016731695,0.019549682990019603
2015-08-31,0.12359579829833545,-0.06848896420499995,-0.06395067581387512,0.006610897757608604,-0.06419316207532583,-0.12042028079083551,-0.06288661924605198,-0.06682709432072043,-0.053478308597087854,-0.019887770404203035,-0.056564926339704974,-0.04435257818430364,-0.06636625004434832,-0.04534210637040443,-0.014831679677234663,-0.05028511860748985,-0.028246791639372222,-0.0993582998530046,-0.03405563727674685,-0.04210644807628407,-0.059030032911774784,-0.07866078469456729,-0.07634793528897676,-0.0628866669927813,-0.06462473099312395
2015-09-30,0.0921509551038256,-0.02205753194477758,0.016860448667108528,-0.004519860798242801,-0.05100250620500471,-0.09117476986409667,-0.02753161009412371,-0.05006237978550564,-0.02326926991587295,0.016140504462600014,-0.006726302502883065,-0.0019516836771978742,-0.0026535189974316664,-0.018851071140536167,-0.014694766508002092,0.02489657165973407,-0.15659609621070447,0.0016975162112710367,0.031764913443868996,-0.011899202373794228,-0.008777669193514616,0.06670669045320668,-0.030509298466613707,-0.025846862426103977,-0.02679873096346286
2015-10-31,0.14055518415063142,0.08011271998429573,0.17339515441954834,-0.015152896837618387,0.2090917272431387,0.10027414500580162,0.042195362471576785,0.05958924435867734,0.1076828921990473,-0.025657987575447846,0.07906177148373897,0.20108087425798077,-0.18265977677171785,0.04700333649697054,0.1441987432813316,0.1368962730124152,0.1215255034368403,-0.12466956351120623,0.08958999401791694,0.10691974636335969,0.051057533684824234,-0.04299658382324927,0.08674127936592031,0.08163458419427412,0.07971937954339872
2015-11-30,0.11540526402240393,-0.0058216780452152875,0.03868580786137458,0.05774908957489915,0.1072455398842417,-0.038785758109231405,-0.014290776177307951,0.037123319537810055,0.020060664534868395,0.012065423870165773,0.009420934223190954,0.06029567766807678,0.10682858591042434,0.0047633811319337865,0.03394452123486787,0.03466196946791922,-0.004668815469089704,0.02756885908801274,0.023237028344634345,-0.004459633912224206,-0.019961304946620965,-0.013449808135759762,0.015275713459155814,0.0036481789511024305,0.0005047417068051869
2015-12-31,0.03834742606567078,-0.1167904197241238,0.020578412869327187,0.10985365893443876,0.19565041531004843,-0.11778304333050275,-0.015406332842950024,-0.009795831330279772,-0.018652066822077713,0.026700542625471602,0.014512929791297284,0.016544000817472714,0.04147151877477002,0.02173997812358485,0.019678042562131418,0.04707045306754332,-0.066734177473877,0.04929912660419679,0.0004951171723316048,-0.04649647393511063,0.03956344347562573,0.07380266065214605,-0.09022955186163503,-0.017432960778949767,-0.01768565839025723
2016-01-31,-0.1180485265690597,-0.0782230626051816,-0.007054802564133123,-0.0820944696335243,-0.26585460785795845,-0.2498023026520619,-0.017341170465297248,-0.09744681657318183,-0.04025766056922323,-0.06319430396472145,0.016605813566328415,-0.14100546202873954,-0.2273606261518645,0.06538075199148825,-0.021646240663643138,-0.06807589239776346,-0.07547871377429188,0.07931452961039227,-0.06643055252168882,-0.0012838048889224065,0.07257347366463751,-0.08927201779577427,-0.02371667874519832,-0.051068793283847204,-0.052067617305496784
2016-02-29,0.07192344277046753,-0.0012885418150221505,-0.07234381666096751,0.00194233272881894,-0.027651503984284922,-0.03693862139328051,0.03334395328263503,-0.055281814844936994,-0.026625165074669343,-0.08710629036654684,0.014566802128782894,-0.060535220877639434,0.0038106694546870576,0.024381629852080193,-0.05971038070288709,0.009347373342674119,0.08408810465756776,-0.00030156360330876457,-0.004531349524061936,0.03815126352732596,0.017408207441568922,0.03835804423239104,0.017741748620455057,-0.0008266309424147436,-0.00413690551499243
2016-03-31,0.12765465036134585,0.11974603039061908,0.08203627797932803,0.1458843791291578,0.28651308276390053,-0.015166084519507602,0.05587402536540056,0.05056469108577217,0.05496033060804979,0.00013871088030220868,0.028022886597787754,0.07178343634796915,0.1799481091044329,0.058345349105660214,0.06174420286959483,0.08703992258045343,0.12272745260953727,0.039270650287958765,0.04909743615649577,0.0420240958693303,0.04776818454819838,0.08358240269317703,0.12445366089842633,0.06510059701011885,0.06390499028682897
2016-04-30,-0.0028105586160023315,-0.1507310266081436,-0.1020864939061335,-0.05830136521653658,0.21962862923698984,0.026391586145846805,0.02505692643025106,0.0724213040623528,0.009888528345886093,0.04772450177408775,0.03523177989683161,0.10534537601927191,0.046721797422233854,0.007373659855935586,-0.07485220736228679,-0.03326209489182616,0.02500246144440964,-0.023937178101664826,-0.05888985937574702,0.05594790729876006,-0.00644318963928363,0.0011526388481177172,0.025960080188105295,0.0039330879617712495,0.0026957614511553935
2016-05-31,0.27638827229551405,0.06931416643896181,0.06784218132719057,0.057394617510860904,0.2525656524134854,0.168269817785719,-0.03454649275863879,0.03222820068293898,0.02353965017366069,1.4001496724436645e-05,0.012541935989814637,0.09150028993280587,-0.07559796752579022,0.008464768882103587,0.056263974440138954,-0.017054876423661512,-0.06938833508583002,0.06412073718941973,0.004311575738994498,0.015358404956695536,0.02870395138556068,0.0043592584225851634,-0.06689119049368655,0.01686901048660464,0.015208366810523843
2016-06-30,0.006188506626038306,-0.04359631303972517,-0.035138469344532124,0.00986488970527958,0.11753981102273121,0.07859022318688684,0.02979227243152139,-0.049142329300224406,-0.06232812473676549,0.04839045463064813,0.07362606818142967,-0.009969463897277757,-0.05029643987714577,0.09867156148664354,-0.06242827312906818,0.048065159433921284,0.044505960222851075,0.031157023164009208,0.0540987450453751,0.05166412706693259,0.08211534612881813,0.10016617627447608,0.029575333806640382,0.0034695810440574042,0.0009105066031534965
2016-07-31,0.19444343593331692,0.08623524845113323,0.1022679572035637,0.04147010882432155,0.28865440770902645,-0.0014545379517315465,-0.003597796851619568,0.036778372710249634,0.05098984040826551,0.051235947860920145,0.031885053228345374,0.05860212289164956,0.100785333668106,0.016618538836754376,0.11761715297437635,-0.01085951340725152,0.09730170391616894,-0.0006848115562205948,0.06280978755485135,-0.05245048774610837,-0.01631355622037396,0.04064889343517234,0.0362594716545649,0.03582199310150824,0.03499043269105408
2016-08-31,0.0734690168582738,0.023376451225033238,0.019880937578324903,0.08539508276921083,0.07577255189707983,0.1824427898217758,0.04221009972845959,0.0537135299834914,0.037598058377228925,-0.05766420991744024,-0.041526101064395075,0.01354764180142599,-0.10205809086190462,-0.057280900939834616,-0.0018845947141670097,0.0032059665914537273,-0.009835545908407631,-0.014368241640374518,-0.028474266049375495,-0.012067235053255604,-0.05198654871280811,-0.021934301850296618,0.04611434553774892,0.0011965797568116727,-0.0012199867803522136
2016-09-30,0.11069379741683746,0.06344814670679509,0.002433548443887708,-0.01934301610318354,-0.0685103974002204,0.07532009558236119,-0.04082479130966428,-0.013573061779565418,0.022005667951302647,0.031772903596804444,-0.010191348488249551,0.08489539077749772,-0.038366371712066805,-0.006626376757743797,0.017830869385477333,-0.04547511679545961,0.07993975172467865,0.00947334500943861,-0.0609215672777174,0.0016051100144751265,0.011345878363186233,-0.026136905070491438,-0.003869794507844151,5.81558355167157e-05,-0.0012352137017536324
2016-10-31,0.037805148442383515,0.004325028720414133,0.0394877941110856,-0.013069459282911878,0.04526942311138209,-0.035493059224009936,-0.001177395062288881,0.04655630778127035,-0.002299944236317118,-0.08337059171494297,-0.018281510280329035,-0.05838930582998498,-0.03136458335664627,-0.08273248767300849,0.007236839970270797,-0.017711921479258767,-0.05289255612050909,-0.029550330795333247,-0.030896766719186064,-0.046432513113241015,0.04538995474934614,-0.08714522525788906,-0.03169813216687418,-0.017488917374079056,-0.019616837043472765
2016-11-30,0.26052537874101395,-0.021837489439307307,0.012390817736905507,0.0012327714228675165,0.20893518554847645,0.12937045139906594,0.08714996188231477,0.14628176405965204,-0.06286441483750417,-0.08889155230966393,-0.03438795114909049,-0.050972192685874114,-0.04304126693766788,0.04880308081271468,-0.04291283386396368,0.05547733134891763,0.135386523529591,0.00583855532268694,0.01810818777460763,0.05547758874329223,-0.1061790680567982,-0.07451500164436953,0.02730212192916536,0.03617581870234991,0.033603545044434316
2016-12-31,0.1464356478727656,0.04684079950948187,0.03072158867159178,0.041873639542176065,0.24116208739807507,0.11544782406025154,0.0345830188665975,0.07356388042071169,0.009012131894167297,0.09148359114996969,0.03452727783197266,-0.0009330556436860814,0.12066517805981909,0.09618053649190958,0.021131532004419612,0.03443962368166043,-0.029954355950224217,-0.011643692695824506,0.06449268010773156,0.033343990892766816,0.0447675864467575,0.0640105787937498,-0.019900475207722992,0.020069023491865907,0.01803711129927909
2017-01-31,0.022602146837721927,0.04664157285918527,0.03959826415543235,0.12096467723493069,-0.08941930054966073,0.09522736035370977,0.007092250805643927,-0.013907102050920075,0.05837547811670511,0.0462294971531875,-0.01715884192869817,0.09363940589128893,0.1646249156322544,0.006590474252841445,0.034406467081014316,-0.062009872838664847,0.039263714860721305,-0.03503921048905029,0.023700331050447335,-0.07318788385187035,0.03503950879921483,-0.009457302885718074,0.010610044772230334,0.017736445445848226,0.017726314621062854
2017-02-28,-0.07187506364914374,0.12555482973977458,-0.004373472742228002,0.055712017079300104,0.33246920816305425,-0.028182781892181326,0.0433969563059661,0.06838654389757835,0.06321590932252624,0.07906040990186629,0.08273810026713123,0.02584467996018579,-0.007730363605630872,-0.008814710997107886,0.029717808147387188,0.011641457058387062,0.010399207206386906,0.06088877165534624,0.08029482120381398,-0.0220120553540923,0.0648153429157087,0.07292030420191878,0.0022769275681215817,0.03853955611542362,0.03652300073827695
2017-03-31,0.07084362403796979,0.04754200754180117,0.028960814618738593,0.04188768314724277,0.006204787357704912,0.20939763664638672,-0.028040912176595625,-0.031157918969547848,0.010519774816156666,0.015577118948316778,0.018966469715880795,0.04794230067361802,0.10727872675465681,-0.00575956144388819,0.0033910590305329465,-0.00033607421096035087,-0.04118428234897792,0.023408930900568902,-0.055049440452182075,0.008449422148903714,-0.020280511056310367,0.006232356753289969,0.005728895861197732,0.0012491604137030452,-0.00038927289213133893
2017-04-30,-0.043433731663104075,-6.970598570186977e-05,0.038718090911371926,0.008413314382500885,-0.08982695715775159,-0.043492740365107106,-0.008858330031573033,-0.003879238194297932,0.026099931863455113,-0.02467496095884896,-0.008708997833915598,0.04245669439518531,0.12091621209126574,-0.03155876583854023,0.08662986113815249,-0.027557399242431505,0.10577528436931254,0.04210863693875366,0.05696624133442526,-0.004399661057764346,0.03963388135108381,0.008716230962274961,0.052397653525982184,0.00987718533777924,0.0090501324781982
2017-05-31,0.32602193301246957,0.06560697785724305,0.025673090093011056,0.08116731696631058,-0.1727435647441002,0.1061912956921627,0.0004235654047794097,-0.05736138994642833,0.044793818390402744,-0.024376509970641592,0.044592910914136454,0.07257780183248289,0.08229589159683119,-0.028149261225751857,0.06548661156374677,-0.05713822671795057,0.03052866643879728,0.0511563388582119,0.05877980166847452,-0.004785812665444136,0.06436384208434454,0.02781227664697347,0.0568425756813278,0.014014028493268037,0.011509759110980618
2017-06-30,0.00145379986239208,-0.058915666095305325,-0.013115832106328232,-0.022967331501233163,0.10910684143692465,-0.030020333719018424,0.024444644088104216,0.1066986551869264,-0.015343647281743948,0.03373353658446545,0.03101496662559226,-0.027128615611279737,0.058654467740833535,-0.020981546881382044,-0.0599208246531821,-0.005204651106093748,0.0190712245864,-0.037858084693255474,-0.12060682353655305,0.0028534275503924703,-0.009304966491051057,0.03134779132624132,0.007747932447704711,0.006354789694342829,0.004802226040503879
2017-07-31,0.11704522239420376,0.032180466626158366,0.05325018176998046,0.056757671655889005,0.0866774651761031,-0.06003853191483112,0.03252889555940561,0.0098522431583124,0.05980872589507529,0.004364776602869175,0.003245240490584988,0.02022788084918048,-0.11145985950808386,0.050271193585532024,0.016873580404583866,-0.05322470500736376,0.06583354405263632,0.05538784588277649,-0.00891844667310688,-0.008583896938230981,0.041652166700388106,-0.01969824868762228,-0.018195431652881497,0.020345839908140227,0.01916401754710087
2017-08-31,0.04263939581156723,0.10165294957790673,0.03338915977650937,0.021696228664179012,-0.045855433976065854,0.12831668486524359,0.03476610126962106,-0.009962441985243322,0.040613491105812,-0.01035516814692513,0.0037003218229934094,-0.0072953953321137155,0.09554344588839517,-0.04028770330750024,0.010248586099296866,-0.042270744500817976,0.030593659431397573,-0.01802543417178015,-0.008037087668409276,-0.03781431689546538,0.036344514503276915,0.009660154355230524,0.010546372074696471,0.0029135238072771465,0.0005462837796946754
2017-09-30,0.053600974051759745,-0.06213464634888355,-0.003751659492717559,-0.03446052777657581,-0.019418085857101627,0.20718951675117847,0.011852660691320226,0.04958076989915751,0.016478448531928296,0.05096116257174045,-0.017989814692814823,-0.01982603548056953,-0.04247414424022322,0.044637497897887186,0.019161180082860253,-0.005244239489098287,0.05963783990784879,0.0008963793019791276,0.04704495342321759,0.07140941113277254,-0.026662482248604763,-0.04098132705665231,0.06647087537119396,0.019949124451807417,0.01911903935235539
2017-10-31,0.14570062087287058,0.09240385052975385,0.11034167587296674,0.08444133614254284,-0.14854552401527804,0.11922295951448081,0.019554423220163666,0.057849677892674554,0.044055248482967796,-0.04299687994089322,0.0698080695765288,0.13951540557433273,-0.028457408538517553,-0.13534145171464287,0.059137536868057686,-0.18182523985620938,0.09113872980403187,0.11096282850047576,-0.01973228921066786,0.01657321042815361,0.05650957401592185,-0.04839170377587781,0.04464465487580057,0.02329067076402815,0.021945560031841664
2017-11-30,-0.02924548058802483,0.02007503806691656,0.01684143495361607,0.051796952038420524,-0.009140779117864825,-0.04429802405978669,0.031954249759324795,0.03812626857804239,0.02522433081290423,0.03871522390301976,0.005530853355414492,0.06265773180120326,-0.07086254126823335,0.07800580074283528,0.0030251751442273594,-0.09734590731846343,0.03864021592433237,0.10761439153917496,0.138332139667908,0.00849242728992263,0.025284199455267668,0.020287405495336978,0.052004580317641005,0.03010814935123614,0.02769554104663445
2017-12-31,-0.03658339486882715,-0.015363132171509855,0.016145378237833616,-0.07211093564681414,-0.057644734419838646,-0.03041791509556086,0.02663555856328622,0.02288989749210442,0.012621339840947345,-0.0021289546375491803,0.002795552878374324,-0.006205784511648479,0.008061928486749869,0.06646097418127325,0.01649185529890066,-0.04013425587305247,0.11010998231613991,0.020768589125387024,0.009121505390636771,0.004193292872496157,-0.011774480022835656,-0.056251843201863515,0.01008654330022005,0.01205474397846347,0.009783614574871227
2018-01-31,0.2392404685051199,-0.010693614129186228,0.10499808521589835,-0.03513687010054932,0.2901110360846828,0.06131126785729299,0.0783726329029228,0.08366886524341002,0.08576056917421095,-0.03628873963428345,-0.011010755915165605,0.21562654965060996,0.1292545712114497,-0.020014621065266722,0.11537099564383477,-0.07618184726490067,0.03709712733983764,0.07649174547421848,0.045941022791064504,0.042828283995213386,0.014176498754689463,-0.061438542091234484,0.04308458447285737,0.05482824120145123,0.05465739835832857
2018-02-28,-0.014958827120259218,0.06596062036859052,-0.00845083678892262,-0.006350411356326938,-0.12627974092148722,0.11012959854306595,-0.03406566838304281,-0.0014707348395424282,-0.008698584905096092,-0.04850950675227529,-0.05563592646385258,0.041553627869213405,-0.03226687738576291,-0.03118901900327531,-0.068526618873071,-0.12803240446192854,-0.05136457840166858,-0.16916259676564796,-0.01791041574999356,-0.13186990464603232,-0.03325426559115444,-0.1172256818194285,-0.07547553309037258,-0.037037798693551796,-0.0397261075980839
2018-03-31,-0.04396928157237144,-0.059803605609740206,-0.02702270644966988,-0.030305428158289932,-0.1864588757309713,0.06599697799542277,-0.037970536396836944,-0.04906259482468219,-0.02737648747972016,0.0045341809285000265,-0.013409547388615647,-0.044003475992226294,-0.2539204079830836,-0.01806856820701765,-0.06240061494420658,-0.045676283883719505,-0.04802081199084751,-0.005677115599325581,-0.013023174632026598,-0.015031822170284983,0.07090571716265064,0.036102377074221516,-0.03165709570890178,-0.027793177595128386,-0.02725249736693992
2018-04-30,-0.029312545647824775,-0.0151330266444399,0.024353246709625277,-0.026793186269598233,0.07935359846258531,-0.12572594624903702,-0.029248544214763667,-0.005821765272663081,0.05892169551282032,0.046713529615945,-0.013038183114236,0.07888030601253831,0.09925457632657263,-0.06761963833960523,-0.01805730740092843,0.04283773436281341,-0.01568177410896418,-0.005749024392355286,0.045288930714274166,0.041223632578023556,0.0035448675728312015,-0.01835578365105008,0.055401370650175814,0.005154880818135992,0.002715085811824473
2018-05-31,0.11514526609105304,0.1267412929461905,0.059652145865867236,0.09415244171016324,0.23265693449321728,0.22514257306353877,-0.011420967104027098,-0.01640561119562444,0.031421356484072495,0.0546809898177614,-0.04845399046261038,0.039739243001503784,-0.031698138909418666,-0.011689006798453258,0.07690061451813764,0.0007106915188811163,0.05097753212213703,-0.06298705140104982,0.00837467226330562,0.05399425117767954,0.011525361626573721,0.09143751855684049,0.02422520424851247,0.024018186516329715,0.021378191183066175
2018-06-30,-0.06254497343737093,-0.009462933171748497,-0.002329691025428319,-0.024807162376583477,0.08780011040605727,-0.09367936938511834,-0.02580927528087186,-0.026610109844500768,0.013147866418698528,0.0034043745686901158,0.014276510549113249,0.042163678684420884,0.1860432570628064,-0.0065181236126074064,0.026190397411914566,-0.025114185930464127,-0.1130624487486787,0.036986348976734376,0.052760004488900475,0.018174714033443288,0.014160497965342887,0.08381199171642671,0.017208231179618026,0.005734482392280678,0.004830749386570285
2018-07-31,0.03304837877710633,0.027598963714040373,0.07302073575584205,-0.08993793731250176,0.20115576084383102,0.00665239976664456,0.058375052067209644,0.10360456258764668,0.031875953057869215,0.14667238617037673,0.08813721542066363,0.04466357344691853,-0.14002149115688503,0.016095268978156742,0.08325099275449854,0.0014681755404197475,0.06431102108618518,0.04094774700676863,0.04550846571152611,-0.014856993063646913,0.0030486450670592544,-0.0014368866593037692,0.05743979886582336,0.03637666948474221,0.035387950737524286
2018-08-31,0.13707572455645428,0.18267335876951318,0.06108843200517802,-0.01243242465097439,0.31711375448900153,-0.00512794281021063,0.05338342194951598,-0.0032238955519271278,0.07310469586893201,0.07244382262325964,0.02288433953438419,0.12430790789067289,0.011737388660638368,-0.0009390081267287876,0.003724932431432558,-0.05194964056100391,-0.03502971790855147,0.07746261892332768,0.06632854767055195,-0.00631401312864075,0.021693881833392294,0.07720825010417774,-0.052141472117584284,0.0314210813156117,0.029814314524382428
2018-09-30,0.00121036453615649,-0.008337840882516146,0.017997755515198235,0.12656637725638234,0.2047796749932474,-0.14943361782998232,0.02549625782473733,-0.015302280990177112,0.021551116931974125,0.015590590100104782,0.025508841323625523,-0.004835981365283435,-0.13043903835866752,0.05007171801603323,-0.020272240295794247,-0.12691982430268237,0.09370531482014735,-0.020551610849320927,0.00747826835524578,0.05873714745872765,-0.014806783287883584,-0.03648448370528912,0.01592972617005048,0.005927908137204549,0.004285093286333627
2018-10-31,-0.2873737432867183,-0.030951520129648025,-0.06838712093934275,-0.09892788053080932,-0.5284616437081786,-0.18156994382413677,-0.04211500958093151,-0.027461108355238944,-0.08506872505783303,0.010475045258735457,0.013086170136790327,-0.22588699885619676,0.24217057587558236,-0.0707212891391762,-0.10149459788975564,-0.11138208534786169,-0.22231467100364194,0.06562934669283899,-0.026969385761287545,-0.0648686001185939,0.02881739440352228,0.026844258636274994,0.029063456494188303,-0.07160789086875144,-0.07192934595429683
2018-11-30,-0.2536669516002379,-0.199912376865959,0.041797819496668526,0.06042151292583421,0.1567361934331857,0.022024691593414077,0.06122050490458782,0.019709059298186067,0.029410198020626853,0.09491875029190623,0.05452898937480333,0.05607003241721509,0.038271579701079805,0.018088590014950882,0.017335039426737774,-0.29763223339407435,0.1117939043054016,-0.026576719796435593,0.013898222434530738,0.007824621208226242,0.0582684474155856,0.10319454118025101,-0.03957113072143857,0.018379371748056806,0.017701752056117587
2018-12-31,-0.20228368931004462,-0.12408817743464355,-0.08779056512367205,0.07913000025981896,-0.14310085741711762,-0.19495266610468032,-0.06659347795589998,-0.1301581417639271,-0.07143557396644765,-0.024920448916396425,-0.12955188308011162,-0.11805148425753499,-0.05176195216039478,-0.09039279300707727,-0.06006593829516427,0.010664919870207798,-0.06548719936302456,-0.041736359466907104,-0.12693185987109668,-0.15345898392183838,-0.04439185928807105,-0.04120783098047192,-0.013835058625443633,-0.0921682794242466,-0.09626521985789901
2019-01-31,0.07397435968178998,0.05368643123529432,0.027768779096734957,0.05348347979271957,0.279386698674321,0.1860964361836509,0.006638707662911177,0.0665773022942035,0.023001671846115457,0.035150923014300395,0.030750281365242393,0.13480803117042528,-0.08062878874993447,0.07371204146644188,0.07459515607884407,0.29426508621221226,0.053226018002224984,0.028364897838217683,0.05221847673192246,0.0719897573487043,0.02925396988275852,0.1101177524253609,0.043698866186372434,0.07702160029534198,0.07574215198675599
2019-02-28,0.0715938270441631,0.04380323312723956,0.0745114154057519,0.02615976133385357,-0.03671664623285329,0.06728199236121064,-0.020844281726404845,0.008275307902857146,0.09441796870387979,0.057661727025055724,0.03300952753007285,-0.04699306404520384,0.04103298085318111,0.034655285829667995,0.0005859484161024286,0.06160612579591182,0.030907956677060158,0.032442861234240394,0.021665607643355615,0.08658095271309546,0.054340173264873025,-0.030351662632046035,0.0608666119170761,0.03190137502571651,0.029295553365402384
2019-03-31,0.15186991766481756,0.0926021109992757,0.051409262548924826,0.09696036971647203,0.08118624449306164,0.010947695270043857,-0.002038856270172809,-0.03045152971655274,0.053050121431123615,0.027105786298035485,0.022791709054099673,0.08244201839051911,-0.13365641271811318,0.007682637863228248,0.043715566907421816,-0.038200481270018086,-0.013561753274804172,-0.009492485110965714,0.10163221813173362,0.022149360124586757,0.029395523412900523,0.0433218722537155,0.020595052235604237,0.017938792588735434,0.017765510890228747
2019-04-30,0.007987774951439389,0.054901184422990044,0.10196340247840559,0.05716213547719954,0.07943963214729573,0.017508611288262123,0.07580259366930182,0.14424890520236708,0.05141166200583534,-0.1031706600648577,0.01003596957802202,0.07868062242800053,-0.1591238032350265,0.008230404898965144,0.018579200045819887,0.017857640534449208,0.03463632434871008,0.05301416754103023,0.013903289671393612,-0.006456394612993967,0.005776703970836181,-0.04036579570129237,0.024314407643020747,0.04003984117730844,0.03856039741757082
2019-05-31,-0.28867997761523145,-0.13263210923027707,-0.0507470612120485,-0.23530916929417506,-0.00799420381350768,-0.2544783131844495,-0.09322665549030007,-0.09095968056009518,-0.017495777601939374,-0.0038486051360560494,-0.06701651738919841,-0.08187534907886501,-0.2539453720355589,-0.012349792419855682,-0.08025273755685475,-0.07448632453505356,-0.15158395013341716,-0.00840864919381024,-0.0218350037376004,-0.11468811314154767,0.025506660681867948,0.0972447789593371,0.006389514179411885,-0.06589514755429446,-0.06804089408287398
2019-06-30,0.1925916258542304,0.12267679913518999,0.07984397696388515,0.14401685947484547,0.10254740194346385,0.1683741741375729,0.07675653114063578,0.053649848497748655,0.07301389505564357,-0.045436268694835635,0.06014438445039184,0.06465577665357532,0.18801210944871383,0.09149736081426159,-0.021651635017975002,0.107381288618165,0.1288777920502834,0.08545768725755465,0.09804609573480706,0.07955348247779681,0.03299975533408804,0.0038096308005432416,0.1063015939462998,0.06727180077368472,0.06665830156302614
2019-07-31,0.026972662630418323,0.07361695158014331,0.017097169065467235,0.007372297904000929,0.002630712520099845,0.15122187462475556,-0.036984653204150515,0.04393321602272729,0.0253176205336863,-0.016747598591204164,-0.06726069094556401,-0.01428066857520947,0.07809237292317986,0.035898375284428,0.11782412444284324,-0.004773354410682968,-0.026820863178929837,-0.0009963891172515636,0.042125814949006524,-0.030070435913792423,0.011212596871191124,0.019314315354222115,-0.04857119399947777,0.015006193742536407,0.01304272483370528
2019-08-31,-0.006208225036270934,-0.01659820739721931,0.014924515589249794,-0.02567261053452826,0.032312988193866875,0.008429421008057849,-0.009881643033325989,-0.05438323136590223,0.01716028754801909,0.04182341711740425,-0.006921334136802516,-0.04968808100812774,-0.06851694827597903,0.03491925027915974,-0.02297566777094129,-0.2363887024062052,-0.10117525144920908,0.03945840115078174,0.0693115490029686,-0.07001918439501151,0.06149311101995391,0.08457575744251472,-0.007793882778053249,-0.01688475048177362,-0.018257281743262237
2019-09-30,0.03841444515126902,0.07042272359871203,0.008450919610310394,-0.01435986664393949,-0.08144807236689093,-0.054938850600402905,0.022410584845708292,0.068847320314678,-0.049949436474683265,-0.01014226015379745,0.007915217871338339,-0.02299511589215826,0.06544956488938773,0.0706175934566653,0.025386161133949824,0.08140287586823597,0.059615475443426005,0.03795410079425549,-0.022819427657052242,0.030630248643163126,0.06155878850016619,0.012097162507825063,0.025143028181683333,0.019270845771166816,0.01703525059107193
2019-10-31,0.14394709272137304,0.10497632637406923,0.030739093131090554,0.05900589681395367,0.15734865275205007,0.1040762398497971,0.021684147255231195,0.0675979401261427,0.03905073155812212,0.018779798135193763,0.020351112641816223,0.02320340795256474,0.2680612527051687,0.03521179682455636,0.030374018598169752,0.11004759178087298,0.09489392840379761,-0.012036905164200508,0.032930582216482325,-0.04400780613227387,0.02270248556154772,0.0004415017244629551,0.023619254566746052,0.02186424656396292,0.020225842153317446
2019-11-30,0.07603163811901612,0.07469390800963938,0.057761305786949615,0.07674610159667308,0.14310087362159227,-0.0008416516126858261,0.035671870942112945,0.053308665482170454,0.03277403714655453,0.035136370004781134,0.04735055435343532,0.013495821559772211,0.04659217619984933,-0.029262625836731823,0.03534673753592405,0.1215611786750985,0.04906647366605537,0.015485970225142306,0.009046568141000055,0.020241252291631578,-0.013811463070317569,-0.059344594559314276,0.03886218482904928,0.03555810465193648,0.033480266071378155
2019-12-31,0.08216276070362706,0.09420404452738468,0.040901356619944144,0.009477350584835,0.15819282932676937,0.12396141896878568,0.027754677262055057,0.05636516723592022,0.01820595465341405,0.11331330431617992,0.05916472803684279,0.025786350109144433,0.23735974339019958,0.044474990553115955,0.026708637284344326,-0.008902198394091978,0.020178055831684416,0.002373815230476948,-0.019841098791792623,0.023929542492881435,0.035047024089036746,-0.03354692280514787,0.03617977696113296,0.028641423206922777,0.028188756298542148
2020-01-31,0.004790772520373091,0.05260197148030551,0.07645591208970143,-0.03496927463864967,0.024554310971282366,-0.01291290359774722,-0.009181123005424017,-0.04542223058811968,0.0572445994304956,0.06059306939885356,0.02035772523299648,0.08348030263226919,0.4415783424975594,-0.020433093771569526,0.06740248001652244,0.10938469492065482,-0.11019241937830675,-0.03729059224301211,0.03870738940159666,-0.11627917751829461,0.10213442301088586,0.037559346139604814,-0.04697642826552242,-0.0004038474450260914,-0.0016294196024425806
2020-02-29,0.13362715993437835,-0.12183064805426122,-0.04676495361675517,-0.11275729285850714,-0.03287494289288764,-0.01003343672800022,-0.0840385459933722,-0.13098745770523187,-0.08901996771977426,-0.0965845327620538,-0.09530174583591038,-0.06423320256123762,0.02642425279718537,-0.06592161265319531,-0.06750691226860905,-0.13479449128778584,-0.05565052682111075,-0.06132356961630866,-0.08105633246060327,-0.17439763874470518,-0.05408373336616925,-0.11657322737951206,-0.06152016672365098,-0.08247506202633526,-0.08785953690838776
2020-03-31,-0.02424859999678245,-0.07231420765087287,-0.026899979241037153,-0.12274203024069853,0.0,-0.22285797286568354,-0.12096850656881206,-0.254395164060942,-0.12053781892419824,0.09514455076811794,-0.02522622831728641,0.034421302189594785,-0.2427814581722959,-0.1891590888028948,-0.14201009390113317,-0.31402052920916323,-0.06828019320822128,0.05811034337407413,0.014092579864010937,-0.30361936182366206,-0.04922141145496951,-0.49123769286399643,-0.09433807711847304,-0.13338454835597133,-0.1336677246703745
2020-04-30,0.10327960514457998,0.14442401874594357,0.12780049001834054,0.13592211602530432,0.14144306295280348,0.12980939224356186,0.02447513375156745,0.07203976009894911,0.10367111685804976,0.1086422727070328,0.1347123625368193,0.23815047615149568,0.40020953473676935,0.0674422826757659,0.1475573673325358,-0.15499058452985082,0.012064797476057135,0.06746613484101119,0.06306962125126774,0.20201016335318153,-0.04028184671920081,0.1124777943046825,0.06158973563551628,0.11954452799286075,0.11942083876017671
2020-05-31,0.1944613827520423,0.08166712526044265,0.025074250224690595,0.06984663232247343,0.026557731216733417,0.0004175751586719532,-0.009545837315355134,0.016056835995182015,0.09008211850228748,-0.0062923555009374,-0.0017264106975609945,-0.012867371936102675,0.06573049951571619,0.012718008145952208,0.062475881716273496,-0.034408354282791404,0.031713784990258946,0.02482889270122504,0.017891657888692385,-0.002550247020242998,0.10052027583891089,0.004128317699694857,0.0950682256460572,0.046545369798517686,0.04428653294909693
2020-06-30,0.0682167580541883,0.13748625590823674,0.10486385383995078,0.0905063863090798,-0.02236722564255587,0.07264581825384288,-0.038841474504536885,-0.033969310185143264,-0.010659205042038784,0.07085254545333755,-0.05613441294835238,0.12183413312149126,0.25710865702323404,-0.020626121396603424,-0.010850319244513646,0.04030876717274451,0.051667791597950735,-0.035108671876776076,-0.017198958319475256,-0.01663219671174471,-0.05661713006047879,0.021090466295355333,0.05185911829402616,0.017578715308904726,0.018221374356719156
2020-07-31,0.11118967189607054,0.1528340054853362,0.007343634033397641,0.003605479436102791,0.386468078995792,-0.02874775799387157,0.09234698231105266,0.03675743646069613,-0.014443196394056099,-0.08839697501831388,0.03582867029375737,0.137248893267287,0.28142067404456117,0.0011258846354126064,0.048116583674907565,-0.11796621317924601,0.05666550802076896,0.07725175180997261,0.07317764934525367,-0.060848248157753186,0.15593970307927857,0.03437807951344118,0.1446021635736849,0.057223680149001185,0.053636801634505855
2020-08-31,0.23110548887188692,0.19603463037737565,0.09780861902376776,0.09164411565396434,0.15950521596963432,-0.09529037795209766,0.10768692780596516,0.03607571741078787,0.10892266193181466,-0.007860013192294145,0.05778642295941498,0.08660057350666585,0.5547193199371254,0.007745351789619057,0.09089242996639703,0.04352018280771191,0.06856147165944412,0.07458871208742217,0.06577053366197405,-0.03265839893417147,-0.0004352972866097897,0.08213741238032221,0.018713287018125246,0.06746834809150491,0.06771908300435733
2020-09-30,0.011895693549428219,-0.1081712013024335,-0.06977525226246815,0.057351517164700584,-0.10228225975626093,0.031364162664253334,-0.023668054052482828,-0.039911721723231944,-0.05837192280543078,-0.002496385527911841,-0.029973396073341364,-0.09165332529237451,-0.14976230595624618,-0.044589044315761425,-0.1060269132859781,-0.01585096116653933,0.04694466356042805,0.00760502194580589,0.020892551463742953,-0.15135857146518206,-0.00578378926374416,-0.04316476473099631,-0.043848643075171605,-0.038162541789765,-0.04001811998317809
2020-10-31,-0.07650150079950183,-0.061888294737793934,-0.03808600471418834,-0.04115735934902456,-0.08524992653127407,0.06950388921726817,-0.053237952263288896,0.0274554571113768,-0.09575525788932987,-0.12628075805884537,-0.08235728342245296,-0.03640891870361053,-0.100371770516843,-0.029481479652562887,0.09775724426801959,0.17480274103872598,0.057701037284319426,-0.008325494920261979,0.009273379844799368,-0.05109391588059002,0.053589175636314566,-0.02425236854662406,-0.07764476243408405,-0.025249978123518587,-0.028055692285554126
2020-11-30,0.06692155515594672,0.0912047038728306,0.058325865080146304,0.13853141021053914,0.2075895834884674,0.24148832771474946,0.125556434113543,0.18429168608416235,0.1478664812183748,0.11526448159925512,0.06066563036993559,0.04252282140454422,0.3803085193650044,0.062060174227236566,0.08210484369959548,0.3162462552134166,0.10013208942777165,0.09639063397430098,0.0912038494386737,0.17991594112741055,0.009855934243880624,0.16915347370796557,0.15164468416479657,0.10325771146816891,0.10214642790660017
2020-12-31,-0.025899992698097982,0.10847204281818285,0.03826460324198467,0.09495405726163554,-0.010305504922509872,0.15959682700225106,0.012847919526538578,0.07507088052653396,0.03906532651399643,0.14774540392241176,0.08413901116895334,0.027671958235968644,0.21773075274717638,0.0003478414714630688,-0.001003465919740133,0.06004047629158177,0.04742025423073248,-0.054561701008183,-0.013156827453933914,0.07792202793026193,0.04724256681500983,0.025706800849135566,0.031001000047772686,0.036378450825128306,0.03644904784059159
2021-01-31,-0.005010585484478252,-0.005516997333074733,0.04199730039745731,0.028481824418013304,-0.06847895799346376,0.04027908067356072,-0.017401579252531336,0.01968880167863614,-0.12385351134219472,0.20844237514099015,0.03588428377639887,-0.01569859285937418,0.11734370145157048,0.01875708651827118,0.04174888711191182,-0.011173448432352894,0.009801365399916263,-0.025717745441633164,-0.06680937721889074,0.08417693804672466,0.04709132275381916,-0.06422922448786664,-0.07120163898156906,-0.010242744763769235,-0.0111991376508885
2021-02-28,0.054293144163474825,-0.08306859353765526,0.0041095299840372196,0.0420977529005903,-0.01328256076030397,0.15650278458073977,0.05398637640736817,0.13433749671566686,0.09599092917736872,-0.010753040798966001,-0.02282898559943002,-0.035967560714485786,-0.1610382033657018,-0.026187013932137244,0.10117033548125079,0.16055085959339813,0.1661111999700345,-0.07821753250466909,-0.060761192330413556,0.20955121764276444,-0.09059616534419988,0.12272967655206339,-0.0046154824472643095,0.02742610906311675,0.02575687667253664
2021-03-31,-0.026723300507640543,0.007312851828928591,0.014482717397705005,-0.005517983709162047,-0.07377127104587038,-0.0369467312394609,0.060343344815061685,0.0338038503404381,-0.0031123450839307667,-0.09232774692038588,0.036496176224670704,0.0003717150539155728,-0.011269836172991293,0.08188896567704872,0.01988599895173554,0.046713282956304156,0.07145430445224438,0.04865187851349732,0.06287536132300048,0.02649923202186997,0.028575051554933294,0.05347788447903164,0.1413065752302568,0.04439883480565647,0.041562807282546625
2021-04-30,0.1172979883735938,0.07345304306615336,0.06728635668303451,-0.016220116258191388,0.0389757388401421,-0.024559490198445992,0.07348431665271755,0.016197944761554714,0.09812704909132579,-0.021917270748965243,-0.009906061663569398,0.11392023985382337,0.06029256454490177,0.05948006878587926,0.13197494524775108,-0.0007620208798086131,-0.011838861974648328,0.02959487145151068,0.05628156743715016,0.02494151432574028,0.024818524153275626,0.046373959378033035,0.020142736317272415,0.05155827684928334,0.05109733046805641
2021-05-31,0.07907083753046312,-0.0518168425136409,-0.007656635932661869,0.03474652811937686,-0.019048205756221633,-0.022678709764169042,0.05135872273081584,0.06561117253214394,-0.025716812755362837,0.0931973276508084,0.0455040971634118,-0.07307647153512069,-0.1263723430151432,-0.0651118786729265,0.0014223596552481565,0.06919608202804993,0.05530085213362953,0.01895858311346988,0.016472677445312577,0.03401193398496617,-0.05693852078428814,0.004728197200313159,0.05034844172774389,0.006544372279123966,0.00547149271672327
2021-06-30,0.2083321986227595,0.09449991157714283,0.08156981072922438,0.017300311358980913,0.1595236693831112,0.009934034072606417,-0.04061467927401529,-0.05442615754546577,0.028280792918977626,0.13897382008163303,-0.027008357742023623,0.06518361368088336,0.08354795451683121,-0.022333751120960615,0.035405481971863634,-0.042850820883171194,-0.10233246269352872,-0.007136443043155128,0.04497245826361453,0.0776018832910113,0.006091372216160241,0.10562816785516072,-0.035495070349079685,0.022179835083951677,0.021970872566122474
2021-07-31,-0.02549398329539204,0.06295867418324341,0.05042376648637331,0.017792611461134953,0.12268013815128387,-0.09110650432769178,0.0013304153364576976,-0.018724754345333883,0.05236416258546338,0.05912664386944268,0.04428798459145885,-0.03326963005843368,0.010973846366454862,-0.0016063227798975156,0.09849247126568463,-0.03862643632253307,-0.045934054564973875,0.010791125112185605,0.08442605337604388,-0.09140230149843355,0.061138163265799385,0.044253162933315174,0.061345012403407104,0.024119337575177768,0.022493175922251307
2021-08-31,0.1382044625299526,0.04161132340630123,0.05976874930505181,0.02403883468428752,0.041774537487817745,-0.05130685080214274,0.026523486887730114,0.05242915458464626,-0.07139479876109897,0.06218965834897367,0.011311073763498347,0.04213393626820032,0.06822426773254509,-0.022716095284273638,0.07139845515517217,0.017320138341184812,0.019731533289741237,0.041868026659521544,0.05823974382327727,-0.03941161557075402,0.07983682238992271,0.014882516372437933,0.023152493724127157,0.02932548616612907,0.028578143159792575
2021-09-30,-0.07748487408190585,-0.07046191580065884,-0.0684062439215926,-0.017705782573933865,-0.07324684522573703,-0.03620763601597163,-0.04593525327727423,0.023113139658289098,-0.02810865917551473,-0.11144862408593036,-0.06953763192190635,-0.05500344085907709,0.052632612029552245,-0.015065358423709927,-0.07922644865178727,-0.022059984789240636,-0.09390270140298668,-0.06068397921510539,-0.013571633854914453,0.07591448235584866,-0.06734427789407865,-0.060395993581069,-0.06641845383347951,-0.0477266034216006,-0.04873779278283316
2021-10-31,0.21039602332516213,0.05700114985699249,0.1623661192068736,0.09201835099526362,0.15564894523898995,-0.02684356446215337,0.050265092628753845,0.043184747435466214,-0.05054909179355615,0.09768766813834553,0.00850844689561928,0.026254765059613785,0.3622302018905387,-0.04145192140369887,0.10210415227703445,0.01770136329320043,0.0663362617041624,0.06955735100515008,0.09135782835301494,0.09171778623646965,0.08317270711989189,-0.02457129967472417,0.08434878986848814,0.06781159774641006,0.0668581752839893
2021-11-30,0.2453380686604758,0.09991954970148725,-0.0012828371319557456,0.04056386707912242,0.2755274337642094,0.19526203226482475,-0.03661933764421448,-0.06731702175261639,-0.0870699953930657,-0.023490343858997828,-0.037077472178025865,0.03914734633362415,0.02723784767972075,-0.10114674919200407,-0.04241797351191252,-0.09895000220850837,-0.05366676184446269,-0.06062891760486856,0.09287670216478498,-0.06117572556548905,0.02126918561905292,-0.0025924887440811517,-0.003325980406189281,-0.00806728697172218,-0.008368625655205266
2021-12-31,-0.10514939656719444,0.07160283227218597,0.017184086869761427,0.19019312404811212,-0.09581546519361699,0.10446001569912003,0.07754581865133346,-0.0030267434374180247,0.11188828009009595,0.10760763502333948,0.09266542004164897,-0.05050620294981147,-0.0799684398665093,0.07467099084216872,0.02060767152176161,-0.004614082856056648,0.06695990881776488,0.03247958845965518,0.0511728876049022,0.022309132615084225,0.07308693942513023,0.07440363971696061,0.08852497933187486,0.04521019276049215,0.04268864816139665
2022-01-31,-0.18326725014716091,-0.015836907363722882,-0.07833439628457432,-0.1272883755177643,-0.2307295417040271,-0.12420476523337355,0.0458234777738222,-0.057573015013557195,0.0427265876076236,-0.11834875184963332,0.007106014998732258,-0.10850981418386645,-0.1205974754305876,0.06265456811210514,-0.06819234625667156,0.0001058989984321992,-0.020534201480452336,-0.03430940117448838,-0.11677719158027822,0.21622344646285394,-0.17821724477987377,0.00997661984870863,-0.08349327104766605,-0.05418300398002567,-0.05401822999928342
2022-02-28,-0.004133232397179924,-0.05558203967954166,-0.03792193736411079,0.002658998419293005,0.07655571009785836,0.0770557170681731,0.026574997398085345,-0.04684059708337108,-0.043827393872488636,0.02257786782479618,-0.03944397124343544,0.02632300791047012,-0.07339701119911095,-0.07362559426346199,-0.0018233377981061848,0.010842722662962734,-0.0718819236240449,-0.033825013545772796,0.029084326641731117,0.04289697665516268,0.007441842552252452,-0.032056008857671084,-0.08319588615042148,-0.02996131926854459,-0.03186276102171146
2022-03-31,0.1125759175205228,0.05588247955544516,0.031364767135184095,0.07617714288676669,-0.12048247989818042,-0.13176447414416545,0.0933710287333232,-0.03941252411062049,0.02580700232174043,0.1360236487430312,0.07411197893103906,0.059623918955612545,0.21350429001475751,-0.0025359838509859834,0.02926254863476527,-0.041994175348264925,0.17215897363277902,0.10081039667086332,0.10346152822978309,0.051809657354982525,0.07906945631524431,0.14347692129281728,0.08955074688673474,0.03690119568184657,0.035148286271522736
2022-04-30,-0.3860655443339033,-0.1021778749560692,-0.10521278043380082,-0.1273432495872716,-0.24571203251040222,-0.1316340362391836,-0.08908725000933194,-0.12547594261455575,-0.03973852313590947,0.01991449837299965,0.018060853155813638,-0.27118568007318017,-0.2131252893793593,0.06949831667185942,-0.19780117083231677,-0.20486901497700508,-0.05190438930758993,0.026963065157830566,-0.07810465612491038,0.031699356373681084,-0.17627231564556714,-0.057035947948067295,-0.023663051977785034,-0.09186227441467305,-0.09206782490742232
2022-05-31,0.0067169502492673856,-0.05603693235535916,-0.018242817445322954,0.04538369203849738,0.174849099984932,0.07960242904326693,-0.021446872072821158,0.1023985052237678,-0.002606470573727948,0.07377308615555242,0.0012385824425090923,-0.033313087892220115,-0.13834006232442164,0.12119437272592595,-0.003049954507244328,0.048950056778639714,0.02490803757397759,-0.16980401498281658,-0.13145932126992166,0.12895149449268625,0.06936425271503964,-0.012174931798570128,0.03996505389535057,0.002254767225620964,5.3176290760624664e-05
2022-06-30,-0.2082193774430914,-0.08493703820630859,-0.056909556684602014,-0.16917823604969856,-0.28670080442922447,-0.2894892574466954,-0.14613394287894538,-0.16061230592111708,-0.07474266331903762,0.033845287576946305,-0.011315314232784405,-0.12381782260877237,-0.11865712643836566,-0.015621808057784736,-0.04310028712634059,-0.20551313881003985,-0.18853986269087836,-0.05636754662091759,0.027627202517784902,-0.11419568664218573,0.02311563287660116,-0.07866893527556652,-0.11784533643618172,-0.08605977917991214,-0.08765158180481791
2022-07-31,0.1807922701633189,0.17280424452748377,0.08901483906679662,0.09734576992591294,0.211383813683341,0.11441871538551501,0.09623548528849837,0.032934082723007366,0.07445998524111395,0.016699491725006156,-0.016987773494819686,0.23948605913654927,0.2804801490026483,-0.09659197644973068,0.06533683565128624,0.14913460563330638,0.11042574762563655,0.0826081966003289,0.12341329068069566,0.12383636950622544,0.08687142138890816,0.047314616655833745,0.04909987540308554,0.08809124970334692,0.08720138468971587
2022-08-31,-0.1850893857224645,-0.031705193402984395,-0.06898912072562073,-0.07033700565782289,-0.1071616303588284,-0.09010242050518548,-0.06813786894399548,-0.014230295396031344,-0.06348899209889457,-0.08701926950114958,-0.07182857852807252,-0.0625299223798943,-0.07525027147015323,-0.06830863871546666,-0.0721787687684193,-0.006379471172008836,-0.07074190014017707,0.00812515829730028,-0.036114404874513104,-0.004251581700715154,0.011561653416275837,-0.11134858720532126,-0.0654749076497765,-0.041657792406068435,-0.04336703066340545
2022-09-30,-0.21757686126779258,-0.1289439951035181,-0.11571057133767307,-0.10862910474451011,-0.29228794920456563,-0.1207502958914098,-0.05031910786158796,-0.08464022624062156,-0.11203127155050109,0.07086129163472785,0.012442272944301787,-0.11498657575778957,-0.0383139923082399,-0.13402012781596187,-0.1234704936050509,-0.1695468781425003,-0.1184326546462394,-0.021735966437914686,-0.1003084063876838,-0.0906031429946069,-0.08140549289655236,-0.17537890696768133,-0.04390501244930594,-0.09700211555059668,-0.09804916662099257
2022-10-31,0.10604409478062647,0.10395586192285441,-0.003311545907922729,0.05714076414843884,-0.05348867171874201,0.07892079391517313,0.09995686132881697,0.19504898905790397,0.15367629209436018,0.11315734130699968,0.06292643996581336,-0.09811053354846798,-0.15334675988883867,0.1902102287314985,-0.011989995443962974,0.22858840221145144,0.2837206326778213,0.09292423933347169,0.06185660931488249,0.23835196666026146,-0.011673368379735928,-0.05234141586094998,0.09800780888357309,0.07814130038876399,0.07683456446885563
2022-11-30,0.22646211047282166,-0.03358536355404089,0.0973291368554075,0.1588013699985712,0.2566098296166657,0.06355595738828722,0.07665603448669667,0.0932282578624454,0.04863853135877923,0.027310377312513744,0.02933450530135041,-0.05931984544812666,-0.15586612090125404,0.055999772117808204,0.06631572463757335,0.09972840460621649,0.08816168774099971,0.06849166980086359,0.07257550724910003,0.012789621461894017,0.09390325977962066,0.16055743322978652,0.12362857585227724,0.05410150048043801,0.05235797609764905
2022-12-31,-0.14669385048186956,-0.13041926460447648,-0.061923931771573536,0.02290178783416319,-0.18111143367086907,-0.1404941161559044,-0.030918836467583876,-0.029971370355125728,-0.04351387960554434,-0.014221602845078148,-0.007613149424455524,-0.13914064087243222,-0.45781319396762427,-0.04617428734580809,-0.13507429937144005,-0.024718960770688265,0.013236161713563926,-0.06853017208558301,-0.16659058578562347,-0.009384515391450684,-0.013072053815926906,-0.0802890195627474,-0.027606387597862474,-0.05935543548523309,-0.060781825376668173
2023-01-31,0.29033029881116146,0.10482930569151147,0.032773781507922616,0.04524708808710225,0.1486436551371276,0.18770914471358888,0.008445926191378588,0.050130072020079894,0.1026084729625894,-0.06111824991188574,-0.0778468643507163,0.20517350285243224,0.34091576721364897,0.11550596321374511,0.11355529482604708,0.20733602206833818,0.05653310573659613,0.014563177413030778,0.1130549598526928,0.05047239243328202,-0.11350113458283377,0.135208049666554,0.014488101231745668,0.060989040925505646,0.05992118183434968
2023-02-28,0.17253149018196948,0.022918200335344144,0.008977453348404735,0.015738454058262616,0.04463110092867729,-0.04199734666421514,-0.0205617638931211,0.02393279415975817,-0.04368041207460473,-0.0973475539230028,-0.05702091841706682,-0.09025166385218931,0.17190497265189206,-0.07437231308054423,-0.09302637931703578,0.051225126002106214,-0.05181691444894072,-0.01216816018381705,-0.0524476019687668,-0.04634925307930796,-0.04300127693160333,-0.004155117692606264,0.05132802390259502,-0.025463984703560524,-0.02645947885979313
2023-03-31,0.17953644895491253,0.1121214678414222,0.14486328658250205,0.08367578191082882,0.22095229864503038,0.042660507398487306,0.011694885127295782,-0.09537315361429397,0.024787941650606143,0.09845420343942624,0.011289328333807188,0.09180193703864464,0.008471139763989909,0.017820244241143555,0.14131532303303512,0.12186567935122035,-0.04573934868923341,0.04083718394892145,0.025871757877303756,-0.002277029999114605,0.08174151343509585,-0.03333385711445843,0.023831474829193004,0.03640687013038179,0.03445129269826359
2023-04-30,-0.0010084242036098188,0.0285753075813418,0.0636927029543302,-0.023722732341483928,-0.09228444995112707,0.06651584941180137,0.062092368598401906,0.06689284305233044,0.031736126499334376,0.1421062796887608,0.05461023141101354,0.020696303102251953,-0.2331837097607041,-0.07156022006678943,0.034209866028248694,0.03464397405658823,-0.039451454406064256,0.02359210279312802,0.012699073983712898,0.07617698101277555,-0.005855313841639257,0.09987728593002056,0.038658687810061626,0.015848624856902273,0.0145361776495622
2023-05-31,0.31000833085302293,0.045029025230385065,0.0686914346054816,0.2543637537792391,0.2796776098913554,0.057952132422973146,-0.022998724746769218,-0.01847144023502992,-0.04963267440491275,0.0840657483486035,-0.04670672156262775,0.1340765702621993,0.21602188918369575,-0.11629862088803994,0.13512559071469604,0.025537106572795145,-0.06149629879760626,-0.02374162684012927,0.018520928651198077,-0.13818584568878542,-0.03585008801966737,-0.0522320848358096,-0.04367913576099401,0.004605547142740954,0.0024792714332724764
2023-06-30,0.1117297052955598,0.09014222454336719,0.036330588764729305,0.07633547788937775,-0.037054000956395126,-0.07756516675411679,0.06019220584066713,0.06924367039790665,0.07178479580147783,0.08803171874641769,0.06528001729967708,0.07798641040475465,0.24968945186036165,0.013889104682861487,-0.026138354574451742,0.07876173582531208,0.178872982207248,0.06784363341781097,0.05109977043336894,0.04842660961419083,0.010022918296804722,0.08081589729645378,0.07828495186307283,0.06278675616381897,0.06271886491464175
2023-07-31,0.09953046085316093,0.01270450715013372,-0.01365936827446377,0.03535884994391484,0.004292397222832336,0.12515853585573078,0.031635031215737776,0.08942234020501746,0.0010521980339056962,-0.03125216627893216,0.012070431425865743,0.025148970846540847,0.021391608811614247,-0.07625920781752155,0.10325313635034061,0.03992493908096562,0.07977653731851295,0.016906700363608033,0.040567611478819335,-9.30821003792655e-05,-0.012203280015973704,0.015456512855681576,0.024853892746659785,0.032209051867889985,0.03066395090770391
2023-08-31,0.05467414130939497,-0.04330833933875829,-0.022476618753255084,0.026616488169438162,-0.07890699100114378,-0.020520188842399315,0.02314195813219306,-0.0764778428694263,0.03477295473111507,0.20035917831794592,-0.028309137190702115,0.03187727699934727,-0.03558826011332552,0.018424168072035275,0.025662234721065495,0.0019239013576717583,0.05844589735096805,0.020605041337607145,-0.01863609425485028,0.044335053567049164,-0.08595372490561497,0.01611276942522572,-0.009335270192203576,-0.016385579751197685,-0.017875203842993896
2023-09-30,-0.1262187971005919,-0.09285921526349232,-0.037331051926388505,-0.09995415123191254,-0.027814217623355925,-0.027688870423840974,-0.02786957127537013,-0.008992573142020545,-0.0659070351263773,-0.0312855986280022,-0.037367027157504444,-0.08219456266262021,-0.03092902657977512,0.015431420102674141,-0.03977560079021507,-0.03403809453668829,-0.029345248871001678,-0.01661847554011932,0.028146553778086898,0.05587840318657102,-0.1535770111808692,-0.011650751045220982,-0.03539401099274338,-0.048596338384637096,-0.04994616792328207
2023-10-31,-0.06454617938788133,-0.002573247842383457,0.06842059760896994,0.012907469141991243,-0.04292333548125681,-0.015531385378795207,-0.025940183436868693,-0.0346143682171849,0.02188824601664435,0.0307978948098431,-0.04874500404132385,0.04589401974775211,-0.21983198283523298,0.043908525723118874,-0.053201669575387064,-0.017520372259468567,-0.18356190242591483,0.021526115306690324,-0.02241014279022598,-0.10509593009900195,0.017476157311342895,0.020419942379559665,0.026005043056488802,-0.02194777903258867,-0.022224841001403373
2023-11-30,0.1370501493590223,0.10775966700879541,0.11595531972883441,0.09555075461879226,0.20705546820639223,0.12956072311147965,0.05325431953094677,0.11546309620217765,0.08994566917099085,0.06669131281646842,0.04969812949670745,0.09319728149450669,0.17846365582642354,0.07322628391524545,0.06588236290545425,0.11443267042007732,0.10358069830915435,-0.04839545675397901,0.07224438466200567,-0.020718506538748085,0.01169991903890667,0.07071631591538972,0.0794708748595149,0.08740988109558032,0.0854244482007529
2023-12-31,0.05726311615536256,0.013491162230163417,-0.007603402536428759,0.19173541415085657,0.19610582851776984,0.11567019461549581,-0.009321074158000292,0.08601792132037385,0.014196856454489214,-0.01383352527555457,0.013359360501873524,0.039262877066367344,0.03439013344702726,0.012593967177446826,0.05261668128575726,0.047382883890302,0.16490711258883153,0.016217681184632623,0.13009089674068594,-0.027231440862499345,0.037404977584673406,0.011937294053232309,-0.004336686510741345,0.04464366972755628,0.04327903543160833
2024-01-31,0.21705917095525448,-0.043144664930537,0.05570062818408387,0.055539539035946564,0.12889920641585784,0.004792670209311432,0.07318225718925142,0.030882998312296312,0.04839692765843095,0.10214566806326106,0.013686516242671372,0.02122886594242897,-0.2827041603116702,0.06899281487003389,0.002930938240351978,0.036843370682953645,0.02019345343414434,0.047082066747512544,0.05137811452531626,0.027912298350313548,-0.035355973394543536,-0.04143683458333684,-0.014420166747188212,0.015801054947586553,0.015770693886425723
2024-02-29,0.25138846128390746,-0.018717413768548515,0.04144753879655521,0.09722671722119869,0.13813492808285424,0.055128617186173276,0.06472744383734148,0.06494719634772829,0.03561316704530884,0.15652358834438485,0.023051002653722803,0.13007826109984508,0.07501530376444782,-0.0439121335762285,-0.011774983048213903,0.1695662405224806,0.10620602758762206,0.06205813386829631,0.06962305392351303,0.0257465561366868,-0.05135336345630286,0.06975950238715344,0.10315467262620025,0.050870726781621904,0.050427528312771974
2024-03-31,0.1329397302670072,-0.05264794512048042,0.016971409977429876,0.02323057527897436,-0.0645765743900327,0.2641521768215739,0.026799356263303303,0.07374692367817812,-0.012675564996466219,0.03170714348963766,-0.01996507118964944,0.020272914621575728,-0.13838342303951318,0.038811516328167234,0.08623439551188333,0.11226497672917717,0.09278622938389332,0.029668516085292845,-0.015252387030679104,0.10627861858994136,0.14669424009998508,0.013793243845783955,0.03690465748821727,0.03217869749001619,0.03054742011174303
2024-04-30,-0.04474658488743763,-0.006728941950531523,-0.07754022450379353,-0.019150116035036958,-0.1306781653988894,-0.04271826139230894,-0.058236038331754766,-0.03785978510870247,-0.03823809642648108,0.0040280477180502415,-0.08989479522280289,-0.030279789883636905,0.04172496886566614,-0.024929954827018343,0.0755837052896999,0.14599270373058956,-0.08732284621386642,-0.013721715504908395,-0.011766196276527136,0.017313149699975036,0.046768754954281504,0.019500454154500094,-0.05161982515438918,-0.04115511009090028,-0.04250577768147858
2024-05-31,0.23812751198588336,0.12241422460519569,0.06596662529192157,0.021516285488049482,0.05239755448589766,0.10127987054284779,0.04357569996641549,0.055241325921288796,0.016080381824128298,0.05071875826576631,0.022334073092808777,0.00819491515025874,-0.028782133675484278,0.07579807562833613,0.0579974150716467,0.020308891624857033,0.01173726228361221,0.10601509624398817,0.11362761019457618,-0.00048672609712743304,0.17803186034617904,0.09056351312470078,-0.01241354902866921,0.04934205660411274,0.04690380530435967
2024-06-30,0.1195087782592815,0.09125898205707608,0.07385500497118916,0.1925358934952377,-0.028502960645899543,0.050921308981903585,-0.018510042049759392,-0.0018277091739415142,-0.03735503164829416,0.09863588271106534,-0.003483288051454096,0.09100379839375866,0.10542791322569409,0.047691942433756865,0.05558045589729845,-0.03807813450110931,-0.016140671453752437,0.02922206917188605,0.0483261049752162,-0.018418756544291533,-0.11581969227414175,0.005579035277576524,0.010731446720080997,0.03467204630914395,0.03408234323888226
2024-07-31,-0.05422021791432147,0.05298219078913978,-0.06612826835254615,0.0007907439450447273,-0.11575077335461502,-0.17951815873539628,0.07503817764528477,0.05632464063933652,0.012118325653875703,-0.1184196832448417,0.07694339831346864,-0.032983051054190554,0.15937827081992093,0.022197002309145238,-0.060014206812746176,0.0699499482845829,0.04263847873078845,0.013641609576917265,-0.0320614270225706,0.02969709406379294,0.0758515110045878,0.06498812943497499,0.03292880515392179,0.012036531550342702,0.011257710402409889
2024-08-31,0.01988314013097226,0.031841131713675495,-0.0010958394851904262,0.01323068647155478,0.02784784051326573,-0.13199750352478132,0.08188998928168002,0.05485839565070394,0.04148873212604196,0.17841539155318414,0.05706030680272745,-0.04641303519364712,-0.08054917735332219,0.03320858120317418,-0.048737523387269534,0.025638106264909918,0.02819476463106814,0.12075889368808769,0.08215158199493687,0.0025225982057877736,0.058985549723882015,0.08708580098430208,0.05313836357381031,0.023096740303732165,0.022577897117514727
2024-09-30,0.017278021468668282,0.01731642953735908,0.031060690093927885,0.061035497909530265,0.09936522431300494,0.07475350538747706,-0.03345823267703102,-0.06401664820581329,-0.00515134473161229,-0.08030481734192478,-0.02317733046319518,0.042930703846572695,0.20044140606831845,0.10032271637399501,0.016331023638671734,0.0783900639525267,0.09380288101567591,0.04457004190673,-0.006588436663096319,-0.006123555253287497,0.04872506293219821,0.05912226604848454,2.5621744479579527e-05,0.020787043766301878,0.019995632287754545
2024-10-31,0.08912240350572788,-0.03090179144281858,-0.0572677075007765,-0.015952660210882343,-0.1300547815123514,-0.03880918206355426,-0.020501598462027388,0.05723183887999456,0.05277443839040131,-0.06553701242669972,-0.013668367279508821,0.00037556444104135627,-0.04607054835111549,0.037006965908274535,0.03122289803863957,-0.09330780803246866,-0.035306977780350794,0.014751052883735623,-0.014017274569530384,-0.0037607938110992907,-0.06449898758674537,0.05212091557381407,-0.04440118096318399,-0.008963658801897667,-0.009946041598550177
2024-11-30,0.04052067943358012,0.05041457886910609,0.0432437543881481,-0.046354478784495584,-0.04900546473142533,-0.017206893429421055,0.06876806796284667,0.11802335055423127,0.08536221282529191,-0.04067522265746944,-0.022817041684802322,0.10911422121577978,0.32314732603106244,0.027135063809788112,-0.012703842621433899,0.05867090218597951,0.07650303690319292,0.12109954762663973,0.10727375544432395,0.018237336622137595,-0.0006661390035339899,0.029111524957225986,0.010554678703836598,0.05792317777912192,0.05571971402949727
2024-12-31,-0.02899307024613084,0.05368789357165048,-0.0046392044899647225,0.3606330717939731,-0.1272403704831891,-0.1504389609867278,-0.06354800452854387,-0.040910394405446644,0.0030424109318354167,-0.029797697045275327,-0.069380131602573,0.053841874445842826,0.15701066259457916,-0.01698271825120982,0.11487576234888681,-0.08652217385102969,-0.11288256228104734,-0.021304576664504072,-0.058921209442460876,-0.09220384312244904,-0.09291058526899204,-0.09203703734841405,-0.09326485388111665,-0.02435450439026101,-0.02530769218774562
2025-01-31,-0.11192660584542706,-0.0593078029599375,-0.015396762344342806,-0.046663799571495766,-0.040894470814744524,0.08077366155256761,0.03338889131430163,0.11409303762579494,0.07835682769221884,0.04938224843310203,0.05075748154455714,0.08007423516996033,0.0018801889743779217,0.05390906764184847,0.0748848982192486,0.199274520018234,0.02730505407729413,0.08290783577942128,0.06711894509800556,-0.006902894902098731,-0.001815113117934135,0.07965818453730064,0.06350493679749179,0.026502050200067635,0.02665780641966916
2025-02-28,0.039598519326395167,0.025543414951564834,-0.04250890070246294,-0.1039204335633616,-0.14938982619740285,0.025857391439358793,0.09199358000550856,-0.009963598948105827,0.061059273373548516,0.12841339362582802,0.08917258585289681,-0.11301904812963531,-0.32279455501876975,0.1441679019884188,-0.18077395754938447,0.016612166678709107,-0.07689093656944017,0.004573916854894331,0.06889496826569587,0.05016494061268159,-0.011409376123913318,0.12204512632987775,0.0458482855040188,-0.012775882859009111,-0.014344484648483261
2025-03-31,-0.1419379863340738,-0.08501341690214664,-0.05594549635941938,-0.17187656861700668,0.028432293061998154,-0.07340665144777944,0.03584064842106511,-0.075926066338456,-0.03435707140978503,-0.10857250266913417,0.0049567189582131336,-0.10951462330282592,-0.12265873908773783,0.031246975555190185,-0.09519323525301115,-0.031696202439230034,-0.04200993519332384,-0.11348287140571578,-0.1032106503267604,0.06603621685997817,0.010208527865873866,-0.0019560544114909707,0.00030676625087040007,-0.05733170525170281,-0.059266785380176656
2025-04-30,0.004970109978235521,-0.04432083483739319,0.05157825002706702,0.13937491966059432,-0.05388878810247941,-0.12148711263351358,0.0012572042214223646,0.0033645680177856146,-0.014254052239064573,0.08474169195441679,-0.059182271339285455,-0.03117577372415532,0.0850286531941905,-0.010164465455982968,0.026545705072951543,0.006920818056221171,-0.0594685317039685,0.10233750959738244,0.05023011027698042,-0.11859264115997756,-0.058229344728934235,-0.004054984999631032,-0.027013068406944864,-0.008707981873006039,-0.007654161847847313
2025-05-31,0.21562378655680944,-0.055073106295811435,0.1542991100772139,0.22928676911450005,0.12878211988234955,0.20502058104305823,-0.056493474464586815,0.07624324722219443,0.057084447553879085,-0.19568323933069712,0.001474274545682664,0.10584297645959392,0.20529304828064215,0.003603497480221946,0.07833620677601742,0.19897767095054159,0.11807424234067727,0.01741754184065573,0.046211074500995195,-0.022864585571773312,0.05469646033463719,0.01563685557751291,0.03117059394432122,0.06094907698085984,0.05970544763775343
2025-06-30,0.15636384327508027,0.021280408580010287,0.07740592464262075,0.1322559169564027,0.2480277051267969,0.2660384052255324,-0.036761644650114264,0.09362140313266779,-0.02815903450526328,0.05519474660952219,-0.015976583793027146,0.06779223352706219,-0.0867857072518761,0.040188866192726005,0.027018062667218838,0.045626932002872274,0.10925776968594778,-0.009567637077014274,-0.04950482500035837,0.05236799421115664,-0.009362485090359725,-0.003571175580790247,0.006600330569954087,0.050109527497866575,0.048415655447618985
2025-07-31,0.11852107249735144,0.011629812096286475,0.07004441047946694,0.0634270020033828,0.21712125429223136,-0.120642648257164,-0.029010511915544632,0.026405388045740517,-0.027352837662329797,-0.05194633405086335,0.0755660380856709,0.06494012781041063,-0.030005653233726913,-0.044374403132276495,0.08518452495286107,0.05328070178963299,0.12437466375232584,0.0020434013879638765,-0.05214736879916455,0.035001660520734106,0.023349626913199185,0.07117179172344677,-0.0191949004751733,0.02277024586341586,0.021435178792465086
2025-08-31,-0.020963678549380107,0.11300623367403487,-0.04991708214782832,0.012485648446690048,-0.0807660834810185,0.08657615667472149,0.06382570339908179,0.017334810885012052,0.019858214570301347,-0.007978406160170318,0.08005448657354379,-0.02206908942510139,0.07977569432687688,0.06633835055873777,0.10389509303901082,0.015084235487053715,-0.04429817785803494,-0.007925759426106476,0.0052930782731378835,0.03272197370278575,0.02153888578900263,0.023673293913464462,0.03842573834473974,0.02031195113318377,0.018886957507385716
2025-09-30,0.06882730838509137,0.09247098955426804,0.02197935291420028,0.10548721102070471,-0.005178555444586819,0.3407005891025581,-0.00047731129184802444,0.04543204471262108,-0.030009723165429936,0.040685592991910616,0.045513875718061265,-0.04205088191589342,0.28669319236154234,-0.03650678701827563,0.13349740159472603,0.09023511554497574,0.1298645210217349,0.06080656518790255,-0.018930999010386765,-0.013565997397264565,0.046639701572659106,0.05694044917021982,-0.003717956879831706,0.035000538248011526,0.03471411909808157
2025-10-31,0.08183034791388974,0.059979807668949885,-0.00027044677591710805,0.11368269669754802,0.4593469090662246,0.29133663249452113,-0.05142517448900956,-0.008908138510213017,-0.0018764915458389707,0.12299439817364097,0.01843532662079154,0.10639834176490444,0.026275247490964358,-0.12120554890339796,0.14555780772208468,0.026667306413556656,0.19333074652228438,-0.01841016021068425,-0.01402407993336847,0.014178382215717872,0.0753752548785988,0.016148335270233353,-0.12711601650102383,0.023557827188336312,0.022433352045496773
2025-11-30,-0.1345407755724104,0.03185152879215387,-0.049239346427210846,0.08633464689575726,-0.16330929914609457,0.05524492600519559,0.07320559862137502,0.006280153106064122,-0.0166833657943656,0.22172806415044544,0.09760247952688346,-0.046087244076936755,-0.05953961027105308,0.0500401105172498,0.12985259886732078,-0.03457684963845113,-0.0026017867572363518,0.08820487030797769,0.0023451757442683944,0.02225745988646756,0.06508710152970464,0.14377434234247893,-0.019261396619466326,0.0019481542821839675,0.001298774393957997
2025-12-31,0.0523371968314224,-0.02538682477227322,-0.017199607712751173,-0.15019793182502209,-0.015613350127984265,0.18846695578810863,-0.02195945185205916,0.02877577439867969,0.0475020860364748,-0.0007347680580066952,0.00014497625280670095,-0.010344001602755266,0.04444465898591593,-0.046410277959049756,-0.02202619601049097,0.03273754743523639,-0.0050320744948753144,0.010147499506577064,-0.05773231616389159,0.037420712889030615,-0.07219324267117841,-0.11494749285871815,0.042093170754240065,0.000797089155420838,-0.0005242718289754783
2026-01-31,0.024522641534550763,-0.046607409136313255,-0.11684009183946514,-0.04370342056835437,0.10019681684125846,0.37406255676824973,-0.045004431824134966,-0.047508336158735225,-0.08593611578317596,-0.03554654208761142,0.0935734356429419,0.036079789943622306,-0.04388691830909244,0.06534163119389741,0.07684265205158312,-0.004033636246357396,0.13990984961865693,0.06708209430338648,0.0878614228958405,0.1612716673151299,0.09067935460517765,0.014707352565673463,0.06926331846455792,0.014630247425535304,0.013570462244289077
2026-02-28,-0.07573129859955957,0.01888613847458814,-0.08903172823642752,-0.036110684585132204,-0.16755338393549837,-0.006068280364945165,0.04956977976267923,-0.01844366967547966,-0.0032051415143170845,0.015874779527679777,0.09441248293721952,-0.13061047694971226,-0.06701828575451968,0.06642053211039538,-0.08081213885798412,0.10940725494851619,0.12223545157637615,0.07134027365811367,0.07234169230867993,0.08221512953329553,0.07144058354216458,0.09848517574146493,0.10602112871116424,-0.008679642539982034,-0.008706133376068959
2026-03-31,-0.015817021010731142,-0.04012353387584373,-0.05918539478585069,-0.02982774009045183,0.01595508014249577,-0.19892856901341768,-0.052341366372287645,-0.020658097869979433,-0.057537061010259447,-0.13431516404229055,-0.016191208754199955,-0.008272195352495295,-0.07949838019204479,0.034389358760757154,-0.08009854856728248,-0.18595106676983783,-0.04737359010113647,-0.027052240056395307,-0.01430862669761339,0.10663186610863706,-0.009536678760462929,-0.046497009802955826,-0.02119364523507481,-0.05064037432084341,-0.05227555661610112
2026-04-30,0.13481360727775463,0.06690245597051214,0.09676542386230483,0.29912646995196335,0.5553581799209891,0.42577981690178296,-0.011754975817724007,0.06791858327068327,0.08738636219011521,0.015994918629740007,-0.061542962317327914,0.24112087087679096,0.026229980290589174,-0.0934551731731832,0.29129213183426456,0.021475402134236172,0.23015343713259226,0.05973435301326737,0.018001859446568614,-0.09470319144982438,0.05243391678834895,0.0946615665427394,0.010793607809546298,0.09989306692439612,0.0991513257212326
2026-05-31,0.0563564207265672,0.1407068455686563,0.101216499504664,0.06792704325716276,0.37562038856855584,0.6299742449731467,0.0018563942276441103,-0.04545792452649506,-0.008535711358141563,0.16920192678885893,-0.01412639367115274,0.020833372355862682,0.1327089299186393,-0.05224045562227407,-0.01165811243169228,0.11036305384597848,-0.01612736233539586,-0.1289321541625623,-0.0576381793232733,-0.0538034641909187,-0.11771907906805289,-0.05343636908153306,-0.00690815043369182,0.05128775455027543,0.050189522855194325
2026-06-30,-0.052589421378053045,-0.07552392518393218,-0.18814877599075128,-0.16622988410232784,0.11829529543743877,0.17291426592005973,0.053168332969393335,0.08948894678950046,0.04999172956689734,0.08200114614569885,0.11965018981346928,-0.12709136830003118,-0.03547821776944418,-0.1807099080940882,-0.06169676350801884,0.1435311559094165,0.19541857117864947,-0.02174664453108463,-0.022043564804259955,-0.06059022879171747,0.015994445351872794,0.10019938161282446,0.04496807313177468,-0.010345915852981457,-0.010703457583106729
2026-07-31,0.0032931321759595436,0.0653784461250265,0.21980306884010425,0.030066253787771457,-0.1988628754656297,-0.3380942840122357,0.022037976752621605,0.07656045358502471,0.06499567952286296,-0.04309378390119308,0.00932753673138901,0.1305584955300353,-0.30121437977308835,0.12947241238895865,-0.0034758080698567453,-0.035989449237366765,-0.26582789845932076,-0.01835571593398239,0.018989134826788743,0.1283248599173487,-0.009731631795734164,0.032381856571264994,-0.0813828388976299,0.0003481638040174282,-0.0012862229991725445
2026-08-31,0.09510638632468094,0.02624053879269865,0.08952851993756748,-0.04987739061296809,-0.011469477815241786,0.1526167839825085,-0.01479001271941077,0.011952447242872382,0.03737954221990113,0.008276298685232494,0.041308376067460795,-0.04446012399233328,0.1674791945414353,0.10755163815528097,-0.048263822738361474,-0.07005081074315106,-0.02151077457216026,-0.05621768135624679,-0.008439847834313468,0.04128815038051566,-0.04663940574919419,0.011416519531541991,0.023142424403571362,0.026446546509562418,0.02588728236276916
