Date,Open,High,Low,Close,Adj Close,Volume,Dividends,Stock Splits
2010-01-04 00:00:00-05:00,17.913333892822266,18.22333335876465,17.889999389648438,18.07666778564453,12.87835693359375,62259300,0.0,0.0
2010-01-05 00:00:00-05:00,18.030000686645508,18.06333351135254,17.856666564941406,17.89666748046875,12.750121116638184,46945200,0.0,0.0
2010-01-06 00:00:00-05:00,17.833332061767578,17.94333267211914,17.80666732788086,17.856666564941406,12.721622467041016,37551600,0.0,0.0
2010-01-07 00:00:00-05:00,17.906667709350586,17.916667938232422,17.753332138061523,17.866666793823242,12.72874641418457,31988100,0.0,0.0
2010-01-08 00:00:00-05:00,17.809999465942383,17.843332290649414,17.67333221435547,17.77666664123535,12.664631843566895,34089600,0.0,0.0
2010-01-11 00:00:00-05:00,17.77666664123535,18.14666748046875,17.700000762939453,18.06999969482422,12.873613357543945,41963100,0.0,0.0
2010-01-12 00:00:00-05:00,18.0,18.25,17.953332901000977,18.24333381652832,12.997096061706543,45351000,0.0,0.0
2010-01-13 00:00:00-05:00,18.26333236694336,18.399999618530273,18.136667251586914,18.336666107177734,13.063593864440918,39872100,0.0,0.0
2010-01-14 00:00:00-05:00,18.24333381652832,18.280000686645508,18.053333282470703,18.06999969482422,12.873613357543945,41316000,0.0,0.0
2010-01-15 00:00:00-05:00,18.113332748413086,18.183332443237305,17.866666793823242,17.893333435058594,12.747748374938965,57262500,0.0,0.0
2010-01-19 00:00:00-05:00,17.969999313354492,18.086666107177734,17.833332061767578,18.010000228881836,12.830864906311035,43855500,0.0,0.0
2010-01-20 00:00:00-05:00,17.97333335876465,17.979999542236328,17.74333381652832,17.953332901000977,12.790489196777344,39925800,0.0,0.0
2010-01-21 00:00:00-05:00,18.023332595825195,18.023332595825195,17.613332748413086,17.639999389648438,12.56726360321045,48086100,0.0,0.0
2010-01-22 00:00:00-05:00,17.65333366394043,17.823333740234375,17.56333351135254,17.64666748046875,12.572013854980469,58247700,0.0,0.0
2010-01-25 00:00:00-05:00,17.713333129882812,17.739999771118164,17.593332290649414,17.626667022705078,12.557767868041992,36009900,0.0,0.0
2010-01-26 00:00:00-05:00,17.606666564941406,17.953332901000977,17.57666778564453,17.8700008392334,12.731123924255371,46752000,0.0,0.0
2010-01-27 00:00:00-05:00,17.84000015258789,17.92333221435547,17.700000762939453,17.799999237060547,12.681254386901855,39576300,0.0,0.0
2010-01-28 00:00:00-05:00,17.793333053588867,17.816667556762695,17.503332138061523,17.536666870117188,12.493647575378418,50880300,0.0,0.0
2010-01-29 00:00:00-05:00,17.893333435058594,18.049999237060547,17.799999237060547,17.809999465942383,12.688379287719727,72842400,0.0,0.0
2010-02-01 00:00:00-05:00,17.873332977294922,17.926666259765625,17.770000457763672,17.82666778564453,12.700255393981934,33058500,0.0,0.0
2010-02-02 00:00:00-05:00,17.863332748413086,17.906667709350586,17.77666664123535,17.829999923706055,12.70262622833252,34163700,0.0,0.0
2010-02-03 00:00:00-05:00,17.90999984741211,18.166667938232422,17.8799991607666,18.09000015258789,12.887857437133789,53966700,0.0,0.0
2010-02-04 00:00:00-05:00,17.959999084472656,18.100000381469727,17.65333366394043,17.656667709350586,12.579140663146973,63089700,0.0,0.0
2010-02-05 00:00:00-05:00,17.59000015258789,17.843332290649414,17.586666107177734,17.816667556762695,12.693127632141113,46637400,0.0,0.0
2010-02-08 00:00:00-05:00,17.793333053588867,17.84666633605957,17.639999389648438,17.643333435058594,12.569642066955566,31517700,0.0,0.0
2010-02-09 00:00:00-05:00,17.73666763305664,17.873332977294922,17.606666564941406,17.75,12.645630836486816,32475000,0.0,0.0
2010-02-10 00:00:00-05:00,17.75666618347168,17.833332061767578,17.65333366394043,17.746667861938477,12.643264770507812,28225200,0.0,0.0
2010-02-11 00:00:00-05:00,17.709999084472656,17.816667556762695,17.636667251586914,17.69333267211914,12.60525894165039,34738800,0.0,0.0
2010-02-12 00:00:00-05:00,17.703332901000977,17.703332901000977,17.553333282470703,17.633333206176758,12.562514305114746,51115200,0.0,0.0
2010-02-16 00:00:00-05:00,17.746667861938477,17.906667709350586,17.633333206176758,17.85333251953125,12.719244956970215,47313600,0.0,0.0
2010-02-17 00:00:00-05:00,17.89666748046875,18.083332061767578,17.883333206176758,18.020000457763672,12.837986946105957,46602600,0.0,0.0
2010-02-18 00:00:00-05:00,17.733333587646484,17.833332061767578,17.636667251586914,17.823333740234375,12.69787883758545,88372500,0.0,0.0
2010-02-19 00:00:00-05:00,17.729999542236328,17.860000610351562,17.690000534057617,17.829999923706055,12.70262622833252,45271200,0.0,0.0
2010-02-22 00:00:00-05:00,17.84000015258789,17.97333335876465,17.780000686645508,17.94333267211914,12.783365249633789,36291600,0.0,0.0
2010-02-23 00:00:00-05:00,17.916667938232422,18.02666664123535,17.816667556762695,17.873332977294922,12.73349666595459,42414000,0.0,0.0
2010-02-24 00:00:00-05:00,17.913333892822266,17.983333587646484,17.82666778564453,17.97333335876465,12.804738998413086,31872600,0.0,0.0
2010-02-25 00:00:00-05:00,17.81999969482422,18.093332290649414,17.75,18.049999237060547,12.859356880187988,40530300,0.0,0.0
2010-02-26 00:00:00-05:00,18.073333740234375,18.079999923706055,17.833332061767578,18.023332595825195,12.840360641479492,47858700,0.0,0.0
2010-03-01 00:00:00-05:00,18.01333236694336,18.043333053588867,17.84666633605957,17.96666717529297,12.799989700317383,36386100,0.0,0.0
2010-03-02 00:00:00-05:00,17.94333267211914,17.963333129882812,17.823333740234375,17.863332748413086,12.726372718811035,42245100,0.0,0.0
2010-03-03 00:00:00-05:00,17.78333282470703,17.916667938232422,17.71666717529297,17.886667251586914,12.742996215820312,34893600,0.0,0.0
2010-03-04 00:00:00-05:00,18.00666618347168,18.030000686645508,17.916667938232422,17.98666763305664,12.814240455627441,33635400,0.0,0.0
2010-03-05 00:00:00-05:00,17.989999771118164,18.05666732788086,17.833332061767578,18.046667098999023,12.85698413848877,34125300,0.0,0.0
2010-03-08 00:00:00-05:00,18.003332138061523,18.093332290649414,17.976667404174805,18.049999237060547,12.859356880187988,22670100,0.0,0.0
2010-03-09 00:00:00-05:00,18.040000915527344,18.166667938232422,17.97333335876465,18.020000457763672,12.837986946105957,37753800,0.0,0.0
2010-03-10 00:00:00-05:00,17.889999389648438,18.00666618347168,17.843332290649414,17.876667022705078,12.807657241821289,38091000,0.101,0.0
2010-03-11 00:00:00-05:00,17.8799991607666,17.996667861938477,17.843332290649414,17.989999771118164,12.8888578414917,32021700,0.0,0.0
2010-03-12 00:00:00-05:00,18.053333282470703,18.079999923706055,17.93000030517578,17.96666717529297,12.872137069702148,31433700,0.0,0.0
2010-03-15 00:00:00-04:00,18.1299991607666,18.51333236694336,18.116666793823242,18.47333335876465,13.235136032104492,73121700,0.0,0.0
2010-03-16 00:00:00-04:00,18.626667022705078,18.75666618347168,18.53333282470703,18.663333892822266,13.371260643005371,55359000,0.0,0.0
2010-03-17 00:00:00-04:00,18.683332443237305,18.709999084472656,18.553333282470703,18.639999389648438,13.354544639587402,37485600,0.0,0.0
2010-03-18 00:00:00-04:00,18.6299991607666,18.649999618530273,18.51333236694336,18.64666748046875,13.359321594238281,28416600,0.0,0.0
2010-03-19 00:00:00-04:00,18.446666717529297,18.75666618347168,18.383333206176758,18.446666717529297,13.216031074523926,51552300,0.0,0.0
2010-03-22 00:00:00-04:00,18.43666648864746,18.64666748046875,18.376667022705078,18.540000915527344,13.282903671264648,29622300,0.0,0.0
2010-03-23 00:00:00-04:00,18.543333053588867,18.666667938232422,18.536666870117188,18.6299991607666,13.34737491607666,28107900,0.0,0.0
2010-03-24 00:00:00-04:00,18.57666778564453,18.666667938232422,18.476667404174805,18.52666664123535,13.273343086242676,26096700,0.0,0.0
2010-03-25 00:00:00-04:00,18.543333053588867,18.663333892822266,18.53333282470703,18.536666870117188,13.280513763427734,29379300,0.0,0.0
2010-03-26 00:00:00-04:00,18.536666870117188,18.65333366394043,18.489999771118164,18.503332138061523,13.256625175476074,29841900,0.0,0.0
2010-03-29 00:00:00-04:00,18.5,18.583332061767578,18.476667404174805,18.579999923706055,13.311555862426758,29329500,0.0,0.0
2010-03-30 00:00:00-04:00,18.593332290649414,18.683332443237305,18.553333282470703,18.636667251586914,13.35215950012207,20823900,0.0,0.0
2010-03-31 00:00:00-04:00,18.60333251953125,18.633333206176758,18.5,18.53333282470703,13.278125762939453,29900700,0.0,0.0
2010-04-01 00:00:00-04:00,18.583332061767578,18.616666793823242,18.389999389648438,18.496667861938477,13.251855850219727,35364300,0.0,0.0
2010-04-05 00:00:00-04:00,18.566667556762695,18.57666778564453,18.406667709350586,18.496667861938477,13.251855850219727,32246400,0.0,0.0
2010-04-06 00:00:00-04:00,18.479999542236328,18.543333053588867,18.43000030517578,18.510000228881836,13.26141357421875,28701600,0.0,0.0
2010-04-07 00:00:00-04:00,18.5,18.633333206176758,18.3799991607666,18.426666259765625,13.201706886291504,38805600,0.0,0.0
2010-04-08 00:00:00-04:00,18.43000030517578,18.566667556762695,18.386667251586914,18.459999084472656,13.2255859375,33419100,0.0,0.0
2010-04-09 00:00:00-04:00,18.459999084472656,18.459999084472656,18.209999084472656,18.356666564941406,13.15155029296875,37605300,0.0,0.0
2010-04-12 00:00:00-04:00,18.34000015258789,18.366666793823242,18.19333267211914,18.34000015258789,13.139608383178711,35862900,0.0,0.0
2010-04-13 00:00:00-04:00,18.303333282470703,18.40333366394043,18.219999313354492,18.239999771118164,13.06796646118164,38553300,0.0,0.0
2010-04-14 00:00:00-04:00,18.209999084472656,18.303333282470703,18.113332748413086,18.213333129882812,13.04886245727539,44060700,0.0,0.0
2010-04-15 00:00:00-04:00,18.049999237060547,18.1200008392334,17.97333335876465,18.043333053588867,12.9270658493042,52977900,0.0,0.0
2010-04-16 00:00:00-04:00,18.036666870117188,18.196666717529297,17.946666717529297,18.036666870117188,12.922287940979004,57696000,0.0,0.0
2010-04-19 00:00:00-04:00,18.0,18.15999984741211,18.0,18.1299991607666,12.989154815673828,33946800,0.0,0.0
2010-04-20 00:00:00-04:00,18.163333892822266,18.273332595825195,18.126667022705078,18.17333221435547,13.020203590393066,27276900,0.0,0.0
2010-04-21 00:00:00-04:00,18.14666748046875,18.190000534057617,18.059999465942383,18.156667709350586,13.008257865905762,34497900,0.0,0.0
2010-04-22 00:00:00-04:00,18.123332977294922,18.21666717529297,18.049999237060547,18.163333892822266,13.013041496276855,32763600,0.0,0.0
2010-04-23 00:00:00-04:00,18.156667709350586,18.203332901000977,17.97333335876465,18.176666259765625,13.022590637207031,49787400,0.0,0.0
2010-04-26 00:00:00-04:00,18.176666259765625,18.233333587646484,18.003332138061523,18.01333236694336,12.905572891235352,44253000,0.0,0.0
2010-04-27 00:00:00-04:00,17.866666793823242,18.139999389648438,17.843332290649414,18.01333236694336,12.905572891235352,57523800,0.0,0.0
2010-04-28 00:00:00-04:00,17.97333335876465,18.03333282470703,17.84000015258789,17.8700008392334,12.802885055541992,44712600,0.0,0.0
2010-04-29 00:00:00-04:00,17.886667251586914,18.07666778564453,17.850000381469727,17.899999618530273,12.824374198913574,39960000,0.0,0.0
2010-04-30 00:00:00-04:00,17.940000534057617,18.049999237060547,17.8799991607666,17.8799991607666,12.81004524230957,48838200,0.0,0.0
2010-05-03 00:00:00-04:00,17.959999084472656,17.983333587646484,17.823333740234375,17.913333892822266,12.833929061889648,36903000,0.0,0.0
2010-05-04 00:00:00-04:00,17.863332748413086,18.190000534057617,17.850000381469727,18.00666618347168,12.900795936584473,56012700,0.0,0.0
2010-05-05 00:00:00-04:00,18.036666870117188,18.316667556762695,17.940000534057617,18.25666618347168,13.07990550994873,49829700,0.0,0.0
2010-05-06 00:00:00-04:00,18.116666793823242,18.260000228881836,17.176666259765625,17.74333381652832,12.712129592895508,72202500,0.0,0.0
2010-05-07 00:00:00-04:00,17.68000030517578,17.873332977294922,17.266666412353516,17.46666717529297,12.513916015625,86835300,0.0,0.0
2010-05-10 00:00:00-04:00,17.68666648864746,17.746667861938477,17.27666664123535,17.52666664123535,12.556905746459961,81270900,0.0,0.0
2010-05-11 00:00:00-04:00,17.450000762939453,17.59000015258789,17.389999389648438,17.48666763305664,12.528244972229004,58869900,0.0,0.0
2010-05-12 00:00:00-04:00,17.5,17.520000457763672,17.376667022705078,17.49333381652832,12.605823516845703,40830300,0.101,0.0
2010-05-13 00:00:00-04:00,17.543333053588867,17.656667709350586,17.453332901000977,17.46666717529297,12.586615562438965,37374000,0.0,0.0
2010-05-14 00:00:00-04:00,17.469999313354492,17.566667556762695,17.34000015258789,17.373332977294922,12.51935863494873,55944900,0.0,0.0
2010-05-17 00:00:00-04:00,17.469999313354492,17.639999389648438,17.34666633605957,17.57666778564453,12.66588306427002,50836200,0.0,0.0
2010-05-18 00:00:00-04:00,17.773332595825195,18.149999618530273,17.733333587646484,17.90333366394043,12.901283264160156,96683100,0.0,0.0
2010-05-19 00:00:00-04:00,17.843332290649414,17.920000076293945,17.59666633605957,17.68000030517578,12.74034309387207,61256100,0.0,0.0
2010-05-20 00:00:00-04:00,17.456666946411133,17.65333366394043,17.100000381469727,17.100000381469727,12.3223876953125,81768000,0.0,0.0
2010-05-21 00:00:00-04:00,16.90999984741211,17.123332977294922,16.836666107177734,17.123332977294922,12.339202880859375,73645800,0.0,0.0
2010-05-24 00:00:00-04:00,17.01333236694336,17.18000030517578,16.96666717529297,17.0,12.250322341918945,40673400,0.0,0.0
2010-05-25 00:00:00-04:00,16.75,16.833332061767578,16.666667938232422,16.760000228881836,12.077381134033203,72187200,0.0,0.0
2010-05-26 00:00:00-04:00,16.786666870117188,16.866666793823242,16.670000076293945,16.67333221435547,12.014930725097656,57234300,0.0,0.0
2010-05-27 00:00:00-04:00,16.84000015258789,16.90999984741211,16.773332595825195,16.899999618530273,12.17827033996582,41941200,0.0,0.0
2010-05-28 00:00:00-04:00,16.916667938232422,16.976667404174805,16.833332061767578,16.85333251953125,12.144640922546387,42058500,0.0,0.0
2010-06-01 00:00:00-04:00,16.933332443237305,17.170000076293945,16.84000015258789,16.97333335876465,12.231108665466309,48160800,0.0,0.0
2010-06-02 00:00:00-04:00,17.07666778564453,17.246667861938477,17.00666618347168,17.239999771118164,12.423276901245117,40997400,0.0,0.0
2010-06-03 00:00:00-04:00,17.24333381652832,17.360000610351562,17.15999984741211,17.239999771118164,12.423276901245117,31527300,0.0,0.0
2010-06-04 00:00:00-04:00,17.136667251586914,17.233333587646484,16.739999771118164,16.799999237060547,12.106208801269531,72125700,0.0,0.0
2010-06-07 00:00:00-04:00,16.81999969482422,17.123332977294922,16.773332595825195,16.913333892822266,12.187877655029297,58501800,0.0,0.0
2010-06-08 00:00:00-04:00,16.93000030517578,16.99333381652832,16.843332290649414,16.926666259765625,12.197486877441406,60946500,0.0,0.0
2010-06-09 00:00:00-04:00,16.98666763305664,17.1200008392334,16.863332748413086,16.996667861938477,12.247928619384766,49592700,0.0,0.0
2010-06-10 00:00:00-04:00,17.06999969482422,17.226667404174805,17.020000457763672,17.073333740234375,12.30317497253418,47551500,0.0,0.0
2010-06-11 00:00:00-04:00,16.989999771118164,17.09000015258789,16.850000381469727,16.953332901000977,12.21669864654541,42082200,0.0,0.0
2010-06-14 00:00:00-04:00,17.036666870117188,17.15333366394043,16.963333129882812,17.079999923706055,12.307975769042969,41700300,0.0,0.0
2010-06-15 00:00:00-04:00,17.066667556762695,17.21666717529297,17.020000457763672,17.213333129882812,12.404057502746582,42932400,0.0,0.0
2010-06-16 00:00:00-04:00,17.166667938232422,17.19333267211914,16.97333335876465,16.99333381652832,12.245523452758789,47702100,0.0,0.0
2010-06-17 00:00:00-04:00,17.016666412353516,17.163333892822266,16.98666763305664,17.136667251586914,12.348810195922852,38001900,0.0,0.0
2010-06-18 00:00:00-04:00,17.136667251586914,17.303333282470703,17.136667251586914,17.183332443237305,12.38243579864502,76277400,0.0,0.0
2010-06-21 00:00:00-04:00,17.23666763305664,17.293333053588867,16.90333366394043,17.00666618347168,12.255134582519531,43965600,0.0,0.0
2010-06-22 00:00:00-04:00,17.023332595825195,17.156667709350586,16.866666793823242,16.893333435058594,12.173467636108398,40974600,0.0,0.0
2010-06-23 00:00:00-04:00,16.920000076293945,17.01333236694336,16.799999237060547,16.93666648864746,12.204691886901855,47837700,0.0,0.0
2010-06-24 00:00:00-04:00,16.90999984741211,16.94333267211914,16.649999618530273,16.676666259765625,12.01733112335205,44457600,0.0,0.0
2010-06-25 00:00:00-04:00,16.649999618530273,16.733333587646484,16.266666412353516,16.266666412353516,11.721882820129395,135999600,0.0,0.0
2010-06-28 00:00:00-04:00,16.35333251953125,16.59000015258789,16.336666107177734,16.523332595825195,11.906841278076172,44091600,0.0,0.0
2010-06-29 00:00:00-04:00,16.389999389648438,16.420000076293945,16.143333435058594,16.299999237060547,11.745904922485352,61052400,0.0,0.0
2010-06-30 00:00:00-04:00,16.31999969482422,16.323333740234375,16.003332138061523,16.023332595825195,11.54653549194336,55166400,0.0,0.0
2010-07-01 00:00:00-04:00,16.03333282470703,16.136667251586914,15.923333168029785,16.113332748413086,11.6113920211792,54343200,0.0,0.0
2010-07-02 00:00:00-04:00,16.14666748046875,16.14666748046875,15.946666717529297,16.0,11.529719352722168,40743900,0.0,0.0
2010-07-06 00:00:00-04:00,16.446666717529297,16.479999542236328,16.086666107177734,16.190000534057617,11.666637420654297,54676800,0.0,0.0
2010-07-07 00:00:00-04:00,16.219999313354492,16.323333740234375,16.053333282470703,16.30666732788086,11.750707626342773,48528600,0.0,0.0
2010-07-08 00:00:00-04:00,16.440000534057617,16.440000534057617,16.26333236694336,16.393333435058594,11.813162803649902,37950000,0.0,0.0
2010-07-09 00:00:00-04:00,16.416667938232422,16.516666412353516,16.383333206176758,16.476667404174805,11.873209953308105,34821600,0.0,0.0
2010-07-12 00:00:00-04:00,16.593332290649414,16.77666664123535,16.559999465942383,16.706666946411133,12.038946151733398,40322700,0.0,0.0
2010-07-13 00:00:00-04:00,16.78333282470703,16.89666748046875,16.700000762939453,16.84666633605957,12.139833450317383,39659400,0.0,0.0
2010-07-14 00:00:00-04:00,16.683332443237305,16.786666870117188,16.68000030517578,16.78333282470703,12.094196319580078,32124900,0.0,0.0
2010-07-15 00:00:00-04:00,16.780000686645508,16.81333351135254,16.636667251586914,16.803333282470703,12.108609199523926,36766800,0.0,0.0
2010-07-16 00:00:00-04:00,16.71666717529297,16.77666664123535,16.50666618347168,16.55666732788086,11.930859565734863,47766600,0.0,0.0
2010-07-19 00:00:00-04:00,16.573333740234375,16.60333251953125,16.363332748413086,16.50666618347168,11.894829750061035,35688000,0.0,0.0
2010-07-20 00:00:00-04:00,16.420000076293945,17.010000228881836,16.420000076293945,16.959999084472656,12.221503257751465,48851700,0.0,0.0
2010-07-21 00:00:00-04:00,17.0,17.0,16.703332901000977,16.78333282470703,12.094196319580078,36933300,0.0,0.0
2010-07-22 00:00:00-04:00,16.850000381469727,17.030000686645508,16.836666107177734,16.953332901000977,12.21669864654541,35952600,0.0,0.0
2010-07-23 00:00:00-04:00,16.969999313354492,17.270000457763672,16.96666717529297,17.22333335876465,12.411261558532715,39139200,0.0,0.0
2010-07-26 00:00:00-04:00,17.22333335876465,17.22333335876465,16.969999313354492,17.043333053588867,12.281554222106934,42336300,0.0,0.0
2010-07-27 00:00:00-04:00,16.933332443237305,17.100000381469727,16.886667251586914,16.98666763305664,12.24071979522705,36885600,0.0,0.0
2010-07-28 00:00:00-04:00,16.933332443237305,17.1299991607666,16.933332443237305,17.043333053588867,12.281554222106934,27985500,0.0,0.0
2010-07-29 00:00:00-04:00,17.07666778564453,17.260000228881836,16.933332443237305,17.020000457763672,12.26474380493164,28891500,0.0,0.0
2010-07-30 00:00:00-04:00,16.8700008392334,17.083332061767578,16.833332061767578,17.06333351135254,12.295969009399414,40654200,0.0,0.0
2010-08-02 00:00:00-04:00,17.183332443237305,17.233333587646484,16.983333587646484,17.136667251586914,12.348810195922852,41583000,0.0,0.0
2010-08-03 00:00:00-04:00,17.083332061767578,17.21666717529297,17.010000228881836,17.09666633605957,12.319992065429688,32005800,0.0,0.0
2010-08-04 00:00:00-04:00,17.01333236694336,17.23666763305664,17.003332138061523,17.200000762939453,12.394451141357422,24206700,0.0,0.0
2010-08-05 00:00:00-04:00,17.213333129882812,17.22333335876465,17.073333740234375,17.206666946411133,12.399250984191895,22317000,0.0,0.0
2010-08-06 00:00:00-04:00,17.139999389648438,17.26333236694336,17.036666870117188,17.26333236694336,12.440086364746094,24810900,0.0,0.0
2010-08-09 00:00:00-04:00,17.27666664123535,17.446666717529297,17.266666412353516,17.35333251953125,12.5049409866333,24796200,0.0,0.0
2010-08-10 00:00:00-04:00,17.303333282470703,17.49333381652832,17.229999542236328,17.406667709350586,12.543377876281738,26537400,0.0,0.0
2010-08-11 00:00:00-04:00,17.206666946411133,17.206666946411133,16.99333381652832,17.00666618347168,12.326654434204102,33918900,0.101,0.0
2010-08-12 00:00:00-04:00,16.85333251953125,16.926666259765625,16.670000076293945,16.809999465942383,12.184112548828125,38390700,0.0,0.0
2010-08-13 00:00:00-04:00,16.77666664123535,16.913333892822266,16.666667938232422,16.799999237060547,12.176861763000488,30285900,0.0,0.0
2010-08-16 00:00:00-04:00,16.72333335876465,16.856666564941406,16.68666648864746,16.803333282470703,12.179279327392578,28946100,0.0,0.0
2010-08-17 00:00:00-04:00,16.93000030517578,17.206666946411133,16.886667251586914,17.00666618347168,12.326654434204102,48946500,0.0,0.0
2010-08-18 00:00:00-04:00,17.0,17.106666564941406,16.873332977294922,16.953332901000977,12.287997245788574,47235000,0.0,0.0
2010-08-19 00:00:00-04:00,16.899999618530273,16.98666763305664,16.666667938232422,16.68666648864746,12.094717025756836,46902300,0.0,0.0
2010-08-20 00:00:00-04:00,16.72333335876465,16.823333740234375,16.676666259765625,16.739999771118164,12.133374214172363,35105100,0.0,0.0
2010-08-23 00:00:00-04:00,16.856666564941406,17.166667938232422,16.796667098999023,17.046667098999023,12.355649948120117,43973400,0.0,0.0
2010-08-24 00:00:00-04:00,16.889999389648438,17.239999771118164,16.866666793823242,17.100000381469727,12.394304275512695,50102400,0.0,0.0
2010-08-25 00:00:00-04:00,17.083332061767578,17.26333236694336,17.030000686645508,17.183332443237305,12.454702377319336,44527200,0.0,0.0
2010-08-26 00:00:00-04:00,17.206666946411133,17.206666946411133,16.916667938232422,16.989999771118164,12.314574241638184,35696100,0.0,0.0
2010-08-27 00:00:00-04:00,17.00666618347168,17.083332061767578,16.906667709350586,17.0,12.321819305419922,35805000,0.0,0.0
2010-08-30 00:00:00-04:00,17.00666618347168,17.083332061767578,16.843332290649414,16.850000381469727,12.213104248046875,25507500,0.0,0.0
2010-08-31 00:00:00-04:00,16.836666107177734,17.03333282470703,16.706666946411133,16.713333129882812,12.114047050476074,76078200,0.0,0.0
2010-09-01 00:00:00-04:00,16.829999923706055,17.143333435058594,16.81999969482422,17.066667556762695,12.370146751403809,40294500,0.0,0.0
2010-09-02 00:00:00-04:00,17.040000915527344,17.270000457763672,17.040000915527344,17.253332138061523,12.505441665649414,33618300,0.0,0.0
2010-09-03 00:00:00-04:00,17.286666870117188,17.363332748413086,17.183332443237305,17.34666633605957,12.573090553283691,28839300,0.0,0.0
2010-09-07 00:00:00-04:00,17.356666564941406,17.520000457763672,17.280000686645508,17.286666870117188,12.529608726501465,31751400,0.0,0.0
2010-09-08 00:00:00-04:00,17.296667098999023,17.32666778564453,17.17333221435547,17.27666664123535,12.522355079650879,26880000,0.0,0.0
2010-09-09 00:00:00-04:00,17.35333251953125,17.366666793823242,17.280000686645508,17.303333282470703,12.54168701171875,21869100,0.0,0.0
2010-09-10 00:00:00-04:00,17.299999237060547,17.356666564941406,17.239999771118164,17.323333740234375,12.556180953979492,24481200,0.0,0.0
2010-09-13 00:00:00-04:00,17.416667938232422,17.489999771118164,17.336666107177734,17.40333366394043,12.614165306091309,23604000,0.0,0.0
2010-09-14 00:00:00-04:00,17.386667251586914,17.676666259765625,17.383333206176758,17.553333282470703,12.722893714904785,33604200,0.0,0.0
2010-09-15 00:00:00-04:00,17.489999771118164,17.700000762939453,17.469999313354492,17.6200008392334,12.771203994750977,30594300,0.0,0.0
2010-09-16 00:00:00-04:00,17.553333282470703,17.760000228881836,17.516666412353516,17.71666717529297,12.84127426147461,32228100,0.0,0.0
2010-09-17 00:00:00-04:00,17.72333335876465,17.77666664123535,17.626667022705078,17.670000076293945,12.807450294494629,62399400,0.0,0.0
2010-09-20 00:00:00-04:00,17.700000762939453,17.889999389648438,17.696666717529297,17.84666633605957,12.93549919128418,27780300,0.0,0.0
2010-09-21 00:00:00-04:00,17.84000015258789,17.98666763305664,17.773332595825195,17.856666564941406,12.942749977111816,28275300,0.0,0.0
2010-09-22 00:00:00-04:00,17.84000015258789,18.0,17.816667556762695,17.940000534057617,13.003148078918457,29730000,0.0,0.0
2010-09-23 00:00:00-04:00,17.90999984741211,17.97333335876465,17.843332290649414,17.883333206176758,12.962084770202637,21873600,0.0,0.0
2010-09-24 00:00:00-04:00,17.983333587646484,18.1299991607666,17.946666717529297,18.02666664123535,13.06596851348877,29305200,0.0,0.0
2010-09-27 00:00:00-04:00,17.969999313354492,18.003332138061523,17.823333740234375,17.82666778564453,12.921008110046387,25986600,0.0,0.0
2010-09-28 00:00:00-04:00,17.843332290649414,17.996667861938477,17.683332443237305,17.940000534057617,13.003148078918457,33441900,0.0,0.0
2010-09-29 00:00:00-04:00,17.933332443237305,17.93666648864746,17.703332901000977,17.78333282470703,12.889589309692383,29592300,0.0,0.0
2010-09-30 00:00:00-04:00,17.843332290649414,17.996667861938477,17.713333129882812,17.84000015258789,12.930672645568848,32703000,0.0,0.0
2010-10-01 00:00:00-04:00,17.866666793823242,17.873332977294922,17.733333587646484,17.786666870117188,12.892014503479004,24688200,0.0,0.0
2010-10-04 00:00:00-04:00,17.780000686645508,17.899999618530273,17.713333129882812,17.856666564941406,12.942749977111816,21427500,0.0,0.0
2010-10-05 00:00:00-04:00,17.979999542236328,18.083332061767578,17.94333267211914,18.0,13.046635627746582,30648000,0.0,0.0
2010-10-06 00:00:00-04:00,17.97333335876465,18.209999084472656,17.96666717529297,18.18666648864746,13.181938171386719,31241400,0.0,0.0
2010-10-07 00:00:00-04:00,18.219999313354492,18.273332595825195,18.01333236694336,18.1200008392334,13.13361644744873,23309400,0.0,0.0
2010-10-08 00:00:00-04:00,18.116666793823242,18.196666717529297,18.00666618347168,18.136667251586914,13.145696640014648,26380800,0.0,0.0
2010-10-11 00:00:00-04:00,18.17333221435547,18.246667861938477,18.143333435058594,18.203332901000977,13.194015502929688,21111900,0.0,0.0
2010-10-12 00:00:00-04:00,18.149999618530273,18.149999618530273,17.916667938232422,17.97333335876465,13.027308464050293,45104400,0.0,0.0
2010-10-13 00:00:00-04:00,18.059999465942383,18.17333221435547,17.90999984741211,17.940000534057617,13.003148078918457,40840800,0.0,0.0
2010-10-14 00:00:00-04:00,17.956666946411133,17.956666946411133,17.643333435058594,17.75,12.865433692932129,46640700,0.0,0.0
2010-10-15 00:00:00-04:00,17.786666870117188,17.860000610351562,17.67333221435547,17.78333282470703,12.889589309692383,37677000,0.0,0.0
2010-10-18 00:00:00-04:00,17.75,17.96666717529297,17.75,17.920000076293945,12.988656997680664,27689700,0.0,0.0
2010-10-19 00:00:00-04:00,17.816667556762695,17.920000076293945,17.709999084472656,17.773332595825195,12.882345199584961,30675000,0.0,0.0
2010-10-20 00:00:00-04:00,17.76333236694336,17.946666717529297,17.75,17.823333740234375,12.918586730957031,29226900,0.0,0.0
2010-10-21 00:00:00-04:00,17.89666748046875,18.113332748413086,17.863332748413086,18.010000228881836,13.053885459899902,28806600,0.0,0.0
2010-10-22 00:00:00-04:00,17.98666763305664,18.03333282470703,17.953332901000977,18.020000457763672,13.061135292053223,17386500,0.0,0.0
2010-10-25 00:00:00-04:00,18.059999465942383,18.133333206176758,17.96666717529297,17.983333587646484,13.034562110900879,23889300,0.0,0.0
2010-10-26 00:00:00-04:00,17.946666717529297,18.24333381652832,17.94333267211914,18.18666648864746,13.181938171386719,30880800,0.0,0.0
2010-10-27 00:00:00-04:00,18.079999923706055,18.209999084472656,17.850000381469727,17.956666946411133,13.015230178833008,39060900,0.0,0.0
2010-10-28 00:00:00-04:00,18.06333351135254,18.07666778564453,17.863332748413086,18.02666664123535,13.06596851348877,24550800,0.0,0.0
2010-10-29 00:00:00-04:00,18.01333236694336,18.196666717529297,17.8700008392334,18.05666732788086,13.087717056274414,24098700,0.0,0.0
2010-11-01 00:00:00-04:00,18.016666412353516,18.166667938232422,18.00666618347168,18.10333251953125,13.121537208557129,24622500,0.0,0.0
2010-11-02 00:00:00-04:00,18.183332443237305,18.329999923706055,18.163333892822266,18.26333236694336,13.237504005432129,26547600,0.0,0.0
2010-11-03 00:00:00-04:00,18.25666618347168,18.316667556762695,18.073333740234375,18.303333282470703,13.266500473022461,27567600,0.0,0.0
2010-11-04 00:00:00-04:00,18.333332061767578,18.5,18.316667556762695,18.453332901000977,13.375225067138672,39740400,0.0,0.0
2010-11-05 00:00:00-04:00,18.483333587646484,18.573333740234375,18.299999237060547,18.399999618530273,13.33656120300293,30784200,0.0,0.0
2010-11-08 00:00:00-05:00,18.303333282470703,18.360000610351562,18.170000076293945,18.303333282470703,13.266500473022461,29823300,0.0,0.0
2010-11-09 00:00:00-05:00,18.360000610351562,18.40333366394043,18.27666664123535,18.350000381469727,13.300325393676758,30141300,0.0,0.0
2010-11-10 00:00:00-05:00,18.253332138061523,18.253332138061523,18.030000686645508,18.170000076293945,13.169855117797852,33710700,0.0,0.0
2010-11-11 00:00:00-05:00,18.17333221435547,18.17333221435547,17.98666763305664,18.113332748413086,13.12878131866455,37698300,0.0,0.0
2010-11-12 00:00:00-05:00,18.03333282470703,18.113332748413086,17.953332901000977,18.043333053588867,13.078047752380371,32033400,0.0,0.0
2010-11-15 00:00:00-05:00,18.05666732788086,18.116666793823242,17.956666946411133,17.983333587646484,13.034562110900879,34378500,0.0,0.0
2010-11-16 00:00:00-05:00,18.190000534057617,18.450000762939453,18.079999923706055,18.086666107177734,13.109453201293945,70665600,0.0,0.0
2010-11-17 00:00:00-05:00,18.116666793823242,18.14666748046875,17.85333251953125,17.92333221435547,12.991067886352539,43514100,0.0,0.0
2010-11-18 00:00:00-05:00,18.046667098999023,18.21666717529297,17.96666717529297,17.99333381652832,13.041808128356934,34761900,0.0,0.0
2010-11-19 00:00:00-05:00,18.03333282470703,18.149999618530273,17.983333587646484,18.1299991607666,13.140861511230469,30922500,0.0,0.0
2010-11-22 00:00:00-05:00,18.066667556762695,18.200000762939453,17.97333335876465,18.126667022705078,13.138448715209961,28505400,0.0,0.0
2010-11-23 00:00:00-05:00,18.066667556762695,18.086666107177734,17.85333251953125,17.889999389648438,12.96690845489502,41554200,0.0,0.0
2010-11-24 00:00:00-05:00,17.913333892822266,18.059999465942383,17.913333892822266,18.003332138061523,13.049054145812988,30937200,0.0,0.0
2010-11-26 00:00:00-05:00,17.89666748046875,17.976667404174805,17.856666564941406,17.913333892822266,12.98382568359375,12465000,0.0,0.0
2010-11-29 00:00:00-05:00,17.883333206176758,17.97333335876465,17.809999465942383,17.950000762939453,13.010395050048828,32362800,0.0,0.0
2010-11-30 00:00:00-05:00,17.920000076293945,18.143333435058594,17.866666793823242,18.030000686645508,13.068380355834961,52670700,0.0,0.0
2010-12-01 00:00:00-05:00,18.139999389648438,18.28333282470703,18.1299991607666,18.233333587646484,13.215761184692383,53648700,0.0,0.0
2010-12-02 00:00:00-05:00,18.23666763305664,18.299999237060547,18.126667022705078,18.25,13.22784423828125,47324700,0.0,0.0
2010-12-03 00:00:00-05:00,18.209999084472656,18.253332138061523,18.10333251953125,18.206666946411133,13.196429252624512,30290700,0.0,0.0
2010-12-06 00:00:00-05:00,18.293333053588867,18.31333351135254,18.156667709350586,18.163333892822266,13.16502857208252,25898700,0.0,0.0
2010-12-07 00:00:00-05:00,18.18000030517578,18.446666717529297,18.18000030517578,18.363332748413086,13.309988021850586,47679900,0.0,0.0
2010-12-08 00:00:00-05:00,18.286666870117188,18.316667556762695,18.149999618530273,18.163333892822266,13.237835884094238,37439100,0.101,0.0
2010-12-09 00:00:00-05:00,18.239999771118164,18.25666618347168,18.106666564941406,18.113332748413086,13.201393127441406,32198400,0.0,0.0
2010-12-10 00:00:00-05:00,18.10333251953125,18.133333206176758,18.046667098999023,18.093332290649414,13.186811447143555,36149700,0.0,0.0
2010-12-13 00:00:00-05:00,18.10333251953125,18.133333206176758,18.0,18.06999969482422,13.16981029510498,33975600,0.0,0.0
2010-12-14 00:00:00-05:00,18.03333282470703,18.19333267211914,18.00666618347168,18.149999618530273,13.228116989135742,32238600,0.0,0.0
2010-12-15 00:00:00-05:00,18.07666778564453,18.113332748413086,18.01333236694336,18.07666778564453,13.174666404724121,31650600,0.0,0.0
2010-12-16 00:00:00-05:00,18.030000686645508,18.209999084472656,18.0,18.209999084472656,13.271846771240234,37005900,0.0,0.0
2010-12-17 00:00:00-05:00,18.226667404174805,18.25,18.126667022705078,18.136667251586914,13.218399047851562,64686600,0.0,0.0
2010-12-20 00:00:00-05:00,18.18666648864746,18.18666648864746,17.8700008392334,17.92333221435547,13.06291389465332,40846800,0.0,0.0
2010-12-21 00:00:00-05:00,17.920000076293945,17.953332901000977,17.8799991607666,17.883333206176758,13.033761978149414,24875700,0.0,0.0
2010-12-22 00:00:00-05:00,17.863332748413086,17.883333206176758,17.719999313354492,17.770000457763672,12.95116138458252,34376400,0.0,0.0
2010-12-23 00:00:00-05:00,17.72333335876465,17.89666748046875,17.713333129882812,17.866666793823242,13.021614074707031,27185100,0.0,0.0
2010-12-27 00:00:00-05:00,17.85333251953125,17.90999984741211,17.74333381652832,17.856666564941406,13.014328956604004,17628600,0.0,0.0
2010-12-28 00:00:00-05:00,17.876667022705078,17.976667404174805,17.836666107177734,17.913333892822266,13.05562973022461,20367300,0.0,0.0
2010-12-29 00:00:00-05:00,17.856666564941406,18.086666107177734,17.856666564941406,18.02666664123535,13.138228416442871,22886100,0.0,0.0
2010-12-30 00:00:00-05:00,18.0,18.06333351135254,17.946666717529297,18.023332595825195,13.135799407958984,18911400,0.0,0.0
2010-12-31 00:00:00-05:00,17.989999771118164,18.083332061767578,17.93000030517578,17.976667404174805,13.101789474487305,21281700,0.0,0.0
2011-01-03 00:00:00-05:00,18.07666778564453,18.266666412353516,18.049999237060547,18.18666648864746,13.254841804504395,42894900,0.0,0.0
2011-01-04 00:00:00-05:00,18.203332901000977,18.293333053588867,18.093332290649414,18.25666618347168,13.305855751037598,36463200,0.0,0.0
2011-01-05 00:00:00-05:00,18.25,18.356666564941406,18.106666564941406,18.136667251586914,13.218399047851562,42646800,0.0,0.0
2011-01-06 00:00:00-05:00,18.10333251953125,18.126667022705078,17.926666259765625,17.98666763305664,13.109075546264648,46756500,0.0,0.0
2011-01-07 00:00:00-05:00,17.963333129882812,18.049999237060547,17.920000076293945,18.02666664123535,13.138228416442871,23905800,0.0,0.0
2011-01-10 00:00:00-05:00,17.883333206176758,18.036666870117188,17.84666633605957,17.90999984741211,13.053197860717773,31437900,0.0,0.0
2011-01-11 00:00:00-05:00,17.983333587646484,18.17333221435547,17.90999984741211,18.09666633605957,13.189241409301758,36070200,0.0,0.0
2011-01-12 00:00:00-05:00,18.17333221435547,18.440000534057617,18.113332748413086,18.28333282470703,13.325295448303223,40659900,0.0,0.0
2011-01-13 00:00:00-05:00,18.233333587646484,18.453332901000977,18.229999542236328,18.26333236694336,13.310714721679688,38596800,0.0,0.0
2011-01-14 00:00:00-05:00,18.24333381652832,18.329999923706055,18.139999389648438,18.270000457763672,13.315570831298828,27856800,0.0,0.0
2011-01-18 00:00:00-05:00,18.3700008392334,18.46666717529297,18.25,18.3799991607666,13.395740509033203,31602600,0.0,0.0
2011-01-19 00:00:00-05:00,18.34666633605957,18.383333206176758,18.23666763305664,18.343332290649414,13.369020462036133,29685000,0.0,0.0
2011-01-20 00:00:00-05:00,18.373332977294922,18.75666618347168,18.373332977294922,18.663333892822266,13.60224723815918,58837500,0.0,0.0
2011-01-21 00:00:00-05:00,18.71666717529297,18.746667861938477,18.459999084472656,18.57666778564453,13.539083480834961,38876400,0.0,0.0
2011-01-24 00:00:00-05:00,18.463333129882812,18.683332443237305,18.433332443237305,18.683332443237305,13.616823196411133,33222600,0.0,0.0
2011-01-25 00:00:00-05:00,18.706666946411133,19.09666633605957,18.600000381469727,19.086666107177734,13.91077995300293,61443300,0.0,0.0
2011-01-26 00:00:00-05:00,19.1299991607666,19.25,19.0,19.106666564941406,13.925354957580566,39633600,0.0,0.0
2011-01-27 00:00:00-05:00,19.15333366394043,19.26333236694336,19.00666618347168,19.190000534057617,13.986092567443848,30519600,0.0,0.0
2011-01-28 00:00:00-05:00,19.229999542236328,19.299999237060547,18.833332061767578,18.899999618530273,13.77472972869873,43794600,0.0,0.0
2011-01-31 00:00:00-05:00,18.816667556762695,18.85333251953125,18.566667556762695,18.690000534057617,13.621684074401855,47065500,0.0,0.0
2011-02-01 00:00:00-05:00,18.790000915527344,18.860000610351562,18.636667251586914,18.77666664123535,13.684843063354492,38554800,0.0,0.0
2011-02-02 00:00:00-05:00,18.719999313354492,18.726667404174805,18.549999237060547,18.6200008392334,13.570660591125488,42115800,0.0,0.0
2011-02-03 00:00:00-05:00,18.639999389648438,18.68000030517578,18.463333129882812,18.639999389648438,13.585236549377441,33850800,0.0,0.0
2011-02-04 00:00:00-05:00,18.68000030517578,18.700000762939453,18.55666732788086,18.676666259765625,13.611964225769043,21318000,0.0,0.0
2011-02-07 00:00:00-05:00,18.690000534057617,18.746667861938477,18.610000610351562,18.690000534057617,13.621684074401855,20162100,0.0,0.0
2011-02-08 00:00:00-05:00,18.700000762939453,18.823333740234375,18.649999618530273,18.793333053588867,13.696988105773926,26458200,0.0,0.0
2011-02-09 00:00:00-05:00,18.753332138061523,18.90999984741211,18.700000762939453,18.90999984741211,13.782023429870605,25743900,0.0,0.0
2011-02-10 00:00:00-05:00,18.71666717529297,18.719999313354492,18.433332443237305,18.530000686645508,13.505070686340332,47286000,0.0,0.0
2011-02-11 00:00:00-05:00,18.510000228881836,18.626667022705078,18.43666648864746,18.56333351135254,13.529363632202148,28747500,0.0,0.0
2011-02-14 00:00:00-05:00,18.420000076293945,18.43666648864746,18.22333335876465,18.266666412353516,13.313143730163574,48821700,0.0,0.0
2011-02-15 00:00:00-05:00,18.260000228881836,18.350000381469727,18.170000076293945,18.316667556762695,13.349588394165039,33992100,0.0,0.0
2011-02-16 00:00:00-05:00,18.299999237060547,18.399999618530273,18.143333435058594,18.183332443237305,13.252412796020508,46191300,0.0,0.0
2011-02-17 00:00:00-05:00,18.17333221435547,18.299999237060547,18.116666793823242,18.25,13.30100154876709,25617000,0.0,0.0
2011-02-18 00:00:00-05:00,18.226667404174805,18.523332595825195,18.166667938232422,18.459999084472656,13.45405387878418,59923800,0.0,0.0
2011-02-22 00:00:00-05:00,17.93666648864746,18.003332138061523,17.649999618530273,17.889999389648438,13.03862190246582,86089800,0.0,0.0
2011-02-23 00:00:00-05:00,17.81999969482422,17.866666793823242,17.633333206176758,17.676666259765625,12.883135795593262,60355800,0.0,0.0
2011-02-24 00:00:00-05:00,17.709999084472656,17.72333335876465,17.293333053588867,17.363332748413086,12.65477466583252,70616100,0.0,0.0
2011-02-25 00:00:00-05:00,17.363332748413086,17.389999389648438,17.17333221435547,17.25,12.572174072265625,60968400,0.0,0.0
2011-02-28 00:00:00-05:00,17.25,17.476667404174805,17.226667404174805,17.32666778564453,12.62805461883545,53704500,0.0,0.0
2011-03-01 00:00:00-05:00,17.386667251586914,17.53333282470703,17.316667556762695,17.356666564941406,12.649917602539062,52932000,0.0,0.0
2011-03-02 00:00:00-05:00,17.42333221435547,17.456666946411133,17.239999771118164,17.323333740234375,12.625621795654297,33432600,0.0,0.0
2011-03-03 00:00:00-05:00,17.39666748046875,17.42333221435547,17.233333587646484,17.336666107177734,12.63534164428711,37542000,0.0,0.0
2011-03-04 00:00:00-05:00,17.46666717529297,17.496667861938477,17.24333381652832,17.356666564941406,12.649917602539062,47178000,0.0,0.0
2011-03-07 00:00:00-05:00,17.420000076293945,17.43000030517578,17.25,17.34000015258789,12.637774467468262,39093600,0.0,0.0
2011-03-08 00:00:00-05:00,17.366666793823242,17.51333236694336,17.336666107177734,17.479999542236328,12.73980712890625,35746500,0.0,0.0
2011-03-09 00:00:00-05:00,17.42333221435547,17.613332748413086,17.406667709350586,17.55666732788086,12.885371208190918,34149000,0.121667,0.0
2011-03-10 00:00:00-05:00,17.450000762939453,17.959999084472656,17.420000076293945,17.549999237060547,12.880475997924805,54933900,0.0,0.0
2011-03-11 00:00:00-05:00,17.546667098999023,17.649999618530273,17.3799991607666,17.530000686645508,12.865796089172363,43617900,0.0,0.0
2011-03-14 00:00:00-04:00,17.450000762939453,17.50666618347168,17.35333251953125,17.440000534057617,12.799749374389648,30649200,0.0,0.0
2011-03-15 00:00:00-04:00,17.25666618347168,17.450000762939453,17.126667022705078,17.35333251953125,12.736132621765137,41569800,0.0,0.0
2011-03-16 00:00:00-04:00,17.17333221435547,17.290000915527344,16.989999771118164,17.126667022705078,12.56977653503418,49214400,0.0,0.0
2011-03-17 00:00:00-04:00,17.246667861938477,17.290000915527344,17.01333236694336,17.123332977294922,12.567329406738281,32648100,0.0,0.0
2011-03-18 00:00:00-04:00,17.209999084472656,17.296667098999023,17.083332061767578,17.17333221435547,12.60403060913086,35415600,0.0,0.0
2011-03-21 00:00:00-04:00,17.24333381652832,17.333332061767578,17.226667404174805,17.30666732788086,12.701885223388672,26150100,0.0,0.0
2011-03-22 00:00:00-04:00,17.323333740234375,17.3799991607666,17.26333236694336,17.333332061767578,12.721456527709961,25284000,0.0,0.0
2011-03-23 00:00:00-04:00,17.28333282470703,17.293333053588867,17.126667022705078,17.213333129882812,12.633382797241211,40587000,0.0,0.0
2011-03-24 00:00:00-04:00,17.27666664123535,17.649999618530273,17.25666618347168,17.530000686645508,12.865796089172363,45207900,0.0,0.0
2011-03-25 00:00:00-04:00,17.520000457763672,17.55666732788086,17.426666259765625,17.450000762939453,12.807082176208496,22837800,0.0,0.0
2011-03-28 00:00:00-04:00,17.43666648864746,17.5,17.336666107177734,17.39666748046875,12.767938613891602,25064100,0.0,0.0
2011-03-29 00:00:00-04:00,17.350000381469727,17.459999084472656,17.34666633605957,17.420000076293945,12.785064697265625,26129100,0.0,0.0
2011-03-30 00:00:00-04:00,17.510000228881836,17.579999923706055,17.360000610351562,17.453332901000977,12.809524536132812,25660200,0.0,0.0
2011-03-31 00:00:00-04:00,17.383333206176758,17.440000534057617,17.296667098999023,17.350000381469727,12.733688354492188,32699100,0.0,0.0
2011-04-01 00:00:00-04:00,17.416667938232422,17.453332901000977,17.30666732788086,17.376667022705078,12.753259658813477,23879700,0.0,0.0
2011-04-04 00:00:00-04:00,17.43666648864746,17.610000610351562,17.35333251953125,17.549999237060547,12.880475997924805,27660300,0.0,0.0
2011-04-05 00:00:00-04:00,17.566667556762695,17.729999542236328,17.55666732788086,17.579999923706055,12.902490615844727,26605200,0.0,0.0
2011-04-06 00:00:00-04:00,17.55666732788086,17.73666763305664,17.55666732788086,17.65999984741211,12.961203575134277,25095300,0.0,0.0
2011-04-07 00:00:00-04:00,17.616666793823242,17.746667861938477,17.583332061767578,17.666667938232422,12.966100692749023,36501300,0.0,0.0
2011-04-08 00:00:00-04:00,17.670000076293945,17.71666717529297,17.42333221435547,17.51333236694336,12.85356616973877,29199900,0.0,0.0
2011-04-11 00:00:00-04:00,17.51333236694336,17.639999389648438,17.46666717529297,17.606666564941406,12.922063827514648,22400100,0.0,0.0
2011-04-12 00:00:00-04:00,17.56333351135254,17.916667938232422,17.55666732788086,17.84000015258789,13.093317031860352,40248900,0.0,0.0
2011-04-13 00:00:00-04:00,17.906667709350586,17.98666763305664,17.833332061767578,17.876667022705078,13.120224952697754,25788900,0.0,0.0
2011-04-14 00:00:00-04:00,17.82666778564453,17.913333892822266,17.739999771118164,17.833332061767578,13.088424682617188,22244400,0.0,0.0
2011-04-15 00:00:00-04:00,17.850000381469727,17.89666748046875,17.766666412353516,17.850000381469727,13.10065746307373,26143800,0.0,0.0
2011-04-18 00:00:00-04:00,17.69333267211914,17.883333206176758,17.636667251586914,17.770000457763672,13.041939735412598,28522200,0.0,0.0
2011-04-19 00:00:00-04:00,17.753332138061523,17.823333740234375,17.700000762939453,17.78333282470703,13.051719665527344,18443400,0.0,0.0
2011-04-20 00:00:00-04:00,17.916667938232422,17.983333587646484,17.8799991607666,17.89666748046875,13.134904861450195,22202400,0.0,0.0
2011-04-21 00:00:00-04:00,17.940000534057617,17.976667404174805,17.80666732788086,17.860000610351562,13.107993125915527,17559900,0.0,0.0
2011-04-25 00:00:00-04:00,17.866666793823242,17.886667251586914,17.74333381652832,17.790000915527344,13.056617736816406,17441400,0.0,0.0
2011-04-26 00:00:00-04:00,17.796667098999023,18.07666778564453,17.760000228881836,17.969999313354492,13.188728332519531,35973600,0.0,0.0
2011-04-27 00:00:00-04:00,17.959999084472656,18.203332901000977,17.959999084472656,18.139999389648438,13.313498497009277,29148300,0.0,0.0
2011-04-28 00:00:00-04:00,18.09666633605957,18.266666412353516,18.093332290649414,18.229999542236328,13.379544258117676,29473800,0.0,0.0
2011-04-29 00:00:00-04:00,18.136667251586914,18.386667251586914,18.110000610351562,18.32666778564453,13.450493812561035,29445600,0.0,0.0
2011-05-02 00:00:00-04:00,18.360000610351562,18.360000610351562,18.22333335876465,18.34666633605957,13.46517562866211,24530100,0.0,0.0
2011-05-03 00:00:00-04:00,18.360000610351562,18.59000015258789,18.31999969482422,18.48666763305664,13.567926406860352,33367800,0.0,0.0
2011-05-04 00:00:00-04:00,18.43666648864746,18.59666633605957,18.399999618530273,18.456666946411133,13.545903205871582,24491400,0.0,0.0
2011-05-05 00:00:00-04:00,18.383333206176758,18.53333282470703,18.296667098999023,18.356666564941406,13.472516059875488,33390300,0.0,0.0
2011-05-06 00:00:00-04:00,18.433332443237305,18.516666412353516,18.286666870117188,18.34000015258789,13.460278511047363,24127800,0.0,0.0
2011-05-09 00:00:00-04:00,18.323333740234375,18.453332901000977,18.233333587646484,18.366666793823242,13.479846954345703,19639500,0.0,0.0
2011-05-10 00:00:00-04:00,18.383333206176758,18.53333282470703,18.366666793823242,18.510000228881836,13.585049629211426,26265300,0.0,0.0
2011-05-11 00:00:00-04:00,18.3700008392334,18.536666870117188,18.34666633605957,18.389999389648438,13.586280822753906,28266600,0.121667,0.0
2011-05-12 00:00:00-04:00,18.413333892822266,18.610000610351562,18.303333282470703,18.573333740234375,13.721721649169922,26850000,0.0,0.0
2011-05-13 00:00:00-04:00,18.59000015258789,18.676666259765625,18.446666717529297,18.573333740234375,13.721721649169922,26857500,0.0,0.0
2011-05-16 00:00:00-04:00,18.536666870117188,18.823333740234375,18.49333381652832,18.68666648864746,13.805459022521973,42520500,0.0,0.0
2011-05-17 00:00:00-04:00,18.520000457763672,18.76333236694336,18.413333892822266,18.51333236694336,13.677397727966309,43771500,0.0,0.0
2011-05-18 00:00:00-04:00,18.5,18.51333236694336,18.316667556762695,18.393333435058594,13.588743209838867,34248300,0.0,0.0
2011-05-19 00:00:00-04:00,18.40999984741211,18.53333282470703,18.34666633605957,18.49333381652832,13.662616729736328,23075400,0.0,0.0
2011-05-20 00:00:00-04:00,18.516666412353516,18.56333351135254,18.393333435058594,18.43000030517578,13.615829467773438,26396700,0.0,0.0
2011-05-23 00:00:00-04:00,18.329999923706055,18.5,18.329999923706055,18.406667709350586,13.598594665527344,22018200,0.0,0.0
2011-05-24 00:00:00-04:00,18.413333892822266,18.43666648864746,18.203332901000977,18.260000228881836,13.49023723602295,36721800,0.0,0.0
2011-05-25 00:00:00-04:00,18.209999084472656,18.233333587646484,18.066667556762695,18.18666648864746,13.436063766479492,30593400,0.0,0.0
2011-05-26 00:00:00-04:00,18.176666259765625,18.233333587646484,18.06333351135254,18.206666946411133,13.450831413269043,17315100,0.0,0.0
2011-05-27 00:00:00-04:00,18.25,18.363332748413086,18.206666946411133,18.233333587646484,13.470537185668945,15946500,0.0,0.0
2011-05-31 00:00:00-04:00,18.293333053588867,18.406667709350586,18.270000457763672,18.406667709350586,13.598594665527344,26703300,0.0,0.0
2011-06-01 00:00:00-04:00,18.32666778564453,18.389999389648438,18.083332061767578,18.100000381469727,13.372031211853027,33544800,0.0,0.0
2011-06-02 00:00:00-04:00,18.06999969482422,18.06999969482422,17.71666717529297,17.850000381469727,13.187336921691895,44354700,0.0,0.0
2011-06-03 00:00:00-04:00,17.71666717529297,17.950000762939453,17.68000030517578,17.886667251586914,13.214425086975098,39862200,0.0,0.0
2011-06-06 00:00:00-04:00,17.953332901000977,18.06333351135254,17.833332061767578,17.920000076293945,13.239051818847656,33726900,0.0,0.0
2011-06-07 00:00:00-04:00,17.979999542236328,18.100000381469727,17.92333221435547,17.94333267211914,13.256288528442383,29724900,0.0,0.0
2011-06-08 00:00:00-04:00,17.8700008392334,17.97333335876465,17.809999465942383,17.89666748046875,13.221811294555664,34981800,0.0,0.0
2011-06-09 00:00:00-04:00,17.90999984741211,18.07666778564453,17.8700008392334,17.873332977294922,13.204572677612305,34022400,0.0,0.0
2011-06-10 00:00:00-04:00,17.889999389648438,17.946666717529297,17.56333351135254,17.573333740234375,12.982940673828125,43756200,0.0,0.0
2011-06-13 00:00:00-04:00,17.636667251586914,17.75,17.52666664123535,17.540000915527344,12.958316802978516,37635300,0.0,0.0
2011-06-14 00:00:00-04:00,17.6200008392334,17.753332138061523,17.59000015258789,17.636667251586914,13.0297269821167,26392200,0.0,0.0
2011-06-15 00:00:00-04:00,17.546667098999023,17.546667098999023,17.26333236694336,17.440000534057617,12.884438514709473,45972000,0.0,0.0
2011-06-16 00:00:00-04:00,17.48666763305664,17.656667709350586,17.399999618530273,17.610000610351562,13.010025978088379,35231100,0.0,0.0
2011-06-17 00:00:00-04:00,17.68666648864746,17.76333236694336,17.606666564941406,17.606666564941406,13.007561683654785,61692900,0.0,0.0
2011-06-20 00:00:00-04:00,17.566667556762695,17.833332061767578,17.566667556762695,17.68000030517578,13.061742782592773,45594300,0.0,0.0
2011-06-21 00:00:00-04:00,17.700000762939453,17.76333236694336,17.583332061767578,17.76333236694336,13.123307228088379,32673000,0.0,0.0
2011-06-22 00:00:00-04:00,17.700000762939453,17.76333236694336,17.610000610351562,17.670000076293945,13.05435562133789,31747500,0.0,0.0
2011-06-23 00:00:00-04:00,17.786666870117188,17.899999618530273,17.55666732788086,17.76333236694336,13.123307228088379,54463200,0.0,0.0
2011-06-24 00:00:00-04:00,17.729999542236328,17.80666732788086,17.450000762939453,17.469999313354492,12.906595230102539,62301300,0.0,0.0
2011-06-27 00:00:00-04:00,17.440000534057617,17.586666107177734,17.42333221435547,17.43000030517578,12.877046585083008,30501000,0.0,0.0
2011-06-28 00:00:00-04:00,17.479999542236328,17.510000228881836,17.3799991607666,17.510000228881836,12.936151504516602,32963100,0.0,0.0
2011-06-29 00:00:00-04:00,17.540000915527344,17.59666633605957,17.476667404174805,17.546667098999023,12.963236808776855,26600400,0.0,0.0
2011-06-30 00:00:00-04:00,17.553333282470703,17.719999313354492,17.516666412353516,17.713333129882812,13.0863676071167,29952900,0.0,0.0
2011-07-01 00:00:00-04:00,17.729999542236328,17.883333206176758,17.666667938232422,17.836666107177734,13.177486419677734,28439400,0.0,0.0
2011-07-05 00:00:00-04:00,17.780000686645508,17.85333251953125,17.67333221435547,17.796667098999023,13.147936820983887,27637500,0.0,0.0
2011-07-06 00:00:00-04:00,17.809999465942383,17.983333587646484,17.809999465942383,17.906667709350586,13.229196548461914,24234600,0.0,0.0
2011-07-07 00:00:00-04:00,18.190000534057617,18.270000457763672,18.06333351135254,18.163333892822266,13.418824195861816,38460900,0.0,0.0
2011-07-08 00:00:00-04:00,18.083332061767578,18.106666564941406,17.92333221435547,18.02666664123535,13.317852020263672,27399900,0.0,0.0
2011-07-11 00:00:00-04:00,17.940000534057617,18.02666664123535,17.899999618530273,17.956666946411133,13.266138076782227,22645200,0.0,0.0
2011-07-12 00:00:00-04:00,17.953332901000977,18.139999389648438,17.920000076293945,17.979999542236328,13.283377647399902,28457100,0.0,0.0
2011-07-13 00:00:00-04:00,18.023332595825195,18.09000015258789,17.946666717529297,18.00666618347168,13.303078651428223,30460200,0.0,0.0
2011-07-14 00:00:00-04:00,17.84000015258789,17.899999618530273,17.793333053588867,17.876667022705078,13.207036018371582,46566300,0.0,0.0
2011-07-15 00:00:00-04:00,17.90999984741211,17.989999771118164,17.81999969482422,17.876667022705078,13.207036018371582,30550500,0.0,0.0
2011-07-18 00:00:00-04:00,17.803333282470703,17.84666633605957,17.726667404174805,17.773332595825195,13.130693435668945,24658200,0.0,0.0
2011-07-19 00:00:00-04:00,17.799999237060547,18.010000228881836,17.780000686645508,17.989999771118164,13.290765762329102,25756200,0.0,0.0
2011-07-20 00:00:00-04:00,17.969999313354492,17.989999771118164,17.866666793823242,17.963333129882812,13.271062850952148,26573700,0.0,0.0
2011-07-21 00:00:00-04:00,18.0,18.229999542236328,17.969999313354492,18.156667709350586,13.413893699645996,31831800,0.0,0.0
2011-07-22 00:00:00-04:00,18.19333267211914,18.239999771118164,18.083332061767578,18.17333221435547,13.426210403442383,20407500,0.0,0.0
2011-07-25 00:00:00-04:00,18.010000228881836,18.133333206176758,17.983333587646484,17.989999771118164,13.290765762329102,24532800,0.0,0.0
2011-07-26 00:00:00-04:00,18.010000228881836,18.030000686645508,17.836666107177734,17.863332748413086,13.197184562683105,32794200,0.0,0.0
2011-07-27 00:00:00-04:00,17.81333351135254,17.916667938232422,17.72333335876465,17.75,13.113459587097168,36600300,0.0,0.0
2011-07-28 00:00:00-04:00,17.770000457763672,17.850000381469727,17.656667709350586,17.663333892822266,13.049424171447754,26725800,0.0,0.0
2011-07-29 00:00:00-04:00,17.593332290649414,17.71666717529297,17.55666732788086,17.56999969482422,12.980475425720215,39579600,0.0,0.0
2011-08-01 00:00:00-04:00,17.59666633605957,17.663333892822266,17.356666564941406,17.540000915527344,12.958316802978516,32064000,0.0,0.0
2011-08-02 00:00:00-04:00,17.413333892822266,17.516666412353516,17.22333335876465,17.226667404174805,12.726823806762695,45718800,0.0,0.0
2011-08-03 00:00:00-04:00,17.253332138061523,17.350000381469727,17.003332138061523,17.093332290649414,12.628315925598145,64366200,0.0,0.0
2011-08-04 00:00:00-04:00,16.996667861938477,16.996667861938477,16.690000534057617,16.700000762939453,12.33773136138916,78213600,0.0,0.0
2011-08-05 00:00:00-04:00,16.863332748413086,16.97333335876465,16.530000686645508,16.950000762939453,12.522425651550293,81896700,0.0,0.0
2011-08-08 00:00:00-04:00,16.933332443237305,17.110000610351562,16.25666618347168,16.30666732788086,12.047142028808594,99128700,0.0,0.0
2011-08-09 00:00:00-04:00,16.446666717529297,16.969999313354492,16.22333335876465,16.940000534057617,12.515039443969727,71966700,0.0,0.0
2011-08-10 00:00:00-04:00,16.67333221435547,16.68666648864746,16.10333251953125,16.136667251586914,12.007794380187988,81008700,0.121667,0.0
2011-08-11 00:00:00-04:00,16.28333282470703,16.799999237060547,16.28333282470703,16.57666778564453,12.335208892822266,64798500,0.0,0.0
2011-08-12 00:00:00-04:00,16.700000762939453,16.770000457763672,16.426666259765625,16.583332061767578,12.340169906616211,45481200,0.0,0.0
2011-08-15 00:00:00-04:00,16.626667022705078,16.69333267211914,16.43000030517578,16.65999984741211,12.39721965789795,44489100,0.0,0.0
2011-08-16 00:00:00-04:00,17.14666748046875,17.49333381652832,17.040000915527344,17.30666732788086,12.878422737121582,76786500,0.0,0.0
2011-08-17 00:00:00-04:00,17.239999771118164,17.393333435058594,17.053333282470703,17.183332443237305,12.78664493560791,46540200,0.0,0.0
2011-08-18 00:00:00-04:00,16.836666107177734,17.316667556762695,16.770000457763672,17.26333236694336,12.846177101135254,75137100,0.0,0.0
2011-08-19 00:00:00-04:00,17.163333892822266,17.579999923706055,17.15999984741211,17.433332443237305,12.972678184509277,69107100,0.0,0.0
2011-08-22 00:00:00-04:00,17.413333892822266,17.546667098999023,17.360000610351562,17.39666748046875,12.945394515991211,41313900,0.0,0.0
2011-08-23 00:00:00-04:00,17.386667251586914,17.73666763305664,17.376667022705078,17.73666763305664,13.19840145111084,51510000,0.0,0.0
2011-08-24 00:00:00-04:00,17.67333221435547,17.80666732788086,17.60333251953125,17.790000915527344,13.238085746765137,34187100,0.0,0.0
2011-08-25 00:00:00-04:00,17.793333053588867,17.829999923706055,17.516666412353516,17.566667556762695,13.071895599365234,32912400,0.0,0.0
2011-08-26 00:00:00-04:00,17.59666633605957,17.746667861938477,17.316667556762695,17.633333206176758,13.121506690979004,31380600,0.0,0.0
2011-08-29 00:00:00-04:00,17.703332901000977,17.81333351135254,17.666667938232422,17.729999542236328,13.193441390991211,25431000,0.0,0.0
2011-08-30 00:00:00-04:00,17.6200008392334,17.709999084472656,17.469999313354492,17.606666564941406,13.10166072845459,40452600,0.0,0.0
2011-08-31 00:00:00-04:00,17.666667938232422,17.793333053588867,17.6200008392334,17.729999542236328,13.193441390991211,39690600,0.0,0.0
2011-09-01 00:00:00-04:00,17.733333587646484,17.850000381469727,17.549999237060547,17.549999237060547,13.059496879577637,37477800,0.0,0.0
2011-09-02 00:00:00-04:00,17.416667938232422,17.546667098999023,17.323333740234375,17.343332290649414,12.905709266662598,32428500,0.0,0.0
2011-09-06 00:00:00-04:00,17.15999984741211,17.26333236694336,16.956666946411133,17.226667404174805,12.818890571594238,51343200,0.0,0.0
2011-09-07 00:00:00-04:00,17.350000381469727,17.520000457763672,17.28333282470703,17.47333335876465,13.002449035644531,31210500,0.0,0.0
2011-09-08 00:00:00-04:00,17.360000610351562,17.583332061767578,17.35333251953125,17.40333366394043,12.950356483459473,34807500,0.0,0.0
2011-09-09 00:00:00-04:00,17.299999237060547,17.393333435058594,17.066667556762695,17.1200008392334,12.739519119262695,36083400,0.0,0.0
2011-09-12 00:00:00-04:00,16.950000762939453,17.27666664123535,16.940000534057617,17.273332595825195,12.853617668151855,33687900,0.0,0.0
2011-09-13 00:00:00-04:00,17.26333236694336,17.266666412353516,17.073333740234375,17.196666717529297,12.7965726852417,32312400,0.0,0.0
2011-09-14 00:00:00-04:00,17.23666763305664,17.59666633605957,17.19333267211914,17.399999618530273,12.947879791259766,37522800,0.0,0.0
2011-09-15 00:00:00-04:00,17.406667709350586,17.503332138061523,17.31333351135254,17.503332138061523,13.024768829345703,32997600,0.0,0.0
2011-09-16 00:00:00-04:00,17.583332061767578,17.71666717529297,17.516666412353516,17.549999237060547,13.059496879577637,107053800,0.0,0.0
2011-09-19 00:00:00-04:00,17.393333435058594,17.540000915527344,17.34666633605957,17.483333587646484,13.009888648986816,27086700,0.0,0.0
2011-09-20 00:00:00-04:00,17.479999542236328,17.639999389648438,17.389999389648438,17.43000030517578,12.97020435333252,25263600,0.0,0.0
2011-09-21 00:00:00-04:00,17.453332901000977,17.530000686645508,17.09666633605957,17.106666564941406,12.729595184326172,31421700,0.0,0.0
2011-09-22 00:00:00-04:00,16.883333206176758,17.07666778564453,16.64666748046875,16.760000228881836,12.471631050109863,63960900,0.0,0.0
2011-09-23 00:00:00-04:00,16.726667404174805,16.98666763305664,16.676666259765625,16.933332443237305,12.600613594055176,38109000,0.0,0.0
2011-09-26 00:00:00-04:00,16.979999542236328,17.28333282470703,16.933332443237305,17.27666664123535,12.856099128723145,34081800,0.0,0.0
2011-09-27 00:00:00-04:00,17.453332901000977,17.6200008392334,17.266666412353516,17.343332290649414,12.905709266662598,34477500,0.0,0.0
2011-09-28 00:00:00-04:00,17.373332977294922,17.47333335876465,17.09666633605957,17.10333251953125,12.727118492126465,34380600,0.0,0.0
2011-09-29 00:00:00-04:00,17.270000457763672,17.46666717529297,17.106666564941406,17.309999465942383,12.880905151367188,31033200,0.0,0.0
2011-09-30 00:00:00-04:00,17.28333282470703,17.530000686645508,17.23666763305664,17.299999237060547,12.87346076965332,40857900,0.0,0.0
2011-10-03 00:00:00-04:00,17.293333053588867,17.639999389648438,17.28333282470703,17.31999969482422,12.888340950012207,46500600,0.0,0.0
2011-10-04 00:00:00-04:00,17.246667861938477,17.65999984741211,17.209999084472656,17.626667022705078,13.116546630859375,56092500,0.0,0.0
2011-10-05 00:00:00-04:00,17.566667556762695,17.75,17.376667022705078,17.549999237060547,13.059496879577637,40813500,0.0,0.0
2011-10-06 00:00:00-04:00,17.579999923706055,17.633333206176758,17.44333267211914,17.583332061767578,13.08430004119873,30063600,0.0,0.0
2011-10-07 00:00:00-04:00,17.69333267211914,18.010000228881836,17.633333206176758,17.899999618530273,13.319941520690918,41738700,0.0,0.0
2011-10-10 00:00:00-04:00,18.06333351135254,18.393333435058594,18.06333351135254,18.270000457763672,13.595269203186035,36565200,0.0,0.0
2011-10-11 00:00:00-04:00,18.260000228881836,18.26333236694336,18.1299991607666,18.239999771118164,13.572948455810547,30640500,0.0,0.0
2011-10-12 00:00:00-04:00,18.350000381469727,18.796667098999023,18.333332061767578,18.399999618530273,13.692002296447754,66291900,0.0,0.0
2011-10-13 00:00:00-04:00,18.34666633605957,18.43666648864746,18.239999771118164,18.34000015258789,13.647355079650879,31503300,0.0,0.0
2011-10-14 00:00:00-04:00,18.426666259765625,18.489999771118164,18.209999084472656,18.48666763305664,13.756502151489258,32118000,0.0,0.0
2011-10-17 00:00:00-04:00,18.26333236694336,18.48666763305664,18.15999984741211,18.260000228881836,13.5878267288208,26910600,0.0,0.0
2011-10-18 00:00:00-04:00,18.31333351135254,18.729999542236328,18.270000457763672,18.6299991607666,13.8631591796875,42211200,0.0,0.0
2011-10-19 00:00:00-04:00,18.56999969482422,18.809999465942383,18.566667556762695,18.75,13.952452659606934,38955600,0.0,0.0
2011-10-20 00:00:00-04:00,18.733333587646484,18.959999084472656,18.683332443237305,18.790000915527344,13.982221603393555,37937400,0.0,0.0
2011-10-21 00:00:00-04:00,18.913333892822266,19.139999389648438,18.883333206176758,18.97333335876465,14.118639945983887,43495800,0.0,0.0
2011-10-24 00:00:00-04:00,18.959999084472656,19.0,18.866666793823242,18.926666259765625,14.083913803100586,27838500,0.0,0.0
2011-10-25 00:00:00-04:00,18.886667251586914,19.049999237060547,18.850000381469727,18.90333366394043,14.06655502319336,30312900,0.0,0.0
2011-10-26 00:00:00-04:00,19.03333282470703,19.14666748046875,18.866666793823242,19.123332977294922,14.23026180267334,38174100,0.0,0.0
2011-10-27 00:00:00-04:00,19.266666412353516,19.31999969482422,19.149999618530273,19.270000457763672,14.339399337768555,45976500,0.0,0.0
2011-10-28 00:00:00-04:00,19.28333282470703,19.290000915527344,18.98666763305664,19.049999237060547,14.175690650939941,33878400,0.0,0.0
2011-10-31 00:00:00-04:00,18.860000610351562,19.09666633605957,18.860000610351562,18.906667709350586,14.069032669067383,28442700,0.0,0.0
2011-11-01 00:00:00-04:00,18.606666564941406,18.913333892822266,18.559999465942383,18.74333381652832,13.947494506835938,41364300,0.0,0.0
2011-11-02 00:00:00-04:00,18.92333221435547,19.06333351135254,18.84666633605957,18.953332901000977,14.103755950927734,26760900,0.0,0.0
2011-11-03 00:00:00-04:00,19.016666412353516,19.176666259765625,18.866666793823242,19.139999389648438,14.242661476135254,28726800,0.0,0.0
2011-11-04 00:00:00-04:00,19.02666664123535,19.166667938232422,18.96666717529297,19.166667938232422,14.2625093460083,21018300,0.0,0.0
2011-11-07 00:00:00-05:00,19.113332748413086,19.31999969482422,19.016666412353516,19.31333351135254,14.371646881103516,25560300,0.0,0.0
2011-11-08 00:00:00-05:00,19.34000015258789,19.799999237060547,19.28333282470703,19.773332595825195,14.713942527770996,60312900,0.0,0.0
2011-11-09 00:00:00-05:00,19.510000228881836,19.643333435058594,19.200000762939453,19.350000381469727,14.39893627166748,41840400,0.0,0.0
2011-11-10 00:00:00-05:00,19.44333267211914,19.496667861938477,19.170000076293945,19.376667022705078,14.418773651123047,28230000,0.0,0.0
2011-11-11 00:00:00-05:00,19.503332138061523,19.75,19.459999084472656,19.733333587646484,14.684179306030273,25193700,0.0,0.0
2011-11-14 00:00:00-05:00,19.60333251953125,19.65999984741211,19.453332901000977,19.6299991607666,14.607283592224121,31656300,0.0,0.0
2011-11-15 00:00:00-05:00,19.323333740234375,19.350000381469727,19.07666778564453,19.15333366394043,14.25258731842041,48017700,0.0,0.0
2011-11-16 00:00:00-05:00,19.03333282470703,19.139999389648438,18.8799991607666,18.893333435058594,14.059109687805176,35342400,0.0,0.0
2011-11-17 00:00:00-05:00,18.84666633605957,19.06333351135254,18.753332138061523,18.90999984741211,14.071516990661621,30671400,0.0,0.0
2011-11-18 00:00:00-05:00,19.010000228881836,19.1200008392334,18.8700008392334,19.07666778564453,14.195539474487305,26946900,0.0,0.0
2011-11-21 00:00:00-05:00,18.976667404174805,19.09666633605957,18.793333053588867,18.886667251586914,14.054145812988281,29796600,0.0,0.0
2011-11-22 00:00:00-05:00,18.85333251953125,19.043333053588867,18.833332061767578,18.950000762939453,14.101271629333496,22491900,0.0,0.0
2011-11-23 00:00:00-05:00,18.883333206176758,19.0,18.773332595825195,18.8799991607666,14.049185752868652,24781200,0.0,0.0
2011-11-25 00:00:00-05:00,18.89666748046875,19.110000610351562,18.89666748046875,18.963333129882812,14.1112060546875,12776400,0.0,0.0
2011-11-28 00:00:00-05:00,19.176666259765625,19.333332061767578,19.0,19.083332061767578,14.200493812561035,27864300,0.0,0.0
2011-11-29 00:00:00-05:00,19.113332748413086,19.433332443237305,19.113332748413086,19.389999389648438,14.428691864013672,32451600,0.0,0.0
2011-11-30 00:00:00-05:00,19.586666107177734,19.666667938232422,19.43666648864746,19.633333206176758,14.609770774841309,44535600,0.0,0.0
2011-12-01 00:00:00-05:00,19.546667098999023,19.71666717529297,19.48666763305664,19.536666870117188,14.537839889526367,26361900,0.0,0.0
2011-12-02 00:00:00-05:00,19.626667022705078,19.656667709350586,19.34666633605957,19.363332748413086,14.408851623535156,33597300,0.0,0.0
2011-12-05 00:00:00-05:00,19.420000076293945,19.503332138061523,19.333332061767578,19.446666717529297,14.470864295959473,31545600,0.0,0.0
2011-12-06 00:00:00-05:00,19.523332595825195,19.670000076293945,19.46666717529297,19.593332290649414,14.580000877380371,34204800,0.0,0.0
2011-12-07 00:00:00-05:00,19.450000762939453,19.733333587646484,19.420000076293945,19.503332138061523,14.603714942932129,47263800,0.121667,0.0
2011-12-08 00:00:00-05:00,19.463333129882812,19.516666412353516,19.290000915527344,19.32666778564453,14.471430778503418,31050900,0.0,0.0
2011-12-09 00:00:00-05:00,19.386667251586914,19.496667861938477,19.156667709350586,19.440000534057617,14.556292533874512,30176700,0.0,0.0
2011-12-12 00:00:00-05:00,19.290000915527344,19.479999542236328,19.253332138061523,19.363332748413086,14.498884201049805,30111300,0.0,0.0
2011-12-13 00:00:00-05:00,19.376667022705078,19.450000762939453,19.139999389648438,19.200000762939453,14.376583099365234,32916300,0.0,0.0
2011-12-14 00:00:00-05:00,19.239999771118164,19.373332977294922,19.17333221435547,19.21666717529297,14.389056205749512,26952600,0.0,0.0
2011-12-15 00:00:00-05:00,19.27666664123535,19.46666717529297,19.27666664123535,19.316667556762695,14.463939666748047,25672200,0.0,0.0
2011-12-16 00:00:00-05:00,19.433332443237305,19.496667861938477,19.363332748413086,19.42333221435547,14.54380989074707,44741700,0.0,0.0
2011-12-19 00:00:00-05:00,19.433332443237305,19.523332595825195,19.203332901000977,19.260000228881836,14.4215087890625,21706200,0.0,0.0
2011-12-20 00:00:00-05:00,19.456666946411133,19.75666618347168,19.413333892822266,19.729999542236328,14.7734375,33202200,0.0,0.0
2011-12-21 00:00:00-05:00,19.729999542236328,19.886667251586914,19.719999313354492,19.796667098999023,14.823351860046387,25723500,0.0,0.0
2011-12-22 00:00:00-05:00,19.803333282470703,19.84666633605957,19.683332443237305,19.729999542236328,14.7734375,23705100,0.0,0.0
2011-12-23 00:00:00-05:00,19.773332595825195,20.0,19.713333129882812,19.996667861938477,14.97311019897461,18571800,0.0,0.0
2011-12-27 00:00:00-05:00,19.983333587646484,19.99333381652832,19.886667251586914,19.94333267211914,14.93317699432373,14599200,0.0,0.0
2011-12-28 00:00:00-05:00,19.92333221435547,19.979999542236328,19.876667022705078,19.90999984741211,14.908226013183594,15725100,0.0,0.0
2011-12-29 00:00:00-05:00,19.906667709350586,19.996667861938477,19.780000686645508,19.996667861938477,14.97311019897461,18996600,0.0,0.0
2011-12-30 00:00:00-05:00,19.963333129882812,19.979999542236328,19.89666748046875,19.920000076293945,14.915709495544434,13995900,0.0,0.0
2012-01-03 00:00:00-05:00,19.989999771118164,20.35333251953125,19.956666946411133,20.110000610351562,15.057971954345703,38006400,0.0,0.0
2012-01-04 00:00:00-05:00,20.06999969482422,20.116666793823242,19.823333740234375,19.90333366394043,14.903223991394043,28779900,0.0,0.0
2012-01-05 00:00:00-05:00,19.78333282470703,19.873332977294922,19.456666946411133,19.80666732788086,14.83084487915039,38304600,0.0,0.0
2012-01-06 00:00:00-05:00,19.80666732788086,19.816667556762695,19.623332977294922,19.666667938232422,14.7260160446167,24208200,0.0,0.0
2012-01-09 00:00:00-05:00,19.676666259765625,19.850000381469727,19.639999389648438,19.726667404174805,14.770941734313965,20037900,0.0,0.0
2012-01-10 00:00:00-05:00,19.809999465942383,19.90333366394043,19.65999984741211,19.68000030517578,14.73599624633789,20721900,0.0,0.0
2012-01-11 00:00:00-05:00,19.68666648864746,19.843332290649414,19.68000030517578,19.799999237060547,14.825852394104004,19096800,0.0,0.0
2012-01-12 00:00:00-05:00,19.93000030517578,20.0,19.799999237060547,19.833332061767578,14.850811004638672,21709200,0.0,0.0
2012-01-13 00:00:00-05:00,19.726667404174805,19.8700008392334,19.670000076293945,19.84666633605957,14.860796928405762,23187900,0.0,0.0
2012-01-17 00:00:00-05:00,19.956666946411133,20.036666870117188,19.84000015258789,19.950000762939453,14.938167572021484,25500000,0.0,0.0
2012-01-18 00:00:00-05:00,19.93000030517578,20.010000228881836,19.883333206176758,20.003332138061523,14.978104591369629,17734200,0.0,0.0
2012-01-19 00:00:00-05:00,19.976667404174805,20.24333381652832,19.916667938232422,20.203332901000977,15.12785530090332,27703800,0.0,0.0
2012-01-20 00:00:00-05:00,20.25,20.416667938232422,20.22333335876465,20.336666107177734,15.227697372436523,31136400,0.0,0.0
2012-01-23 00:00:00-05:00,20.270000457763672,20.32666778564453,20.170000076293945,20.303333282470703,15.202746391296387,21402300,0.0,0.0
2012-01-24 00:00:00-05:00,20.25,20.666667938232422,20.25,20.463333129882812,15.32254695892334,22088400,0.0,0.0
2012-01-25 00:00:00-05:00,20.393333435058594,20.536666870117188,20.34666633605957,20.489999771118164,15.342512130737305,17747400,0.0,0.0
2012-01-26 00:00:00-05:00,20.600000381469727,20.613332748413086,20.25666618347168,20.323333740234375,15.217713356018066,22308600,0.0,0.0
2012-01-27 00:00:00-05:00,20.286666870117188,20.373332977294922,20.18000030517578,20.23666763305664,15.152825355529785,18861900,0.0,0.0
2012-01-30 00:00:00-05:00,20.156667709350586,20.440000534057617,20.116666793823242,20.433332443237305,15.300081253051758,22910700,0.0,0.0
2012-01-31 00:00:00-05:00,20.510000228881836,20.523332595825195,20.19333267211914,20.453332901000977,15.315059661865234,29284500,0.0,0.0
2012-02-01 00:00:00-05:00,20.59666633605957,20.876667022705078,20.59666633605957,20.726667404174805,15.51972484588623,36391800,0.0,0.0
2012-02-02 00:00:00-05:00,20.799999237060547,20.823333740234375,20.606666564941406,20.64666748046875,15.459823608398438,18633900,0.0,0.0
2012-02-03 00:00:00-05:00,20.773332595825195,20.809999465942383,20.566667556762695,20.676666259765625,15.482282638549805,23181600,0.0,0.0
2012-02-06 00:00:00-05:00,20.616666793823242,20.65999984741211,20.566667556762695,20.626667022705078,15.444838523864746,16441800,0.0,0.0
2012-02-07 00:00:00-05:00,20.540000915527344,20.633333206176758,20.540000915527344,20.56333351135254,15.397422790527344,18253200,0.0,0.0
2012-02-08 00:00:00-05:00,20.636667251586914,20.67333221435547,20.40999984741211,20.540000915527344,15.379945755004883,21780000,0.0,0.0
2012-02-09 00:00:00-05:00,20.52666664123535,20.719999313354492,20.52666664123535,20.65333366394043,15.46480941772461,19359300,0.0,0.0
2012-02-10 00:00:00-05:00,20.559999465942383,20.636667251586914,20.459999084472656,20.633333206176758,15.449843406677246,16503000,0.0,0.0
2012-02-13 00:00:00-05:00,20.670000076293945,20.69333267211914,20.57666778564453,20.59666633605957,15.422382354736328,12525000,0.0,0.0
2012-02-14 00:00:00-05:00,20.636667251586914,20.746667861938477,20.59666633605957,20.739999771118164,15.529706954956055,15519300,0.0,0.0
2012-02-15 00:00:00-05:00,20.773332595825195,20.81333351135254,20.530000686645508,20.586666107177734,15.414894104003906,17501100,0.0,0.0
2012-02-16 00:00:00-05:00,20.59000015258789,20.729999542236328,20.566667556762695,20.68000030517578,15.484777450561523,21769200,0.0,0.0
2012-02-17 00:00:00-05:00,20.773332595825195,20.856666564941406,20.636667251586914,20.82666778564453,15.594598770141602,24575400,0.0,0.0
2012-02-21 00:00:00-05:00,20.110000610351562,20.166667938232422,19.889999389648438,20.023332595825195,14.993081092834473,71684400,0.0,0.0
2012-02-22 00:00:00-05:00,19.860000610351562,19.96666717529297,19.456666946411133,19.53333282470703,14.626178741455078,85890600,0.0,0.0
2012-02-23 00:00:00-05:00,19.530000686645508,19.633333206176758,19.40333366394043,19.51333236694336,14.611200332641602,44640900,0.0,0.0
2012-02-24 00:00:00-05:00,19.583332061767578,19.649999618530273,19.5,19.59666633605957,14.673595428466797,29777700,0.0,0.0
2012-02-27 00:00:00-05:00,19.566667556762695,19.593332290649414,19.43000030517578,19.48666763305664,14.591236114501953,36776400,0.0,0.0
2012-02-28 00:00:00-05:00,19.479999542236328,19.700000762939453,19.450000762939453,19.643333435058594,14.708537101745605,32285700,0.0,0.0
2012-02-29 00:00:00-05:00,19.613332748413086,19.77666664123535,19.573333740234375,19.69333267211914,14.74598217010498,34453200,0.0,0.0
2012-03-01 00:00:00-05:00,19.786666870117188,19.80666732788086,19.546667098999023,19.606666564941406,14.681086540222168,48851700,0.0,0.0
2012-03-02 00:00:00-05:00,19.663333892822266,19.760000228881836,19.600000381469727,19.670000076293945,14.728507995605469,29544300,0.0,0.0
2012-03-05 00:00:00-05:00,19.65333366394043,19.863332748413086,19.583332061767578,19.799999237060547,14.825852394104004,28953000,0.0,0.0
2012-03-06 00:00:00-05:00,19.68000030517578,19.739999771118164,19.583332061767578,19.656667709350586,14.718526840209961,27171300,0.0,0.0
2012-03-07 00:00:00-05:00,19.703332901000977,19.953332901000977,19.703332901000977,19.953332901000977,14.940661430358887,44750700,0.0,0.0
2012-03-08 00:00:00-05:00,19.946666717529297,19.983333587646484,19.816667556762695,19.92333221435547,15.018054008483887,23386800,0.132667,0.0
2012-03-09 00:00:00-05:00,19.94333267211914,20.066667556762695,19.94333267211914,20.02666664123535,15.095952987670898,18878700,0.0,0.0
2012-03-12 00:00:00-04:00,20.05666732788086,20.299999237060547,20.030000686645508,20.226667404174805,15.246707916259766,22730400,0.0,0.0
2012-03-13 00:00:00-04:00,20.309999465942383,20.360000610351562,20.17333221435547,20.333332061767578,15.327108383178711,26203800,0.0,0.0
2012-03-14 00:00:00-04:00,20.280000686645508,20.383333206176758,20.229999542236328,20.360000610351562,15.347211837768555,19125000,0.0,0.0
2012-03-15 00:00:00-04:00,20.296667098999023,20.420000076293945,20.260000228881836,20.40999984741211,15.384903907775879,20265000,0.0,0.0
2012-03-16 00:00:00-04:00,20.469999313354492,20.489999771118164,20.25666618347168,20.280000686645508,15.286907196044922,36231300,0.0,0.0
2012-03-19 00:00:00-04:00,20.19333267211914,20.293333053588867,20.15333366394043,20.246667861938477,15.2617769241333,24755700,0.0,0.0
2012-03-20 00:00:00-04:00,20.110000610351562,20.286666870117188,20.09666633605957,20.200000762939453,15.226606369018555,23734500,0.0,0.0
2012-03-21 00:00:00-04:00,20.149999618530273,20.239999771118164,20.123332977294922,20.18666648864746,15.216552734375,21908400,0.0,0.0
2012-03-22 00:00:00-04:00,20.07666778564453,20.25666618347168,20.07666778564453,20.21666717529297,15.23916244506836,17132400,0.0,0.0
2012-03-23 00:00:00-04:00,20.203332901000977,20.28333282470703,20.136667251586914,20.25,15.264289855957031,20873100,0.0,0.0
2012-03-26 00:00:00-04:00,20.299999237060547,20.440000534057617,20.253332138061523,20.399999618530273,15.377363204956055,18644400,0.0,0.0
2012-03-27 00:00:00-04:00,20.450000762939453,20.5,20.34000015258789,20.363332748413086,15.349721908569336,22054800,0.0,0.0
2012-03-28 00:00:00-04:00,20.383333206176758,20.49333381652832,20.32666778564453,20.39666748046875,15.374850273132324,21372000,0.0,0.0
2012-03-29 00:00:00-04:00,20.25666618347168,20.316667556762695,20.206666946411133,20.273332595825195,15.281875610351562,20075100,0.0,0.0
2012-03-30 00:00:00-04:00,20.356666564941406,20.47333335876465,20.30666732788086,20.399999618530273,15.377363204956055,20824200,0.0,0.0
2012-04-02 00:00:00-04:00,20.360000610351562,20.496667861938477,20.323333740234375,20.453332901000977,15.417570114135742,19397700,0.0,0.0
2012-04-03 00:00:00-04:00,20.3799991607666,20.469999313354492,20.079999923706055,20.21666717529297,15.23916244506836,33540300,0.0,0.0
2012-04-04 00:00:00-04:00,20.176666259765625,20.196666717529297,20.00666618347168,20.086666107177734,15.141176223754883,32555100,0.0,0.0
2012-04-05 00:00:00-04:00,20.066667556762695,20.229999542236328,20.023332595825195,20.22333335876465,15.244184494018555,19586100,0.0,0.0
2012-04-09 00:00:00-04:00,20.073333740234375,20.113332748413086,20.02666664123535,20.043333053588867,15.108506202697754,20495100,0.0,0.0
2012-04-10 00:00:00-04:00,20.010000228881836,20.1299991607666,19.850000381469727,19.976667404174805,15.05825424194336,28659300,0.0,0.0
2012-04-11 00:00:00-04:00,20.09666633605957,20.09666633605957,19.886667251586914,19.933332443237305,15.025591850280762,23243100,0.0,0.0
2012-04-12 00:00:00-04:00,19.933332443237305,20.066667556762695,19.85333251953125,20.046667098999023,15.111019134521484,22103100,0.0,0.0
2012-04-13 00:00:00-04:00,20.0,20.06999969482422,19.916667938232422,19.92333221435547,15.018054008483887,20077800,0.0,0.0
2012-04-16 00:00:00-04:00,19.979999542236328,20.270000457763672,19.956666946411133,20.19333267211914,15.221577644348145,20533800,0.0,0.0
2012-04-17 00:00:00-04:00,20.3700008392334,20.649999618530273,20.363332748413086,20.623332977294922,15.5457124710083,32029200,0.0,0.0
2012-04-18 00:00:00-04:00,20.516666412353516,20.75,20.516666412353516,20.68666648864746,15.593451499938965,23871900,0.0,0.0
2012-04-19 00:00:00-04:00,20.65333366394043,20.683332443237305,20.489999771118164,20.583332061767578,15.515556335449219,19138800,0.0,0.0
2012-04-20 00:00:00-04:00,20.566667556762695,20.829999923706055,20.553333282470703,20.816667556762695,15.691439628601074,26993100,0.0,0.0
2012-04-23 00:00:00-04:00,19.71666717529297,20.079999923706055,19.709999084472656,19.84666633605957,14.960267066955566,114021900,0.0,0.0
2012-04-24 00:00:00-04:00,19.753332138061523,19.78333282470703,19.21666717529297,19.25666618347168,14.515523910522461,90271800,0.0,0.0
2012-04-25 00:00:00-04:00,19.303333282470703,19.476667404174805,19.059999465942383,19.1200008392334,14.412508964538574,84035400,0.0,0.0
2012-04-26 00:00:00-04:00,19.196666717529297,19.809999465942383,19.190000534057617,19.649999618530273,14.812020301818848,75278700,0.0,0.0
2012-04-27 00:00:00-04:00,19.726667404174805,19.81999969482422,19.64666748046875,19.676666259765625,14.832120895385742,27083700,0.0,0.0
2012-04-30 00:00:00-04:00,19.606666564941406,19.663333892822266,19.510000228881836,19.636667251586914,14.801970481872559,22447800,0.0,0.0
2012-05-01 00:00:00-04:00,19.649999618530273,19.75666618347168,19.49333381652832,19.690000534057617,14.842169761657715,29747100,0.0,0.0
2012-05-02 00:00:00-04:00,19.65333366394043,19.773332595825195,19.606666564941406,19.670000076293945,14.827092170715332,22043100,0.0,0.0
2012-05-03 00:00:00-04:00,19.733333587646484,19.733333587646484,19.60333251953125,19.663333892822266,14.822073936462402,20675700,0.0,0.0
2012-05-04 00:00:00-04:00,19.6200008392334,19.726667404174805,19.559999465942383,19.566667556762695,14.749199867248535,20833500,0.0,0.0
2012-05-07 00:00:00-04:00,19.516666412353516,19.786666870117188,19.516666412353516,19.729999542236328,14.872322082519531,25974600,0.0,0.0
2012-05-08 00:00:00-04:00,19.68666648864746,19.790000915527344,19.543333053588867,19.683332443237305,14.837141990661621,30819900,0.0,0.0
2012-05-09 00:00:00-04:00,19.49333381652832,19.746667861938477,19.42333221435547,19.676666259765625,14.932768821716309,33472800,0.132667,0.0
2012-05-10 00:00:00-04:00,19.78333282470703,19.8700008392334,19.696666717529297,19.729999542236328,14.973241806030273,23222100,0.0,0.0
2012-05-11 00:00:00-04:00,19.69333267211914,19.883333206176758,19.60333251953125,19.80666732788086,15.031429290771484,22420800,0.0,0.0
2012-05-14 00:00:00-04:00,19.696666717529297,19.850000381469727,19.639999389648438,19.690000534057617,14.942886352539062,18603000,0.0,0.0
2012-05-15 00:00:00-04:00,19.649999618530273,19.883333206176758,19.649999618530273,19.78333282470703,15.013720512390137,31684200,0.0,0.0
2012-05-16 00:00:00-04:00,19.843332290649414,19.886667251586914,19.71666717529297,19.729999542236328,14.973241806030273,32514300,0.0,0.0
2012-05-17 00:00:00-04:00,20.446666717529297,20.833332061767578,20.416667938232422,20.559999465942383,15.60313606262207,87877200,0.0,0.0
2012-05-18 00:00:00-04:00,20.623332977294922,20.876667022705078,20.586666107177734,20.809999465942383,15.792863845825195,49892100,0.0,0.0
2012-05-21 00:00:00-04:00,20.793333053588867,21.03333282470703,20.713333129882812,21.01333236694336,15.947178840637207,33449700,0.0,0.0
2012-05-22 00:00:00-04:00,20.996667861938477,21.316667556762695,20.96666717529297,21.24333381652832,16.121723175048828,36223200,0.0,0.0
2012-05-23 00:00:00-04:00,21.1299991607666,21.56333351135254,21.09666633605957,21.52666664123535,16.33675193786621,47046600,0.0,0.0
2012-05-24 00:00:00-04:00,21.56999969482422,21.726667404174805,21.48666763305664,21.690000534057617,16.460702896118164,33908100,0.0,0.0
2012-05-25 00:00:00-04:00,21.6200008392334,21.833332061767578,21.600000381469727,21.770000457763672,16.52141571044922,30539700,0.0,0.0
2012-05-29 00:00:00-04:00,21.799999237060547,21.920000076293945,21.73666763305664,21.893333435058594,16.615013122558594,30110700,0.0,0.0
2012-05-30 00:00:00-04:00,21.803333282470703,21.983333587646484,21.77666664123535,21.81333351135254,16.55430030822754,29939100,0.0,0.0
2012-05-31 00:00:00-04:00,21.799999237060547,22.219999313354492,21.793333053588867,21.940000534057617,16.65042495727539,50296500,0.0,0.0
2012-06-01 00:00:00-04:00,21.809999465942383,21.959999084472656,21.709999084472656,21.850000381469727,16.58212661743164,45902100,0.0,0.0
2012-06-04 00:00:00-04:00,21.96666717529297,22.043333053588867,21.799999237060547,21.996667861938477,16.69342803955078,41630400,0.0,0.0
2012-06-05 00:00:00-04:00,21.913333892822266,21.96666717529297,21.809999465942383,21.833332061767578,16.569475173950195,28023000,0.0,0.0
2012-06-06 00:00:00-04:00,21.866666793823242,21.989999771118164,21.81999969482422,21.976667404174805,16.67824935913086,32540700,0.0,0.0
2012-06-07 00:00:00-04:00,22.02666664123535,22.02666664123535,21.926666259765625,21.956666946411133,16.6630802154541,37640100,0.0,0.0
2012-06-08 00:00:00-04:00,22.06333351135254,22.74333381652832,22.02666664123535,22.739999771118164,17.257551193237305,54037800,0.0,0.0
2012-06-11 00:00:00-04:00,22.796667098999023,22.82666778564453,22.489999771118164,22.510000228881836,17.083003997802734,31474200,0.0,0.0
2012-06-12 00:00:00-04:00,22.55666732788086,22.616666793823242,22.433332443237305,22.573333740234375,17.13106918334961,26963400,0.0,0.0
2012-06-13 00:00:00-04:00,22.530000686645508,22.583332061767578,22.31999969482422,22.356666564941406,16.966638565063477,32246700,0.0,0.0
2012-06-14 00:00:00-04:00,22.366666793823242,22.59666633605957,22.363332748413086,22.543333053588867,17.108301162719727,29983200,0.0,0.0
2012-06-15 00:00:00-04:00,22.683332443237305,22.68666648864746,22.530000686645508,22.583332061767578,17.138656616210938,38226000,0.0,0.0
2012-06-18 00:00:00-04:00,22.489999771118164,22.760000228881836,22.476667404174805,22.706666946411133,17.232255935668945,22660500,0.0,0.0
2012-06-19 00:00:00-04:00,22.696666717529297,22.75,22.566667556762695,22.60333251953125,17.153837203979492,23718000,0.0,0.0
2012-06-20 00:00:00-04:00,22.6200008392334,22.84666633605957,22.593332290649414,22.84000015258789,17.333446502685547,26969400,0.0,0.0
2012-06-21 00:00:00-04:00,22.829999923706055,22.886667251586914,22.559999465942383,22.566667556762695,17.126007080078125,29530800,0.0,0.0
2012-06-22 00:00:00-04:00,22.696666717529297,22.78333282470703,22.39666748046875,22.433332443237305,17.024818420410156,34202100,0.0,0.0
2012-06-25 00:00:00-04:00,22.35333251953125,22.74333381652832,22.35333251953125,22.726667404174805,17.247438430786133,35491800,0.0,0.0
2012-06-26 00:00:00-04:00,22.82666778564453,22.97333335876465,22.75,22.860000610351562,17.348621368408203,32435400,0.0,0.0
2012-06-27 00:00:00-04:00,22.863332748413086,22.916667938232422,22.753332138061523,22.863332748413086,17.351150512695312,26393400,0.0,0.0
2012-06-28 00:00:00-04:00,22.639999389648438,22.78333282470703,22.496667861938477,22.766666412353516,17.277790069580078,25735200,0.0,0.0
2012-06-29 00:00:00-04:00,22.979999542236328,23.239999771118164,22.85333251953125,23.239999771118164,17.637006759643555,31990200,0.0,0.0
2012-07-02 00:00:00-04:00,23.200000762939453,23.316667556762695,23.049999237060547,23.116666793823242,17.543407440185547,31275600,0.0,0.0
2012-07-03 00:00:00-04:00,23.21666717529297,23.59000015258789,23.100000381469727,23.583332061767578,17.897565841674805,28184100,0.0,0.0
2012-07-05 00:00:00-04:00,23.456666946411133,23.766666412353516,23.456666946411133,23.69333267211914,17.981040954589844,37321500,0.0,0.0
2012-07-06 00:00:00-04:00,23.57666778564453,23.786666870117188,23.57666778564453,23.786666870117188,18.0518741607666,24027600,0.0,0.0
2012-07-09 00:00:00-04:00,23.753332138061523,23.920000076293945,23.67333221435547,23.920000076293945,18.153059005737305,33451200,0.0,0.0
2012-07-10 00:00:00-04:00,23.976667404174805,24.19333267211914,23.8799991607666,24.036666870117188,18.24160385131836,39984600,0.0,0.0
2012-07-11 00:00:00-04:00,24.043333053588867,24.14666748046875,23.926666259765625,24.086666107177734,18.2795467376709,36731700,0.0,0.0
2012-07-12 00:00:00-04:00,24.023332595825195,24.206666946411133,23.8799991607666,24.10333251953125,18.29219627380371,30587400,0.0,0.0
2012-07-13 00:00:00-04:00,24.09000015258789,24.413333892822266,24.049999237060547,24.393333435058594,18.512283325195312,24540300,0.0,0.0
2012-07-16 00:00:00-04:00,24.30666732788086,24.393333435058594,24.19333267211914,24.32666778564453,18.461687088012695,24241800,0.0,0.0
2012-07-17 00:00:00-04:00,24.299999237060547,24.366666793823242,24.10333251953125,24.366666793823242,18.492048263549805,36528900,0.0,0.0
2012-07-18 00:00:00-04:00,24.296667098999023,24.48666763305664,24.239999771118164,24.28333282470703,18.428791046142578,28485300,0.0,0.0
2012-07-19 00:00:00-04:00,24.28333282470703,24.286666870117188,23.40999984741211,23.843332290649414,18.094881057739258,50634000,0.0,0.0
2012-07-20 00:00:00-04:00,23.81999969482422,24.163333892822266,23.770000457763672,24.083332061767578,18.277027130126953,33156000,0.0,0.0
2012-07-23 00:00:00-04:00,23.873332977294922,23.996667861938477,23.753332138061523,23.950000762939453,18.17583656311035,19969500,0.0,0.0
2012-07-24 00:00:00-04:00,23.893333435058594,24.079999923706055,23.816667556762695,24.046667098999023,18.249197006225586,22427100,0.0,0.0
2012-07-25 00:00:00-04:00,24.086666107177734,24.15333366394043,23.956666946411133,24.02666664123535,18.23402214050293,20945700,0.0,0.0
2012-07-26 00:00:00-04:00,24.233333587646484,24.649999618530273,24.229999542236328,24.55666732788086,18.636240005493164,24577200,0.0,0.0
2012-07-27 00:00:00-04:00,24.613332748413086,24.933332443237305,24.59666633605957,24.84000015258789,18.851259231567383,32584500,0.0,0.0
2012-07-30 00:00:00-04:00,24.81999969482422,25.079999923706055,24.816667556762695,24.99333381652832,18.967620849609375,27436800,0.0,0.0
2012-07-31 00:00:00-04:00,24.920000076293945,24.99333381652832,24.809999465942383,24.809999465942383,18.82849884033203,24968700,0.0,0.0
2012-08-01 00:00:00-04:00,24.899999618530273,24.93000030517578,24.47333335876465,24.540000915527344,18.62359046936035,29097000,0.0,0.0
2012-08-02 00:00:00-04:00,24.350000381469727,24.719999313354492,24.31333351135254,24.683332443237305,18.732362747192383,24279000,0.0,0.0
2012-08-03 00:00:00-04:00,24.913333892822266,24.98666763305664,24.75,24.850000381469727,18.858848571777344,26220000,0.0,0.0
2012-08-06 00:00:00-04:00,24.97333335876465,24.97333335876465,24.760000228881836,24.760000228881836,18.790550231933594,18352500,0.0,0.0
2012-08-07 00:00:00-04:00,24.803333282470703,24.866666793823242,24.656667709350586,24.663333892822266,18.717182159423828,22843500,0.0,0.0
2012-08-08 00:00:00-04:00,24.549999237060547,24.836666107177734,24.476667404174805,24.770000457763672,18.89980125427246,19734900,0.132667,0.0
2012-08-09 00:00:00-04:00,24.760000228881836,24.84000015258789,24.586666107177734,24.616666793823242,18.782806396484375,15854100,0.0,0.0
2012-08-10 00:00:00-04:00,24.616666793823242,24.75,24.476667404174805,24.559999465942383,18.739566802978516,16932600,0.0,0.0
2012-08-13 00:00:00-04:00,24.469999313354492,24.56333351135254,24.393333435058594,24.46666717529297,18.668350219726562,18903000,0.0,0.0
2012-08-14 00:00:00-04:00,24.613332748413086,24.75666618347168,24.523332595825195,24.670000076293945,18.823503494262695,21726000,0.0,0.0
2012-08-15 00:00:00-04:00,24.636667251586914,24.84000015258789,24.606666564941406,24.816667556762695,18.93541145324707,23323200,0.0,0.0
2012-08-16 00:00:00-04:00,24.19333267211914,24.25,23.926666259765625,24.049999237060547,18.35042953491211,53439600,0.0,0.0
2012-08-17 00:00:00-04:00,24.136667251586914,24.229999542236328,23.946666717529297,23.996667861938477,18.309736251831055,29204700,0.0,0.0
2012-08-20 00:00:00-04:00,24.003332138061523,24.136667251586914,23.886667251586914,24.100000381469727,18.388582229614258,16646100,0.0,0.0
2012-08-21 00:00:00-04:00,24.100000381469727,24.113332748413086,23.809999465942383,23.809999465942383,18.16730308532715,22902600,0.0,0.0
2012-08-22 00:00:00-04:00,23.78333282470703,23.950000762939453,23.78333282470703,23.92333221435547,18.253786087036133,19983000,0.0,0.0
2012-08-23 00:00:00-04:00,23.933332443237305,23.979999542236328,23.799999237060547,23.85333251953125,18.20037841796875,18015300,0.0,0.0
2012-08-24 00:00:00-04:00,23.796667098999023,24.066667556762695,23.78333282470703,24.036666870117188,18.340255737304688,15570300,0.0,0.0
2012-08-27 00:00:00-04:00,24.05666732788086,24.26333236694336,24.023332595825195,24.166667938232422,18.439455032348633,17300700,0.0,0.0
2012-08-28 00:00:00-04:00,24.059999465942383,24.23666763305664,24.053333282470703,24.136667251586914,18.41655731201172,14468100,0.0,0.0
2012-08-29 00:00:00-04:00,24.203332901000977,24.34000015258789,24.143333435058594,24.25666618347168,18.50812339782715,12692400,0.0,0.0
2012-08-30 00:00:00-04:00,24.209999084472656,24.25,24.049999237060547,24.083332061767578,18.37586784362793,15711600,0.0,0.0
2012-08-31 00:00:00-04:00,24.196666717529297,24.316667556762695,24.1200008392334,24.200000762939453,18.464885711669922,17655300,0.0,0.0
2012-09-04 00:00:00-04:00,24.25666618347168,24.613332748413086,24.190000534057617,24.503332138061523,18.69633674621582,25572300,0.0,0.0
2012-09-05 00:00:00-04:00,24.6200008392334,24.649999618530273,24.456666946411133,24.516666412353516,18.706510543823242,23892300,0.0,0.0
2012-09-06 00:00:00-04:00,24.65999984741211,24.93666648864746,24.613332748413086,24.93666648864746,19.026968002319336,19525500,0.0,0.0
2012-09-07 00:00:00-04:00,24.899999618530273,24.933332443237305,24.5,24.606666564941406,18.775175094604492,19864200,0.0,0.0
2012-09-10 00:00:00-04:00,24.6299991607666,24.706666946411133,24.5,24.503332138061523,18.69633674621582,19500300,0.0,0.0
2012-09-11 00:00:00-04:00,24.573333740234375,24.80666732788086,24.516666412353516,24.68666648864746,18.836217880249023,15874200,0.0,0.0
2012-09-12 00:00:00-04:00,24.68666648864746,24.78333282470703,24.583332061767578,24.690000534057617,18.838762283325195,12893400,0.0,0.0
2012-09-13 00:00:00-04:00,24.649999618530273,25.06333351135254,24.649999618530273,25.046667098999023,19.110904693603516,22222200,0.0,0.0
2012-09-14 00:00:00-04:00,24.946666717529297,24.996667861938477,24.753332138061523,24.833332061767578,18.948122024536133,25607100,0.0,0.0
2012-09-17 00:00:00-04:00,24.786666870117188,24.893333435058594,24.623332977294922,24.663333892822266,18.818416595458984,20563800,0.0,0.0
2012-09-18 00:00:00-04:00,24.616666793823242,24.72333335876465,24.559999465942383,24.649999618530273,18.80824089050293,15912300,0.0,0.0
2012-09-19 00:00:00-04:00,24.75,24.876667022705078,24.663333892822266,24.790000915527344,18.915058135986328,16967700,0.0,0.0
2012-09-20 00:00:00-04:00,24.773332595825195,24.940000534057617,24.773332595825195,24.916667938232422,19.011707305908203,13569600,0.0,0.0
2012-09-21 00:00:00-04:00,24.98666763305664,25.030000686645508,24.77666664123535,24.816667556762695,18.93541145324707,31686900,0.0,0.0
2012-09-24 00:00:00-04:00,24.733333587646484,24.98666763305664,24.726667404174805,24.913333892822266,19.009166717529297,13241100,0.0,0.0
2012-09-25 00:00:00-04:00,24.969999313354492,25.016666412353516,24.753332138061523,24.753332138061523,18.8870792388916,19274100,0.0,0.0
2012-09-26 00:00:00-04:00,24.719999313354492,24.946666717529297,24.713333129882812,24.729999542236328,18.86927604675293,14414700,0.0,0.0
2012-09-27 00:00:00-04:00,24.790000915527344,24.833332061767578,24.610000610351562,24.65999984741211,18.81587028503418,16170300,0.0,0.0
2012-09-28 00:00:00-04:00,24.6200008392334,24.68666648864746,24.47333335876465,24.600000381469727,18.77008628845215,18063000,0.0,0.0
2012-10-01 00:00:00-04:00,24.600000381469727,24.829999923706055,24.600000381469727,24.683332443237305,18.83367347717285,13986900,0.0,0.0
2012-10-02 00:00:00-04:00,24.65999984741211,24.786666870117188,24.543333053588867,24.583332061767578,18.757375717163086,12709500,0.0,0.0
2012-10-03 00:00:00-04:00,24.676666259765625,24.916667938232422,24.583332061767578,24.733333587646484,18.871822357177734,24494100,0.0,0.0
2012-10-04 00:00:00-04:00,24.836666107177734,25.003332138061523,24.836666107177734,24.906667709350586,19.004077911376953,15002700,0.0,0.0
2012-10-05 00:00:00-04:00,24.979999542236328,25.166667938232422,24.963333129882812,25.043333053588867,19.108352661132812,15615300,0.0,0.0
2012-10-08 00:00:00-04:00,25.053333282470703,25.183332443237305,25.020000457763672,25.083332061767578,19.138879776000977,13637700,0.0,0.0
2012-10-09 00:00:00-04:00,25.053333282470703,25.126667022705078,24.709999084472656,24.713333129882812,18.856563568115234,24921900,0.0,0.0
2012-10-10 00:00:00-04:00,24.883333206176758,25.60333251953125,24.8799991607666,25.139999389648438,19.182109832763672,58094400,0.0,0.0
2012-10-11 00:00:00-04:00,25.53333282470703,25.536666870117188,24.983333587646484,25.003332138061523,19.077838897705078,24976500,0.0,0.0
2012-10-12 00:00:00-04:00,25.139999389648438,25.34666633605957,25.100000381469727,25.270000457763672,19.28130531311035,24087900,0.0,0.0
2012-10-15 00:00:00-04:00,25.290000915527344,25.78333282470703,25.18666648864746,25.71666717529297,19.62211799621582,29008800,0.0,0.0
2012-10-16 00:00:00-04:00,25.866666793823242,25.866666793823242,25.56333351135254,25.636667251586914,19.561077117919922,18930300,0.0,0.0
2012-10-17 00:00:00-04:00,25.77666664123535,25.833332061767578,25.49333381652832,25.676666259765625,19.59160041809082,22483500,0.0,0.0
2012-10-18 00:00:00-04:00,25.67333221435547,25.74333381652832,25.389999389648438,25.520000457763672,19.472063064575195,21977100,0.0,0.0
2012-10-19 00:00:00-04:00,25.52666664123535,25.56999969482422,25.143333435058594,25.206666946411133,19.23297691345215,20827500,0.0,0.0
2012-10-22 00:00:00-04:00,25.226667404174805,25.260000228881836,25.030000686645508,25.21666717529297,19.240615844726562,16276200,0.0,0.0
2012-10-23 00:00:00-04:00,25.016666412353516,25.163333892822266,24.836666107177734,24.920000076293945,19.014251708984375,17501700,0.0,0.0
2012-10-24 00:00:00-04:00,24.976667404174805,25.0,24.84000015258789,24.940000534057617,19.029508590698242,13749600,0.0,0.0
2012-10-25 00:00:00-04:00,25.100000381469727,25.166667938232422,24.963333129882812,25.106666564941406,19.156679153442383,13298700,0.0,0.0
2012-10-26 00:00:00-04:00,25.066667556762695,25.139999389648438,24.893333435058594,25.036666870117188,19.103269577026367,13340700,0.0,0.0
2012-10-31 00:00:00-04:00,25.083332061767578,25.226667404174805,24.709999084472656,25.00666618347168,19.08037757873535,19653600,0.0,0.0
2012-11-01 00:00:00-04:00,25.043333053588867,25.053333282470703,24.383333206176758,24.483333587646484,18.681072235107422,38830800,0.0,0.0
2012-11-02 00:00:00-04:00,24.48666763305664,24.523332595825195,24.23666763305664,24.25666618347168,18.50812339782715,25690500,0.0,0.0
2012-11-05 00:00:00-05:00,24.219999313354492,24.399999618530273,24.21666717529297,24.3799991607666,18.602230072021484,14303100,0.0,0.0
2012-11-06 00:00:00-05:00,24.389999389648438,24.760000228881836,24.376667022705078,24.586666107177734,18.759920120239258,16003200,0.0,0.0
2012-11-07 00:00:00-05:00,24.47333335876465,24.633333206176758,24.286666870117188,24.3700008392334,18.59459686279297,20429700,0.0,0.0
2012-11-08 00:00:00-05:00,24.336666107177734,24.65999984741211,24.15999984741211,24.15999984741211,18.43436622619629,21411300,0.0,0.0
2012-11-09 00:00:00-05:00,24.043333053588867,24.200000762939453,23.97333335876465,24.10333251953125,18.391132354736328,20674200,0.0,0.0
2012-11-12 00:00:00-05:00,24.09000015258789,24.200000762939453,23.96666717529297,24.15999984741211,18.43436622619629,13148400,0.0,0.0
2012-11-13 00:00:00-05:00,23.989999771118164,24.100000381469727,23.726667404174805,23.93666648864746,18.263954162597656,26932200,0.0,0.0
2012-11-14 00:00:00-05:00,23.953332901000977,24.0,23.69333267211914,23.770000457763672,18.13678550720215,27333900,0.0,0.0
2012-11-15 00:00:00-05:00,23.219999313354492,23.229999542236328,22.616666793823242,22.906667709350586,17.47805404663086,69146700,0.0,0.0
2012-11-16 00:00:00-05:00,22.863332748413086,22.89666748046875,22.626667022705078,22.676666259765625,17.302562713623047,36771300,0.0,0.0
2012-11-19 00:00:00-05:00,22.71666717529297,23.043333053588867,22.549999237060547,23.00666618347168,17.554357528686523,38507100,0.0,0.0
2012-11-20 00:00:00-05:00,23.079999923706055,23.079999923706055,22.816667556762695,23.0,17.54926872253418,28183800,0.0,0.0
2012-11-21 00:00:00-05:00,22.953332901000977,23.020000457763672,22.893333435058594,22.963333129882812,17.52129364013672,21118800,0.0,0.0
2012-11-23 00:00:00-05:00,23.113332748413086,23.413333892822266,22.959999084472656,23.399999618530273,17.854469299316406,15404700,0.0,0.0
2012-11-26 00:00:00-05:00,23.376667022705078,23.40999984741211,23.149999618530273,23.303333282470703,17.780715942382812,27219600,0.0,0.0
2012-11-27 00:00:00-05:00,23.299999237060547,23.389999389648438,23.149999618530273,23.166667938232422,17.676435470581055,22146900,0.0,0.0
2012-11-28 00:00:00-05:00,23.15333366394043,23.60333251953125,23.09666633605957,23.520000457763672,17.94603729248047,31489200,0.0,0.0
2012-11-29 00:00:00-05:00,23.49333381652832,23.68000030517578,23.376667022705078,23.610000610351562,18.014707565307617,28861500,0.0,0.0
2012-11-30 00:00:00-05:00,23.656667709350586,24.040000915527344,23.616666793823242,24.00666618347168,18.317371368408203,37455600,0.0,0.0
2012-12-03 00:00:00-05:00,24.036666870117188,24.113332748413086,23.780000686645508,23.780000686645508,18.144412994384766,27260400,0.0,0.0
2012-12-04 00:00:00-05:00,23.823333740234375,24.200000762939453,23.816667556762695,24.040000915527344,18.34280014038086,38461500,0.0,0.0
2012-12-05 00:00:00-05:00,23.979999542236328,24.00666618347168,23.74333381652832,23.883333206176758,18.32439422607422,28539600,0.132667,0.0
2012-12-06 00:00:00-05:00,23.889999389648438,23.950000762939453,23.700000762939453,23.863332748413086,18.309036254882812,21498300,0.0,0.0
2012-12-07 00:00:00-05:00,23.96666717529297,24.196666717529297,23.950000762939453,24.09666633605957,18.488065719604492,21849000,0.0,0.0
2012-12-10 00:00:00-05:00,24.02666664123535,24.113332748413086,23.93000030517578,24.049999237060547,18.452266693115234,17704800,0.0,0.0
2012-12-11 00:00:00-05:00,24.083332061767578,24.233333587646484,23.606666564941406,23.6299991607666,18.13001823425293,43785000,0.0,0.0
2012-12-12 00:00:00-05:00,23.399999618530273,23.450000762939453,22.969999313354492,22.979999542236328,17.631315231323242,70205700,0.0,0.0
2012-12-13 00:00:00-05:00,23.01333236694336,23.1200008392334,23.0,23.01333236694336,17.656885147094727,42730500,0.0,0.0
2012-12-14 00:00:00-05:00,23.016666412353516,23.100000381469727,22.913333892822266,22.916667938232422,17.582717895507812,31506900,0.0,0.0
2012-12-17 00:00:00-05:00,22.98666763305664,23.170000076293945,22.963333129882812,23.066667556762695,17.697805404663086,31595100,0.0,0.0
2012-12-18 00:00:00-05:00,23.036666870117188,23.219999313354492,22.969999313354492,23.166667938232422,17.77452850341797,34769400,0.0,0.0
2012-12-19 00:00:00-05:00,23.143333435058594,23.166667938232422,22.84000015258789,22.84000015258789,17.523895263671875,29919600,0.0,0.0
2012-12-20 00:00:00-05:00,22.77666664123535,23.020000457763672,22.72333335876465,23.0,17.646652221679688,29058900,0.0,0.0
2012-12-21 00:00:00-05:00,22.956666946411133,23.053333282470703,22.75666618347168,22.883333206176758,17.557144165039062,39693000,0.0,0.0
2012-12-24 00:00:00-05:00,22.836666107177734,22.93666648864746,22.770000457763672,22.856666564941406,17.536684036254883,8714400,0.0,0.0
2012-12-26 00:00:00-05:00,22.85333251953125,22.883333206176758,22.57666778564453,22.663333892822266,17.38834571838379,18278700,0.0,0.0
2012-12-27 00:00:00-05:00,22.676666259765625,22.80666732788086,22.59666633605957,22.729999542236328,17.43949317932129,22152600,0.0,0.0
2012-12-28 00:00:00-05:00,22.636667251586914,22.78333282470703,22.51333236694336,22.536666870117188,17.291166305541992,16540200,0.0,0.0
2012-12-31 00:00:00-05:00,22.496667861938477,22.766666412353516,22.456666946411133,22.74333381652832,17.449729919433594,21037500,0.0,0.0
2013-01-02 00:00:00-05:00,22.976667404174805,23.079999923706055,22.816667556762695,23.079999923706055,17.708032608032227,31172400,0.0,0.0
2013-01-03 00:00:00-05:00,23.083332061767578,23.116666793823242,22.793333053588867,22.933332443237305,17.595504760742188,26730300,0.0,0.0
2013-01-04 00:00:00-05:00,22.90999984741211,23.059999465942383,22.780000686645508,23.020000457763672,17.661996841430664,19314000,0.0,0.0
2013-01-07 00:00:00-05:00,22.94333267211914,22.97333335876465,22.709999084472656,22.799999237060547,17.493209838867188,18604200,0.0,0.0
2013-01-08 00:00:00-05:00,22.760000228881836,22.963333129882812,22.73666763305664,22.863332748413086,17.541799545288086,17600700,0.0,0.0
2013-01-09 00:00:00-05:00,22.886667251586914,22.90333366394043,22.739999771118164,22.856666564941406,17.536684036254883,15165600,0.0,0.0
2013-01-10 00:00:00-05:00,22.886667251586914,23.010000228881836,22.573333740234375,22.786666870117188,17.48298454284668,34361400,0.0,0.0
2013-01-11 00:00:00-05:00,22.866666793823242,22.93000030517578,22.73666763305664,22.876667022705078,17.55203628540039,18673500,0.0,0.0
2013-01-14 00:00:00-05:00,22.829999923706055,22.889999389648438,22.703332901000977,22.766666412353516,17.46762466430664,16471200,0.0,0.0
2013-01-15 00:00:00-05:00,22.729999542236328,23.079999923706055,22.700000762939453,22.99333381652832,17.641538619995117,18421200,0.0,0.0
2013-01-16 00:00:00-05:00,22.979999542236328,23.123332977294922,22.963333129882812,23.06999969482422,17.700361251831055,14753700,0.0,0.0
2013-01-17 00:00:00-05:00,23.100000381469727,23.106666564941406,22.90333366394043,22.950000762939453,17.608293533325195,21697800,0.0,0.0
2013-01-18 00:00:00-05:00,22.950000762939453,23.066667556762695,22.950000762939453,23.066667556762695,17.697805404663086,23440200,0.0,0.0
2013-01-22 00:00:00-05:00,23.016666412353516,23.21666717529297,22.98666763305664,23.19333267211914,17.79499053955078,17243700,0.0,0.0
2013-01-23 00:00:00-05:00,23.1299991607666,23.213333129882812,23.049999237060547,23.163333892822266,17.771970748901367,19096200,0.0,0.0
2013-01-24 00:00:00-05:00,23.21666717529297,23.329999923706055,23.116666793823242,23.26333236694336,17.848695755004883,27417000,0.0,0.0
2013-01-25 00:00:00-05:00,23.303333282470703,23.333332061767578,22.976667404174805,23.0,17.646652221679688,23903100,0.0,0.0
2013-01-28 00:00:00-05:00,23.02666664123535,23.166667938232422,22.933332443237305,23.116666793823242,17.736160278320312,21164400,0.0,0.0
2013-01-29 00:00:00-05:00,23.06999969482422,23.399999618530273,23.066667556762695,23.296667098999023,17.874265670776367,28682700,0.0,0.0
2013-01-30 00:00:00-05:00,23.373332977294922,23.373332977294922,23.166667938232422,23.25,17.838468551635742,21061800,0.0,0.0
2013-01-31 00:00:00-05:00,23.229999542236328,23.479999542236328,23.229999542236328,23.316667556762695,17.889617919921875,21048600,0.0,0.0
2013-02-01 00:00:00-05:00,23.3700008392334,23.51333236694336,23.316667556762695,23.496667861938477,18.027719497680664,19349400,0.0,0.0
2013-02-04 00:00:00-05:00,23.14666748046875,23.299999237060547,23.043333053588867,23.209999084472656,17.80776596069336,32277900,0.0,0.0
2013-02-05 00:00:00-05:00,23.290000915527344,23.690000534057617,23.253332138061523,23.59000015258789,18.099332809448242,31576500,0.0,0.0
2013-02-06 00:00:00-05:00,23.49333381652832,23.773332595825195,23.433332443237305,23.770000457763672,18.2374324798584,29273400,0.0,0.0
2013-02-07 00:00:00-05:00,23.81333351135254,23.8799991607666,23.633333206176758,23.74333381652832,18.21697425842285,24920700,0.0,0.0
2013-02-08 00:00:00-05:00,23.733333587646484,23.8799991607666,23.690000534057617,23.82666778564453,18.280916213989258,17719800,0.0,0.0
2013-02-11 00:00:00-05:00,23.75,23.836666107177734,23.510000228881836,23.799999237060547,18.26045036315918,18607800,0.0,0.0
2013-02-12 00:00:00-05:00,23.829999923706055,23.886667251586914,23.700000762939453,23.799999237060547,18.26045036315918,14286000,0.0,0.0
2013-02-13 00:00:00-05:00,23.76333236694336,23.899999618530273,23.73666763305664,23.796667098999023,18.257896423339844,11905800,0.0,0.0
2013-02-14 00:00:00-05:00,23.700000762939453,23.74333381652832,23.583332061767578,23.606666564941406,18.11212158203125,20463000,0.0,0.0
2013-02-15 00:00:00-05:00,23.18000030517578,23.333332061767578,22.709999084472656,23.100000381469727,17.72338104248047,77051100,0.0,0.0
2013-02-19 00:00:00-05:00,23.06333351135254,23.149999618530273,22.84666633605957,22.920000076293945,17.58526611328125,44046900,0.0,0.0
2013-02-20 00:00:00-05:00,22.906667709350586,23.28333282470703,22.766666412353516,23.06999969482422,17.700361251831055,35920800,0.0,0.0
2013-02-21 00:00:00-05:00,23.333332061767578,23.823333740234375,23.239999771118164,23.420000076293945,17.968900680541992,61239300,0.0,0.0
2013-02-22 00:00:00-05:00,23.406667709350586,23.51333236694336,23.296667098999023,23.46666717529297,18.00470733642578,27495600,0.0,0.0
2013-02-25 00:00:00-05:00,23.5,23.780000686645508,23.479999542236328,23.479999542236328,18.014930725097656,35452800,0.0,0.0
2013-02-26 00:00:00-05:00,23.56333351135254,23.796667098999023,23.536666870117188,23.703332901000977,18.186283111572266,31672800,0.0,0.0
2013-02-27 00:00:00-05:00,23.639999389648438,23.98666763305664,23.52666664123535,23.886667251586914,18.326948165893555,26457000,0.0,0.0
2013-02-28 00:00:00-05:00,23.863332748413086,23.959999084472656,23.593332290649414,23.593332290649414,18.101884841918945,56650800,0.0,0.0
2013-03-01 00:00:00-05:00,23.593332290649414,23.96666717529297,23.593332290649414,23.913333892822266,18.347410202026367,26706900,0.0,0.0
2013-03-04 00:00:00-05:00,23.84000015258789,24.420000076293945,23.836666107177734,24.420000076293945,18.736143112182617,31701600,0.0,0.0
2013-03-05 00:00:00-05:00,24.489999771118164,24.68000030517578,24.329999923706055,24.573333740234375,18.853782653808594,27426000,0.0,0.0
2013-03-06 00:00:00-05:00,24.583332061767578,24.709999084472656,24.416667938232422,24.459999084472656,18.766826629638672,21448800,0.0,0.0
2013-03-07 00:00:00-05:00,24.496667861938477,24.536666870117188,24.399999618530273,24.440000534057617,18.751483917236328,20040000,0.0,0.0
2013-03-08 00:00:00-05:00,24.433332443237305,24.463333129882812,24.280000686645508,24.343332290649414,18.79781723022461,17233800,0.156667,0.0
2013-03-11 00:00:00-04:00,24.363332748413086,24.413333892822266,24.270000457763672,24.32666778564453,18.784948348999023,15446100,0.0,0.0
2013-03-12 00:00:00-04:00,24.316667556762695,24.633333206176758,24.280000686645508,24.53333282470703,18.944536209106445,24460200,0.0,0.0
2013-03-13 00:00:00-04:00,24.6299991607666,24.733333587646484,24.51333236694336,24.549999237060547,18.95741081237793,15978300,0.0,0.0
2013-03-14 00:00:00-04:00,24.623332977294922,24.666667938232422,24.376667022705078,24.406667709350586,18.846731185913086,19059600,0.0,0.0
2013-03-15 00:00:00-04:00,24.336666107177734,24.5,24.143333435058594,24.166667938232422,18.661399841308594,51585300,0.0,0.0
2013-03-18 00:00:00-04:00,24.09666633605957,24.24333381652832,24.003332138061523,24.083332061767578,18.597047805786133,17313000,0.0,0.0
2013-03-19 00:00:00-04:00,24.139999389648438,24.290000915527344,24.06333351135254,24.149999618530273,18.648529052734375,17258400,0.0,0.0
2013-03-20 00:00:00-04:00,24.270000457763672,24.459999084472656,24.246667861938477,24.329999923706055,18.787527084350586,18960900,0.0,0.0
2013-03-21 00:00:00-04:00,24.290000915527344,24.489999771118164,24.28333282470703,24.376667022705078,18.823556900024414,16520100,0.0,0.0
2013-03-22 00:00:00-04:00,24.450000762939453,24.76333236694336,24.43000030517578,24.760000228881836,19.119565963745117,21971400,0.0,0.0
2013-03-25 00:00:00-04:00,24.713333129882812,25.036666870117188,24.706666946411133,24.950000762939453,19.266284942626953,31316100,0.0,0.0
2013-03-26 00:00:00-04:00,24.976667404174805,25.030000686645508,24.809999465942383,24.92333221435547,19.245695114135742,19927200,0.0,0.0
2013-03-27 00:00:00-04:00,24.770000457763672,24.98666763305664,24.746667861938477,24.926666259765625,19.24827003479004,17910900,0.0,0.0
2013-03-28 00:00:00-04:00,24.946666717529297,24.989999771118164,24.793333053588867,24.94333267211914,19.261138916015625,22104900,0.0,0.0
2013-04-01 00:00:00-04:00,25.0,25.309999465942383,24.96666717529297,25.143333435058594,19.41557502746582,25246200,0.0,0.0
2013-04-02 00:00:00-04:00,25.183332443237305,25.350000381469727,25.139999389648438,25.34000015258789,19.567440032958984,19928400,0.0,0.0
2013-04-03 00:00:00-04:00,25.43666648864746,25.559999465942383,25.239999771118164,25.333332061767578,19.562294006347656,22361700,0.0,0.0
2013-04-04 00:00:00-04:00,25.31999969482422,25.52666664123535,25.31999969482422,25.399999618530273,19.61377716064453,22524600,0.0,0.0
2013-04-05 00:00:00-04:00,25.183332443237305,25.469999313354492,25.143333435058594,25.463333129882812,19.66267967224121,17640900,0.0,0.0
2013-04-08 00:00:00-04:00,25.366666793823242,25.816667556762695,25.27666664123535,25.76333236694336,19.894344329833984,24225300,0.0,0.0
2013-04-09 00:00:00-04:00,25.746667861938477,26.15333366394043,25.67333221435547,26.040000915527344,20.107980728149414,26009700,0.0,0.0
2013-04-10 00:00:00-04:00,26.093332290649414,26.126667022705078,25.790000915527344,25.790000915527344,19.914934158325195,25797000,0.0,0.0
2013-04-11 00:00:00-04:00,25.786666870117188,26.123332977294922,25.75666618347168,25.93000030517578,20.02303695678711,21387300,0.0,0.0
2013-04-12 00:00:00-04:00,25.876667022705078,26.28333282470703,25.860000610351562,26.18666648864746,20.221233367919922,19010400,0.0,0.0
2013-04-15 00:00:00-04:00,26.14666748046875,26.426666259765625,26.143333435058594,26.156667709350586,20.198074340820312,25636500,0.0,0.0
2013-04-16 00:00:00-04:00,26.07666778564453,26.286666870117188,26.010000228881836,26.226667404174805,20.25212287902832,20563200,0.0,0.0
2013-04-17 00:00:00-04:00,26.176666259765625,26.356666564941406,26.036666870117188,26.170000076293945,20.20836639404297,21745800,0.0,0.0
2013-04-18 00:00:00-04:00,26.253332138061523,26.350000381469727,25.536666870117188,25.719999313354492,19.860877990722656,42656700,0.0,0.0
2013-04-19 00:00:00-04:00,25.833332061767578,26.14666748046875,25.799999237060547,26.09666633605957,20.15174102783203,23521500,0.0,0.0
2013-04-22 00:00:00-04:00,26.09666633605957,26.14666748046875,25.833332061767578,25.989999771118164,20.06937026977539,15464700,0.0,0.0
2013-04-23 00:00:00-04:00,26.036666870117188,26.406667709350586,26.016666412353516,26.363332748413086,20.357648849487305,19960800,0.0,0.0
2013-04-24 00:00:00-04:00,26.40999984741211,26.5,25.97333335876465,26.010000228881836,20.084819793701172,24250800,0.0,0.0
2013-04-25 00:00:00-04:00,26.059999465942383,26.27666664123535,25.959999084472656,26.21666717529297,20.244394302368164,17187300,0.0,0.0
2013-04-26 00:00:00-04:00,26.19333267211914,26.383333206176758,26.190000534057617,26.34666633605957,20.344783782958984,17770800,0.0,0.0
2013-04-29 00:00:00-04:00,26.360000610351562,26.416667938232422,26.049999237060547,26.1299991607666,20.177474975585938,18470400,0.0,0.0
2013-04-30 00:00:00-04:00,26.093332290649414,26.100000381469727,25.790000915527344,25.906667709350586,20.005022048950195,23897400,0.0,0.0
2013-05-01 00:00:00-04:00,25.950000762939453,26.219999313354492,25.89666748046875,26.020000457763672,20.092540740966797,18780900,0.0,0.0
2013-05-02 00:00:00-04:00,25.969999313354492,26.163333892822266,25.933332443237305,26.15333366394043,20.19549560546875,13558800,0.0,0.0
2013-05-03 00:00:00-04:00,26.30666732788086,26.446666717529297,26.299999237060547,26.416667938232422,20.398849487304688,16812300,0.0,0.0
2013-05-06 00:00:00-04:00,26.366666793823242,26.386667251586914,26.25666618347168,26.27666664123535,20.290735244750977,14417100,0.0,0.0
2013-05-07 00:00:00-04:00,26.366666793823242,26.3799991607666,26.25666618347168,26.27666664123535,20.290735244750977,19713300,0.0,0.0
2013-05-08 00:00:00-04:00,26.18666648864746,26.219999313354492,25.926666259765625,26.083332061767578,20.26224136352539,24025500,0.156667,0.0
2013-05-09 00:00:00-04:00,26.10333251953125,26.31999969482422,25.96666717529297,26.133333206176758,20.30109405517578,19550400,0.0,0.0
2013-05-10 00:00:00-04:00,26.156667709350586,26.303333282470703,26.093332290649414,26.296667098999023,20.427980422973633,17493600,0.0,0.0
2013-05-13 00:00:00-04:00,26.266666412353516,26.31333351135254,25.97333335876465,26.166667938232422,20.32698631286621,23141700,0.0,0.0
2013-05-14 00:00:00-04:00,25.99333381652832,26.286666870117188,25.889999389648438,26.260000228881836,20.399484634399414,30041100,0.0,0.0
2013-05-15 00:00:00-04:00,26.266666412353516,26.65333366394043,26.21666717529297,26.6200008392334,20.679141998291016,24003300,0.0,0.0
2013-05-16 00:00:00-04:00,26.03333282470703,26.286666870117188,25.780000686645508,26.166667938232422,20.32698631286621,36385800,0.0,0.0
2013-05-17 00:00:00-04:00,26.100000381469727,26.196666717529297,25.799999237060547,25.956666946411133,20.163850784301758,32007900,0.0,0.0
2013-05-20 00:00:00-04:00,25.959999084472656,25.96666717529297,25.786666870117188,25.799999237060547,20.042142868041992,16747800,0.0,0.0
2013-05-21 00:00:00-04:00,25.873332977294922,26.059999465942383,25.75,25.796667098999023,20.0395565032959,22452900,0.0,0.0
2013-05-22 00:00:00-04:00,25.729999542236328,25.933332443237305,25.583332061767578,25.676666259765625,19.94633674621582,27093900,0.0,0.0
2013-05-23 00:00:00-04:00,25.610000610351562,25.64666748046875,25.416667938232422,25.44333267211914,19.765085220336914,24144600,0.0,0.0
2013-05-24 00:00:00-04:00,25.440000534057617,25.803333282470703,25.383333206176758,25.770000457763672,20.018836975097656,22768800,0.0,0.0
2013-05-28 00:00:00-04:00,25.84000015258789,26.01333236694336,25.68666648864746,25.773332595825195,20.02143096923828,18177600,0.0,0.0
2013-05-29 00:00:00-04:00,25.683332443237305,25.683332443237305,25.35333251953125,25.40999984741211,19.73918914794922,17646900,0.0,0.0
2013-05-30 00:00:00-04:00,25.496667861938477,25.51333236694336,25.203332901000977,25.209999084472656,19.583818435668945,18684000,0.0,0.0
2013-05-31 00:00:00-04:00,25.1200008392334,25.209999084472656,24.940000534057617,24.946666717529297,19.379253387451172,29237100,0.0,0.0
2013-06-03 00:00:00-04:00,25.020000457763672,25.266666412353516,24.8799991607666,25.229999542236328,19.599355697631836,25321500,0.0,0.0
2013-06-04 00:00:00-04:00,25.25666618347168,25.459999084472656,25.156667709350586,25.31333351135254,19.66409683227539,28032000,0.0,0.0
2013-06-05 00:00:00-04:00,25.239999771118164,25.316667556762695,25.023332595825195,25.083332061767578,19.48542022705078,20335800,0.0,0.0
2013-06-06 00:00:00-04:00,25.09000015258789,25.246667861938477,24.946666717529297,25.209999084472656,19.583818435668945,28275300,0.0,0.0
2013-06-07 00:00:00-04:00,25.459999084472656,25.623332977294922,25.39666748046875,25.44333267211914,19.765085220336914,25041600,0.0,0.0
2013-06-10 00:00:00-04:00,25.426666259765625,25.549999237060547,25.219999313354492,25.25,19.61489486694336,20194500,0.0,0.0
2013-06-11 00:00:00-04:00,25.139999389648438,25.27666664123535,24.996667861938477,25.083332061767578,19.48542022705078,18019200,0.0,0.0
2013-06-12 00:00:00-04:00,25.156667709350586,25.23666763305664,24.883333206176758,24.946666717529297,19.379253387451172,14193300,0.0,0.0
2013-06-13 00:00:00-04:00,24.926666259765625,25.110000610351562,24.85333251953125,25.0,19.420684814453125,21718500,0.0,0.0
2013-06-14 00:00:00-04:00,24.946666717529297,25.09000015258789,24.933332443237305,24.956666946411133,19.38702392578125,19054500,0.0,0.0
2013-06-17 00:00:00-04:00,25.0,25.149999618530273,24.836666107177734,24.983333587646484,19.407733917236328,19441800,0.0,0.0
2013-06-18 00:00:00-04:00,25.0,25.293333053588867,24.933332443237305,25.24333381652832,19.60971450805664,20219100,0.0,0.0
2013-06-19 00:00:00-04:00,25.246667861938477,25.31999969482422,24.780000686645508,24.81999969482422,19.280860900878906,24987300,0.0,0.0
2013-06-20 00:00:00-04:00,24.833332061767578,24.886667251586914,24.336666107177734,24.343332290649414,18.910568237304688,27209100,0.0,0.0
2013-06-21 00:00:00-04:00,24.50666618347168,24.733333587646484,24.416667938232422,24.503332138061523,19.034862518310547,43693500,0.0,0.0
2013-06-24 00:00:00-04:00,24.350000381469727,24.93000030517578,24.299999237060547,24.733333587646484,19.213537216186523,29091900,0.0,0.0
2013-06-25 00:00:00-04:00,24.75666618347168,24.916667938232422,24.613332748413086,24.790000915527344,19.257549285888672,21653400,0.0,0.0
2013-06-26 00:00:00-04:00,24.873332977294922,25.059999465942383,24.84666633605957,25.003332138061523,19.42327880859375,16435200,0.0,0.0
2013-06-27 00:00:00-04:00,25.15999984741211,25.3700008392334,25.079999923706055,25.086666107177734,19.488008499145508,21263400,0.0,0.0
2013-06-28 00:00:00-04:00,25.036666870117188,25.219999313354492,24.816667556762695,24.829999923706055,19.28862953186035,43644900,0.0,0.0
2013-07-01 00:00:00-04:00,24.996667861938477,25.093332290649414,24.700000762939453,24.863332748413086,19.31451416015625,20093100,0.0,0.0
2013-07-02 00:00:00-04:00,24.770000457763672,25.226667404174805,24.73666763305664,24.90333366394043,19.34559440612793,20179200,0.0,0.0
2013-07-03 00:00:00-04:00,24.803333282470703,25.040000915527344,24.696666717529297,24.920000076293945,19.358545303344727,6949200,0.0,0.0
2013-07-05 00:00:00-04:00,25.049999237060547,25.086666107177734,24.803333282470703,25.06999969482422,19.47506332397461,16331700,0.0,0.0
2013-07-08 00:00:00-04:00,25.226667404174805,25.59000015258789,25.226667404174805,25.56999969482422,19.863473892211914,20140200,0.0,0.0
2013-07-09 00:00:00-04:00,25.65333366394043,25.81333351135254,25.579999923706055,25.676666259765625,19.94633674621582,15819300,0.0,0.0
2013-07-10 00:00:00-04:00,25.65333366394043,25.833332061767578,25.483333587646484,25.59000015258789,19.879018783569336,15432900,0.0,0.0
2013-07-11 00:00:00-04:00,25.816667556762695,25.916667938232422,25.77666664123535,25.876667022705078,20.101701736450195,14042100,0.0,0.0
2013-07-12 00:00:00-04:00,25.8700008392334,25.889999389648438,25.77666664123535,25.876667022705078,20.101701736450195,13373100,0.0,0.0
2013-07-15 00:00:00-04:00,25.766666412353516,25.766666412353516,25.566667556762695,25.676666259765625,19.94633674621582,14661600,0.0,0.0
2013-07-16 00:00:00-04:00,25.65999984741211,25.816667556762695,25.633333206176758,25.790000915527344,20.034381866455078,14122800,0.0,0.0
2013-07-17 00:00:00-04:00,25.873332977294922,25.93000030517578,25.696666717529297,25.733333587646484,19.9903564453125,16053900,0.0,0.0
2013-07-18 00:00:00-04:00,25.739999771118164,25.850000381469727,25.670000076293945,25.780000686645508,20.026613235473633,12449700,0.0,0.0
2013-07-19 00:00:00-04:00,25.816667556762695,26.05666732788086,25.780000686645508,26.02666664123535,20.218219757080078,20477700,0.0,0.0
2013-07-22 00:00:00-04:00,25.963333129882812,26.083332061767578,25.90999984741211,25.956666946411133,20.163850784301758,12474600,0.0,0.0
2013-07-23 00:00:00-04:00,25.98666763305664,26.209999084472656,25.933332443237305,26.183332443237305,20.339933395385742,15758700,0.0,0.0
2013-07-24 00:00:00-04:00,26.226667404174805,26.229999542236328,25.906667709350586,26.07666778564453,20.257062911987305,14790000,0.0,0.0
2013-07-25 00:00:00-04:00,26.016666412353516,26.15333366394043,25.876667022705078,26.003332138061523,20.200101852416992,17760600,0.0,0.0
2013-07-26 00:00:00-04:00,25.976667404174805,26.010000228881836,25.700000762939453,26.0,20.19751739501953,16047300,0.0,0.0
2013-07-29 00:00:00-04:00,25.94333267211914,26.083332061767578,25.926666259765625,25.996667861938477,20.194917678833008,10395000,0.0,0.0
2013-07-30 00:00:00-04:00,26.06999969482422,26.1200008392334,25.89666748046875,25.963333129882812,20.16903305053711,13601100,0.0,0.0
2013-07-31 00:00:00-04:00,25.97333335876465,26.15999984741211,25.90999984741211,25.979999542236328,20.18196678161621,18122400,0.0,0.0
2013-08-01 00:00:00-04:00,26.139999389648438,26.22333335876465,26.036666870117188,26.073333740234375,20.254472732543945,15506100,0.0,0.0
2013-08-02 00:00:00-04:00,26.083332061767578,26.25,26.0,26.25,20.391719818115234,18371700,0.0,0.0
2013-08-05 00:00:00-04:00,26.206666946411133,26.333332061767578,26.143333435058594,26.25666618347168,20.39689064025879,11718300,0.0,0.0
2013-08-06 00:00:00-04:00,26.18666648864746,26.190000534057617,25.85333251953125,25.956666946411133,20.163850784301758,20102700,0.0,0.0
2013-08-07 00:00:00-04:00,25.719999313354492,25.876667022705078,25.540000915527344,25.790000915527344,20.156042098999023,17459100,0.156667,0.0
2013-08-08 00:00:00-04:00,25.836666107177734,25.963333129882812,25.643333435058594,25.75,20.124774932861328,13424100,0.0,0.0
2013-08-09 00:00:00-04:00,25.73666763305664,25.773332595825195,25.59000015258789,25.633333206176758,20.033584594726562,17293800,0.0,0.0
2013-08-12 00:00:00-04:00,25.520000457763672,25.796667098999023,25.496667861938477,25.69333267211914,20.080486297607422,17361000,0.0,0.0
2013-08-13 00:00:00-04:00,25.72333335876465,25.75,25.406667709350586,25.6200008392334,20.023168563842773,19143000,0.0,0.0
2013-08-14 00:00:00-04:00,25.60333251953125,25.739999771118164,25.40999984741211,25.46666717529297,19.90333366394043,20460300,0.0,0.0
2013-08-15 00:00:00-04:00,24.81999969482422,25.02666664123535,24.676666259765625,24.803333282470703,19.384912490844727,39664500,0.0,0.0
2013-08-16 00:00:00-04:00,24.706666946411133,24.833332061767578,24.566667556762695,24.703332901000977,19.306758880615234,21763500,0.0,0.0
2013-08-19 00:00:00-04:00,24.626667022705078,24.643333435058594,24.40333366394043,24.52666664123535,19.168684005737305,16094700,0.0,0.0
2013-08-20 00:00:00-04:00,24.516666412353516,24.540000915527344,24.399999618530273,24.40999984741211,19.07750129699707,19989300,0.0,0.0
2013-08-21 00:00:00-04:00,24.386667251586914,24.709999084472656,24.309999465942383,24.516666412353516,19.160869598388672,24233700,0.0,0.0
2013-08-22 00:00:00-04:00,24.60333251953125,24.676666259765625,24.413333892822266,24.48666763305664,19.137422561645508,11842200,0.0,0.0
2013-08-23 00:00:00-04:00,24.549999237060547,24.583332061767578,24.343332290649414,24.479999542236328,19.13220977783203,16422300,0.0,0.0
2013-08-26 00:00:00-04:00,24.546667098999023,24.583332061767578,24.343332290649414,24.343332290649414,19.02539825439453,16044600,0.0,0.0
2013-08-27 00:00:00-04:00,24.226667404174805,24.3700008392334,24.170000076293945,24.286666870117188,18.981117248535156,17362800,0.0,0.0
2013-08-28 00:00:00-04:00,24.219999313354492,24.286666870117188,24.09000015258789,24.126667022705078,18.856060028076172,16825800,0.0,0.0
2013-08-29 00:00:00-04:00,24.116666793823242,24.293333053588867,24.07666778564453,24.143333435058594,18.869094848632812,12264600,0.0,0.0
2013-08-30 00:00:00-04:00,24.213333129882812,24.356666564941406,24.19333267211914,24.32666778564453,19.012374877929688,18198600,0.0,0.0
2013-09-03 00:00:00-04:00,24.49333381652832,24.52666664123535,24.18000030517578,24.226667404174805,18.93422508239746,21471000,0.0,0.0
2013-09-04 00:00:00-04:00,24.233333587646484,24.373332977294922,24.149999618530273,24.303333282470703,18.994136810302734,14002500,0.0,0.0
2013-09-05 00:00:00-04:00,24.280000686645508,24.49333381652832,24.206666946411133,24.22333335876465,18.931608200073242,14041500,0.0,0.0
2013-09-06 00:00:00-04:00,24.233333587646484,24.386667251586914,24.06333351135254,24.196666717529297,18.910768508911133,17370600,0.0,0.0
2013-09-09 00:00:00-04:00,24.28333282470703,24.549999237060547,24.233333587646484,24.503332138061523,19.150449752807617,16569000,0.0,0.0
2013-09-10 00:00:00-04:00,24.553333282470703,24.73666763305664,24.523332595825195,24.65333366394043,19.267677307128906,20535900,0.0,0.0
2013-09-11 00:00:00-04:00,24.666667938232422,24.746667861938477,24.553333282470703,24.683332443237305,19.291128158569336,16007400,0.0,0.0
2013-09-12 00:00:00-04:00,24.726667404174805,24.84000015258789,24.59000015258789,24.636667251586914,19.254657745361328,15785400,0.0,0.0
2013-09-13 00:00:00-04:00,24.709999084472656,24.799999237060547,24.65999984741211,24.786666870117188,19.371883392333984,12061200,0.0,0.0
2013-09-16 00:00:00-04:00,24.96666717529297,25.06333351135254,24.89666748046875,24.926666259765625,19.481304168701172,12601800,0.0,0.0
2013-09-17 00:00:00-04:00,24.946666717529297,25.156667709350586,24.93000030517578,25.049999237060547,19.57769012451172,12875400,0.0,0.0
2013-09-18 00:00:00-04:00,25.053333282470703,25.510000228881836,24.96666717529297,25.47333335876465,19.908544540405273,20645100,0.0,0.0
2013-09-19 00:00:00-04:00,25.5,25.510000228881836,25.206666946411133,25.40333366394043,19.85384178161621,21328500,0.0,0.0
2013-09-20 00:00:00-04:00,25.440000534057617,25.483333587646484,25.27666664123535,25.27666664123535,19.75484275817871,26542800,0.0,0.0
2013-09-23 00:00:00-04:00,25.1299991607666,25.476667404174805,25.066667556762695,25.47333335876465,19.908544540405273,16814100,0.0,0.0
2013-09-24 00:00:00-04:00,25.46666717529297,25.57666778564453,25.229999542236328,25.25,19.7340030670166,20624400,0.0,0.0
2013-09-25 00:00:00-04:00,25.303333282470703,25.31333351135254,24.520000457763672,24.883333206176758,19.447431564331055,44916900,0.0,0.0
2013-09-26 00:00:00-04:00,24.926666259765625,24.99333381652832,24.739999771118164,24.873332977294922,19.439624786376953,15234300,0.0,0.0
2013-09-27 00:00:00-04:00,24.793333053588867,24.81999969482422,24.690000534057617,24.786666870117188,19.371883392333984,12643800,0.0,0.0
2013-09-30 00:00:00-04:00,24.760000228881836,24.866666793823242,24.579999923706055,24.65333366394043,19.267677307128906,20257500,0.0,0.0
2013-10-01 00:00:00-04:00,24.623332977294922,24.6299991607666,24.440000534057617,24.530000686645508,19.171287536621094,17026500,0.0,0.0
2013-10-02 00:00:00-04:00,24.463333129882812,24.573333740234375,24.34666633605957,24.573333740234375,19.20514488220215,22128300,0.0,0.0
2013-10-03 00:00:00-04:00,24.510000228881836,24.510000228881836,24.316667556762695,24.386667251586914,19.05927085876465,21538800,0.0,0.0
2013-10-04 00:00:00-04:00,24.336666107177734,24.459999084472656,24.26333236694336,24.266666412353516,18.965478897094727,17243100,0.0,0.0
2013-10-07 00:00:00-04:00,24.139999389648438,24.139999389648438,23.836666107177734,23.956666946411133,18.723203659057617,20659200,0.0,0.0
2013-10-08 00:00:00-04:00,23.950000762939453,24.39666748046875,23.933332443237305,24.299999237060547,18.991539001464844,27672600,0.0,0.0
2013-10-09 00:00:00-04:00,24.27666664123535,24.446666717529297,24.190000534057617,24.333332061767578,19.017581939697266,19402200,0.0,0.0
2013-10-10 00:00:00-04:00,24.49333381652832,24.956666946411133,24.42333221435547,24.93000030517578,19.48390769958496,23040600,0.0,0.0
2013-10-11 00:00:00-04:00,24.8700008392334,24.94333267211914,24.610000610351562,24.940000534057617,19.491716384887695,19587600,0.0,0.0
2013-10-14 00:00:00-04:00,24.780000686645508,24.90333366394043,24.583332061767578,24.893333435058594,19.455245971679688,17712000,0.0,0.0
2013-10-15 00:00:00-04:00,24.809999465942383,25.123332977294922,24.663333892822266,24.790000915527344,19.374494552612305,26979900,0.0,0.0
2013-10-16 00:00:00-04:00,24.93666648864746,25.206666946411133,24.856666564941406,25.200000762939453,19.694923400878906,17743500,0.0,0.0
2013-10-17 00:00:00-04:00,25.163333892822266,25.373332977294922,23.89666748046875,25.260000228881836,19.741817474365234,19185300,0.0,0.0
2013-10-18 00:00:00-04:00,25.266666412353516,25.309999465942383,25.15999984741211,25.23666763305664,19.723583221435547,20365500,0.0,0.0
2013-10-21 00:00:00-04:00,25.239999771118164,25.273332595825195,24.940000534057617,25.049999237060547,19.57769012451172,16092300,0.0,0.0
2013-10-22 00:00:00-04:00,25.143333435058594,25.496667861938477,25.06999969482422,25.440000534057617,19.882497787475586,20845500,0.0,0.0
2013-10-23 00:00:00-04:00,25.393333435058594,25.450000762939453,25.270000457763672,25.299999237060547,19.773075103759766,17610300,0.0,0.0
2013-10-24 00:00:00-04:00,25.343332290649414,25.503332138061523,25.273332595825195,25.47333335876465,19.908544540405273,17592900,0.0,0.0
2013-10-25 00:00:00-04:00,25.456666946411133,25.586666107177734,25.260000228881836,25.360000610351562,19.819965362548828,19376400,0.0,0.0
2013-10-28 00:00:00-04:00,25.386667251586914,25.73666763305664,25.350000381469727,25.713333129882812,20.096113204956055,21097200,0.0,0.0
2013-10-29 00:00:00-04:00,25.75,25.876667022705078,25.583332061767578,25.68666648864746,20.07528305053711,22312800,0.0,0.0
2013-10-30 00:00:00-04:00,25.75666618347168,25.843332290649414,25.520000457763672,25.636667251586914,20.036195755004883,13938000,0.0,0.0
2013-10-31 00:00:00-04:00,25.626667022705078,25.71666717529297,25.53333282470703,25.583332061767578,19.99451446533203,13837200,0.0,0.0
2013-11-01 00:00:00-04:00,25.656667709350586,25.799999237060547,25.530000686645508,25.690000534057617,20.077878952026367,15348300,0.0,0.0
2013-11-04 00:00:00-05:00,25.739999771118164,25.883333206176758,25.733333587646484,25.77666664123535,20.14561653137207,14112300,0.0,0.0
2013-11-05 00:00:00-05:00,25.60333251953125,25.8700008392334,25.573333740234375,25.80666732788086,20.16905975341797,15256500,0.0,0.0
2013-11-06 00:00:00-05:00,25.8799991607666,26.093332290649414,25.766666412353516,26.053333282470703,20.361845016479492,14487600,0.0,0.0
2013-11-07 00:00:00-05:00,26.06333351135254,26.073333740234375,25.746667861938477,25.836666107177734,20.192506790161133,25042800,0.0,0.0
2013-11-08 00:00:00-05:00,25.829999923706055,25.98666763305664,25.59666633605957,25.98666763305664,20.309738159179688,17381400,0.0,0.0
2013-11-11 00:00:00-05:00,25.953332901000977,26.356666564941406,25.93000030517578,26.336666107177734,20.583274841308594,22351500,0.0,0.0
2013-11-12 00:00:00-05:00,26.28333282470703,26.323333740234375,26.083332061767578,26.23666763305664,20.505128860473633,15798300,0.0,0.0
2013-11-13 00:00:00-05:00,26.139999389648438,26.329999923706055,26.116666793823242,26.299999237060547,20.554628372192383,24860100,0.0,0.0
2013-11-14 00:00:00-05:00,25.916667938232422,26.510000228881836,25.893333435058594,26.360000610351562,20.60150909423828,27906300,0.0,0.0
2013-11-15 00:00:00-05:00,26.309999465942383,26.43000030517578,26.25,26.406667709350586,20.63798713684082,17733300,0.0,0.0
2013-11-18 00:00:00-05:00,26.40999984741211,26.440000534057617,26.303333282470703,26.406667709350586,20.63798713684082,17888100,0.0,0.0
2013-11-19 00:00:00-05:00,26.433332443237305,26.450000762939453,26.293333053588867,26.416667938232422,20.64581298828125,13365000,0.0,0.0
2013-11-20 00:00:00-05:00,26.43666648864746,26.463333129882812,26.163333892822266,26.299999237060547,20.554628372192383,13533900,0.0,0.0
2013-11-21 00:00:00-05:00,26.246667861938477,26.399999618530273,26.183332443237305,26.286666870117188,20.54420280456543,11523000,0.0,0.0
2013-11-22 00:00:00-05:00,26.290000915527344,26.623332977294922,26.25,26.60333251953125,20.791690826416016,14436300,0.0,0.0
2013-11-25 00:00:00-05:00,26.68666648864746,26.856666564941406,26.636667251586914,26.809999465942383,20.95320701599121,17011200,0.0,0.0
2013-11-26 00:00:00-05:00,26.81333351135254,26.893333435058594,26.703332901000977,26.893333435058594,21.01833724975586,16613400,0.0,0.0
2013-11-27 00:00:00-05:00,26.850000381469727,27.0,26.793333053588867,26.976667404174805,21.08346939086914,14439900,0.0,0.0
2013-11-29 00:00:00-05:00,27.05666732788086,27.116666793823242,26.940000534057617,27.003332138061523,21.104307174682617,10341600,0.0,0.0
2013-12-02 00:00:00-05:00,26.963333129882812,27.093332290649414,26.790000915527344,27.036666870117188,21.130361557006836,18535200,0.0,0.0
2013-12-03 00:00:00-05:00,27.06999969482422,27.110000610351562,26.899999618530273,27.06999969482422,21.15640640258789,22519200,0.0,0.0
2013-12-04 00:00:00-05:00,26.8799991607666,27.123332977294922,26.636667251586914,26.739999771118164,21.020156860351562,22923600,0.156667,0.0
2013-12-05 00:00:00-05:00,26.573333740234375,26.59000015258789,26.290000915527344,26.479999542236328,20.81577491760254,19350000,0.0,0.0
2013-12-06 00:00:00-05:00,26.56999969482422,26.74333381652832,26.546667098999023,26.64666748046875,20.94679069519043,15264300,0.0,0.0
2013-12-09 00:00:00-05:00,26.746667861938477,26.809999465942383,26.566667556762695,26.649999618530273,20.949403762817383,13474800,0.0,0.0
2013-12-10 00:00:00-05:00,26.573333740234375,26.600000381469727,26.350000381469727,26.360000610351562,20.721435546875,18857100,0.0,0.0
2013-12-11 00:00:00-05:00,26.366666793823242,26.573333740234375,26.350000381469727,26.363332748413086,20.724056243896484,17996400,0.0,0.0
2013-12-12 00:00:00-05:00,26.3700008392334,26.420000076293945,26.133333206176758,26.166667938232422,20.5694637298584,17074800,0.0,0.0
2013-12-13 00:00:00-05:00,26.24333381652832,26.25666618347168,25.976667404174805,26.02666664123535,20.459402084350586,14943600,0.0,0.0
2013-12-16 00:00:00-05:00,26.083332061767578,26.166667938232422,25.866666793823242,25.913333892822266,20.370323181152344,18440700,0.0,0.0
2013-12-17 00:00:00-05:00,25.913333892822266,25.963333129882812,25.739999771118164,25.75,20.241928100585938,17296200,0.0,0.0
2013-12-18 00:00:00-05:00,25.760000228881836,25.99333381652832,25.60333251953125,25.979999542236328,20.422719955444336,31901100,0.0,0.0
2013-12-19 00:00:00-05:00,25.889999389648438,25.94333267211914,25.733333587646484,25.746667861938477,20.239301681518555,17866200,0.0,0.0
2013-12-20 00:00:00-05:00,25.760000228881836,25.959999084472656,25.75,25.809999465942383,20.289081573486328,28706400,0.0,0.0
2013-12-23 00:00:00-05:00,25.90999984741211,25.996667861938477,25.790000915527344,25.956666946411133,20.404382705688477,13475700,0.0,0.0
2013-12-24 00:00:00-05:00,25.983333587646484,26.079999923706055,25.876667022705078,26.003332138061523,20.441064834594727,6284700,0.0,0.0
2013-12-26 00:00:00-05:00,26.020000457763672,26.17333221435547,25.989999771118164,26.1299991607666,20.540632247924805,8334600,0.0,0.0
2013-12-27 00:00:00-05:00,26.200000762939453,26.309999465942383,26.100000381469727,26.156667709350586,20.561601638793945,9150000,0.0,0.0
2013-12-30 00:00:00-05:00,26.203332901000977,26.293333053588867,26.143333435058594,26.209999084472656,20.60352325439453,9259500,0.0,0.0
2013-12-31 00:00:00-05:00,26.219999313354492,26.290000915527344,26.116666793823242,26.229999542236328,20.61924171447754,11577300,0.0,0.0
2014-01-02 00:00:00-05:00,26.239999771118164,26.489999771118164,26.166667938232422,26.303333282470703,20.67689323425293,20634000,0.0,0.0
2014-01-03 00:00:00-05:00,26.270000457763672,26.376667022705078,26.17333221435547,26.21666717529297,20.608766555786133,14872200,0.0,0.0
2014-01-06 00:00:00-05:00,26.286666870117188,26.303333282470703,25.93000030517578,26.06999969482422,20.493471145629883,21840600,0.0,0.0
2014-01-07 00:00:00-05:00,26.05666732788086,26.28333282470703,25.97333335876465,26.149999618530273,20.55636215209961,15036900,0.0,0.0
2014-01-08 00:00:00-05:00,26.166667938232422,26.170000076293945,25.866666793823242,25.94333267211914,20.393909454345703,17865600,0.0,0.0
2014-01-09 00:00:00-05:00,26.1299991607666,26.133333206176758,25.829999923706055,26.030000686645508,20.462026596069336,17748900,0.0,0.0
2014-01-10 00:00:00-05:00,26.10333251953125,26.239999771118164,25.84666633605957,26.01333236694336,20.448925018310547,15543900,0.0,0.0
2014-01-13 00:00:00-05:00,25.866666793823242,25.989999771118164,25.746667861938477,25.829999923706055,20.3048095703125,18473700,0.0,0.0
2014-01-14 00:00:00-05:00,25.81999969482422,26.0,25.793333053588867,25.98666763305664,20.427968978881836,12264600,0.0,0.0
2014-01-15 00:00:00-05:00,25.98666763305664,26.03333282470703,25.856666564941406,25.886667251586914,20.34935760498047,14977200,0.0,0.0
2014-01-16 00:00:00-05:00,25.796667098999023,25.823333740234375,25.450000762939453,25.586666107177734,20.113527297973633,21604500,0.0,0.0
2014-01-17 00:00:00-05:00,25.57666778564453,25.606666564941406,25.343332290649414,25.39666748046875,19.964174270629883,34322100,0.0,0.0
2014-01-21 00:00:00-05:00,25.416667938232422,25.463333129882812,24.953332901000977,25.280000686645508,19.872453689575195,26913300,0.0,0.0
2014-01-22 00:00:00-05:00,25.360000610351562,25.360000610351562,25.010000228881836,25.116666793823242,19.744054794311523,17561100,0.0,0.0
2014-01-23 00:00:00-05:00,24.946666717529297,25.040000915527344,24.823333740234375,24.98666763305664,19.641864776611328,18018900,0.0,0.0
2014-01-24 00:00:00-05:00,24.90999984741211,25.040000915527344,24.74333381652832,24.80666732788086,19.500370025634766,27998400,0.0,0.0
2014-01-27 00:00:00-05:00,24.709999084472656,24.790000915527344,24.610000610351562,24.71666717529297,19.429628372192383,27266100,0.0,0.0
2014-01-28 00:00:00-05:00,24.753332138061523,25.133333206176758,24.700000762939453,24.889999389648438,19.56588363647461,18070200,0.0,0.0
2014-01-29 00:00:00-05:00,25.09666633605957,25.123332977294922,24.690000534057617,24.700000762939453,19.416532516479492,25301100,0.0,0.0
2014-01-30 00:00:00-05:00,24.84666633605957,25.030000686645508,24.786666870117188,24.916667938232422,19.58684539794922,20198700,0.0,0.0
2014-01-31 00:00:00-05:00,24.639999389648438,25.06333351135254,24.546667098999023,24.893333435058594,19.568500518798828,31634400,0.0,0.0
2014-02-03 00:00:00-05:00,24.729999542236328,24.833332061767578,24.18000030517578,24.219999313354492,19.03919792175293,31292100,0.0,0.0
2014-02-04 00:00:00-05:00,24.22333335876465,24.366666793823242,24.100000381469727,24.24333381652832,19.05754280090332,23266500,0.0,0.0
2014-02-05 00:00:00-05:00,24.09000015258789,24.386667251586914,24.09000015258789,24.290000915527344,19.094228744506836,14322900,0.0,0.0
2014-02-06 00:00:00-05:00,24.323333740234375,24.40333366394043,24.166667938232422,24.273332595825195,19.081117630004883,22059300,0.0,0.0
2014-02-07 00:00:00-05:00,24.350000381469727,24.600000381469727,24.166667938232422,24.583332061767578,19.32481575012207,21862800,0.0,0.0
2014-02-10 00:00:00-05:00,24.530000686645508,24.586666107177734,24.31999969482422,24.586666107177734,19.327430725097656,18612300,0.0,0.0
2014-02-11 00:00:00-05:00,24.633333206176758,24.950000762939453,24.55666732788086,24.933332443237305,19.599946975708008,19533600,0.0,0.0
2014-02-12 00:00:00-05:00,24.739999771118164,25.059999465942383,24.739999771118164,24.98666763305664,19.641864776611328,16019400,0.0,0.0
2014-02-13 00:00:00-05:00,24.893333435058594,25.163333892822266,24.85333251953125,25.1200008392334,19.746685028076172,15750600,0.0,0.0
2014-02-14 00:00:00-05:00,25.133333206176758,25.329999923706055,25.03333282470703,25.26333236694336,19.859352111816406,14726700,0.0,0.0
2014-02-18 00:00:00-05:00,25.163333892822266,25.21666717529297,24.953332901000977,25.110000610351562,19.73882484436035,17981400,0.0,0.0
2014-02-19 00:00:00-05:00,25.003332138061523,25.106666564941406,24.803333282470703,24.950000762939453,19.613052368164062,24390900,0.0,0.0
2014-02-20 00:00:00-05:00,24.350000381469727,24.666667938232422,24.270000457763672,24.50666618347168,19.264549255371094,39237300,0.0,0.0
2014-02-21 00:00:00-05:00,24.39666748046875,24.46666717529297,24.273332595825195,24.373332977294922,19.159732818603516,26913000,0.0,0.0
2014-02-24 00:00:00-05:00,24.413333892822266,24.606666564941406,24.3799991607666,24.450000762939453,19.220003128051758,21964500,0.0,0.0
2014-02-25 00:00:00-05:00,24.393333435058594,24.579999923706055,24.363332748413086,24.450000762939453,19.220003128051758,28448100,0.0,0.0
2014-02-26 00:00:00-05:00,24.64666748046875,25.03333282470703,24.59666633605957,24.926666259765625,19.594707489013672,27066600,0.0,0.0
2014-02-27 00:00:00-05:00,24.926666259765625,24.926666259765625,24.696666717529297,24.85333251953125,19.537057876586914,16344600,0.0,0.0
2014-02-28 00:00:00-05:00,24.82666778564453,25.06333351135254,24.733333587646484,24.899999618530273,19.573740005493164,22333800,0.0,0.0
2014-03-03 00:00:00-05:00,24.829999923706055,24.889999389648438,24.610000610351562,24.706666946411133,19.421772003173828,16042800,0.0,0.0
2014-03-04 00:00:00-05:00,24.92333221435547,25.163333892822266,24.886667251586914,25.043333053588867,19.68641471862793,22631400,0.0,0.0
2014-03-05 00:00:00-05:00,25.106666564941406,25.110000610351562,24.860000610351562,24.933332443237305,19.599946975708008,16574400,0.0,0.0
2014-03-06 00:00:00-05:00,24.953332901000977,25.036666870117188,24.836666107177734,24.959999084472656,19.62090492248535,15319800,0.0,0.0
2014-03-07 00:00:00-05:00,24.98666763305664,24.98666763305664,24.786666870117188,24.860000610351562,19.668380737304688,15163800,0.16,0.0
2014-03-10 00:00:00-04:00,24.84000015258789,24.866666793823242,24.683332443237305,24.809999465942383,19.628816604614258,14481000,0.0,0.0
2014-03-11 00:00:00-04:00,24.906667709350586,24.989999771118164,24.733333587646484,24.97333335876465,19.758037567138672,27016800,0.0,0.0
2014-03-12 00:00:00-04:00,24.950000762939453,25.25,24.940000534057617,25.176666259765625,19.918916702270508,25882800,0.0,0.0
2014-03-13 00:00:00-04:00,25.23666763305664,25.393333435058594,24.969999313354492,24.976667404174805,19.760683059692383,17473500,0.0,0.0
2014-03-14 00:00:00-04:00,24.889999389648438,25.023332595825195,24.75666618347168,24.760000228881836,19.589265823364258,19857000,0.0,0.0
2014-03-17 00:00:00-04:00,24.766666412353516,24.950000762939453,24.670000076293945,24.893333435058594,19.694747924804688,17341200,0.0,0.0
2014-03-18 00:00:00-04:00,24.886667251586914,24.996667861938477,24.816667556762695,24.92333221435547,19.71848487854004,11831400,0.0,0.0
2014-03-19 00:00:00-04:00,24.85333251953125,25.036666870117188,24.67333221435547,24.793333053588867,19.615638732910156,17283300,0.0,0.0
2014-03-20 00:00:00-04:00,24.67333221435547,25.226667404174805,24.6200008392334,25.126667022705078,19.87935447692871,25912500,0.0,0.0
2014-03-21 00:00:00-04:00,25.296667098999023,25.67333221435547,25.149999618530273,25.366666793823242,20.069232940673828,51480600,0.0,0.0
2014-03-24 00:00:00-04:00,25.40333366394043,25.600000381469727,25.3700008392334,25.586666107177734,20.243288040161133,21838500,0.0,0.0
2014-03-25 00:00:00-04:00,25.626667022705078,25.713333129882812,25.386667251586914,25.623332977294922,20.272296905517578,22146600,0.0,0.0
2014-03-26 00:00:00-04:00,25.69333267211914,25.843332290649414,25.40999984741211,25.40999984741211,20.103519439697266,23183400,0.0,0.0
2014-03-27 00:00:00-04:00,25.459999084472656,25.606666564941406,25.34666633605957,25.3799991607666,20.079788208007812,16789800,0.0,0.0
2014-03-28 00:00:00-04:00,25.420000076293945,25.53333282470703,25.25666618347168,25.336666107177734,20.04549789428711,17613300,0.0,0.0
2014-03-31 00:00:00-04:00,25.450000762939453,25.593332290649414,25.34000015258789,25.476667404174805,20.156265258789062,14086800,0.0,0.0
2014-04-01 00:00:00-04:00,25.586666107177734,25.75,25.51333236694336,25.59000015258789,20.245925903320312,17310000,0.0,0.0
2014-04-02 00:00:00-04:00,25.52666664123535,25.729999542236328,25.446666717529297,25.726667404174805,20.354053497314453,18234300,0.0,0.0
2014-04-03 00:00:00-04:00,25.733333587646484,25.850000381469727,25.666667938232422,25.81999969482422,20.427900314331055,18121500,0.0,0.0
2014-04-04 00:00:00-04:00,25.860000610351562,25.96666717529297,25.75,25.770000457763672,20.388341903686523,20280600,0.0,0.0
2014-04-07 00:00:00-04:00,25.74333381652832,25.906667709350586,25.696666717529297,25.770000457763672,20.388341903686523,23027100,0.0,0.0
2014-04-08 00:00:00-04:00,25.696666717529297,26.10333251953125,25.600000381469727,26.059999465942383,20.617778778076172,22496100,0.0,0.0
2014-04-09 00:00:00-04:00,26.066667556762695,26.073333740234375,25.760000228881836,25.989999771118164,20.562393188476562,20633400,0.0,0.0
2014-04-10 00:00:00-04:00,25.983333587646484,26.046667098999023,25.549999237060547,25.6299991607666,20.277576446533203,22798800,0.0,0.0
2014-04-11 00:00:00-04:00,25.593332290649414,25.74333381652832,25.43000030517578,25.5,20.174724578857422,23937000,0.0,0.0
2014-04-14 00:00:00-04:00,25.64666748046875,25.850000381469727,25.59666633605957,25.793333053588867,20.406803131103516,16127700,0.0,0.0
2014-04-15 00:00:00-04:00,25.676666259765625,25.770000457763672,25.479999542236328,25.626667022705078,20.27494239807129,20785800,0.0,0.0
2014-04-16 00:00:00-04:00,25.770000457763672,25.823333740234375,25.676666259765625,25.739999771118164,20.36459732055664,15110400,0.0,0.0
2014-04-17 00:00:00-04:00,25.69333267211914,25.916667938232422,25.69333267211914,25.886667251586914,20.48064422607422,20894100,0.0,0.0
2014-04-21 00:00:00-04:00,25.803333282470703,25.90999984741211,25.726667404174805,25.866666793823242,20.464820861816406,13785300,0.0,0.0
2014-04-22 00:00:00-04:00,25.84000015258789,25.94333267211914,25.796667098999023,25.85333251953125,20.454269409179688,19396500,0.0,0.0
2014-04-23 00:00:00-04:00,25.940000534057617,26.093332290649414,25.856666564941406,26.01333236694336,20.58085823059082,17418600,0.0,0.0
2014-04-24 00:00:00-04:00,26.05666732788086,26.156667709350586,25.899999618530273,26.10333251953125,20.652063369750977,13042500,0.0,0.0
2014-04-25 00:00:00-04:00,26.10333251953125,26.260000228881836,26.00666618347168,26.206666946411133,20.733814239501953,16177800,0.0,0.0
2014-04-28 00:00:00-04:00,26.286666870117188,26.663333892822266,26.27666664123535,26.586666107177734,21.034461975097656,28796100,0.0,0.0
2014-04-29 00:00:00-04:00,26.613332748413086,26.623332977294922,26.523332595825195,26.55666732788086,21.010723114013672,14087100,0.0,0.0
2014-04-30 00:00:00-04:00,26.530000686645508,26.643333435058594,26.503332138061523,26.56999969482422,21.021268844604492,18335100,0.0,0.0
2014-05-01 00:00:00-04:00,26.57666778564453,26.57666778564453,26.386667251586914,26.566667556762695,21.018634796142578,15294000,0.0,0.0
2014-05-02 00:00:00-04:00,26.53333282470703,26.586666107177734,26.336666107177734,26.373332977294922,20.86566734313965,16860000,0.0,0.0
2014-05-05 00:00:00-04:00,26.286666870117188,26.316667556762695,26.170000076293945,26.206666946411133,20.733814239501953,13773000,0.0,0.0
2014-05-06 00:00:00-04:00,26.110000610351562,26.1299991607666,25.989999771118164,26.003332138061523,20.572948455810547,16916700,0.0,0.0
2014-05-07 00:00:00-04:00,25.950000762939453,26.03333282470703,25.843332290649414,25.98666763305664,20.687040328979492,18258600,0.16,0.0
2014-05-08 00:00:00-04:00,26.0,26.27666664123535,26.0,26.229999542236328,20.880752563476562,14461800,0.0,0.0
2014-05-09 00:00:00-04:00,26.17333221435547,26.426666259765625,26.17333221435547,26.399999618530273,21.016082763671875,14689200,0.0,0.0
2014-05-12 00:00:00-04:00,26.316667556762695,26.40999984741211,26.21666717529297,26.383333206176758,21.00282096862793,17999400,0.0,0.0
2014-05-13 00:00:00-04:00,26.389999389648438,26.456666946411133,26.329999923706055,26.3799991607666,21.000164031982422,13091100,0.0,0.0
2014-05-14 00:00:00-04:00,26.350000381469727,26.350000381469727,26.023332595825195,26.246667861938477,20.894020080566406,16824900,0.0,0.0
2014-05-15 00:00:00-04:00,25.426666259765625,25.81333351135254,25.416667938232422,25.610000610351562,20.38718605041504,39107400,0.0,0.0
2014-05-16 00:00:00-04:00,25.666667938232422,25.793333053588867,25.549999237060547,25.670000076293945,20.434961318969727,21731400,0.0,0.0
2014-05-19 00:00:00-04:00,25.703332901000977,25.709999084472656,25.5,25.536666870117188,20.328821182250977,18393900,0.0,0.0
2014-05-20 00:00:00-04:00,25.453332901000977,25.456666946411133,25.17333221435547,25.229999542236328,20.08469581604004,22310100,0.0,0.0
2014-05-21 00:00:00-04:00,25.31333351135254,25.31999969482422,25.09000015258789,25.219999313354492,20.076730728149414,17112300,0.0,0.0
2014-05-22 00:00:00-04:00,25.26333236694336,25.30666732788086,25.079999923706055,25.1299991607666,20.005083084106445,15731100,0.0,0.0
2014-05-23 00:00:00-04:00,25.18666648864746,25.25,25.143333435058594,25.203332901000977,20.063459396362305,11110800,0.0,0.0
2014-05-27 00:00:00-04:00,25.23666763305664,25.270000457763672,25.09666633605957,25.196666717529297,20.05815887451172,16112400,0.0,0.0
2014-05-28 00:00:00-04:00,25.126667022705078,25.31333351135254,25.113332748413086,25.176666259765625,20.042238235473633,15110700,0.0,0.0
2014-05-29 00:00:00-04:00,25.22333335876465,25.39666748046875,25.190000534057617,25.32666778564453,20.161645889282227,12010500,0.0,0.0
2014-05-30 00:00:00-04:00,25.35333251953125,25.60333251953125,25.336666107177734,25.59000015258789,20.371278762817383,17894400,0.0,0.0
2014-06-02 00:00:00-04:00,25.52666664123535,25.703332901000977,25.489999771118164,25.586666107177734,20.36861801147461,13171200,0.0,0.0
2014-06-03 00:00:00-04:00,25.579999923706055,25.656667709350586,25.453332901000977,25.56999969482422,20.355348587036133,21640800,0.0,0.0
2014-06-04 00:00:00-04:00,25.53333282470703,25.766666412353516,25.510000228881836,25.709999084472656,20.466798782348633,18599700,0.0,0.0
2014-06-05 00:00:00-04:00,25.683332443237305,25.81333351135254,25.623332977294922,25.773332595825195,20.51721954345703,14087400,0.0,0.0
2014-06-06 00:00:00-04:00,25.81999969482422,25.863332748413086,25.690000534057617,25.73666763305664,20.4880313873291,12566700,0.0,0.0
2014-06-09 00:00:00-04:00,25.690000534057617,25.920000076293945,25.566667556762695,25.670000076293945,20.434961318969727,16642800,0.0,0.0
2014-06-10 00:00:00-04:00,25.60333251953125,25.64666748046875,25.503332138061523,25.540000915527344,20.331470489501953,10097100,0.0,0.0
2014-06-11 00:00:00-04:00,25.516666412353516,25.579999923706055,25.350000381469727,25.386667251586914,20.20940589904785,13389900,0.0,0.0
2014-06-12 00:00:00-04:00,25.350000381469727,25.39666748046875,25.19333267211914,25.24333381652832,20.095308303833008,16009800,0.0,0.0
2014-06-13 00:00:00-04:00,25.22333335876465,25.253332138061523,25.040000915527344,25.093332290649414,19.97589111328125,14944500,0.0,0.0
2014-06-16 00:00:00-04:00,25.036666870117188,25.15999984741211,25.00666618347168,25.113332748413086,19.991819381713867,11540700,0.0,0.0
2014-06-17 00:00:00-04:00,25.09666633605957,25.139999389648438,24.97333335876465,24.996667861938477,19.898948669433594,19632600,0.0,0.0
2014-06-18 00:00:00-04:00,25.01333236694336,25.31999969482422,24.97333335876465,25.233333587646484,20.08734893798828,20222100,0.0,0.0
2014-06-19 00:00:00-04:00,25.293333053588867,25.426666259765625,25.266666412353516,25.290000915527344,20.13245391845703,15765900,0.0,0.0
2014-06-20 00:00:00-04:00,25.386667251586914,25.389999389648438,25.040000915527344,25.226667404174805,20.082035064697266,33992100,0.0,0.0
2014-06-23 00:00:00-04:00,25.18666648864746,25.31333351135254,25.100000381469727,25.26333236694336,20.11121940612793,12802200,0.0,0.0
2014-06-24 00:00:00-04:00,25.343332290649414,25.40333366394043,25.226667404174805,25.323333740234375,20.15899085998535,16956900,0.0,0.0
2014-06-25 00:00:00-04:00,25.253332138061523,25.280000686645508,25.093332290649414,25.206666946411133,20.06611442565918,12954600,0.0,0.0
2014-06-26 00:00:00-04:00,25.17333221435547,25.203332901000977,24.899999618530273,24.969999313354492,19.877714157104492,20766300,0.0,0.0
2014-06-27 00:00:00-04:00,24.933332443237305,25.126667022705078,24.889999389648438,25.113332748413086,19.991819381713867,41882400,0.0,0.0
2014-06-30 00:00:00-04:00,25.133333206176758,25.229999542236328,24.979999542236328,25.023332595825195,19.920167922973633,19961400,0.0,0.0
2014-07-01 00:00:00-04:00,25.09000015258789,25.139999389648438,24.916667938232422,25.093332290649414,19.97589111328125,19813500,0.0,0.0
2014-07-02 00:00:00-04:00,25.086666107177734,25.299999237060547,25.083332061767578,25.206666946411133,20.06611442565918,13100400,0.0,0.0
2014-07-03 00:00:00-04:00,25.203332901000977,25.350000381469727,25.17333221435547,25.25,20.100605010986328,8622000,0.0,0.0
2014-07-07 00:00:00-04:00,25.229999542236328,25.40333366394043,25.183332443237305,25.356666564941406,20.18552589416504,15084000,0.0,0.0
2014-07-08 00:00:00-04:00,25.363332748413086,25.65999984741211,25.343332290649414,25.549999237060547,20.339426040649414,23881500,0.0,0.0
2014-07-09 00:00:00-04:00,25.59000015258789,25.77666664123535,25.540000915527344,25.73666763305664,20.4880313873291,18720300,0.0,0.0
2014-07-10 00:00:00-04:00,25.636667251586914,25.856666564941406,25.636667251586914,25.68666648864746,20.44822883605957,16117500,0.0,0.0
2014-07-11 00:00:00-04:00,25.623332977294922,25.656667709350586,25.520000457763672,25.606666564941406,20.38454246520996,13642500,0.0,0.0
2014-07-14 00:00:00-04:00,25.709999084472656,25.75,25.49333381652832,25.516666412353516,20.312896728515625,14468700,0.0,0.0
2014-07-15 00:00:00-04:00,25.520000457763672,25.643333435058594,25.520000457763672,25.613332748413086,20.389846801757812,13970700,0.0,0.0
2014-07-16 00:00:00-04:00,25.633333206176758,25.683332443237305,25.566667556762695,25.6200008392334,20.395156860351562,11172600,0.0,0.0
2014-07-17 00:00:00-04:00,25.52666664123535,25.683332443237305,25.479999542236328,25.536666870117188,20.328821182250977,13890900,0.0,0.0
2014-07-18 00:00:00-04:00,25.540000915527344,25.700000762939453,25.503332138061523,25.696666717529297,20.45619010925293,14739900,0.0,0.0
2014-07-21 00:00:00-04:00,25.586666107177734,25.636667251586914,25.49333381652832,25.59000015258789,20.371278762817383,10372800,0.0,0.0
2014-07-22 00:00:00-04:00,25.613332748413086,25.6299991607666,25.46666717529297,25.546667098999023,20.336782455444336,13149600,0.0,0.0
2014-07-23 00:00:00-04:00,25.543333053588867,25.68666648864746,25.530000686645508,25.663333892822266,20.42965316772461,11982900,0.0,0.0
2014-07-24 00:00:00-04:00,25.559999465942383,25.59666633605957,25.39666748046875,25.450000762939453,20.25981903076172,21684900,0.0,0.0
2014-07-25 00:00:00-04:00,25.39666748046875,25.453332901000977,25.266666412353516,25.323333740234375,20.15899085998535,11845200,0.0,0.0
2014-07-28 00:00:00-04:00,25.143333435058594,25.309999465942383,25.1200008392334,25.23666763305664,20.089996337890625,16529700,0.0,0.0
2014-07-29 00:00:00-04:00,25.06999969482422,25.336666107177734,25.049999237060547,25.14666748046875,20.018348693847656,18880500,0.0,0.0
2014-07-30 00:00:00-04:00,25.293333053588867,25.30666732788086,24.889999389648438,24.926666259765625,19.843219757080078,29931600,0.0,0.0
2014-07-31 00:00:00-04:00,24.663333892822266,24.75,24.51333236694336,24.52666664123535,19.524789810180664,28894800,0.0,0.0
2014-08-01 00:00:00-04:00,24.440000534057617,24.626667022705078,24.406667709350586,24.51333236694336,19.514179229736328,24671700,0.0,0.0
2014-08-04 00:00:00-04:00,24.459999084472656,24.543333053588867,24.35333251953125,24.51333236694336,19.514179229736328,16206300,0.0,0.0
2014-08-05 00:00:00-04:00,24.43666648864746,24.50666618347168,24.25666618347168,24.446666717529297,19.46110725402832,31739700,0.0,0.0
2014-08-06 00:00:00-04:00,24.39666748046875,24.76333236694336,24.393333435058594,24.733333587646484,19.819026947021484,23804400,0.16,0.0
2014-08-07 00:00:00-04:00,24.780000686645508,24.93666648864746,24.586666107177734,24.649999618530273,19.752256393432617,21147000,0.0,0.0
2014-08-08 00:00:00-04:00,24.68666648864746,24.90999984741211,24.616666793823242,24.889999389648438,19.94456672668457,14988900,0.0,0.0
2014-08-11 00:00:00-04:00,24.76333236694336,24.866666793823242,24.67333221435547,24.786666870117188,19.861764907836914,14164200,0.0,0.0
2014-08-12 00:00:00-04:00,24.770000457763672,24.81333351135254,24.670000076293945,24.739999771118164,19.824373245239258,11784600,0.0,0.0
2014-08-13 00:00:00-04:00,24.75666618347168,24.803333282470703,24.503332138061523,24.676666259765625,19.773611068725586,19857300,0.0,0.0
2014-08-14 00:00:00-04:00,24.6299991607666,24.809999465942383,24.536666870117188,24.796667098999023,19.869775772094727,18408900,0.0,0.0
2014-08-15 00:00:00-04:00,24.883333206176758,24.883333206176758,24.496667861938477,24.633333206176758,19.738893508911133,20828100,0.0,0.0
2014-08-18 00:00:00-04:00,24.71666717529297,24.893333435058594,24.683332443237305,24.829999923706055,19.896488189697266,12047100,0.0,0.0
2014-08-19 00:00:00-04:00,24.93666648864746,24.979999542236328,24.713333129882812,24.959999084472656,20.00065803527832,15143700,0.0,0.0
2014-08-20 00:00:00-04:00,24.94333267211914,25.016666412353516,24.836666107177734,24.98666763305664,20.022018432617188,14694900,0.0,0.0
2014-08-21 00:00:00-04:00,25.020000457763672,25.303333282470703,25.0,25.183332443237305,20.179615020751953,15781800,0.0,0.0
2014-08-22 00:00:00-04:00,25.260000228881836,25.399999618530273,25.213333129882812,25.24333381652832,20.227691650390625,12413400,0.0,0.0
2014-08-25 00:00:00-04:00,25.309999465942383,25.34000015258789,25.170000076293945,25.229999542236328,20.217004776000977,10180800,0.0,0.0
2014-08-26 00:00:00-04:00,25.27666664123535,25.383333206176758,25.14666748046875,25.17333221435547,20.171600341796875,12668700,0.0,0.0
2014-08-27 00:00:00-04:00,25.170000076293945,25.286666870117188,25.14666748046875,25.28333282470703,20.25974464416504,9601200,0.0,0.0
2014-08-28 00:00:00-04:00,25.156667709350586,25.31333351135254,25.156667709350586,25.299999237060547,20.273099899291992,8771100,0.0,0.0
2014-08-29 00:00:00-04:00,25.25,25.293333053588867,25.09666633605957,25.166667938232422,20.166261672973633,15241500,0.0,0.0
2014-09-02 00:00:00-04:00,25.139999389648438,25.31333351135254,25.136667251586914,25.25,20.2330379486084,13597200,0.0,0.0
2014-09-03 00:00:00-04:00,25.316667556762695,25.44333267211914,25.293333053588867,25.336666107177734,20.302480697631836,14128200,0.0,0.0
2014-09-04 00:00:00-04:00,25.386667251586914,25.53333282470703,25.3700008392334,25.520000457763672,20.449390411376953,15846900,0.0,0.0
2014-09-05 00:00:00-04:00,25.50666618347168,25.90999984741211,25.49333381652832,25.836666107177734,20.703134536743164,23525400,0.0,0.0
2014-09-08 00:00:00-04:00,25.709999084472656,25.773332595825195,25.476667404174805,25.510000228881836,20.44137954711914,17816700,0.0,0.0
2014-09-09 00:00:00-04:00,25.520000457763672,25.666667938232422,25.389999389648438,25.579999923706055,20.497461318969727,16896000,0.0,0.0
2014-09-10 00:00:00-04:00,25.59666633605957,25.69333267211914,25.456666946411133,25.503332138061523,20.436033248901367,20091300,0.0,0.0
2014-09-11 00:00:00-04:00,25.450000762939453,25.479999542236328,25.363332748413086,25.366666793823242,20.326522827148438,14859900,0.0,0.0
2014-09-12 00:00:00-04:00,25.323333740234375,25.350000381469727,25.219999313354492,25.25666618347168,20.23838233947754,16956900,0.0,0.0
2014-09-15 00:00:00-04:00,25.260000228881836,25.296667098999023,25.203332901000977,25.270000457763672,20.249065399169922,11245500,0.0,0.0
2014-09-16 00:00:00-04:00,25.213333129882812,25.523332595825195,25.200000762939453,25.440000534057617,20.385286331176758,12328500,0.0,0.0
2014-09-17 00:00:00-04:00,25.453332901000977,25.489999771118164,25.336666107177734,25.413333892822266,20.36391258239746,12717000,0.0,0.0
2014-09-18 00:00:00-04:00,25.43666648864746,25.52666664123535,25.303333282470703,25.406667709350586,20.358572006225586,14255100,0.0,0.0
2014-09-19 00:00:00-04:00,25.483333587646484,25.690000534057617,25.459999084472656,25.613332748413086,20.5241756439209,39970500,0.0,0.0
2014-09-22 00:00:00-04:00,25.59666633605957,25.6200008392334,25.416667938232422,25.43666648864746,20.38261604309082,13352100,0.0,0.0
2014-09-23 00:00:00-04:00,25.333332061767578,25.406667709350586,25.190000534057617,25.200000762939453,20.192968368530273,20124000,0.0,0.0
2014-09-24 00:00:00-04:00,25.24333381652832,25.770000457763672,25.233333587646484,25.69333267211914,20.58827781677246,25303800,0.0,0.0
2014-09-25 00:00:00-04:00,25.643333435058594,25.683332443237305,25.373332977294922,25.373332977294922,20.33185577392578,14890500,0.0,0.0
2014-09-26 00:00:00-04:00,25.416667938232422,25.523332595825195,25.286666870117188,25.496667861938477,20.43069076538086,11258700,0.0,0.0
2014-09-29 00:00:00-04:00,25.35333251953125,25.416667938232422,25.21666717529297,25.360000610351562,20.321178436279297,14877900,0.0,0.0
2014-09-30 00:00:00-04:00,25.34666633605957,25.573333740234375,25.25666618347168,25.489999771118164,20.425350189208984,16922100,0.0,0.0
2014-10-01 00:00:00-04:00,25.503332138061523,25.6200008392334,25.303333282470703,25.373332977294922,20.33185577392578,19574700,0.0,0.0
2014-10-02 00:00:00-04:00,25.40333366394043,25.636667251586914,25.31999969482422,25.40999984741211,20.361248016357422,14763600,0.0,0.0
2014-10-03 00:00:00-04:00,25.523332595825195,25.82666778564453,25.510000228881836,25.773332595825195,20.652381896972656,17459100,0.0,0.0
2014-10-06 00:00:00-04:00,25.683332443237305,25.97333335876465,25.663333892822266,25.78333282470703,20.660398483276367,16289100,0.0,0.0
2014-10-07 00:00:00-04:00,25.676666259765625,25.89666748046875,25.573333740234375,25.766666412353516,20.647045135498047,21179700,0.0,0.0
2014-10-08 00:00:00-04:00,25.803333282470703,26.163333892822266,25.60333251953125,26.079999923706055,20.898120880126953,24321300,0.0,0.0
2014-10-09 00:00:00-04:00,26.036666870117188,26.27666664123535,25.886667251586914,25.953332901000977,20.79662322998047,21218100,0.0,0.0
2014-10-10 00:00:00-04:00,25.976667404174805,26.456666946411133,25.976667404174805,26.09666633605957,20.91147232055664,30234000,0.0,0.0
2014-10-13 00:00:00-04:00,26.010000228881836,26.19333267211914,25.816667556762695,25.85333251953125,20.716489791870117,24603600,0.0,0.0
2014-10-14 00:00:00-04:00,25.94333267211914,26.209999084472656,25.889999389648438,25.99333381652832,20.828672409057617,23703300,0.0,0.0
2014-10-15 00:00:00-04:00,25.860000610351562,25.89666748046875,24.786666870117188,25.066667556762695,20.08612632751465,63173100,0.0,0.0
2014-10-16 00:00:00-04:00,24.40999984741211,24.690000534057617,24.203332901000977,24.606666564941406,19.7175235748291,43039800,0.0,0.0
2014-10-17 00:00:00-04:00,24.726667404174805,24.833332061767578,24.343332290649414,24.700000762939453,19.792322158813477,34386900,0.0,0.0
2014-10-20 00:00:00-04:00,24.713333129882812,25.073333740234375,24.639999389648438,25.046667098999023,20.070098876953125,21122100,0.0,0.0
2014-10-21 00:00:00-04:00,25.059999465942383,25.399999618530273,25.003332138061523,25.34000015258789,20.305156707763672,24899100,0.0,0.0
2014-10-22 00:00:00-04:00,25.489999771118164,25.553333282470703,25.336666107177734,25.343332290649414,20.307819366455078,17782800,0.0,0.0
2014-10-23 00:00:00-04:00,25.456666946411133,25.549999237060547,25.260000228881836,25.416667938232422,20.36658477783203,19101300,0.0,0.0
2014-10-24 00:00:00-04:00,25.376667022705078,25.5,25.166667938232422,25.459999084472656,20.40131378173828,13438800,0.0,0.0
2014-10-27 00:00:00-04:00,25.44333267211914,25.65999984741211,25.43666648864746,25.530000686645508,20.4574031829834,12322200,0.0,0.0
2014-10-28 00:00:00-04:00,25.543333053588867,25.600000381469727,25.333332061767578,25.450000762939453,20.393295288085938,14938800,0.0,0.0
2014-10-29 00:00:00-04:00,25.516666412353516,25.546667098999023,25.323333740234375,25.463333129882812,20.403980255126953,17279100,0.0,0.0
2014-10-30 00:00:00-04:00,25.389999389648438,25.53333282470703,25.32666778564453,25.483333587646484,20.42000961303711,14617200,0.0,0.0
2014-10-31 00:00:00-04:00,25.6299991607666,25.799999237060547,25.336666107177734,25.42333221435547,20.371931076049805,22712100,0.0,0.0
2014-11-03 00:00:00-05:00,25.450000762939453,25.459999084472656,25.196666717529297,25.426666259765625,20.37459945678711,20683200,0.0,0.0
2014-11-04 00:00:00-05:00,25.496667861938477,25.790000915527344,25.426666259765625,25.753332138061523,20.636356353759766,20714700,0.0,0.0
2014-11-05 00:00:00-05:00,25.956666946411133,26.07666778564453,25.766666412353516,25.899999618530273,20.753877639770508,17021400,0.0,0.0
2014-11-06 00:00:00-05:00,26.049999237060547,26.059999465942383,25.72333335876465,25.93666648864746,20.783262252807617,13865700,0.0,0.0
2014-11-07 00:00:00-05:00,25.946666717529297,26.360000610351562,25.8700008392334,26.25666618347168,21.0396785736084,28496400,0.0,0.0
2014-11-10 00:00:00-05:00,26.200000762939453,26.709999084472656,26.139999389648438,26.479999542236328,21.218645095825195,37921500,0.0,0.0
2014-11-11 00:00:00-05:00,26.46666717529297,26.47333335876465,26.28333282470703,26.336666107177734,21.103790283203125,16807200,0.0,0.0
2014-11-12 00:00:00-05:00,26.27666664123535,26.479999542236328,26.21666717529297,26.399999618530273,21.154539108276367,20373600,0.0,0.0
2014-11-13 00:00:00-05:00,26.98666763305664,27.68666648864746,26.953332901000977,27.64666748046875,22.153507232666016,68437200,0.0,0.0
2014-11-14 00:00:00-05:00,27.52666664123535,27.71666717529297,27.366666793823242,27.65333366394043,22.158851623535156,31909800,0.0,0.0
2014-11-17 00:00:00-05:00,27.52666664123535,27.906667709350586,27.510000228881836,27.856666564941406,22.321773529052734,23980200,0.0,0.0
2014-11-18 00:00:00-05:00,27.833332061767578,27.97333335876465,27.780000686645508,27.93000030517578,22.380537033081055,18289200,0.0,0.0
2014-11-19 00:00:00-05:00,27.98666763305664,28.546667098999023,27.97333335876465,28.329999923706055,22.701068878173828,36569400,0.0,0.0
2014-11-20 00:00:00-05:00,28.270000457763672,28.43000030517578,28.01333236694336,28.19333267211914,22.591556549072266,23438100,0.0,0.0
2014-11-21 00:00:00-05:00,28.446666717529297,28.479999542236328,28.19333267211914,28.21666717529297,22.610244750976562,19948800,0.0,0.0
2014-11-24 00:00:00-05:00,28.28333282470703,28.536666870117188,28.25666618347168,28.46666717529297,22.81057357788086,23986500,0.0,0.0
2014-11-25 00:00:00-05:00,28.5,28.503332138061523,28.1299991607666,28.316667556762695,22.69037628173828,20026500,0.0,0.0
2014-11-26 00:00:00-05:00,28.299999237060547,28.3700008392334,28.15999984741211,28.32666778564453,22.698392868041992,11828400,0.0,0.0
2014-11-28 00:00:00-05:00,28.726667404174805,29.363332748413086,28.633333206176758,29.18000030517578,23.38217544555664,23461800,0.0,0.0
2014-12-01 00:00:00-05:00,28.906667709350586,29.023332595825195,28.583332061767578,28.739999771118164,23.02959632873535,27422700,0.0,0.0
2014-12-02 00:00:00-05:00,28.75666618347168,28.899999618530273,28.643333435058594,28.799999237060547,23.077678680419922,20298900,0.0,0.0
2014-12-03 00:00:00-05:00,28.649999618530273,28.666667938232422,28.226667404174805,28.31333351135254,22.814453125,19122900,0.16,0.0
2014-12-04 00:00:00-05:00,28.043333053588867,28.273332595825195,27.883333206176758,28.253332138061523,22.76610565185547,20704200,0.0,0.0
2014-12-05 00:00:00-05:00,28.270000457763672,28.273332595825195,27.836666107177734,28.040000915527344,22.59421157836914,19710300,0.0,0.0
2014-12-08 00:00:00-05:00,28.049999237060547,28.22333335876465,27.950000762939453,28.07666778564453,22.623756408691406,18798000,0.0,0.0
2014-12-09 00:00:00-05:00,27.883333206176758,28.06999969482422,27.549999237060547,27.85333251953125,22.443798065185547,19900800,0.0,0.0
2014-12-10 00:00:00-05:00,27.976667404174805,28.10333251953125,27.633333206176758,27.65999984741211,22.288015365600586,20920800,0.0,0.0
2014-12-11 00:00:00-05:00,27.733333587646484,28.166667938232422,27.719999313354492,27.94333267211914,22.516319274902344,24098400,0.0,0.0
2014-12-12 00:00:00-05:00,27.84000015258789,28.333332061767578,27.84000015258789,27.93666648864746,22.51094627380371,21852300,0.0,0.0
2014-12-15 00:00:00-05:00,28.086666107177734,28.233333587646484,27.683332443237305,27.979999542236328,22.54586410522461,18953100,0.0,0.0
2014-12-16 00:00:00-05:00,27.873332977294922,28.253332138061523,27.64666748046875,27.65333366394043,22.28264045715332,22312200,0.0,0.0
2014-12-17 00:00:00-05:00,27.760000228881836,28.086666107177734,27.649999618530273,28.07666778564453,22.623756408691406,19923000,0.0,0.0
2014-12-18 00:00:00-05:00,28.266666412353516,28.649999618530273,28.093332290649414,28.64666748046875,23.083057403564453,25937700,0.0,0.0
2014-12-19 00:00:00-05:00,28.753332138061523,28.780000686645508,28.386667251586914,28.386667251586914,22.87354850769043,36206400,0.0,0.0
2014-12-22 00:00:00-05:00,28.440000534057617,28.799999237060547,28.43000030517578,28.793333053588867,23.201234817504883,13727400,0.0,0.0
2014-12-23 00:00:00-05:00,28.89666748046875,29.02666664123535,28.786666870117188,28.886667251586914,23.27644157409668,16657800,0.0,0.0
2014-12-24 00:00:00-05:00,28.989999771118164,29.023332595825195,28.796667098999023,28.809999465942383,23.214662551879883,7475400,0.0,0.0
2014-12-26 00:00:00-05:00,28.726667404174805,29.046667098999023,28.670000076293945,28.969999313354492,23.343591690063477,9747900,0.0,0.0
2014-12-29 00:00:00-05:00,28.81999969482422,29.023332595825195,28.799999237060547,28.8799991607666,23.27106475830078,10816800,0.0,0.0
2014-12-30 00:00:00-05:00,28.84000015258789,29.043333053588867,28.82666778564453,28.93000030517578,23.31136131286621,9796200,0.0,0.0
2014-12-31 00:00:00-05:00,29.02666664123535,29.14666748046875,28.6200008392334,28.626667022705078,23.066932678222656,12454200,0.0,0.0
2015-01-02 00:00:00-05:00,28.75666618347168,28.906667709350586,28.516666412353516,28.633333206176758,23.072301864624023,13505400,0.0,0.0
2015-01-05 00:00:00-05:00,28.573333740234375,28.773332595825195,28.503332138061523,28.549999237060547,23.005157470703125,20937000,0.0,0.0
2015-01-06 00:00:00-05:00,28.65999984741211,28.916667938232422,28.59666633605957,28.770000457763672,23.182432174682617,24615300,0.0,0.0
2015-01-07 00:00:00-05:00,28.926666259765625,29.559999465942383,28.889999389648438,29.53333282470703,23.797515869140625,25495200,0.0,0.0
2015-01-08 00:00:00-05:00,29.73666763305664,30.22333335876465,29.690000534057617,30.156667709350586,24.299785614013672,38140800,0.0,0.0
2015-01-09 00:00:00-05:00,30.106666564941406,30.1299991607666,29.75,29.78333282470703,23.998964309692383,25567500,0.0,0.0
2015-01-12 00:00:00-05:00,29.786666870117188,30.10333251953125,29.739999771118164,30.00666618347168,24.17891502380371,22117500,0.0,0.0
2015-01-13 00:00:00-05:00,30.266666412353516,30.323333740234375,29.643333435058594,29.770000457763672,23.988216400146484,24646200,0.0,0.0
2015-01-14 00:00:00-05:00,29.21666717529297,29.50666618347168,28.833332061767578,28.8700008392334,23.263010025024414,35862900,0.0,0.0
2015-01-15 00:00:00-05:00,29.0,29.260000228881836,28.899999618530273,29.126667022705078,23.469829559326172,28238100,0.0,0.0
2015-01-16 00:00:00-05:00,29.066667556762695,29.15333366394043,28.74333381652832,28.92333221435547,23.305984497070312,25226700,0.0,0.0
2015-01-20 00:00:00-05:00,28.940000534057617,29.233333587646484,28.516666412353516,28.89666748046875,23.28449821472168,23559300,0.0,0.0
2015-01-21 00:00:00-05:00,28.700000762939453,28.969999313354492,28.56999969482422,28.8799991607666,23.27106475830078,24521400,0.0,0.0
2015-01-22 00:00:00-05:00,29.07666778564453,29.46666717529297,28.953332901000977,29.433332443237305,23.716938018798828,21371400,0.0,0.0
2015-01-23 00:00:00-05:00,29.47333335876465,29.753332138061523,29.296667098999023,29.503332138061523,23.773340225219727,22697400,0.0,0.0
2015-01-26 00:00:00-05:00,29.43666648864746,29.719999313354492,29.373332977294922,29.543333053588867,23.805574417114258,14000100,0.0,0.0
2015-01-27 00:00:00-05:00,29.426666259765625,29.48666763305664,29.086666107177734,29.176666259765625,23.5101261138916,18061500,0.0,0.0
2015-01-28 00:00:00-05:00,29.34000015258789,29.40999984741211,28.92333221435547,28.940000534057617,23.319414138793945,17810400,0.0,0.0
2015-01-29 00:00:00-05:00,29.023332595825195,29.239999771118164,28.75666618347168,29.239999771118164,23.561153411865234,19568400,0.0,0.0
2015-01-30 00:00:00-05:00,28.926666259765625,29.1200008392334,28.299999237060547,28.32666778564453,22.825206756591797,30840600,0.0,0.0
2015-02-02 00:00:00-05:00,28.26333236694336,28.623332977294922,27.976667404174805,28.56999969482422,23.02128028869629,20781600,0.0,0.0
2015-02-03 00:00:00-05:00,28.610000610351562,28.843332290649414,28.553333282470703,28.729999542236328,23.150196075439453,24850500,0.0,0.0
2015-02-04 00:00:00-05:00,28.703332901000977,29.01333236694336,28.666667938232422,28.883333206176758,23.27375602722168,26796900,0.0,0.0
2015-02-05 00:00:00-05:00,29.036666870117188,29.1200008392334,28.85333251953125,29.093332290649414,23.44297218322754,15272400,0.0,0.0
2015-02-06 00:00:00-05:00,29.086666107177734,29.333332061767578,28.926666259765625,29.110000610351562,23.45639991760254,16852800,0.0,0.0
2015-02-09 00:00:00-05:00,28.989999771118164,29.06333351135254,28.546667098999023,28.636667251586914,23.075000762939453,16368600,0.0,0.0
2015-02-10 00:00:00-05:00,28.873332977294922,29.136667251586914,28.80666732788086,29.09666633605957,23.44565773010254,17196300,0.0,0.0
2015-02-11 00:00:00-05:00,28.876667022705078,29.040000915527344,28.639999389648438,28.780000686645508,23.19049072265625,17559300,0.0,0.0
2015-02-12 00:00:00-05:00,28.85333251953125,28.893333435058594,28.40999984741211,28.6299991607666,23.069622039794922,20824800,0.0,0.0
2015-02-13 00:00:00-05:00,28.613332748413086,28.719999313354492,28.440000534057617,28.60333251953125,23.048133850097656,16791000,0.0,0.0
2015-02-17 00:00:00-05:00,28.476667404174805,28.656667709350586,28.323333740234375,28.65333366394043,23.08842658996582,15261600,0.0,0.0
2015-02-18 00:00:00-05:00,28.65333366394043,28.766666412353516,28.50666618347168,28.76333236694336,23.177061080932617,18098100,0.0,0.0
2015-02-19 00:00:00-05:00,28.166667938232422,28.266666412353516,27.796667098999023,27.84000015258789,22.43305778503418,55940400,0.0,0.0
2015-02-20 00:00:00-05:00,27.57666778564453,28.126667022705078,27.516666412353516,28.100000381469727,22.642555236816406,41521200,0.0,0.0
2015-02-23 00:00:00-05:00,28.1299991607666,28.286666870117188,28.07666778564453,28.200000762939453,22.72313690185547,20191200,0.0,0.0
2015-02-24 00:00:00-05:00,28.17333221435547,28.273332595825195,27.97333335876465,28.190000534057617,22.71507453918457,15593100,0.0,0.0
2015-02-25 00:00:00-05:00,28.209999084472656,28.239999771118164,27.84000015258789,27.856666564941406,22.44647789001465,20425200,0.0,0.0
2015-02-26 00:00:00-05:00,27.950000762939453,27.953332901000977,27.75666618347168,27.933332443237305,22.508258819580078,17664300,0.0,0.0
2015-02-27 00:00:00-05:00,27.906667709350586,28.053333282470703,27.799999237060547,27.976667404174805,22.543174743652344,17632200,0.0,0.0
2015-03-02 00:00:00-05:00,27.976667404174805,28.0,27.733333587646484,27.98666763305664,22.55123519897461,18184500,0.0,0.0
2015-03-03 00:00:00-05:00,27.886667251586914,27.940000534057617,27.72333335876465,27.790000915527344,22.392765045166016,19382400,0.0,0.0
2015-03-04 00:00:00-05:00,27.73666763305664,27.73666763305664,27.399999618530273,27.52666664123535,22.180570602416992,18643200,0.0,0.0
2015-03-05 00:00:00-05:00,27.71666717529297,27.956666946411133,27.65333366394043,27.856666564941406,22.44647789001465,17992500,0.0,0.0
2015-03-06 00:00:00-05:00,27.60333251953125,27.700000762939453,27.459999084472656,27.530000686645508,22.183259963989258,17193000,0.0,0.0
2015-03-09 00:00:00-04:00,27.530000686645508,27.780000686645508,27.51333236694336,27.626667022705078,22.261150360107422,14014500,0.0,0.0
2015-03-10 00:00:00-04:00,27.42333221435547,27.5,27.356666564941406,27.356666564941406,22.043590545654297,18933300,0.0,0.0
2015-03-11 00:00:00-04:00,27.273332595825195,27.323333740234375,26.84666633605957,26.89666748046875,21.803098678588867,18482700,0.163333,0.0
2015-03-12 00:00:00-04:00,26.93666648864746,27.373332977294922,26.926666259765625,27.299999237060547,22.130050659179688,15677400,0.0,0.0
2015-03-13 00:00:00-04:00,27.316667556762695,27.416667938232422,27.09666633605957,27.299999237060547,22.130050659179688,14286600,0.0,0.0
2015-03-16 00:00:00-04:00,27.483333587646484,27.790000915527344,27.479999542236328,27.76333236694336,22.505643844604492,19557300,0.0,0.0
2015-03-17 00:00:00-04:00,27.65999984741211,27.670000076293945,27.413333892822266,27.540000915527344,22.324607849121094,14406000,0.0,0.0
2015-03-18 00:00:00-04:00,27.32666778564453,27.65333366394043,27.053333282470703,27.510000228881836,22.300291061401367,30756900,0.0,0.0
2015-03-19 00:00:00-04:00,27.44333267211914,27.479999542236328,27.123332977294922,27.17333221435547,22.027374267578125,21638700,0.0,0.0
2015-03-20 00:00:00-04:00,27.27666664123535,27.829999923706055,27.23666763305664,27.746667861938477,22.49213218688965,37095900,0.0,0.0
2015-03-23 00:00:00-04:00,27.726667404174805,27.96666717529297,27.706666946411133,27.770000457763672,22.511051177978516,19517100,0.0,0.0
2015-03-24 00:00:00-04:00,27.729999542236328,27.90333366394043,27.65333366394043,27.683332443237305,22.4407958984375,16077300,0.0,0.0
2015-03-25 00:00:00-04:00,27.696666717529297,27.75,27.10333251953125,27.106666564941406,21.973337173461914,19937700,0.0,0.0
2015-03-26 00:00:00-04:00,26.976667404174805,27.43666648864746,26.883333206176758,27.296667098999023,22.127355575561523,24801600,0.0,0.0
2015-03-27 00:00:00-04:00,27.28333282470703,27.393333435058594,27.083332061767578,27.116666793823242,21.981443405151367,17152200,0.0,0.0
2015-03-30 00:00:00-04:00,27.233333587646484,27.600000381469727,27.143333435058594,27.510000228881836,22.300291061401367,17105100,0.0,0.0
2015-03-31 00:00:00-04:00,27.463333129882812,27.68000030517578,27.416667938232422,27.416667938232422,22.224626541137695,16763100,0.0,0.0
2015-04-01 00:00:00-04:00,27.426666259765625,27.426666259765625,26.809999465942383,26.90333366394043,21.808504104614258,24920100,0.0,0.0
2015-04-02 00:00:00-04:00,26.90999984741211,27.106666564941406,26.850000381469727,26.90999984741211,21.813901901245117,17387100,0.0,0.0
2015-04-06 00:00:00-04:00,26.81999969482422,27.110000610351562,26.71666717529297,26.996667861938477,21.88416862487793,19142100,0.0,0.0
2015-04-07 00:00:00-04:00,27.030000686645508,27.09666633605957,26.81999969482422,26.833332061767578,21.751766204833984,19818300,0.0,0.0
2015-04-08 00:00:00-04:00,26.796667098999023,27.07666778564453,26.786666870117188,27.010000228881836,21.89497184753418,20084100,0.0,0.0
2015-04-09 00:00:00-04:00,26.946666717529297,27.1299991607666,26.860000610351562,26.946666717529297,21.843637466430664,11770800,0.0,0.0
2015-04-10 00:00:00-04:00,26.953332901000977,27.0,26.850000381469727,26.883333206176758,21.792301177978516,16440900,0.0,0.0
2015-04-13 00:00:00-04:00,26.799999237060547,26.97333335876465,26.75666618347168,26.76333236694336,21.69502067565918,14094300,0.0,0.0
2015-04-14 00:00:00-04:00,26.76333236694336,26.80666732788086,26.559999465942383,26.71666717529297,21.657194137573242,16595100,0.0,0.0
2015-04-15 00:00:00-04:00,26.860000610351562,26.99333381652832,26.549999237060547,26.579999923706055,21.546405792236328,18601200,0.0,0.0
2015-04-16 00:00:00-04:00,26.5,26.6299991607666,26.376667022705078,26.413333892822266,21.411298751831055,24045300,0.0,0.0
2015-04-17 00:00:00-04:00,26.31333351135254,26.383333206176758,25.850000381469727,25.959999084472656,21.043819427490234,35468400,0.0,0.0
2015-04-20 00:00:00-04:00,26.1299991607666,26.27666664123535,26.00666618347168,26.046667098999023,21.114076614379883,26542800,0.0,0.0
2015-04-21 00:00:00-04:00,26.203332901000977,26.280000686645508,25.969999313354492,26.010000228881836,21.084354400634766,18600600,0.0,0.0
2015-04-22 00:00:00-04:00,25.90999984741211,26.213333129882812,25.850000381469727,26.143333435058594,21.19243049621582,22784100,0.0,0.0
2015-04-23 00:00:00-04:00,26.126667022705078,26.51333236694336,26.066667556762695,26.393333435058594,21.395084381103516,22406700,0.0,0.0
2015-04-24 00:00:00-04:00,26.459999084472656,26.976667404174805,26.413333892822266,26.613332748413086,21.57343292236328,20603400,0.0,0.0
2015-04-27 00:00:00-04:00,26.59000015258789,26.6200008392334,26.43000030517578,26.456666946411133,21.44643211364746,19349400,0.0,0.0
2015-04-28 00:00:00-04:00,26.48666763305664,26.49333381652832,26.25666618347168,26.366666793823242,21.373476028442383,14687700,0.0,0.0
2015-04-29 00:00:00-04:00,26.233333587646484,26.26333236694336,25.93000030517578,25.959999084472656,21.043819427490234,21325200,0.0,0.0
2015-04-30 00:00:00-04:00,25.94333267211914,26.15999984741211,25.863332748413086,26.016666412353516,21.089752197265625,26387700,0.0,0.0
2015-05-01 00:00:00-04:00,26.066667556762695,26.253332138061523,26.05666732788086,26.200000762939453,21.23836898803711,14999100,0.0,0.0
2015-05-04 00:00:00-04:00,26.32666778564453,26.516666412353516,26.15333366394043,26.393333435058594,21.395084381103516,20007600,0.0,0.0
2015-05-05 00:00:00-04:00,26.336666107177734,26.336666107177734,26.020000457763672,26.043333053588867,21.111373901367188,17566200,0.0,0.0
2015-05-06 00:00:00-04:00,25.97333335876465,26.040000915527344,25.72333335876465,25.883333206176758,21.114091873168945,16440300,0.163333,0.0
2015-05-07 00:00:00-04:00,25.90999984741211,26.113332748413086,25.766666412353516,26.010000228881836,21.21742057800293,16614300,0.0,0.0
2015-05-08 00:00:00-04:00,26.200000762939453,26.416667938232422,26.133333206176758,26.176666259765625,21.353370666503906,16042200,0.0,0.0
2015-05-11 00:00:00-04:00,26.106666564941406,26.203332901000977,26.010000228881836,26.03333282470703,21.236448287963867,11234700,0.0,0.0
2015-05-12 00:00:00-04:00,26.00666618347168,26.49333381652832,25.956666946411133,26.31999969482422,21.47029685974121,25347000,0.0,0.0
2015-05-13 00:00:00-04:00,26.393333435058594,26.476667404174805,25.99333381652832,26.053333282470703,21.252765655517578,25263600,0.0,0.0
2015-05-14 00:00:00-04:00,26.123332977294922,26.25666618347168,26.00666618347168,26.239999771118164,21.405038833618164,18510600,0.0,0.0
2015-05-15 00:00:00-04:00,26.23666763305664,26.416667938232422,26.190000534057617,26.413333892822266,21.546428680419922,19851600,0.0,0.0
2015-05-18 00:00:00-04:00,26.456666946411133,26.64666748046875,26.386667251586914,26.639999389648438,21.73133087158203,24900900,0.0,0.0
2015-05-19 00:00:00-04:00,26.059999465942383,26.1200008392334,25.40999984741211,25.476667404174805,20.78236198425293,67375800,0.0,0.0
2015-05-20 00:00:00-04:00,25.49333381652832,25.5,25.27666664123535,25.299999237060547,20.638240814208984,31625700,0.0,0.0
2015-05-21 00:00:00-04:00,25.266666412353516,25.47333335876465,25.18666648864746,25.3700008392334,20.69533920288086,20268600,0.0,0.0
2015-05-22 00:00:00-04:00,25.399999618530273,25.459999084472656,25.286666870117188,25.286666870117188,20.627363204956055,20445000,0.0,0.0
2015-05-26 00:00:00-04:00,25.25666618347168,25.27666664123535,24.940000534057617,24.96666717529297,20.3663330078125,31720800,0.0,0.0
2015-05-27 00:00:00-04:00,25.003332138061523,25.170000076293945,25.0,25.06333351135254,20.4451847076416,20961300,0.0,0.0
2015-05-28 00:00:00-04:00,25.023332595825195,25.053333282470703,24.883333206176758,24.946666717529297,20.35000991821289,15076500,0.0,0.0
2015-05-29 00:00:00-04:00,24.940000534057617,24.959999084472656,24.71666717529297,24.75666618347168,20.195024490356445,19125300,0.0,0.0
2015-06-01 00:00:00-04:00,24.89666748046875,25.02666664123535,24.803333282470703,24.90999984741211,20.320100784301758,16938000,0.0,0.0
2015-06-02 00:00:00-04:00,24.84666633605957,25.0,24.80666732788086,24.843332290649414,20.265718460083008,17393400,0.0,0.0
2015-06-03 00:00:00-04:00,24.899999618530273,25.066667556762695,24.823333740234375,24.963333129882812,20.363609313964844,18281400,0.0,0.0
2015-06-04 00:00:00-04:00,24.81999969482422,24.99333381652832,24.649999618530273,24.71666717529297,20.162397384643555,26948400,0.0,0.0
2015-06-05 00:00:00-04:00,24.72333335876465,24.75666618347168,24.32666778564453,24.35333251953125,19.86600685119629,31905300,0.0,0.0
2015-06-08 00:00:00-04:00,24.476667404174805,24.496667861938477,24.200000762939453,24.203332901000977,19.74364471435547,28779000,0.0,0.0
2015-06-09 00:00:00-04:00,24.233333587646484,24.28333282470703,24.1200008392334,24.156667709350586,19.7055721282959,25006800,0.0,0.0
2015-06-10 00:00:00-04:00,24.23666763305664,24.44333267211914,24.113332748413086,24.309999465942383,19.83065414428711,33647400,0.0,0.0
2015-06-11 00:00:00-04:00,24.40999984741211,24.55666732788086,24.280000686645508,24.31333351135254,19.833375930786133,22260000,0.0,0.0
2015-06-12 00:00:00-04:00,24.246667861938477,24.299999237060547,24.133333206176758,24.143333435058594,19.6946964263916,21739800,0.0,0.0
2015-06-15 00:00:00-04:00,24.066667556762695,24.133333206176758,23.899999618530273,23.976667404174805,19.55875015258789,22700400,0.0,0.0
2015-06-16 00:00:00-04:00,24.073333740234375,24.19333267211914,23.906667709350586,24.116666793823242,19.67295265197754,18646800,0.0,0.0
2015-06-17 00:00:00-04:00,24.209999084472656,24.299999237060547,24.113332748413086,24.24333381652832,19.776275634765625,17111700,0.0,0.0
2015-06-18 00:00:00-04:00,24.246667861938477,24.49333381652832,24.246667861938477,24.32666778564453,19.84425163269043,25129800,0.0,0.0
2015-06-19 00:00:00-04:00,24.266666412353516,24.406667709350586,24.233333587646484,24.246667861938477,19.77899169921875,43652100,0.0,0.0
2015-06-22 00:00:00-04:00,24.32666778564453,24.39666748046875,24.229999542236328,24.26333236694336,19.79258918762207,19468500,0.0,0.0
2015-06-23 00:00:00-04:00,24.296667098999023,24.31333351135254,24.113332748413086,24.190000534057617,19.732770919799805,23628900,0.0,0.0
2015-06-24 00:00:00-04:00,24.18666648864746,24.21666717529297,24.046667098999023,24.126667022705078,19.681108474731445,22015200,0.0,0.0
2015-06-25 00:00:00-04:00,24.149999618530273,24.209999084472656,23.94333267211914,23.953332901000977,19.539709091186523,15879600,0.0,0.0
2015-06-26 00:00:00-04:00,23.98666763305664,24.15333366394043,23.956666946411133,24.040000915527344,19.61040496826172,20693400,0.0,0.0
2015-06-29 00:00:00-04:00,23.933332443237305,24.0,23.803333282470703,23.80666732788086,19.420066833496094,24563400,0.0,0.0
2015-06-30 00:00:00-04:00,23.93666648864746,23.93666648864746,23.593332290649414,23.643333435058594,19.28683090209961,33307800,0.0,0.0
2015-07-01 00:00:00-04:00,23.866666793823242,23.983333587646484,23.453332901000977,23.959999084472656,19.54514503479004,32321700,0.0,0.0
2015-07-02 00:00:00-04:00,24.00666618347168,24.18666648864746,23.886667251586914,23.953332901000977,19.539709091186523,19758300,0.0,0.0
2015-07-06 00:00:00-04:00,23.793333053588867,24.229999542236328,23.793333053588867,24.176666259765625,19.721885681152344,31609500,0.0,0.0
2015-07-07 00:00:00-04:00,24.219999313354492,24.6200008392334,24.0,24.59666633605957,20.06450843811035,37263900,0.0,0.0
2015-07-08 00:00:00-04:00,24.433332443237305,24.530000686645508,24.299999237060547,24.35333251953125,19.86600685119629,23373000,0.0,0.0
2015-07-09 00:00:00-04:00,24.55666732788086,24.57666778564453,24.23666763305664,24.260000228881836,19.789865493774414,26087400,0.0,0.0
2015-07-10 00:00:00-04:00,24.360000610351562,24.516666412353516,24.360000610351562,24.373332977294922,19.88231658935547,16737900,0.0,0.0
2015-07-13 00:00:00-04:00,24.503332138061523,24.703332901000977,24.503332138061523,24.626667022705078,20.088979721069336,18253500,0.0,0.0
2015-07-14 00:00:00-04:00,24.65999984741211,24.696666717529297,24.49333381652832,24.59666633605957,20.06450843811035,16554600,0.0,0.0
2015-07-15 00:00:00-04:00,24.530000686645508,24.633333206176758,24.39666748046875,24.549999237060547,20.02643585205078,13700100,0.0,0.0
2015-07-16 00:00:00-04:00,24.656667709350586,24.713333129882812,24.586666107177734,24.610000610351562,20.07537841796875,15695100,0.0,0.0
2015-07-17 00:00:00-04:00,24.579999923706055,24.690000534057617,24.43666648864746,24.463333129882812,19.95573616027832,17041800,0.0,0.0
2015-07-20 00:00:00-04:00,24.450000762939453,24.479999542236328,24.35333251953125,24.366666793823242,19.876880645751953,15256800,0.0,0.0
2015-07-21 00:00:00-04:00,24.366666793823242,24.43000030517578,24.176666259765625,24.246667861938477,19.77899169921875,19323300,0.0,0.0
2015-07-22 00:00:00-04:00,24.260000228881836,24.606666564941406,24.260000228881836,24.386667251586914,19.8931941986084,20884800,0.0,0.0
2015-07-23 00:00:00-04:00,24.356666564941406,24.406667709350586,24.139999389648438,24.170000076293945,19.716453552246094,12758700,0.0,0.0
2015-07-24 00:00:00-04:00,24.176666259765625,24.18666648864746,23.833332061767578,23.860000610351562,19.463573455810547,17853300,0.0,0.0
2015-07-27 00:00:00-04:00,23.793333053588867,23.883333206176758,23.670000076293945,23.793333053588867,19.409194946289062,18592800,0.0,0.0
2015-07-28 00:00:00-04:00,23.843332290649414,24.1299991607666,23.74333381652832,24.03333282470703,19.60496711730957,25776900,0.0,0.0
2015-07-29 00:00:00-04:00,24.083332061767578,24.209999084472656,24.030000686645508,24.07666778564453,19.640321731567383,14819100,0.0,0.0
2015-07-30 00:00:00-04:00,24.010000228881836,24.176666259765625,23.926666259765625,24.053333282470703,19.621280670166016,13813500,0.0,0.0
2015-07-31 00:00:00-04:00,24.14666748046875,24.163333892822266,23.886667251586914,23.99333381652832,19.572343826293945,23785200,0.0,0.0
2015-08-03 00:00:00-04:00,23.946666717529297,24.126667022705078,23.946666717529297,24.059999465942383,19.626718521118164,15395400,0.0,0.0
2015-08-04 00:00:00-04:00,24.139999389648438,24.266666412353516,23.976667404174805,24.083332061767578,19.645753860473633,17620200,0.0,0.0
2015-08-05 00:00:00-04:00,24.1299991607666,24.56333351135254,24.083332061767578,24.503332138061523,20.124853134155273,26147400,0.163333,0.0
2015-08-06 00:00:00-04:00,24.450000762939453,24.459999084472656,24.219999313354492,24.26333236694336,19.927734375,19103100,0.0,0.0
2015-08-07 00:00:00-04:00,24.23666763305664,24.27666664123535,23.72333335876465,23.75,19.506126403808594,23392500,0.0,0.0
2015-08-10 00:00:00-04:00,23.833332061767578,23.916667938232422,23.780000686645508,23.82666778564453,19.569101333618164,18060300,0.0,0.0
2015-08-11 00:00:00-04:00,23.75,24.123332977294922,23.71666717529297,23.976667404174805,19.692298889160156,20487600,0.0,0.0
2015-08-12 00:00:00-04:00,23.843332290649414,24.219999313354492,23.75666618347168,24.19333267211914,19.8702449798584,26524200,0.0,0.0
2015-08-13 00:00:00-04:00,24.133333206176758,24.25666618347168,23.989999771118164,24.036666870117188,19.7415771484375,22957200,0.0,0.0
2015-08-14 00:00:00-04:00,24.100000381469727,24.200000762939453,24.01333236694336,24.126667022705078,19.81549644470215,17737500,0.0,0.0
2015-08-17 00:00:00-04:00,23.94333267211914,24.07666778564453,23.920000076293945,23.969999313354492,19.68682098388672,22813200,0.0,0.0
2015-08-18 00:00:00-04:00,23.333332061767578,23.5,23.079999923706055,23.15999984741211,19.021556854248047,63945000,0.0,0.0
2015-08-19 00:00:00-04:00,22.956666946411133,23.1299991607666,22.59000015258789,22.856666564941406,18.77242660522461,49000200,0.0,0.0
2015-08-20 00:00:00-04:00,22.69333267211914,23.100000381469727,22.64666748046875,22.809999465942383,18.734098434448242,29580300,0.0,0.0
2015-08-21 00:00:00-04:00,22.636667251586914,22.770000457763672,22.18000030517578,22.18000030517578,18.216676712036133,47239500,0.0,0.0
2015-08-24 00:00:00-04:00,21.246667861938477,22.053333282470703,20.5,21.316667556762695,17.507612228393555,66718800,0.0,0.0
2015-08-25 00:00:00-04:00,21.816667556762695,21.90333366394043,21.0,21.03333282470703,17.2749080657959,44403000,0.0,0.0
2015-08-26 00:00:00-04:00,21.40999984741211,21.616666793823242,21.00666618347168,21.610000610351562,17.7485294342041,41784900,0.0,0.0
2015-08-27 00:00:00-04:00,21.773332595825195,22.059999465942383,21.649999618530273,22.02666664123535,18.090740203857422,41738400,0.0,0.0
2015-08-28 00:00:00-04:00,22.030000686645508,22.040000915527344,21.483333587646484,21.64666748046875,17.778642654418945,42909000,0.0,0.0
2015-08-31 00:00:00-04:00,21.606666564941406,21.666667938232422,21.43000030517578,21.57666778564453,17.72115707397461,24525600,0.0,0.0
2015-09-01 00:00:00-04:00,21.266666412353516,21.440000534057617,21.09000015258789,21.273332595825195,17.472023010253906,40181700,0.0,0.0
2015-09-02 00:00:00-04:00,21.530000686645508,21.64666748046875,21.35333251953125,21.479999542236328,17.641756057739258,28543800,0.0,0.0
2015-09-03 00:00:00-04:00,21.573333740234375,21.670000076293945,21.463333129882812,21.6200008392334,17.756742477416992,25571400,0.0,0.0
2015-09-04 00:00:00-04:00,21.356666564941406,21.433332443237305,21.170000076293945,21.296667098999023,17.491180419921875,27697200,0.0,0.0
2015-09-08 00:00:00-04:00,21.74333381652832,22.166667938232422,21.726667404174805,22.126667022705078,18.17287826538086,53120400,0.0,0.0
2015-09-09 00:00:00-04:00,22.286666870117188,22.336666107177734,21.670000076293945,21.706666946411133,17.827926635742188,28392600,0.0,0.0
2015-09-10 00:00:00-04:00,21.356666564941406,21.549999237060547,21.27666664123535,21.373332977294922,17.554153442382812,43574400,0.0,0.0
2015-09-11 00:00:00-04:00,21.393333435058594,21.559999465942383,21.329999923706055,21.549999237060547,17.699247360229492,24187200,0.0,0.0
2015-09-14 00:00:00-04:00,21.549999237060547,21.55666732788086,21.273332595825195,21.426666259765625,17.597951889038086,20870100,0.0,0.0
2015-09-15 00:00:00-04:00,21.49333381652832,21.566667556762695,21.350000381469727,21.440000534057617,17.60891342163086,20582400,0.0,0.0
2015-09-16 00:00:00-04:00,21.53333282470703,21.59000015258789,21.350000381469727,21.56333351135254,17.71019744873047,16876200,0.0,0.0
2015-09-17 00:00:00-04:00,21.566667556762695,21.76333236694336,21.386667251586914,21.489999771118164,17.64996910095215,21399300,0.0,0.0
2015-09-18 00:00:00-04:00,21.25,21.40999984741211,21.086666107177734,21.113332748413086,17.340614318847656,38655600,0.0,0.0
2015-09-21 00:00:00-04:00,21.25,21.333332061767578,21.123332977294922,21.239999771118164,17.444644927978516,21358800,0.0,0.0
2015-09-22 00:00:00-04:00,21.07666778564453,21.273332595825195,20.97333335876465,21.196666717529297,17.409053802490234,26402400,0.0,0.0
2015-09-23 00:00:00-04:00,21.239999771118164,21.309999465942383,21.040000915527344,21.239999771118164,17.444644927978516,17629800,0.0,0.0
2015-09-24 00:00:00-04:00,21.1200008392334,21.32666778564453,21.100000381469727,21.27666664123535,17.47475814819336,20868600,0.0,0.0
2015-09-25 00:00:00-04:00,21.356666564941406,21.48666763305664,21.206666946411133,21.260000228881836,17.46106719970703,21489000,0.0,0.0
2015-09-28 00:00:00-04:00,21.200000762939453,21.316667556762695,21.15999984741211,21.219999313354492,17.428220748901367,28183200,0.0,0.0
2015-09-29 00:00:00-04:00,21.25,21.34666633605957,21.07666778564453,21.260000228881836,17.46106719970703,22920300,0.0,0.0
2015-09-30 00:00:00-04:00,21.476667404174805,21.64666748046875,21.309999465942383,21.613332748413086,17.751264572143555,23937600,0.0,0.0
2015-10-01 00:00:00-04:00,21.586666107177734,21.64666748046875,21.293333053588867,21.42333221435547,17.595212936401367,23511600,0.0,0.0
2015-10-02 00:00:00-04:00,21.253332138061523,21.65999984741211,21.136667251586914,21.65999984741211,17.789594650268555,21252000,0.0,0.0
2015-10-05 00:00:00-04:00,21.73666763305664,21.97333335876465,21.713333129882812,21.956666946411133,18.033252716064453,18900900,0.0,0.0
2015-10-06 00:00:00-04:00,21.84666633605957,21.983333587646484,21.726667404174805,21.893333435058594,17.981233596801758,22232700,0.0,0.0
2015-10-07 00:00:00-04:00,21.946666717529297,22.1200008392334,21.92333221435547,22.1200008392334,18.16739273071289,21408000,0.0,0.0
2015-10-08 00:00:00-04:00,22.07666778564453,22.329999923706055,22.049999237060547,22.293333053588867,18.309755325317383,17923500,0.0,0.0
2015-10-09 00:00:00-04:00,22.31333351135254,22.34000015258789,22.170000076293945,22.229999542236328,18.25773811340332,20262000,0.0,0.0
2015-10-12 00:00:00-04:00,22.22333335876465,22.333332061767578,22.19333267211914,22.309999465942383,18.323448181152344,16931700,0.0,0.0
2015-10-13 00:00:00-04:00,22.206666946411133,22.31333351135254,22.086666107177734,22.24333381652832,18.268688201904297,26575200,0.0,0.0
2015-10-14 00:00:00-04:00,22.203332901000977,22.649999618530273,20.00666618347168,20.010000228881836,16.434431076049805,242694300,0.0,0.0
2015-10-15 00:00:00-04:00,19.899999618530273,20.156667709350586,19.536666870117188,19.77666664123535,16.242794036865234,138760500,0.0,0.0
2015-10-16 00:00:00-04:00,19.823333740234375,19.829999923706055,19.456666946411133,19.6299991607666,16.122329711914062,78585300,0.0,0.0
2015-10-19 00:00:00-04:00,19.59666633605957,19.766666412353516,19.5,19.616666793823242,16.11138153076172,53417400,0.0,0.0
2015-10-20 00:00:00-04:00,19.6200008392334,19.666667938232422,19.523332595825195,19.583332061767578,16.084001541137695,31271100,0.0,0.0
2015-10-21 00:00:00-04:00,19.600000381469727,19.68000030517578,19.523332595825195,19.546667098999023,16.053892135620117,39352800,0.0,0.0
2015-10-22 00:00:00-04:00,19.64666748046875,19.98666763305664,19.546667098999023,19.633333206176758,16.12507438659668,43765500,0.0,0.0
2015-10-23 00:00:00-04:00,19.729999542236328,19.760000228881836,19.406667709350586,19.433332443237305,15.960805892944336,39121800,0.0,0.0
2015-10-26 00:00:00-04:00,19.46666717529297,19.483333587646484,19.323333740234375,19.34000015258789,15.88415813446045,32519400,0.0,0.0
2015-10-27 00:00:00-04:00,19.336666107177734,19.34666633605957,19.126667022705078,19.15999984741211,15.736316680908203,31534200,0.0,0.0
2015-10-28 00:00:00-04:00,19.219999313354492,19.239999771118164,19.053333282470703,19.213333129882812,15.780118942260742,35504100,0.0,0.0
2015-10-29 00:00:00-04:00,19.239999771118164,19.373332977294922,19.15999984741211,19.31999969482422,15.867725372314453,38566500,0.0,0.0
2015-10-30 00:00:00-04:00,19.24333381652832,19.373332977294922,19.079999923706055,19.079999923706055,15.670613288879395,47416500,0.0,0.0
2015-11-02 00:00:00-05:00,19.09666633605957,19.203332901000977,18.92333221435547,19.203332901000977,15.771907806396484,32157600,0.0,0.0
2015-11-03 00:00:00-05:00,19.190000534057617,19.44333267211914,19.176666259765625,19.3700008392334,15.90878963470459,30761700,0.0,0.0
2015-11-04 00:00:00-05:00,19.52666664123535,19.586666107177734,19.39666748046875,19.456666946411133,15.979965209960938,30169500,0.0,0.0
2015-11-05 00:00:00-05:00,19.503332138061523,19.65999984741211,19.47333335876465,19.536666870117188,16.045679092407227,26581500,0.0,0.0
2015-11-06 00:00:00-05:00,19.639999389648438,19.733333587646484,19.43666648864746,19.593332290649414,16.092212677001953,29931900,0.0,0.0
2015-11-09 00:00:00-05:00,19.5,19.593332290649414,19.34000015258789,19.496667861938477,16.012826919555664,25321200,0.0,0.0
2015-11-10 00:00:00-05:00,19.43666648864746,19.56999969482422,19.43666648864746,19.559999465942383,16.064838409423828,22844700,0.0,0.0
2015-11-11 00:00:00-05:00,19.5,19.57666778564453,19.156667709350586,19.19333267211914,15.763693809509277,26069700,0.0,0.0
2015-11-12 00:00:00-05:00,19.213333129882812,19.25666618347168,18.97333335876465,18.983333587646484,15.591215133666992,28654500,0.0,0.0
2015-11-13 00:00:00-05:00,18.913333892822266,19.020000457763672,18.766666412353516,18.80666732788086,15.44611930847168,37544700,0.0,0.0
2015-11-16 00:00:00-05:00,18.796667098999023,19.343332290649414,18.786666870117188,19.290000915527344,15.84308910369873,39964800,0.0,0.0
2015-11-17 00:00:00-05:00,19.780000686645508,20.299999237060547,19.733333587646484,19.97333335876465,16.404321670532227,74037900,0.0,0.0
2015-11-18 00:00:00-05:00,20.01333236694336,20.356666564941406,19.850000381469727,20.309999465942383,16.680822372436523,44633100,0.0,0.0
2015-11-19 00:00:00-05:00,20.373332977294922,20.453332901000977,20.143333435058594,20.233333587646484,16.61785888671875,34698300,0.0,0.0
2015-11-20 00:00:00-05:00,20.32666778564453,20.489999771118164,20.00666618347168,20.023332595825195,16.445375442504883,37113300,0.0,0.0
2015-11-23 00:00:00-05:00,20.09666633605957,20.246667861938477,19.959999084472656,20.086666107177734,16.49739646911621,31731000,0.0,0.0
2015-11-24 00:00:00-05:00,19.983333587646484,20.139999389648438,19.953332901000977,19.97333335876465,16.404321670532227,37361700,0.0,0.0
2015-11-25 00:00:00-05:00,20.0,20.23666763305664,19.959999084472656,20.079999923706055,16.491928100585938,23460600,0.0,0.0
2015-11-27 00:00:00-05:00,20.14666748046875,20.229999542236328,19.956666946411133,19.963333129882812,16.396100997924805,16022700,0.0,0.0
2015-11-30 00:00:00-05:00,19.956666946411133,20.020000457763672,19.57666778564453,19.613332748413086,16.108644485473633,44827800,0.0,0.0
2015-12-01 00:00:00-05:00,19.709999084472656,19.76333236694336,19.549999237060547,19.663333892822266,16.14971160888672,36612300,0.0,0.0
2015-12-02 00:00:00-05:00,19.536666870117188,19.76333236694336,19.440000534057617,19.450000762939453,16.10829734802246,40760700,0.163333,0.0
2015-12-03 00:00:00-05:00,19.56333351135254,19.886667251586914,19.53333282470703,19.68000030517578,16.298789978027344,47532300,0.0,0.0
2015-12-04 00:00:00-05:00,19.683332443237305,19.950000762939453,19.676666259765625,19.886667251586914,16.469942092895508,31305900,0.0,0.0
2015-12-07 00:00:00-05:00,19.856666564941406,20.24333381652832,19.856666564941406,20.166667938232422,16.70184326171875,34787700,0.0,0.0
2015-12-08 00:00:00-05:00,20.023332595825195,20.163333892822266,19.833332061767578,19.8700008392334,16.456138610839844,31132800,0.0,0.0
2015-12-09 00:00:00-05:00,19.753332138061523,20.036666870117188,19.633333206176758,19.709999084472656,16.323625564575195,26945100,0.0,0.0
2015-12-10 00:00:00-05:00,19.709999084472656,20.030000686645508,19.696666717529297,19.85333251953125,16.44233512878418,34078200,0.0,0.0
2015-12-11 00:00:00-05:00,19.683332443237305,19.843332290649414,19.60333251953125,19.786666870117188,16.387121200561523,29235000,0.0,0.0
2015-12-14 00:00:00-05:00,19.766666412353516,20.14666748046875,19.690000534057617,20.1299991607666,16.671472549438477,43574700,0.0,0.0
2015-12-15 00:00:00-05:00,20.213333129882812,20.280000686645508,19.856666564941406,19.8799991607666,16.464426040649414,43846200,0.0,0.0
2015-12-16 00:00:00-05:00,20.036666870117188,20.21666717529297,19.899999618530273,20.100000381469727,16.646615982055664,29881500,0.0,0.0
2015-12-17 00:00:00-05:00,20.110000610351562,20.110000610351562,19.656667709350586,19.65999984741211,16.282224655151367,38928300,0.0,0.0
2015-12-18 00:00:00-05:00,19.643333435058594,19.799999237060547,19.583332061767578,19.616666793823242,16.246334075927734,48770100,0.0,0.0
2015-12-21 00:00:00-05:00,19.606666564941406,19.860000610351562,19.55666732788086,19.850000381469727,16.439579010009766,28936500,0.0,0.0
2015-12-22 00:00:00-05:00,19.93000030517578,20.233333587646484,19.8700008392334,20.18000030517578,16.71288299560547,27798900,0.0,0.0
2015-12-23 00:00:00-05:00,20.333332061767578,20.373332977294922,20.14666748046875,20.363332748413086,16.864707946777344,22559400,0.0,0.0
2015-12-24 00:00:00-05:00,20.260000228881836,20.366666793823242,20.226667404174805,20.27666664123535,16.792940139770508,7448400,0.0,0.0
2015-12-28 00:00:00-05:00,20.19333267211914,20.323333740234375,20.166667938232422,20.25,16.770856857299805,16265100,0.0,0.0
2015-12-29 00:00:00-05:00,20.333332061767578,20.583332061767578,20.32666778564453,20.536666870117188,17.008264541625977,23650800,0.0,0.0
2015-12-30 00:00:00-05:00,20.553333282470703,20.623332977294922,20.496667861938477,20.559999465942383,17.0275936126709,17150100,0.0,0.0
2015-12-31 00:00:00-05:00,20.44333267211914,20.573333740234375,20.389999389648438,20.433332443237305,16.922687530517578,19725300,0.0,0.0
2016-01-04 00:00:00-05:00,20.166667938232422,20.496667861938477,20.1200008392334,20.48666763305664,16.966861724853516,35967600,0.0,0.0
2016-01-05 00:00:00-05:00,20.676666259765625,21.016666412353516,20.616666793823242,20.97333335876465,17.36991310119629,39978000,0.0,0.0
2016-01-06 00:00:00-05:00,20.82666778564453,21.316667556762695,20.823333740234375,21.183332443237305,17.5438289642334,49693800,0.0,0.0
2016-01-07 00:00:00-05:00,20.989999771118164,21.74333381652832,20.97333335876465,21.676666259765625,17.95240020751953,79290000,0.0,0.0
2016-01-08 00:00:00-05:00,21.69333267211914,21.803333282470703,21.136667251586914,21.18000030517578,17.54107093811035,53303700,0.0,0.0
2016-01-11 00:00:00-05:00,21.253332138061523,21.489999771118164,21.209999084472656,21.406667709350586,17.728796005249023,37961400,0.0,0.0
2016-01-12 00:00:00-05:00,21.459999084472656,21.57666778564453,21.143333435058594,21.206666946411133,17.563159942626953,36587700,0.0,0.0
2016-01-13 00:00:00-05:00,21.24333381652832,21.24333381652832,20.610000610351562,20.639999389648438,17.093849182128906,41177100,0.0,0.0
2016-01-14 00:00:00-05:00,20.666667938232422,21.206666946411133,20.606666564941406,21.020000457763672,17.408554077148438,38804700,0.0,0.0
2016-01-15 00:00:00-05:00,20.516666412353516,20.823333740234375,20.420000076293945,20.643333435058594,17.096614837646484,45523200,0.0,0.0
2016-01-19 00:00:00-05:00,20.75,20.933332443237305,20.670000076293945,20.85333251953125,17.270524978637695,39153900,0.0,0.0
2016-01-20 00:00:00-05:00,20.600000381469727,20.77666664123535,20.066667556762695,20.280000686645508,16.79568862915039,52107300,0.0,0.0
2016-01-21 00:00:00-05:00,20.32666778564453,20.93000030517578,20.303333282470703,20.626667022705078,17.082801818847656,36267600,0.0,0.0
2016-01-22 00:00:00-05:00,20.81333351135254,21.086666107177734,20.709999084472656,20.89666748046875,17.30641746520996,27592500,0.0,0.0
2016-01-25 00:00:00-05:00,20.926666259765625,21.273332595825195,20.850000381469727,21.149999618530273,17.516223907470703,38470200,0.0,0.0
2016-01-26 00:00:00-05:00,21.1200008392334,21.489999771118164,21.086666107177734,21.333332061767578,17.668062210083008,28323600,0.0,0.0
2016-01-27 00:00:00-05:00,21.366666793823242,21.726667404174805,21.296667098999023,21.316667556762695,17.654260635375977,30642900,0.0,0.0
2016-01-28 00:00:00-05:00,21.343332290649414,21.503332138061523,21.143333435058594,21.406667709350586,17.728796005249023,33834900,0.0,0.0
2016-01-29 00:00:00-05:00,21.583332061767578,22.176666259765625,21.579999923706055,22.1200008392334,18.31956672668457,49317300,0.0,0.0
2016-02-01 00:00:00-05:00,21.969999313354492,22.643333435058594,21.963333129882812,22.5,18.634279251098633,44185200,0.0,0.0
2016-02-02 00:00:00-05:00,22.433332443237305,22.613332748413086,22.093332290649414,22.286666870117188,18.45760154724121,40757700,0.0,0.0
2016-02-03 00:00:00-05:00,22.43666648864746,22.5,21.690000534057617,22.09000015258789,18.294723510742188,36946800,0.0,0.0
2016-02-04 00:00:00-05:00,21.920000076293945,22.183332443237305,21.670000076293945,22.139999389648438,18.33612823486328,38500200,0.0,0.0
2016-02-05 00:00:00-05:00,22.286666870117188,22.510000228881836,21.959999084472656,22.333332061767578,18.496246337890625,42589500,0.0,0.0
2016-02-08 00:00:00-05:00,22.166667938232422,22.383333206176758,21.719999313354492,22.299999237060547,18.468645095825195,62230800,0.0,0.0
2016-02-09 00:00:00-05:00,21.829999923706055,22.136667251586914,21.559999465942383,21.93666648864746,18.1677303314209,43927200,0.0,0.0
2016-02-10 00:00:00-05:00,22.06333351135254,22.196666717529297,21.883333206176758,21.93000030517578,18.16221046447754,29127900,0.0,0.0
2016-02-11 00:00:00-05:00,21.67333221435547,21.920000076293945,21.593332290649414,21.773332595825195,18.03246307373047,33560100,0.0,0.0
2016-02-12 00:00:00-05:00,21.84000015258789,22.083332061767578,21.623332977294922,22.059999465942383,18.269874572753906,29086500,0.0,0.0
2016-02-16 00:00:00-05:00,22.203332901000977,22.266666412353516,21.833332061767578,21.96666717529297,18.192581176757812,34081500,0.0,0.0
2016-02-17 00:00:00-05:00,22.03333282470703,22.203332901000977,21.93666648864746,22.036666870117188,18.25054931640625,37280100,0.0,0.0
2016-02-18 00:00:00-05:00,21.246667861938477,21.593332290649414,20.78333282470703,21.373332977294922,17.701189041137695,83683800,0.0,0.0
2016-02-19 00:00:00-05:00,21.296667098999023,21.59000015258789,21.14666748046875,21.553333282470703,17.850257873535156,46686900,0.0,0.0
2016-02-22 00:00:00-05:00,21.553333282470703,22.046667098999023,21.553333282470703,21.876667022705078,18.118045806884766,31761900,0.0,0.0
2016-02-23 00:00:00-05:00,21.946666717529297,22.200000762939453,21.760000228881836,22.15999984741211,18.35269546508789,34296000,0.0,0.0
2016-02-24 00:00:00-05:00,22.06333351135254,22.44333267211914,21.906667709350586,22.373332977294922,18.52937889099121,30873600,0.0,0.0
2016-02-25 00:00:00-05:00,22.483333587646484,22.709999084472656,22.44333267211914,22.68000030517578,18.783355712890625,28743900,0.0,0.0
2016-02-26 00:00:00-05:00,22.69333267211914,22.733333587646484,22.100000381469727,22.170000076293945,18.360977172851562,32952900,0.0,0.0
2016-02-29 00:00:00-05:00,22.209999084472656,22.316667556762695,22.073333740234375,22.113332748413086,18.314043045043945,28035600,0.0,0.0
2016-03-01 00:00:00-05:00,22.21666717529297,22.296667098999023,22.0,22.15333366394043,18.34717559814453,31288500,0.0,0.0
2016-03-02 00:00:00-05:00,22.06999969482422,22.22333335876465,22.0,22.06999969482422,18.278162002563477,27496800,0.0,0.0
2016-03-03 00:00:00-05:00,21.983333587646484,22.066667556762695,21.626667022705078,22.046667098999023,18.258840560913086,35540400,0.0,0.0
2016-03-04 00:00:00-05:00,22.046667098999023,22.426666259765625,22.030000686645508,22.260000228881836,18.43552017211914,30031500,0.0,0.0
2016-03-07 00:00:00-05:00,22.206666946411133,22.82666778564453,22.09000015258789,22.6299991607666,18.741941452026367,38476200,0.0,0.0
2016-03-08 00:00:00-05:00,22.57666778564453,22.823333740234375,22.496667861938477,22.68000030517578,18.783355712890625,30203700,0.0,0.0
2016-03-09 00:00:00-05:00,22.59666633605957,22.663333892822266,22.373332977294922,22.510000228881836,18.780580520629883,23474400,0.166667,0.0
2016-03-10 00:00:00-05:00,22.516666412353516,22.68000030517578,22.133333206176758,22.469999313354492,18.74720001220703,30677400,0.0,0.0
2016-03-11 00:00:00-05:00,22.59000015258789,22.64666748046875,22.266666412353516,22.389999389648438,18.680450439453125,24872700,0.0,0.0
2016-03-14 00:00:00-04:00,22.383333206176758,22.55666732788086,22.31999969482422,22.453332901000977,18.73328971862793,20137500,0.0,0.0
2016-03-15 00:00:00-04:00,22.333332061767578,22.78333282470703,22.333332061767578,22.696666717529297,18.93631935119629,22700700,0.0,0.0
2016-03-16 00:00:00-04:00,22.64666748046875,22.780000686645508,22.416667938232422,22.663333892822266,18.90850257873535,24654000,0.0,0.0
2016-03-17 00:00:00-04:00,22.606666564941406,22.97333335876465,22.420000076293945,22.483333587646484,18.758325576782227,35514300,0.0,0.0
2016-03-18 00:00:00-04:00,22.49333381652832,22.676666259765625,22.25,22.316667556762695,18.619277954101562,69459300,0.0,0.0
2016-03-21 00:00:00-04:00,22.343332290649414,22.793333053588867,22.323333740234375,22.656667709350586,18.902935028076172,28247400,0.0,0.0
2016-03-22 00:00:00-04:00,22.666667938232422,22.893333435058594,22.59666633605957,22.623332977294922,18.875125885009766,22543500,0.0,0.0
2016-03-23 00:00:00-04:00,22.670000076293945,22.700000762939453,22.479999542236328,22.48666763305664,18.761104583740234,18331800,0.0,0.0
2016-03-24 00:00:00-04:00,22.476667404174805,22.68000030517578,22.459999084472656,22.666667938232422,18.911293029785156,18914100,0.0,0.0
2016-03-28 00:00:00-04:00,22.643333435058594,22.860000610351562,22.643333435058594,22.706666946411133,18.944652557373047,16810500,0.0,0.0
2016-03-29 00:00:00-04:00,22.71666717529297,22.73666763305664,22.476667404174805,22.676666259765625,18.919628143310547,19473000,0.0,0.0
2016-03-30 00:00:00-04:00,22.77666664123535,23.0,22.76333236694336,22.933332443237305,19.133773803710938,21625500,0.0,0.0
2016-03-31 00:00:00-04:00,22.916667938232422,23.06333351135254,22.823333740234375,22.829999923706055,19.047555923461914,18850500,0.0,0.0
2016-04-01 00:00:00-04:00,22.67333221435547,23.066667556762695,22.67333221435547,23.020000457763672,19.206073760986328,19807200,0.0,0.0
2016-04-04 00:00:00-04:00,23.0,23.123332977294922,22.97333335876465,23.03333282470703,19.217201232910156,20470200,0.0,0.0
2016-04-05 00:00:00-04:00,23.010000228881836,23.083332061767578,22.75666618347168,22.8799991607666,19.089277267456055,17337000,0.0,0.0
2016-04-06 00:00:00-04:00,22.899999618530273,23.020000457763672,22.84000015258789,23.01333236694336,19.200511932373047,16088100,0.0,0.0
2016-04-07 00:00:00-04:00,22.94333267211914,22.976667404174805,22.64666748046875,22.739999771118164,18.97246742248535,18331500,0.0,0.0
2016-04-08 00:00:00-04:00,22.770000457763672,22.796667098999023,22.6200008392334,22.68666648864746,18.927968978881836,19548000,0.0,0.0
2016-04-11 00:00:00-04:00,22.670000076293945,22.790000915527344,22.459999084472656,22.46666717529297,18.744421005249023,23596200,0.0,0.0
2016-04-12 00:00:00-04:00,22.523332595825195,22.956666946411133,22.483333587646484,22.933332443237305,19.133773803710938,23203800,0.0,0.0
2016-04-13 00:00:00-04:00,23.003332138061523,23.139999389648438,22.956666946411133,23.049999237060547,19.23110580444336,18788100,0.0,0.0
2016-04-14 00:00:00-04:00,23.049999237060547,23.079999923706055,22.71666717529297,22.933332443237305,19.133773803710938,20931300,0.0,0.0
2016-04-15 00:00:00-04:00,22.979999542236328,23.136667251586914,22.979999542236328,23.020000457763672,19.206073760986328,22753500,0.0,0.0
2016-04-18 00:00:00-04:00,23.016666412353516,23.299999237060547,22.950000762939453,23.286666870117188,19.42856788635254,19868700,0.0,0.0
2016-04-19 00:00:00-04:00,23.26333236694336,23.360000610351562,23.166667938232422,23.25666618347168,19.403532028198242,24598200,0.0,0.0
2016-04-20 00:00:00-04:00,23.253332138061523,23.329999923706055,23.043333053588867,23.06999969482422,19.2477970123291,16237500,0.0,0.0
2016-04-21 00:00:00-04:00,23.156667709350586,23.226667404174805,22.746667861938477,22.823333740234375,19.041994094848633,19852800,0.0,0.0
2016-04-22 00:00:00-04:00,22.940000534057617,22.979999542236328,22.760000228881836,22.906667709350586,19.11152458190918,18645300,0.0,0.0
2016-04-25 00:00:00-04:00,22.850000381469727,23.166667938232422,22.68666648864746,23.156667709350586,19.32010269165039,17688600,0.0,0.0
2016-04-26 00:00:00-04:00,23.233333587646484,23.296667098999023,23.03333282470703,23.100000381469727,19.272829055786133,19945200,0.0,0.0
2016-04-27 00:00:00-04:00,23.163333892822266,23.260000228881836,22.996667861938477,23.139999389648438,19.306198120117188,15441900,0.0,0.0
2016-04-28 00:00:00-04:00,23.023332595825195,23.206666946411133,22.916667938232422,22.969999313354492,19.164363861083984,14330700,0.0,0.0
2016-04-29 00:00:00-04:00,22.90999984741211,22.940000534057617,22.1200008392334,22.290000915527344,18.59702491760254,36297000,0.0,0.0
2016-05-02 00:00:00-04:00,22.206666946411133,22.566667556762695,22.176666259765625,22.530000686645508,18.79725456237793,22829100,0.0,0.0
2016-05-03 00:00:00-04:00,22.286666870117188,22.5,22.25,22.333332061767578,18.6331729888916,17767800,0.0,0.0
2016-05-04 00:00:00-04:00,22.28333282470703,22.496667861938477,22.14666748046875,22.39666748046875,18.686016082763672,18088500,0.0,0.0
2016-05-05 00:00:00-04:00,22.323333740234375,22.416667938232422,22.19333267211914,22.40333366394043,18.691577911376953,24273000,0.0,0.0
2016-05-06 00:00:00-04:00,22.303333282470703,22.753332138061523,22.266666412353516,22.75,18.980810165405273,29476200,0.0,0.0
2016-05-09 00:00:00-04:00,22.75,23.03333282470703,22.719999313354492,22.983333587646484,19.17548179626465,25968600,0.0,0.0
2016-05-10 00:00:00-04:00,22.97333335876465,23.043333053588867,22.816667556762695,22.93000030517578,19.130990982055664,19208700,0.0,0.0
2016-05-11 00:00:00-04:00,22.489999771118164,22.5,21.8700008392334,22.136667251586914,18.60432243347168,43792500,0.166667,0.0
2016-05-12 00:00:00-04:00,22.183332443237305,22.350000381469727,22.126667022705078,22.28333282470703,18.72758674621582,28600500,0.0,0.0
2016-05-13 00:00:00-04:00,22.15999984741211,22.183332443237305,21.549999237060547,21.64666748046875,18.19251251220703,41234100,0.0,0.0
2016-05-16 00:00:00-04:00,21.6200008392334,22.116666793823242,21.559999465942383,22.00666618347168,18.49506378173828,30545400,0.0,0.0
2016-05-17 00:00:00-04:00,22.020000457763672,22.09000015258789,21.626667022705078,21.700000762939453,18.237337112426758,27758100,0.0,0.0
2016-05-18 00:00:00-04:00,21.00666618347168,21.260000228881836,20.906667709350586,21.049999237060547,17.69105339050293,66767700,0.0,0.0
2016-05-19 00:00:00-04:00,22.700000762939453,23.110000610351562,22.5,23.066667556762695,19.385927200317383,105230100,0.0,0.0
2016-05-20 00:00:00-04:00,23.110000610351562,23.3799991607666,22.950000762939453,23.286666870117188,19.57082176208496,50239800,0.0,0.0
2016-05-23 00:00:00-04:00,23.200000762939453,23.35333251953125,23.14666748046875,23.166667938232422,19.4699649810791,30299400,0.0,0.0
2016-05-24 00:00:00-04:00,23.21666717529297,23.47333335876465,23.183332443237305,23.413333892822266,19.677268981933594,26484000,0.0,0.0
2016-05-25 00:00:00-04:00,23.416667938232422,23.666667938232422,23.413333892822266,23.49333381652832,19.7445011138916,21791700,0.0,0.0
2016-05-26 00:00:00-04:00,23.56333351135254,23.793333053588867,23.53333282470703,23.616666793823242,19.848154067993164,26081700,0.0,0.0
2016-05-27 00:00:00-04:00,23.6200008392334,23.6299991607666,23.496667861938477,23.583332061767578,19.820138931274414,17321100,0.0,0.0
2016-05-31 00:00:00-04:00,23.52666664123535,23.666667938232422,23.49333381652832,23.593332290649414,19.828540802001953,25170600,0.0,0.0
2016-06-01 00:00:00-04:00,23.5,23.636667251586914,23.469999313354492,23.5,19.750104904174805,21662700,0.0,0.0
2016-06-02 00:00:00-04:00,23.5,23.666667938232422,23.383333206176758,23.649999618530273,19.87616539001465,19526100,0.0,0.0
2016-06-03 00:00:00-04:00,23.523332595825195,23.683332443237305,23.50666618347168,23.623332977294922,19.853755950927734,19123500,0.0,0.0
2016-06-06 00:00:00-04:00,23.84000015258789,23.850000381469727,23.666667938232422,23.683332443237305,19.90418815612793,27054000,0.0,0.0
2016-06-07 00:00:00-04:00,23.700000762939453,23.770000457763672,23.616666793823242,23.676666259765625,19.898588180541992,22090200,0.0,0.0
2016-06-08 00:00:00-04:00,23.616666793823242,23.816667556762695,23.600000381469727,23.760000228881836,19.9686222076416,18417000,0.0,0.0
2016-06-09 00:00:00-04:00,23.786666870117188,23.863332748413086,23.616666793823242,23.696666717529297,19.915388107299805,18209700,0.0,0.0
2016-06-10 00:00:00-04:00,23.666667938232422,23.803333282470703,23.559999465942383,23.713333129882812,19.92940330505371,22534200,0.0,0.0
2016-06-13 00:00:00-04:00,23.666667938232422,23.726667404174805,23.496667861938477,23.510000228881836,19.758508682250977,23722800,0.0,0.0
2016-06-14 00:00:00-04:00,23.553333282470703,23.72333335876465,23.399999618530273,23.649999618530273,19.87616539001465,27199200,0.0,0.0
2016-06-15 00:00:00-04:00,23.733333587646484,23.8700008392334,23.666667938232422,23.706666946411133,19.92379379272461,24051000,0.0,0.0
2016-06-16 00:00:00-04:00,23.666667938232422,23.81999969482422,23.600000381469727,23.766666412353516,19.974218368530273,20115600,0.0,0.0
2016-06-17 00:00:00-04:00,23.683332443237305,23.770000457763672,23.46666717529297,23.649999618530273,19.87616539001465,54177900,0.0,0.0
2016-06-20 00:00:00-04:00,23.770000457763672,23.926666259765625,23.683332443237305,23.700000762939453,19.918193817138672,21427500,0.0,0.0
2016-06-21 00:00:00-04:00,23.649999618530273,23.906667709350586,23.649999618530273,23.81999969482422,20.01904296875,20024400,0.0,0.0
2016-06-22 00:00:00-04:00,23.866666793823242,24.083332061767578,23.856666564941406,23.916667938232422,20.10029411315918,25372500,0.0,0.0
2016-06-23 00:00:00-04:00,24.066667556762695,24.079999923706055,23.93000030517578,24.03333282470703,20.198335647583008,20910600,0.0,0.0
2016-06-24 00:00:00-04:00,23.516666412353516,24.239999771118164,23.503332138061523,23.98666763305664,20.15911865234375,45361200,0.0,0.0
2016-06-27 00:00:00-04:00,23.8799991607666,23.92333221435547,23.626667022705078,23.833332061767578,20.030244827270508,33910200,0.0,0.0
2016-06-28 00:00:00-04:00,23.920000076293945,23.956666946411133,23.55666732788086,23.836666107177734,20.033048629760742,25683600,0.0,0.0
2016-06-29 00:00:00-04:00,23.876667022705078,24.163333892822266,23.85333251953125,24.15333366394043,20.2991886138916,21044100,0.0,0.0
2016-06-30 00:00:00-04:00,24.190000534057617,24.39666748046875,24.106666564941406,24.34000015258789,20.456064224243164,26140800,0.0,0.0
2016-07-01 00:00:00-04:00,24.376667022705078,24.389999389648438,24.139999389648438,24.270000457763672,20.39723777770996,22916400,0.0,0.0
2016-07-05 00:00:00-04:00,24.25,24.540000915527344,24.226667404174805,24.3799991607666,20.48968505859375,32245800,0.0,0.0
2016-07-06 00:00:00-04:00,24.420000076293945,24.65999984741211,24.389999389648438,24.606666564941406,20.680177688598633,33188100,0.0,0.0
2016-07-07 00:00:00-04:00,24.57666778564453,24.643333435058594,24.383333206176758,24.510000228881836,20.598941802978516,23378400,0.0,0.0
2016-07-08 00:00:00-04:00,24.606666564941406,24.616666793823242,24.413333892822266,24.613332748413086,20.68578338623047,27382800,0.0,0.0
2016-07-11 00:00:00-04:00,24.55666732788086,24.78333282470703,24.5,24.68666648864746,20.747413635253906,27120300,0.0,0.0
2016-07-12 00:00:00-04:00,24.520000457763672,24.57666778564453,24.333332061767578,24.42333221435547,20.526105880737305,37083600,0.0,0.0
2016-07-13 00:00:00-04:00,24.416667938232422,24.543333053588867,24.31333351135254,24.540000915527344,20.62415313720703,19197000,0.0,0.0
2016-07-14 00:00:00-04:00,24.59666633605957,24.703332901000977,24.536666870117188,24.566667556762695,20.64656639099121,19939200,0.0,0.0
2016-07-15 00:00:00-04:00,24.65999984741211,24.670000076293945,24.479999542236328,24.55666732788086,20.63816261291504,17984400,0.0,0.0
2016-07-18 00:00:00-04:00,24.546667098999023,24.726667404174805,24.510000228881836,24.613332748413086,20.68578338623047,16371900,0.0,0.0
2016-07-19 00:00:00-04:00,24.546667098999023,24.65333366394043,24.52666664123535,24.553333282470703,20.635356903076172,14394300,0.0,0.0
2016-07-20 00:00:00-04:00,24.626667022705078,24.703332901000977,24.543333053588867,24.59666633605957,20.67177963256836,15846000,0.0,0.0
2016-07-21 00:00:00-04:00,24.476667404174805,24.553333282470703,24.3799991607666,24.50666618347168,20.59613800048828,13175700,0.0,0.0
2016-07-22 00:00:00-04:00,24.586666107177734,24.636667251586914,24.47333335876465,24.516666412353516,20.604541778564453,12949800,0.0,0.0
2016-07-25 00:00:00-04:00,24.516666412353516,24.610000610351562,24.469999313354492,24.583332061767578,20.660568237304688,14202000,0.0,0.0
2016-07-26 00:00:00-04:00,24.56999969482422,24.690000534057617,24.469999313354492,24.57666778564453,20.654966354370117,15744900,0.0,0.0
2016-07-27 00:00:00-04:00,24.553333282470703,24.606666564941406,24.3799991607666,24.440000534057617,20.540109634399414,17333700,0.0,0.0
2016-07-28 00:00:00-04:00,24.3799991607666,24.440000534057617,24.156667709350586,24.413333892822266,20.5177001953125,13809600,0.0,0.0
2016-07-29 00:00:00-04:00,24.389999389648438,24.416667938232422,24.253332138061523,24.323333740234375,20.442060470581055,18906600,0.0,0.0
2016-08-01 00:00:00-04:00,24.270000457763672,24.663333892822266,24.270000457763672,24.593332290649414,20.66897201538086,17605200,0.0,0.0
2016-08-02 00:00:00-04:00,24.566667556762695,24.573333740234375,24.209999084472656,24.376667022705078,20.48688316345215,19539300,0.0,0.0
2016-08-03 00:00:00-04:00,24.333332061767578,24.46666717529297,24.170000076293945,24.31333351135254,20.43366050720215,19704300,0.0,0.0
2016-08-04 00:00:00-04:00,24.266666412353516,24.496667861938477,24.196666717529297,24.433332443237305,20.534507751464844,14834700,0.0,0.0
2016-08-05 00:00:00-04:00,24.48666763305664,24.649999618530273,24.48666763305664,24.586666107177734,20.663373947143555,16246200,0.0,0.0
2016-08-08 00:00:00-04:00,24.666667938232422,24.690000534057617,24.34666633605957,24.446666717529297,20.545711517333984,19731600,0.0,0.0
2016-08-09 00:00:00-04:00,24.453332901000977,24.626667022705078,24.360000610351562,24.51333236694336,20.60173988342285,19283700,0.0,0.0
2016-08-10 00:00:00-04:00,24.523332595825195,24.836666107177734,24.463333129882812,24.649999618530273,20.85841941833496,24156900,0.166667,0.0
2016-08-11 00:00:00-04:00,24.833332061767578,24.933332443237305,24.510000228881836,24.600000381469727,20.816104888916016,18870900,0.0,0.0
2016-08-12 00:00:00-04:00,24.600000381469727,24.706666946411133,24.520000457763672,24.6299991607666,20.841495513916016,29982600,0.0,0.0
2016-08-15 00:00:00-04:00,24.60333251953125,24.670000076293945,24.3700008392334,24.440000534057617,20.680721282958984,28908300,0.0,0.0
2016-08-16 00:00:00-04:00,24.196666717529297,24.43666648864746,24.06999969482422,24.296667098999023,20.55942726135254,29289900,0.0,0.0
2016-08-17 00:00:00-04:00,23.996667861938477,24.316667556762695,23.996667861938477,24.309999465942383,20.570720672607422,43029900,0.0,0.0
2016-08-18 00:00:00-04:00,24.309999465942383,25.06333351135254,24.309999465942383,24.766666412353516,20.95713233947754,80574900,0.0,0.0
2016-08-19 00:00:00-04:00,24.700000762939453,24.76333236694336,24.22333335876465,24.270000457763672,20.536867141723633,46039200,0.0,0.0
2016-08-22 00:00:00-04:00,24.35333251953125,24.3799991607666,24.149999618530273,24.233333587646484,20.50583839416504,30936300,0.0,0.0
2016-08-23 00:00:00-04:00,24.296667098999023,24.356666564941406,23.98666763305664,23.989999771118164,20.299938201904297,28174200,0.0,0.0
2016-08-24 00:00:00-04:00,23.989999771118164,24.25,23.920000076293945,24.07666778564453,20.373275756835938,30152100,0.0,0.0
2016-08-25 00:00:00-04:00,24.123332977294922,24.19333267211914,23.683332443237305,23.739999771118164,20.088397979736328,31542600,0.0,0.0
2016-08-26 00:00:00-04:00,23.803333282470703,23.89666748046875,23.6299991607666,23.713333129882812,20.065826416015625,30115500,0.0,0.0
2016-08-29 00:00:00-04:00,23.713333129882812,23.886667251586914,23.700000762939453,23.799999237060547,20.139163970947266,22404300,0.0,0.0
2016-08-30 00:00:00-04:00,23.799999237060547,23.920000076293945,23.71666717529297,23.770000457763672,20.11377716064453,17322600,0.0,0.0
2016-08-31 00:00:00-04:00,23.81999969482422,23.8799991607666,23.71666717529297,23.81333351135254,20.15044403076172,18934800,0.0,0.0
2016-09-01 00:00:00-04:00,23.856666564941406,24.286666870117188,23.803333282470703,24.280000686645508,20.545330047607422,35284200,0.0,0.0
2016-09-02 00:00:00-04:00,24.329999923706055,24.39666748046875,24.139999389648438,24.166667938232422,20.44942855834961,24248700,0.0,0.0
2016-09-06 00:00:00-04:00,24.253332138061523,24.360000610351562,24.066667556762695,24.333332061767578,20.59046173095703,28712700,0.0,0.0
2016-09-07 00:00:00-04:00,24.333332061767578,24.350000381469727,24.003332138061523,24.020000457763672,20.3253231048584,28854900,0.0,0.0
2016-09-08 00:00:00-04:00,23.963333129882812,24.106666564941406,23.90333366394043,23.94333267211914,20.260446548461914,28983600,0.0,0.0
2016-09-09 00:00:00-04:00,23.773332595825195,23.836666107177734,23.433332443237305,23.433332443237305,19.828893661499023,36517800,0.0,0.0
2016-09-12 00:00:00-04:00,23.59666633605957,24.079999923706055,23.573333740234375,23.979999542236328,20.291475296020508,32592000,0.0,0.0
2016-09-13 00:00:00-04:00,23.946666717529297,23.969999313354492,23.71666717529297,23.81999969482422,20.15608024597168,22523700,0.0,0.0
2016-09-14 00:00:00-04:00,23.873332977294922,24.020000457763672,23.799999237060547,23.84000015258789,20.173015594482422,20941500,0.0,0.0
2016-09-15 00:00:00-04:00,23.82666778564453,24.18666648864746,23.753332138061523,24.133333206176758,20.421220779418945,21886800,0.0,0.0
2016-09-16 00:00:00-04:00,24.106666564941406,24.31999969482422,24.073333740234375,24.290000915527344,20.55379295349121,41807100,0.0,0.0
2016-09-19 00:00:00-04:00,24.213333129882812,24.290000915527344,24.030000686645508,24.030000686645508,20.33378028869629,20762100,0.0,0.0
2016-09-20 00:00:00-04:00,24.049999237060547,24.183332443237305,23.96666717529297,23.989999771118164,20.299938201904297,17731800,0.0,0.0
2016-09-21 00:00:00-04:00,24.059999465942383,24.18000030517578,23.836666107177734,24.06333351135254,20.36199378967285,20027700,0.0,0.0
2016-09-22 00:00:00-04:00,24.143333435058594,24.18000030517578,23.996667861938477,24.09000015258789,20.38455581665039,17615700,0.0,0.0
2016-09-23 00:00:00-04:00,24.200000762939453,24.25666618347168,24.113332748413086,24.116666793823242,20.407121658325195,23089200,0.0,0.0
2016-09-26 00:00:00-04:00,24.10333251953125,24.110000610351562,23.84000015258789,23.873332977294922,20.201213836669922,17846100,0.0,0.0
2016-09-27 00:00:00-04:00,23.976667404174805,24.163333892822266,23.860000610351562,24.110000610351562,20.40147590637207,19033200,0.0,0.0
2016-09-28 00:00:00-04:00,24.073333740234375,24.106666564941406,23.793333053588867,23.93000030517578,20.24917221069336,18554700,0.0,0.0
2016-09-29 00:00:00-04:00,23.856666564941406,23.90333366394043,23.540000915527344,23.57666778564453,19.950178146362305,23990400,0.0,0.0
2016-09-30 00:00:00-04:00,23.833332061767578,24.15333366394043,23.799999237060547,24.040000915527344,20.342243194580078,29947800,0.0,0.0
2016-10-03 00:00:00-04:00,23.94333267211914,24.049999237060547,23.866666793823242,24.003332138061523,20.311216354370117,17573100,0.0,0.0
2016-10-04 00:00:00-04:00,24.0,24.190000534057617,23.850000381469727,23.916667938232422,20.23788070678711,19707900,0.0,0.0
2016-10-05 00:00:00-04:00,23.956666946411133,24.09000015258789,23.866666793823242,23.889999389648438,20.215320587158203,19393200,0.0,0.0
2016-10-06 00:00:00-04:00,23.889999389648438,23.889999389648438,22.963333129882812,23.1200008392334,19.56376075744629,60330900,0.0,0.0
2016-10-07 00:00:00-04:00,23.086666107177734,23.156667709350586,22.72333335876465,22.899999618530273,19.377593994140625,37961400,0.0,0.0
2016-10-10 00:00:00-04:00,22.916667938232422,22.98666763305664,22.583332061767578,22.65999984741211,19.174509048461914,26965200,0.0,0.0
2016-10-11 00:00:00-04:00,22.649999618530273,22.65333366394043,22.433332443237305,22.463333129882812,19.00809669494629,25774500,0.0,0.0
2016-10-12 00:00:00-04:00,22.579999923706055,22.636667251586914,22.456666946411133,22.48666763305664,19.027843475341797,26822100,0.0,0.0
2016-10-13 00:00:00-04:00,22.39666748046875,22.84666633605957,22.356666564941406,22.74333381652832,19.245025634765625,27581400,0.0,0.0
2016-10-14 00:00:00-04:00,22.80666732788086,22.93666648864746,22.73666763305664,22.816667556762695,19.30708885192871,19248000,0.0,0.0
2016-10-17 00:00:00-04:00,22.883333206176758,22.883333206176758,22.600000381469727,22.739999771118164,19.242210388183594,22480200,0.0,0.0
2016-10-18 00:00:00-04:00,22.856666564941406,22.99333381652832,22.74333381652832,22.956666946411133,19.425546646118164,23573100,0.0,0.0
2016-10-19 00:00:00-04:00,23.073333740234375,23.113332748413086,22.89666748046875,22.963333129882812,19.431190490722656,21369900,0.0,0.0
2016-10-20 00:00:00-04:00,22.99333381652832,23.02666664123535,22.856666564941406,22.90999984741211,19.386058807373047,18882000,0.0,0.0
2016-10-21 00:00:00-04:00,22.780000686645508,22.876667022705078,22.663333892822266,22.780000686645508,19.276052474975586,23533800,0.0,0.0
2016-10-24 00:00:00-04:00,22.873332977294922,23.123332977294922,22.796667098999023,23.06333351135254,19.515811920166016,21490800,0.0,0.0
2016-10-25 00:00:00-04:00,23.003332138061523,23.290000915527344,23.0,23.1200008392334,19.56376075744629,22889100,0.0,0.0
2016-10-26 00:00:00-04:00,23.100000381469727,23.270000457763672,23.046667098999023,23.196666717529297,19.628631591796875,15151500,0.0,0.0
2016-10-27 00:00:00-04:00,23.200000762939453,23.333332061767578,23.1299991607666,23.27666664123535,19.696319580078125,21394800,0.0,0.0
2016-10-28 00:00:00-04:00,23.266666412353516,23.40333366394043,23.24333381652832,23.329999923706055,19.741455078125,20858700,0.0,0.0
2016-10-31 00:00:00-04:00,23.35333251953125,23.389999389648438,23.28333282470703,23.34000015258789,19.74991798400879,19167000,0.0,0.0
2016-11-01 00:00:00-04:00,23.32666778564453,23.35333251953125,23.046667098999023,23.100000381469727,19.546831130981445,26515800,0.0,0.0
2016-11-02 00:00:00-04:00,23.066667556762695,23.323333740234375,23.066667556762695,23.149999618530273,19.589139938354492,22935900,0.0,0.0
2016-11-03 00:00:00-04:00,23.209999084472656,23.360000610351562,23.116666793823242,23.209999084472656,19.63991928100586,20411700,0.0,0.0
2016-11-04 00:00:00-04:00,23.23666763305664,23.31333351135254,23.043333053588867,23.053333282470703,19.507343292236328,21786300,0.0,0.0
2016-11-07 00:00:00-05:00,23.206666946411133,23.280000686645508,23.053333282470703,23.260000228881836,19.682220458984375,29266200,0.0,0.0
2016-11-08 00:00:00-05:00,23.23666763305664,23.34666633605957,23.156667709350586,23.26333236694336,19.685043334960938,22863900,0.0,0.0
2016-11-09 00:00:00-05:00,23.100000381469727,23.833332061767578,23.09666633605957,23.700000762939453,20.054542541503906,50338500,0.0,0.0
2016-11-10 00:00:00-05:00,23.75,24.030000686645508,23.666667938232422,23.796667098999023,20.13633918762207,42963900,0.0,0.0
2016-11-11 00:00:00-05:00,23.703332901000977,23.760000228881836,23.53333282470703,23.74333381652832,20.09121322631836,24671700,0.0,0.0
2016-11-14 00:00:00-05:00,23.719999313354492,23.770000457763672,23.39666748046875,23.496667861938477,19.882492065429688,38752500,0.0,0.0
2016-11-15 00:00:00-05:00,23.59666633605957,23.80666732788086,23.450000762939453,23.80666732788086,20.14480209350586,29175300,0.0,0.0
2016-11-16 00:00:00-05:00,23.916667938232422,24.020000457763672,23.77666664123535,23.796667098999023,20.13633918762207,33577200,0.0,0.0
2016-11-17 00:00:00-05:00,23.02666664123535,23.17333221435547,22.706666946411133,23.06333351135254,19.515811920166016,70320900,0.0,0.0
2016-11-18 00:00:00-05:00,22.976667404174805,23.133333206176758,22.81333351135254,22.84666633605957,19.33246612548828,33405900,0.0,0.0
2016-11-21 00:00:00-05:00,22.84666633605957,23.133333206176758,22.80666732788086,23.123332977294922,19.56657600402832,25068000,0.0,0.0
2016-11-22 00:00:00-05:00,23.24333381652832,23.47333335876465,23.24333381652832,23.373332977294922,19.77812385559082,32952000,0.0,0.0
2016-11-23 00:00:00-05:00,23.406667709350586,23.6299991607666,23.393333435058594,23.610000610351562,19.978389739990234,22196700,0.0,0.0
2016-11-25 00:00:00-05:00,23.703332901000977,23.883333206176758,23.65999984741211,23.74333381652832,20.09121322631836,12703200,0.0,0.0
2016-11-28 00:00:00-05:00,23.643333435058594,23.84000015258789,23.600000381469727,23.729999542236328,20.07993507385254,21297600,0.0,0.0
2016-11-29 00:00:00-05:00,23.793333053588867,23.93000030517578,23.733333587646484,23.790000915527344,20.130701065063477,21930300,0.0,0.0
2016-11-30 00:00:00-05:00,23.639999389648438,23.719999313354492,23.389999389648438,23.476667404174805,19.86556625366211,27978300,0.0,0.0
2016-12-01 00:00:00-05:00,23.416667938232422,23.57666778564453,23.350000381469727,23.55666732788086,19.933259963989258,20549400,0.0,0.0
2016-12-02 00:00:00-05:00,23.52666664123535,23.649999618530273,23.483333587646484,23.626667022705078,19.992494583129883,20022600,0.0,0.0
2016-12-05 00:00:00-05:00,23.633333206176758,23.663333892822266,23.270000457763672,23.31333351135254,19.727352142333984,31583700,0.0,0.0
2016-12-06 00:00:00-05:00,23.336666107177734,23.463333129882812,23.166667938232422,23.453332901000977,19.8458194732666,23334000,0.0,0.0
2016-12-07 00:00:00-05:00,23.309999465942383,23.549999237060547,23.299999237060547,23.53333282470703,20.0560359954834,20898600,0.166667,0.0
2016-12-08 00:00:00-05:00,23.49333381652832,23.633333206176758,23.440000534057617,23.446666717529297,19.982179641723633,20532600,0.0,0.0
2016-12-09 00:00:00-05:00,23.42333221435547,23.476667404174805,23.246667861938477,23.360000610351562,19.90831756591797,32270100,0.0,0.0
2016-12-12 00:00:00-05:00,23.356666564941406,23.926666259765625,23.34000015258789,23.889999389648438,20.36000633239746,27252300,0.0,0.0
2016-12-13 00:00:00-05:00,23.889999389648438,24.07666778564453,23.8700008392334,23.933332443237305,20.396928787231445,26662500,0.0,0.0
2016-12-14 00:00:00-05:00,23.96666717529297,24.15999984741211,23.726667404174805,23.780000686645508,20.26625633239746,26008200,0.0,0.0
2016-12-15 00:00:00-05:00,23.739999771118164,23.933332443237305,23.676666259765625,23.69333267211914,20.19239044189453,21408900,0.0,0.0
2016-12-16 00:00:00-05:00,23.690000534057617,23.8799991607666,23.53333282470703,23.65999984741211,20.16398811340332,53534400,0.0,0.0
2016-12-19 00:00:00-05:00,23.613332748413086,23.916667938232422,23.613332748413086,23.860000610351562,20.334436416625977,17667900,0.0,0.0
2016-12-20 00:00:00-05:00,23.90999984741211,23.976667404174805,23.836666107177734,23.940000534057617,20.40261459350586,18324300,0.0,0.0
2016-12-21 00:00:00-05:00,23.886667251586914,24.0,23.746667861938477,23.746667861938477,20.23784637451172,15303000,0.0,0.0
2016-12-22 00:00:00-05:00,23.746667861938477,23.746667861938477,23.06999969482422,23.196666717529297,19.769113540649414,36320400,0.0,0.0
2016-12-23 00:00:00-05:00,23.143333435058594,23.25,23.1200008392334,23.18000030517578,19.754901885986328,14411700,0.0,0.0
2016-12-27 00:00:00-05:00,23.100000381469727,23.273332595825195,23.083332061767578,23.233333587646484,19.800363540649414,13307100,0.0,0.0
2016-12-28 00:00:00-05:00,23.31333351135254,23.333332061767578,23.086666107177734,23.10333251953125,19.6895694732666,14627100,0.0,0.0
2016-12-29 00:00:00-05:00,23.06999969482422,23.17333221435547,23.040000915527344,23.086666107177734,19.67536735534668,12895200,0.0,0.0
2016-12-30 00:00:00-05:00,23.040000915527344,23.143333435058594,22.94333267211914,23.040000915527344,19.63559913635254,20668500,0.0,0.0
2017-01-03 00:00:00-05:00,23.079999923706055,23.079999923706055,22.683332443237305,22.886667251586914,19.504924774169922,31419600,0.0,0.0
2017-01-04 00:00:00-05:00,22.886667251586914,23.209999084472656,22.866666793823242,23.020000457763672,19.61855125427246,23754000,0.0,0.0
2017-01-05 00:00:00-05:00,22.809999465942383,23.110000610351562,22.706666946411133,23.06999969482422,19.661165237426758,21297600,0.0,0.0
2017-01-06 00:00:00-05:00,22.803333282470703,22.833332061767578,22.670000076293945,22.753332138061523,19.391294479370117,28473300,0.0,0.0
2017-01-09 00:00:00-05:00,22.77666664123535,22.933332443237305,22.773332595825195,22.90333366394043,19.519126892089844,26055600,0.0,0.0
2017-01-10 00:00:00-05:00,22.8799991607666,23.09000015258789,22.739999771118164,22.74333381652832,19.382770538330078,30769500,0.0,0.0
2017-01-11 00:00:00-05:00,22.733333587646484,22.873332977294922,22.729999542236328,22.843332290649414,19.467987060546875,20092800,0.0,0.0
2017-01-12 00:00:00-05:00,22.786666870117188,22.85333251953125,22.639999389648438,22.656667709350586,19.30890655517578,19634700,0.0,0.0
2017-01-13 00:00:00-05:00,22.65999984741211,22.67333221435547,22.360000610351562,22.376667022705078,19.070281982421875,30037500,0.0,0.0
2017-01-17 00:00:00-05:00,22.700000762939453,23.09666633605957,22.68666648864746,22.80666732788086,19.436748504638672,39502500,0.0,0.0
2017-01-18 00:00:00-05:00,22.626667022705078,22.703332901000977,22.51333236694336,22.703332901000977,19.34868049621582,21964500,0.0,0.0
2017-01-19 00:00:00-05:00,22.709999084472656,22.729999542236328,22.49333381652832,22.540000915527344,19.2094783782959,20463300,0.0,0.0
2017-01-20 00:00:00-05:00,22.579999923706055,22.610000610351562,22.34000015258789,22.393333435058594,19.08448028564453,36164100,0.0,0.0
2017-01-23 00:00:00-05:00,22.336666107177734,22.393333435058594,22.18666648864746,22.21666717529297,18.933917999267578,23854200,0.0,0.0
2017-01-24 00:00:00-05:00,22.296667098999023,22.469999313354492,22.219999313354492,22.46666717529297,19.146982192993164,32131800,0.0,0.0
2017-01-25 00:00:00-05:00,22.50666618347168,22.57666778564453,22.26333236694336,22.296667098999023,19.002098083496094,26168700,0.0,0.0
2017-01-26 00:00:00-05:00,22.376667022705078,22.406667709350586,22.206666946411133,22.24333381652832,18.956649780273438,19512300,0.0,0.0
2017-01-27 00:00:00-05:00,22.286666870117188,22.323333740234375,21.760000228881836,21.886667251586914,18.65268325805664,40300800,0.0,0.0
2017-01-30 00:00:00-05:00,21.876667022705078,22.15999984741211,21.876667022705078,22.139999389648438,18.868579864501953,25924500,0.0,0.0
2017-01-31 00:00:00-05:00,22.06999969482422,22.296667098999023,21.959999084472656,22.246667861938477,18.959497451782227,27962700,0.0,0.0
2017-02-01 00:00:00-05:00,22.15333366394043,22.23666763305664,22.01333236694336,22.07666778564453,18.814613342285156,27150000,0.0,0.0
2017-02-02 00:00:00-05:00,22.113332748413086,22.3799991607666,22.113332748413086,22.233333587646484,18.9481201171875,26996100,0.0,0.0
2017-02-03 00:00:00-05:00,22.273332595825195,22.309999465942383,22.14666748046875,22.166667938232422,18.891315460205078,22875900,0.0,0.0
2017-02-06 00:00:00-05:00,22.123332977294922,22.286666870117188,22.123332977294922,22.133333206176758,18.862895965576172,27291600,0.0,0.0
2017-02-07 00:00:00-05:00,22.18666648864746,22.333332061767578,22.170000076293945,22.296667098999023,19.002098083496094,17417100,0.0,0.0
2017-02-08 00:00:00-05:00,22.296667098999023,22.606666564941406,22.296667098999023,22.60333251953125,19.263456344604492,22982400,0.0,0.0
2017-02-09 00:00:00-05:00,22.60333251953125,23.046667098999023,22.583332061767578,23.02666664123535,19.62423324584961,33241500,0.0,0.0
2017-02-10 00:00:00-05:00,22.75,22.866666793823242,22.586666107177734,22.67333221435547,19.32311248779297,37336800,0.0,0.0
2017-02-13 00:00:00-05:00,22.773332595825195,22.883333206176758,22.520000457763672,22.59000015258789,19.252090454101562,25122900,0.0,0.0
2017-02-14 00:00:00-05:00,22.626667022705078,22.893333435058594,22.56999969482422,22.886667251586914,19.504924774169922,25386900,0.0,0.0
2017-02-15 00:00:00-05:00,22.600000381469727,22.90333366394043,22.586666107177734,22.89666748046875,19.513442993164062,25689900,0.0,0.0
2017-02-16 00:00:00-05:00,22.889999389648438,23.079999923706055,22.8700008392334,22.956666946411133,19.5645809173584,25241400,0.0,0.0
2017-02-17 00:00:00-05:00,22.94333267211914,23.26333236694336,22.89666748046875,23.123332977294922,19.706619262695312,38512200,0.0,0.0
2017-02-21 00:00:00-05:00,23.73666763305664,24.093332290649414,23.566667556762695,23.816667556762695,20.297504425048828,67238700,0.0,0.0
2017-02-22 00:00:00-05:00,24.083332061767578,24.123332977294922,23.82666778564453,23.90333366394043,20.371370315551758,45728100,0.0,0.0
2017-02-23 00:00:00-05:00,24.0,24.166667938232422,23.719999313354492,23.770000457763672,20.25773811340332,38399100,0.0,0.0
2017-02-24 00:00:00-05:00,23.780000686645508,24.266666412353516,23.766666412353516,24.1299991607666,20.564546585083008,41669700,0.0,0.0
2017-02-27 00:00:00-05:00,24.093332290649414,24.139999389648438,23.843332290649414,23.913333892822266,20.37989044189453,27764100,0.0,0.0
2017-02-28 00:00:00-05:00,23.623332977294922,23.666667938232422,23.333332061767578,23.643333435058594,20.14978790283203,47857800,0.0,0.0
2017-03-01 00:00:00-05:00,23.656667709350586,23.69333267211914,23.383333206176758,23.483333587646484,20.013425827026367,40568100,0.0,0.0
2017-03-02 00:00:00-05:00,23.47333335876465,23.633333206176758,23.389999389648438,23.586666107177734,20.101491928100586,26748900,0.0,0.0
2017-03-03 00:00:00-05:00,23.586666107177734,23.67333221435547,23.293333053588867,23.343332290649414,19.894107818603516,27893700,0.0,0.0
2017-03-06 00:00:00-05:00,23.333332061767578,23.479999542236328,23.260000228881836,23.293333053588867,19.851505279541016,27547800,0.0,0.0
2017-03-07 00:00:00-05:00,23.299999237060547,23.40333366394043,23.286666870117188,23.290000915527344,19.848657608032227,21848700,0.0,0.0
2017-03-08 00:00:00-05:00,23.229999542236328,23.343332290649414,23.18000030517578,23.266666412353516,19.974567413330078,23939400,0.17,0.0
2017-03-09 00:00:00-05:00,23.25,23.34666633605957,23.18666648864746,23.286666870117188,19.991744995117188,22693500,0.0,0.0
2017-03-10 00:00:00-05:00,23.333332061767578,23.453332901000977,23.266666412353516,23.366666793823242,20.060426712036133,21296400,0.0,0.0
2017-03-13 00:00:00-04:00,23.329999923706055,23.483333587646484,23.23666763305664,23.316667556762695,20.017501831054688,20407500,0.0,0.0
2017-03-14 00:00:00-04:00,23.606666564941406,23.73666763305664,23.573333740234375,23.573333740234375,20.23784637451172,29875200,0.0,0.0
2017-03-15 00:00:00-04:00,23.5,23.566667556762695,23.34000015258789,23.52666664123535,20.197776794433594,26441400,0.0,0.0
2017-03-16 00:00:00-04:00,23.3700008392334,23.566667556762695,23.356666564941406,23.479999542236328,20.15772247314453,21183000,0.0,0.0
2017-03-17 00:00:00-04:00,23.52666664123535,23.583332061767578,23.270000457763672,23.296667098999023,20.000333786010742,42235200,0.0,0.0
2017-03-20 00:00:00-04:00,23.3799991607666,23.483333587646484,23.23666763305664,23.32666778564453,20.026084899902344,22398600,0.0,0.0
2017-03-21 00:00:00-04:00,23.389999389648438,23.46666717529297,23.229999542236328,23.299999237060547,20.003190994262695,26240400,0.0,0.0
2017-03-22 00:00:00-04:00,23.343332290649414,23.446666717529297,23.239999771118164,23.416667938232422,20.103349685668945,19366800,0.0,0.0
2017-03-23 00:00:00-04:00,23.399999618530273,23.43666648864746,23.25,23.286666870117188,19.991744995117188,20696400,0.0,0.0
2017-03-24 00:00:00-04:00,23.329999923706055,23.389999389648438,23.176666259765625,23.203332901000977,19.920194625854492,17577000,0.0,0.0
2017-03-27 00:00:00-04:00,23.17333221435547,23.356666564941406,23.1200008392334,23.219999313354492,19.934507369995117,17377800,0.0,0.0
2017-03-28 00:00:00-04:00,23.110000610351562,23.456666946411133,23.110000610351562,23.440000534057617,20.123388290405273,21756600,0.0,0.0
2017-03-29 00:00:00-04:00,23.450000762939453,23.726667404174805,23.43666648864746,23.579999923706055,20.24357032775879,20973000,0.0,0.0
2017-03-30 00:00:00-04:00,23.56333351135254,23.906667709350586,23.546667098999023,23.863332748413086,20.486812591552734,24424500,0.0,0.0
2017-03-31 00:00:00-04:00,23.773332595825195,24.18666648864746,23.74333381652832,24.02666664123535,20.627037048339844,29819400,0.0,0.0
2017-04-03 00:00:00-04:00,24.02666664123535,24.176666259765625,23.926666259765625,23.94333267211914,20.555498123168945,24873900,0.0,0.0
2017-04-04 00:00:00-04:00,23.913333892822266,24.020000457763672,23.843332290649414,24.003332138061523,20.60700225830078,16701900,0.0,0.0
2017-04-05 00:00:00-04:00,23.8799991607666,24.10333251953125,23.85333251953125,23.883333206176758,20.503986358642578,19063500,0.0,0.0
2017-04-06 00:00:00-04:00,23.899999618530273,24.03333282470703,23.793333053588867,23.809999465942383,20.44102668762207,17823300,0.0,0.0
2017-04-07 00:00:00-04:00,24.03333282470703,24.329999923706055,23.933332443237305,24.299999237060547,20.8617000579834,32304000,0.0,0.0
2017-04-10 00:00:00-04:00,24.329999923706055,24.49333381652832,24.24333381652832,24.35333251953125,20.907480239868164,22487700,0.0,0.0
2017-04-11 00:00:00-04:00,24.333332061767578,24.483333587646484,24.309999465942383,24.476667404174805,21.01336669921875,17431500,0.0,0.0
2017-04-12 00:00:00-04:00,24.516666412353516,24.610000610351562,24.416667938232422,24.479999542236328,21.01622772216797,19881900,0.0,0.0
2017-04-13 00:00:00-04:00,24.456666946411133,24.553333282470703,24.383333206176758,24.383333206176758,20.933231353759766,16009200,0.0,0.0
2017-04-17 00:00:00-04:00,24.386667251586914,24.52666664123535,24.383333206176758,24.496667861938477,21.030542373657227,16396200,0.0,0.0
2017-04-18 00:00:00-04:00,24.51333236694336,24.700000762939453,24.49333381652832,24.6299991607666,21.14500617980957,19883700,0.0,0.0
2017-04-19 00:00:00-04:00,24.700000762939453,24.793333053588867,24.6200008392334,24.690000534057617,21.196516036987305,17821800,0.0,0.0
2017-04-20 00:00:00-04:00,24.713333129882812,25.036666870117188,24.703332901000977,24.933332443237305,21.40541648864746,23043900,0.0,0.0
2017-04-21 00:00:00-04:00,24.913333892822266,25.036666870117188,24.866666793823242,24.979999542236328,21.445480346679688,17267100,0.0,0.0
2017-04-24 00:00:00-04:00,25.02666664123535,25.133333206176758,24.80666732788086,24.926666259765625,21.39969253540039,23437500,0.0,0.0
2017-04-25 00:00:00-04:00,24.989999771118164,25.05666732788086,24.953332901000977,25.016666412353516,21.476961135864258,17161200,0.0,0.0
2017-04-26 00:00:00-04:00,25.09000015258789,25.25666618347168,25.05666732788086,25.143333435058594,21.5856990814209,20845500,0.0,0.0
2017-04-27 00:00:00-04:00,25.18000030517578,25.233333587646484,25.00666618347168,25.14666748046875,21.588563919067383,18156600,0.0,0.0
2017-04-28 00:00:00-04:00,25.079999923706055,25.14666748046875,24.976667404174805,25.059999465942383,21.51416015625,21991200,0.0,0.0
2017-05-01 00:00:00-04:00,25.030000686645508,25.239999771118164,25.030000686645508,25.07666778564453,21.528472900390625,18497700,0.0,0.0
2017-05-02 00:00:00-04:00,25.100000381469727,25.23666763305664,25.083332061767578,25.17333221435547,21.611454010009766,21955200,0.0,0.0
2017-05-03 00:00:00-04:00,25.133333206176758,25.293333053588867,25.059999465942383,25.253332138061523,21.68013572692871,16570800,0.0,0.0
2017-05-04 00:00:00-04:00,25.309999465942383,25.46666717529297,25.27666664123535,25.446666717529297,21.846111297607422,16502400,0.0,0.0
2017-05-05 00:00:00-04:00,25.47333335876465,25.53333282470703,25.393333435058594,25.5,21.89190673828125,16793400,0.0,0.0
2017-05-08 00:00:00-04:00,25.5,25.50666618347168,25.356666564941406,25.373332977294922,21.783166885375977,19536600,0.0,0.0
2017-05-09 00:00:00-04:00,25.479999542236328,25.683332443237305,25.44333267211914,25.573333740234375,21.954864501953125,24765900,0.0,0.0
2017-05-10 00:00:00-04:00,25.44333267211914,25.593332290649414,25.39666748046875,25.566667556762695,22.09602165222168,22535700,0.17,0.0
2017-05-11 00:00:00-04:00,25.450000762939453,25.573333740234375,25.309999465942383,25.376667022705078,21.93181610107422,25048200,0.0,0.0
2017-05-12 00:00:00-04:00,25.316667556762695,25.416667938232422,25.123332977294922,25.23666763305664,21.810819625854492,17678700,0.0,0.0
2017-05-15 00:00:00-04:00,25.266666412353516,25.489999771118164,25.266666412353516,25.43000030517578,21.9779109954834,26531700,0.0,0.0
2017-05-16 00:00:00-04:00,25.39666748046875,25.42333221435547,25.02666664123535,25.036666870117188,21.637969970703125,25115400,0.0,0.0
2017-05-17 00:00:00-04:00,25.036666870117188,25.24333381652832,24.98666763305664,25.040000915527344,21.640850067138672,32913000,0.0,0.0
2017-05-18 00:00:00-04:00,25.6299991607666,25.886667251586914,25.376667022705078,25.84666633605957,22.33800506591797,57500400,0.0,0.0
2017-05-19 00:00:00-04:00,25.989999771118164,26.479999542236328,25.92333221435547,26.25666618347168,22.692354202270508,55745100,0.0,0.0
2017-05-22 00:00:00-04:00,26.21666717529297,26.333332061767578,26.100000381469727,26.183332443237305,22.62897300720215,26692800,0.0,0.0
2017-05-23 00:00:00-04:00,26.19333267211914,26.323333740234375,26.14666748046875,26.163333892822266,22.611690521240234,22754700,0.0,0.0
2017-05-24 00:00:00-04:00,26.18666648864746,26.203332901000977,26.046667098999023,26.049999237060547,22.513742446899414,22281000,0.0,0.0
2017-05-25 00:00:00-04:00,26.1200008392334,26.28333282470703,26.049999237060547,26.10333251953125,22.559833526611328,18405000,0.0,0.0
2017-05-26 00:00:00-04:00,26.123332977294922,26.18000030517578,25.93000030517578,26.043333053588867,22.50798225402832,18377400,0.0,0.0
2017-05-30 00:00:00-04:00,26.0,26.133333206176758,25.976667404174805,26.049999237060547,22.513742446899414,16231200,0.0,0.0
2017-05-31 00:00:00-04:00,26.116666793823242,26.30666732788086,26.073333740234375,26.200000762939453,22.643383026123047,24605100,0.0,0.0
2017-06-01 00:00:00-04:00,26.213333129882812,26.60333251953125,26.200000762939453,26.60333251953125,22.991962432861328,24459300,0.0,0.0
2017-06-02 00:00:00-04:00,26.600000381469727,26.643333435058594,26.406667709350586,26.540000915527344,22.937223434448242,23989500,0.0,0.0
2017-06-05 00:00:00-04:00,26.53333282470703,26.823333740234375,26.49333381652832,26.753332138061523,23.121591567993164,30437100,0.0,0.0
2017-06-06 00:00:00-04:00,26.476667404174805,26.520000457763672,26.086666107177734,26.309999465942383,22.738449096679688,34577700,0.0,0.0
2017-06-07 00:00:00-04:00,26.360000610351562,26.5,26.24333381652832,26.383333206176758,22.801828384399414,25533600,0.0,0.0
2017-06-08 00:00:00-04:00,26.383333206176758,26.709999084472656,26.07666778564453,26.309999465942383,22.738449096679688,32799000,0.0,0.0
2017-06-09 00:00:00-04:00,26.343332290649414,26.520000457763672,26.239999771118164,26.47333335876465,22.879608154296875,28215300,0.0,0.0
2017-06-12 00:00:00-04:00,26.46666717529297,26.790000915527344,26.280000686645508,26.413333892822266,22.827754974365234,31231800,0.0,0.0
2017-06-13 00:00:00-04:00,26.40333366394043,26.523332595825195,26.296667098999023,26.50666618347168,22.908416748046875,16584000,0.0,0.0
2017-06-14 00:00:00-04:00,26.50666618347168,26.68000030517578,26.420000076293945,26.633333206176758,23.01789093017578,15019500,0.0,0.0
2017-06-15 00:00:00-04:00,26.393333435058594,26.433332443237305,25.920000076293945,26.303333282470703,22.732690811157227,33891600,0.0,0.0
2017-06-16 00:00:00-04:00,24.649999618530273,25.166667938232422,24.43000030517578,25.079999923706055,21.6754150390625,168699000,0.0,0.0
2017-06-19 00:00:00-04:00,25.126667022705078,25.336666107177734,24.84000015258789,25.166667938232422,21.750320434570312,48285300,0.0,0.0
2017-06-20 00:00:00-04:00,25.293333053588867,25.30666732788086,25.106666564941406,25.18000030517578,21.761844635009766,30057600,0.0,0.0
2017-06-21 00:00:00-04:00,25.200000762939453,25.536666870117188,25.19333267211914,25.413333892822266,21.963497161865234,27034200,0.0,0.0
2017-06-22 00:00:00-04:00,25.343332290649414,25.35333251953125,25.100000381469727,25.17333221435547,21.756080627441406,24333900,0.0,0.0
2017-06-23 00:00:00-04:00,25.200000762939453,25.260000228881836,24.850000381469727,24.946666717529297,21.560184478759766,39240900,0.0,0.0
2017-06-26 00:00:00-04:00,24.983333587646484,25.309999465942383,24.97333335876465,25.166667938232422,21.750320434570312,25762500,0.0,0.0
2017-06-27 00:00:00-04:00,25.166667938232422,25.456666946411133,25.149999618530273,25.336666107177734,21.89724349975586,19363200,0.0,0.0
2017-06-28 00:00:00-04:00,25.416667938232422,25.600000381469727,25.3799991607666,25.503332138061523,22.041288375854492,20966700,0.0,0.0
2017-06-29 00:00:00-04:00,25.416667938232422,25.440000534057617,25.163333892822266,25.309999465942383,21.874197006225586,21190500,0.0,0.0
2017-06-30 00:00:00-04:00,25.360000610351562,25.42333221435547,25.22333335876465,25.226667404174805,21.80217170715332,20889900,0.0,0.0
2017-07-03 00:00:00-04:00,25.280000686645508,25.446666717529297,25.02666664123535,25.1200008392334,21.709991455078125,14545800,0.0,0.0
2017-07-05 00:00:00-04:00,25.183332443237305,25.316667556762695,25.05666732788086,25.106666564941406,21.698461532592773,18110700,0.0,0.0
2017-07-06 00:00:00-04:00,25.116666793823242,25.323333740234375,25.079999923706055,25.156667709350586,21.741676330566406,18485400,0.0,0.0
2017-07-07 00:00:00-04:00,25.21666717529297,25.273332595825195,25.016666412353516,25.110000610351562,21.701353073120117,15921300,0.0,0.0
2017-07-10 00:00:00-04:00,25.049999237060547,25.10333251953125,24.376667022705078,24.40999984741211,21.09636688232422,45200100,0.0,0.0
2017-07-11 00:00:00-04:00,24.459999084472656,24.683332443237305,24.44333267211914,24.489999771118164,21.165512084960938,22597800,0.0,0.0
2017-07-12 00:00:00-04:00,24.553333282470703,24.73666763305664,24.553333282470703,24.64666748046875,21.300912857055664,17100600,0.0,0.0
2017-07-13 00:00:00-04:00,24.889999389648438,25.083332061767578,24.836666107177734,25.016666412353516,21.620681762695312,24481500,0.0,0.0
2017-07-14 00:00:00-04:00,25.42333221435547,25.520000457763672,25.303333282470703,25.446666717529297,21.99231719970703,27455700,0.0,0.0
2017-07-17 00:00:00-04:00,25.43000030517578,25.623332977294922,25.39666748046875,25.456666946411133,22.000957489013672,26506800,0.0,0.0
2017-07-18 00:00:00-04:00,25.416667938232422,25.51333236694336,25.333332061767578,25.399999618530273,21.95197296142578,12944700,0.0,0.0
2017-07-19 00:00:00-04:00,25.360000610351562,25.406667709350586,25.200000762939453,25.290000915527344,21.856916427612305,15940800,0.0,0.0
2017-07-20 00:00:00-04:00,25.32666778564453,25.416667938232422,25.233333587646484,25.34000015258789,21.900121688842773,14896200,0.0,0.0
2017-07-21 00:00:00-04:00,25.280000686645508,25.40999984741211,25.183332443237305,25.383333206176758,21.937572479248047,21459900,0.0,0.0
2017-07-24 00:00:00-04:00,25.343332290649414,25.719999313354492,25.343332290649414,25.6299991607666,22.1507568359375,22164000,0.0,0.0
2017-07-25 00:00:00-04:00,25.8700008392334,26.286666870117188,25.796667098999023,26.17333221435547,22.620328903198242,34512000,0.0,0.0
2017-07-26 00:00:00-04:00,26.183332443237305,26.389999389648438,25.979999542236328,26.299999237060547,22.72980308532715,20148300,0.0,0.0
2017-07-27 00:00:00-04:00,26.239999771118164,26.6200008392334,26.15999984741211,26.593332290649414,22.983320236206055,24157500,0.0,0.0
2017-07-28 00:00:00-04:00,26.600000381469727,26.65333366394043,26.51333236694336,26.60333251953125,22.991962432861328,14925600,0.0,0.0
2017-07-31 00:00:00-04:00,26.606666564941406,26.780000686645508,26.56333351135254,26.663333892822266,23.04381561279297,18789600,0.0,0.0
2017-08-01 00:00:00-04:00,26.75,26.90999984741211,26.666667938232422,26.833332061767578,23.19073486328125,17179500,0.0,0.0
2017-08-02 00:00:00-04:00,26.780000686645508,27.036666870117188,26.766666412353516,26.843332290649414,23.199382781982422,26019000,0.0,0.0
2017-08-03 00:00:00-04:00,27.113332748413086,27.253332138061523,26.889999389648438,26.956666946411133,23.29732894897461,29840700,0.0,0.0
2017-08-04 00:00:00-04:00,27.020000457763672,27.133333206176758,26.73666763305664,26.82666778564453,23.184980392456055,21425400,0.0,0.0
2017-08-07 00:00:00-04:00,26.856666564941406,27.149999618530273,26.84666633605957,27.093332290649414,23.415441513061523,16453500,0.0,0.0
2017-08-08 00:00:00-04:00,27.05666732788086,27.286666870117188,26.96666717529297,27.196666717529297,23.50475311279297,22144200,0.0,0.0
2017-08-09 00:00:00-04:00,27.036666870117188,27.329999923706055,26.96666717529297,27.203332901000977,23.65838623046875,19819500,0.17,0.0
2017-08-10 00:00:00-04:00,27.023332595825195,27.133333206176758,26.850000381469727,26.886667251586914,23.38299560546875,24135000,0.0,0.0
2017-08-11 00:00:00-04:00,26.90999984741211,27.083332061767578,26.786666870117188,26.799999237060547,23.307619094848633,23716500,0.0,0.0
2017-08-14 00:00:00-04:00,26.863332748413086,27.079999923706055,26.833332061767578,26.899999618530273,23.394582748413086,23376000,0.0,0.0
2017-08-15 00:00:00-04:00,26.94333267211914,27.133333206176758,26.84666633605957,26.92333221435547,23.414884567260742,21198300,0.0,0.0
2017-08-16 00:00:00-04:00,27.09000015258789,27.14666748046875,26.84666633605957,26.99333381652832,23.47576141357422,34608000,0.0,0.0
2017-08-17 00:00:00-04:00,26.28333282470703,26.60333251953125,26.110000610351562,26.566667556762695,23.104692459106445,51881100,0.0,0.0
2017-08-18 00:00:00-04:00,26.540000915527344,26.78333282470703,26.426666259765625,26.43666648864746,22.99163246154785,29259000,0.0,0.0
2017-08-21 00:00:00-04:00,26.373332977294922,26.690000534057617,26.26333236694336,26.56999969482422,23.10759162902832,28841700,0.0,0.0
2017-08-22 00:00:00-04:00,26.600000381469727,26.719999313354492,26.56999969482422,26.67333221435547,23.197465896606445,19638300,0.0,0.0
2017-08-23 00:00:00-04:00,26.78333282470703,26.85333251953125,26.626667022705078,26.65333366394043,23.18006706237793,23397900,0.0,0.0
2017-08-24 00:00:00-04:00,26.8700008392334,26.959999084472656,25.950000762939453,26.113332748413086,22.710432052612305,57384000,0.0,0.0
2017-08-25 00:00:00-04:00,26.166667938232422,26.363332748413086,26.15999984741211,26.209999084472656,22.79450798034668,29706600,0.0,0.0
2017-08-28 00:00:00-04:00,26.136667251586914,26.15333366394043,25.953332901000977,26.010000228881836,22.620567321777344,25864500,0.0,0.0
2017-08-29 00:00:00-04:00,25.889999389648438,26.32666778564453,25.833332061767578,26.25666618347168,22.8350887298584,22995600,0.0,0.0
2017-08-30 00:00:00-04:00,26.273332595825195,26.366666793823242,26.17333221435547,26.18000030517578,22.76841926574707,17489400,0.0,0.0
2017-08-31 00:00:00-04:00,26.200000762939453,26.25,26.020000457763672,26.023332595825195,22.63216209411621,24584400,0.0,0.0
2017-09-01 00:00:00-04:00,26.10333251953125,26.166667938232422,26.06999969482422,26.123332977294922,22.719133377075195,19423200,0.0,0.0
2017-09-05 00:00:00-04:00,25.983333587646484,26.6299991607666,25.96666717529297,26.600000381469727,23.133682250976562,36205500,0.0,0.0
2017-09-06 00:00:00-04:00,26.626667022705078,26.799999237060547,26.573333740234375,26.69333267211914,23.21485137939453,25278300,0.0,0.0
2017-09-07 00:00:00-04:00,26.773332595825195,26.920000076293945,26.666667938232422,26.706666946411133,23.226455688476562,20462400,0.0,0.0
2017-09-08 00:00:00-04:00,26.579999923706055,26.626667022705078,25.90999984741211,26.293333053588867,22.86697769165039,29998800,0.0,0.0
2017-09-11 00:00:00-04:00,26.383333206176758,26.450000762939453,26.219999313354492,26.360000610351562,22.924957275390625,21000600,0.0,0.0
2017-09-12 00:00:00-04:00,26.433332443237305,26.636667251586914,26.389999389648438,26.536666870117188,23.078601837158203,18015000,0.0,0.0
2017-09-13 00:00:00-04:00,26.536666870117188,26.893333435058594,26.530000686645508,26.6200008392334,23.151081085205078,26471100,0.0,0.0
2017-09-14 00:00:00-04:00,26.59666633605957,26.606666564941406,26.406667709350586,26.559999465942383,23.098896026611328,20817900,0.0,0.0
2017-09-15 00:00:00-04:00,26.60333251953125,26.916667938232422,26.42333221435547,26.793333053588867,23.301820755004883,39953400,0.0,0.0
2017-09-18 00:00:00-04:00,26.73666763305664,27.040000915527344,26.649999618530273,26.666667938232422,23.191665649414062,24528300,0.0,0.0
2017-09-19 00:00:00-04:00,26.726667404174805,26.81999969482422,26.566667556762695,26.683332443237305,23.206151962280273,18523200,0.0,0.0
2017-09-20 00:00:00-04:00,26.72333335876465,26.85333251953125,26.623332977294922,26.833332061767578,23.33660125732422,15954600,0.0,0.0
2017-09-21 00:00:00-04:00,26.856666564941406,26.856666564941406,26.573333740234375,26.670000076293945,23.194555282592773,19290900,0.0,0.0
2017-09-22 00:00:00-04:00,26.6299991607666,26.69333267211914,26.416667938232422,26.510000228881836,23.05541229248047,17265900,0.0,0.0
2017-09-25 00:00:00-04:00,26.30666732788086,26.700000762939453,26.286666870117188,26.383333206176758,22.945255279541016,25643400,0.0,0.0
2017-09-26 00:00:00-04:00,26.34666633605957,26.51333236694336,26.30666732788086,26.463333129882812,23.014827728271484,17505900,0.0,0.0
2017-09-27 00:00:00-04:00,26.47333335876465,26.523332595825195,26.22333335876465,26.43000030517578,22.9858341217041,18943800,0.0,0.0
2017-09-28 00:00:00-04:00,26.333332061767578,26.360000610351562,26.040000915527344,26.316667556762695,22.88727569580078,37118400,0.0,0.0
2017-09-29 00:00:00-04:00,26.28333282470703,26.333332061767578,25.99333381652832,26.046667098999023,22.65245819091797,31060200,0.0,0.0
2017-10-02 00:00:00-04:00,25.96666717529297,26.27666664123535,25.833332061767578,26.149999618530273,22.742324829101562,23127600,0.0,0.0
2017-10-03 00:00:00-04:00,26.27666664123535,26.553333282470703,26.25,26.406667709350586,22.965538024902344,23810100,0.0,0.0
2017-10-04 00:00:00-04:00,26.42333221435547,26.593332290649414,26.356666564941406,26.363332748413086,22.927852630615234,18520200,0.0,0.0
2017-10-05 00:00:00-04:00,26.389999389648438,26.60333251953125,26.360000610351562,26.469999313354492,23.0206241607666,15416100,0.0,0.0
2017-10-06 00:00:00-04:00,26.260000228881836,26.389999389648438,26.083332061767578,26.333332061767578,22.901762008666992,18740100,0.0,0.0
2017-10-09 00:00:00-04:00,26.5,27.126667022705078,26.46666717529297,26.843332290649414,23.345306396484375,40479000,0.0,0.0
2017-10-10 00:00:00-04:00,27.559999465942383,28.293333053588867,27.536666870117188,28.043333053588867,24.388935089111328,75372000,0.0,0.0
2017-10-11 00:00:00-04:00,28.19333267211914,28.76333236694336,28.03333282470703,28.57666778564453,24.85276222229004,55683000,0.0,0.0
2017-10-12 00:00:00-04:00,28.566667556762695,28.790000915527344,28.35333251953125,28.700000762939453,24.96002960205078,38631000,0.0,0.0
2017-10-13 00:00:00-04:00,28.746667861938477,28.983333587646484,28.746667861938477,28.873332977294922,25.11077880859375,28167000,0.0,0.0
2017-10-16 00:00:00-04:00,28.860000610351562,28.873332977294922,28.34000015258789,28.579999923706055,24.855663299560547,27900900,0.0,0.0
2017-10-17 00:00:00-04:00,28.5,28.786666870117188,28.440000534057617,28.65999984741211,24.92523956298828,17554500,0.0,0.0
2017-10-18 00:00:00-04:00,28.71666717529297,28.790000915527344,28.670000076293945,28.739999771118164,24.994810104370117,16416300,0.0,0.0
2017-10-19 00:00:00-04:00,28.71666717529297,28.886667251586914,28.59000015258789,28.799999237060547,25.046995162963867,21087000,0.0,0.0
2017-10-20 00:00:00-04:00,28.866666793823242,29.149999618530273,28.760000228881836,29.14666748046875,25.348487854003906,22853400,0.0,0.0
2017-10-23 00:00:00-04:00,29.113332748413086,29.639999389648438,29.086666107177734,29.549999237060547,25.69925880432129,31758000,0.0,0.0
2017-10-24 00:00:00-04:00,29.56333351135254,29.600000381469727,29.303333282470703,29.32666778564453,25.50503158569336,23102700,0.0,0.0
2017-10-25 00:00:00-04:00,29.28333282470703,29.53333282470703,29.143333435058594,29.49333381652832,25.649974822998047,19224000,0.0,0.0
2017-10-26 00:00:00-04:00,29.553333282470703,29.703332901000977,29.34000015258789,29.540000915527344,25.69056510925293,19454700,0.0,0.0
2017-10-27 00:00:00-04:00,29.3799991607666,29.463333129882812,29.049999237060547,29.389999389648438,25.560108184814453,19851000,0.0,0.0
2017-10-30 00:00:00-04:00,29.31333351135254,29.316667556762695,28.796667098999023,28.983333587646484,25.206436157226562,21156000,0.0,0.0
2017-10-31 00:00:00-04:00,28.953332901000977,29.15333366394043,28.866666793823242,29.10333251953125,25.310800552368164,18020700,0.0,0.0
2017-11-01 00:00:00-04:00,29.023332595825195,29.46666717529297,29.0,29.31333351135254,25.493432998657227,18528300,0.0,0.0
2017-11-02 00:00:00-04:00,29.426666259765625,29.72333335876465,29.266666412353516,29.600000381469727,25.742746353149414,15549300,0.0,0.0
2017-11-03 00:00:00-04:00,29.67333221435547,29.959999084472656,29.586666107177734,29.893333435058594,25.99785614013672,19536300,0.0,0.0
2017-11-06 00:00:00-05:00,29.80666732788086,29.893333435058594,29.559999465942383,29.566667556762695,25.71375274658203,15772200,0.0,0.0
2017-11-07 00:00:00-05:00,29.623332977294922,29.68666648864746,29.43666648864746,29.649999618530273,25.786231994628906,16047900,0.0,0.0
2017-11-08 00:00:00-05:00,29.703332901000977,30.139999389648438,29.700000762939453,30.086666107177734,26.165992736816406,20302500,0.0,0.0
2017-11-09 00:00:00-05:00,29.979999542236328,30.190000534057617,29.78333282470703,30.100000381469727,26.177587509155273,20713500,0.0,0.0
2017-11-10 00:00:00-05:00,30.079999923706055,30.56333351135254,30.066667556762695,30.30666732788086,26.35732078552246,22943400,0.0,0.0
2017-11-13 00:00:00-05:00,30.34666633605957,30.65999984741211,30.290000915527344,30.329999923706055,26.377614974975586,25474800,0.0,0.0
2017-11-14 00:00:00-05:00,30.233333587646484,30.399999618530273,30.059999465942383,30.363332748413086,26.406604766845703,29502300,0.0,0.0
2017-11-15 00:00:00-05:00,30.113332748413086,30.28333282470703,29.883333206176758,29.94333267211914,26.041336059570312,25300200,0.0,0.0
2017-11-16 00:00:00-05:00,31.706666946411133,33.22666549682617,31.573333740234375,33.206668853759766,28.879423141479492,114367200,0.0,0.0
2017-11-17 00:00:00-05:00,33.08000183105469,33.37666702270508,32.19333267211914,32.4900016784668,28.256147384643555,70726500,0.0,0.0
2017-11-20 00:00:00-05:00,32.14666748046875,32.54666519165039,31.920000076293945,32.49333190917969,28.259044647216797,49182900,0.0,0.0
2017-11-21 00:00:00-05:00,32.58000183105469,32.63999938964844,32.106666564941406,32.17333221435547,27.98073959350586,38239500,0.0,0.0
2017-11-22 00:00:00-05:00,32.21666717529297,32.27000045776367,32.03666687011719,32.13666534423828,27.9488468170166,26754600,0.0,0.0
2017-11-24 00:00:00-05:00,32.290000915527344,32.40999984741211,32.176666259765625,32.206668853759766,28.00973129272461,13488300,0.0,0.0
2017-11-27 00:00:00-05:00,32.28333282470703,32.54999923706055,32.099998474121094,32.206668853759766,28.00973129272461,26714700,0.0,0.0
2017-11-28 00:00:00-05:00,32.1966667175293,32.29666519165039,31.940000534057617,32.25666809082031,28.053211212158203,26128800,0.0,0.0
2017-11-29 00:00:00-05:00,32.40666580200195,32.753334045410156,32.293331146240234,32.52000045776367,28.282230377197266,34272000,0.0,0.0
2017-11-30 00:00:00-05:00,32.6966667175293,32.813331604003906,32.16999816894531,32.40999984741211,28.186569213867188,38564100,0.0,0.0
2017-12-01 00:00:00-05:00,32.53666687011719,32.56999969482422,32.07666778564453,32.45000076293945,28.221351623535156,24888600,0.0,0.0
2017-12-04 00:00:00-05:00,32.57666778564453,32.6533317565918,32.22666549682617,32.336666107177734,28.12278938293457,26869500,0.0,0.0
2017-12-05 00:00:00-05:00,32.33333206176758,32.64666748046875,32.30666732788086,32.61000061035156,28.360506057739258,27030300,0.0,0.0
2017-12-06 00:00:00-05:00,32.663333892822266,32.71333312988281,32.413333892822266,32.426666259765625,28.20106315612793,21423000,0.0,0.0
2017-12-07 00:00:00-05:00,32.35333251953125,32.526668548583984,32.21666717529297,32.2599983215332,28.203975677490234,22507800,0.17,0.0
2017-12-08 00:00:00-05:00,32.099998474121094,32.233333587646484,32.04666519165039,32.18333435058594,28.136947631835938,17463300,0.0,0.0
2017-12-11 00:00:00-05:00,32.31999969482422,32.42333221435547,32.0966682434082,32.310001373291016,28.247692108154297,26786700,0.0,0.0
2017-12-12 00:00:00-05:00,32.28333282470703,32.413333892822266,32.20000076293945,32.233333587646484,28.18065643310547,23431800,0.0,0.0
2017-12-13 00:00:00-05:00,32.220001220703125,32.63666534423828,32.18333435058594,32.586666107177734,28.48957061767578,23638200,0.0,0.0
2017-12-14 00:00:00-05:00,32.66666793823242,32.856666564941406,32.366668701171875,32.37666702270508,28.305973052978516,28157400,0.0,0.0
2017-12-15 00:00:00-05:00,32.56999969482422,32.83000183105469,32.3033332824707,32.369998931884766,28.300138473510742,48428400,0.0,0.0
2017-12-18 00:00:00-05:00,32.459999084472656,32.723331451416016,32.45333480834961,32.633331298828125,28.530364990234375,23893200,0.0,0.0
2017-12-19 00:00:00-05:00,33.3033332824707,33.3033332824707,32.76333236694336,32.93333435058594,28.792646408081055,36036600,0.0,0.0
2017-12-20 00:00:00-05:00,33.150001525878906,33.21666717529297,32.81666564941406,32.91666793823242,28.778085708618164,32189400,0.0,0.0
2017-12-21 00:00:00-05:00,33.0,33.11000061035156,32.65999984741211,32.686668395996094,28.576997756958008,22107300,0.0,0.0
2017-12-22 00:00:00-05:00,32.76333236694336,32.80666732788086,32.560001373291016,32.73666763305664,28.620710372924805,16436100,0.0,0.0
2017-12-26 00:00:00-05:00,32.78333282470703,33.14666748046875,32.78333282470703,33.0533332824707,28.897563934326172,12887700,0.0,0.0
2017-12-27 00:00:00-05:00,33.186668395996094,33.20000076293945,32.94333267211914,33.086666107177734,28.926713943481445,15422400,0.0,0.0
2017-12-28 00:00:00-05:00,33.17333221435547,33.206668853759766,33.040000915527344,33.133331298828125,28.967504501342773,29291700,0.0,0.0
2017-12-29 00:00:00-05:00,33.133331298828125,33.22999954223633,32.91666793823242,32.91666793823242,28.778085708618164,21432900,0.0,0.0
2018-01-02 00:00:00-05:00,33.099998474121094,33.26333236694336,32.84000015258789,32.86333465576172,28.731460571289062,30451500,0.0,0.0
2018-01-03 00:00:00-05:00,32.95000076293945,33.33333206176758,32.92333221435547,33.150001525878906,28.982078552246094,26710800,0.0,0.0
2018-01-04 00:00:00-05:00,33.18000030517578,33.2599983215332,32.970001220703125,33.18000030517578,29.008302688598633,20491200,0.0,0.0
2018-01-05 00:00:00-05:00,33.21333312988281,33.459999084472656,33.20333480834961,33.37666702270508,29.18024444580078,21852000,0.0,0.0
2018-01-08 00:00:00-05:00,33.41666793823242,33.91666793823242,33.4033317565918,33.869998931884766,29.61155128479004,26531700,0.0,0.0
2018-01-09 00:00:00-05:00,34.0099983215332,34.116668701171875,33.436668395996094,33.46333312988281,29.25600814819336,21938100,0.0,0.0
2018-01-10 00:00:00-05:00,33.25,33.29666519165039,32.84333419799805,33.223331451416016,29.046188354492188,23791200,0.0,0.0
2018-01-11 00:00:00-05:00,33.233333587646484,33.483333587646484,32.926666259765625,33.34000015258789,29.1481876373291,19613100,0.0,0.0
2018-01-12 00:00:00-05:00,33.46333312988281,33.813331604003906,33.43333435058594,33.62333297729492,29.395902633666992,20853600,0.0,0.0
2018-01-16 00:00:00-05:00,33.779998779296875,33.970001220703125,33.4466667175293,33.563331604003906,29.343435287475586,21512100,0.0,0.0
2018-01-17 00:00:00-05:00,33.71666717529297,34.313331604003906,33.56666564941406,34.233333587646484,29.929195404052734,26045700,0.0,0.0
2018-01-18 00:00:00-05:00,34.913333892822266,34.97999954223633,34.540000915527344,34.766666412353516,30.395475387573242,36923700,0.0,0.0
2018-01-19 00:00:00-05:00,34.880001068115234,34.97666549682617,34.5533332824707,34.86333465576172,30.48000144958496,25135800,0.0,0.0
2018-01-22 00:00:00-05:00,34.83333206176758,35.150001525878906,34.68000030517578,35.150001525878906,30.73061752319336,21924900,0.0,0.0
2018-01-23 00:00:00-05:00,35.0966682434082,35.383331298828125,34.856666564941406,35.29999923706055,30.861751556396484,24863400,0.0,0.0
2018-01-24 00:00:00-05:00,35.45000076293945,35.47999954223633,34.939998626708984,35.26333236694336,30.82970428466797,20469300,0.0,0.0
2018-01-25 00:00:00-05:00,35.28333282470703,35.60333251953125,35.28333282470703,35.53333282470703,31.065750122070312,17571300,0.0,0.0
2018-01-26 00:00:00-05:00,35.66666793823242,36.13666534423828,35.560001373291016,36.130001068115234,31.587411880493164,20358900,0.0,0.0
2018-01-29 00:00:00-05:00,36.03666687011719,36.65999984741211,35.996665954589844,36.516666412353516,31.925457000732422,25065600,0.0,0.0
2018-01-30 00:00:00-05:00,36.380001068115234,36.45333480834961,35.71666717529297,35.90999984741211,31.395065307617188,27541500,0.0,0.0
2018-01-31 00:00:00-05:00,35.92333221435547,36.060001373291016,35.356666564941406,35.53333282470703,31.065750122070312,29438400,0.0,0.0
2018-02-01 00:00:00-05:00,35.31999969482422,35.52000045776367,35.060001373291016,35.17333221435547,30.751022338867188,19160400,0.0,0.0
2018-02-02 00:00:00-05:00,35.04999923706055,35.4900016784668,34.71666717529297,34.82666778564453,30.44793128967285,27759300,0.0,0.0
2018-02-05 00:00:00-05:00,34.46666717529297,34.869998931884766,32.36333465576172,33.36333465576172,29.168590545654297,37684800,0.0,0.0
2018-02-06 00:00:00-05:00,32.54666519165039,33.69333267211914,32.41666793823242,33.633331298828125,29.40464210510254,49241400,0.0,0.0
2018-02-07 00:00:00-05:00,33.5,34.86333465576172,33.336666107177734,34.28333282470703,29.972917556762695,33495600,0.0,0.0
2018-02-08 00:00:00-05:00,34.40999984741211,34.49333190917969,33.33333206176758,33.34000015258789,29.1481876373291,41925300,0.0,0.0
2018-02-09 00:00:00-05:00,33.5099983215332,33.70000076293945,32.143333435058594,33.12333297729492,28.958759307861328,42553800,0.0,0.0
2018-02-12 00:00:00-05:00,33.37666702270508,33.483333587646484,32.93333435058594,33.18333435058594,29.01122283935547,27405300,0.0,0.0
2018-02-13 00:00:00-05:00,33.11000061035156,33.7400016784668,33.11000061035156,33.65999984741211,29.427961349487305,19868400,0.0,0.0
2018-02-14 00:00:00-05:00,33.619998931884766,34.08333206176758,33.4033317565918,33.900001525878906,29.637779235839844,21922800,0.0,0.0
2018-02-15 00:00:00-05:00,34.18333435058594,34.54666519165039,33.94333267211914,34.40999984741211,30.083654403686523,22484700,0.0,0.0
2018-02-16 00:00:00-05:00,34.36333465576172,34.97999954223633,33.99333190917969,34.926666259765625,30.535362243652344,48192900,0.0,0.0
2018-02-20 00:00:00-05:00,32.33000183105469,32.64666748046875,31.366666793823242,31.3700008392334,27.425870895385742,156265500,0.0,0.0
2018-02-21 00:00:00-05:00,31.703332901000977,31.780000686645508,30.413333892822266,30.50666618347168,26.671085357666016,148511100,0.0,0.0
2018-02-22 00:00:00-05:00,30.476667404174805,31.1299991607666,30.43666648864746,30.92333221435547,27.035364151000977,61095000,0.0,0.0
2018-02-23 00:00:00-05:00,30.959999084472656,31.163333892822266,30.586666107177734,30.963333129882812,27.070335388183594,38374500,0.0,0.0
2018-02-26 00:00:00-05:00,30.96666717529297,31.266666412353516,30.739999771118164,31.040000915527344,27.137367248535156,44097900,0.0,0.0
2018-02-27 00:00:00-05:00,31.209999084472656,31.239999771118164,30.503332138061523,30.50666618347168,26.671085357666016,40128300,0.0,0.0
2018-02-28 00:00:00-05:00,30.666667938232422,30.700000762939453,30.0,30.003332138061523,26.231037139892578,42431100,0.0,0.0
2018-03-01 00:00:00-05:00,30.05666732788086,30.059999465942383,29.23666763305664,29.69333267211914,25.96001434326172,56728800,0.0,0.0
2018-03-02 00:00:00-05:00,29.09000015258789,29.633333206176758,29.079999923706055,29.59000015258789,25.869670867919922,57130200,0.0,0.0
2018-03-05 00:00:00-05:00,29.3799991607666,30.166667938232422,29.356666564941406,29.99333381652832,26.222293853759766,40149600,0.0,0.0
2018-03-06 00:00:00-05:00,30.116666793823242,30.166667938232422,29.543333053588867,29.68666648864746,25.95418930053711,33164100,0.0,0.0
2018-03-07 00:00:00-05:00,29.32666778564453,29.510000228881836,29.113332748413086,29.246667861938477,25.569507598876953,34359000,0.0,0.0
2018-03-08 00:00:00-05:00,29.25666618347168,29.376667022705078,29.113332748413086,29.30666732788086,25.774717330932617,28766100,0.173333,0.0
2018-03-09 00:00:00-05:00,29.413333892822266,29.573333740234375,29.176666259765625,29.573333740234375,26.009246826171875,29263200,0.0,0.0
2018-03-12 00:00:00-04:00,29.566667556762695,29.81333351135254,29.293333053588867,29.356666564941406,25.818689346313477,25422000,0.0,0.0
2018-03-13 00:00:00-04:00,29.463333129882812,29.633333206176758,29.32666778564453,29.433332443237305,25.886123657226562,21519000,0.0,0.0
2018-03-14 00:00:00-04:00,29.503332138061523,29.663333892822266,29.166667938232422,29.22333335876465,25.701427459716797,33121800,0.0,0.0
2018-03-15 00:00:00-04:00,29.226667404174805,29.59666633605957,28.633333206176758,29.170000076293945,25.65452003479004,49845600,0.0,0.0
2018-03-16 00:00:00-04:00,29.239999771118164,30.030000686645508,29.166667938232422,29.72333335876465,26.14116668701172,85188000,0.0,0.0
2018-03-19 00:00:00-04:00,29.636667251586914,29.69333267211914,29.03333282470703,29.149999618530273,25.636930465698242,36160200,0.0,0.0
2018-03-20 00:00:00-04:00,29.286666870117188,29.383333206176758,29.123332977294922,29.316667556762695,25.78351402282715,24774000,0.0,0.0
2018-03-21 00:00:00-04:00,29.296667098999023,29.893333435058594,29.226667404174805,29.393333435058594,25.850940704345703,35508000,0.0,0.0
2018-03-22 00:00:00-04:00,29.176666259765625,29.42333221435547,28.996667861938477,29.046667098999023,25.54605484008789,36744600,0.0,0.0
2018-03-23 00:00:00-04:00,29.116666793823242,29.229999542236328,28.426666259765625,28.47333335876465,25.04181480407715,30375300,0.0,0.0
2018-03-26 00:00:00-04:00,28.739999771118164,29.229999542236328,28.703332901000977,29.166667938232422,25.651586532592773,27599400,0.0,0.0
2018-03-27 00:00:00-04:00,29.31999969482422,29.34666633605957,28.49333381652832,28.683332443237305,25.22650146484375,19637400,0.0,0.0
2018-03-28 00:00:00-04:00,28.753332138061523,29.413333892822266,28.729999542236328,29.25666618347168,25.730749130249023,34728900,0.0,0.0
2018-03-29 00:00:00-04:00,29.299999237060547,29.780000686645508,29.25666618347168,29.656667709350586,26.082542419433594,27823800,0.0,0.0
2018-04-02 00:00:00-04:00,29.333332061767578,29.413333892822266,28.280000686645508,28.516666412353516,25.079923629760742,57386700,0.0,0.0
2018-04-03 00:00:00-04:00,28.75,28.983333587646484,28.516666412353516,28.933332443237305,25.446372985839844,29086500,0.0,0.0
2018-04-04 00:00:00-04:00,28.53333282470703,29.166667938232422,28.479999542236328,29.073333740234375,25.569507598876953,19609800,0.0,0.0
2018-04-05 00:00:00-04:00,29.200000762939453,29.450000762939453,29.016666412353516,29.270000457763672,25.742469787597656,19142700,0.0,0.0
2018-04-06 00:00:00-04:00,28.94333267211914,29.299999237060547,28.709999084472656,28.89666748046875,25.41412925720215,19050000,0.0,0.0
2018-04-09 00:00:00-04:00,28.950000762939453,29.149999618530273,28.746667861938477,28.760000228881836,25.29393196105957,25104300,0.0,0.0
2018-04-10 00:00:00-04:00,28.946666717529297,29.03333282470703,28.553333282470703,28.816667556762695,25.343774795532227,27382200,0.0,0.0
2018-04-11 00:00:00-04:00,28.666667938232422,28.953332901000977,28.600000381469727,28.636667251586914,25.185462951660156,18837000,0.0,0.0
2018-04-12 00:00:00-04:00,28.729999542236328,28.94333267211914,28.469999313354492,28.476667404174805,25.044748306274414,20568900,0.0,0.0
2018-04-13 00:00:00-04:00,28.6299991607666,28.75666618347168,28.39666748046875,28.67333221435547,25.217708587646484,22677600,0.0,0.0
2018-04-16 00:00:00-04:00,28.733333587646484,29.21666717529297,28.706666946411133,28.946666717529297,25.458106994628906,21062100,0.0,0.0
2018-04-17 00:00:00-04:00,29.15999984741211,29.389999389648438,29.136667251586914,29.299999237060547,25.768857955932617,20405700,0.0,0.0
2018-04-18 00:00:00-04:00,29.399999618530273,29.520000457763672,29.170000076293945,29.190000534057617,25.672117233276367,17562000,0.0,0.0
2018-04-19 00:00:00-04:00,29.136667251586914,29.34666633605957,28.860000610351562,29.296667098999023,25.76592254638672,19764900,0.0,0.0
2018-04-20 00:00:00-04:00,29.290000915527344,29.459999084472656,28.889999389648438,28.99333381652832,25.4991512298584,24974700,0.0,0.0
2018-04-23 00:00:00-04:00,28.963333129882812,29.02666664123535,28.67333221435547,28.700000762939453,25.24117088317871,22081500,0.0,0.0
2018-04-24 00:00:00-04:00,28.92333221435547,28.969999313354492,28.523332595825195,28.843332290649414,25.367229461669922,25409100,0.0,0.0
2018-04-25 00:00:00-04:00,28.773332595825195,29.233333587646484,28.6299991607666,29.05666732788086,25.554845809936523,20281200,0.0,0.0
2018-04-26 00:00:00-04:00,29.05666732788086,29.440000534057617,28.96666717529297,29.31333351135254,25.780582427978516,17347500,0.0,0.0
2018-04-27 00:00:00-04:00,29.290000915527344,29.299999237060547,29.02666664123535,29.09666633605957,25.590024948120117,16953300,0.0,0.0
2018-04-30 00:00:00-04:00,29.31333351135254,29.886667251586914,29.30666732788086,29.48666763305664,25.93302345275879,26057700,0.0,0.0
2018-05-01 00:00:00-04:00,29.22333335876465,29.336666107177734,28.78333282470703,29.136667251586914,25.62520980834961,20873100,0.0,0.0
2018-05-02 00:00:00-04:00,29.043333053588867,29.083332061767578,28.719999313354492,28.780000686645508,25.311521530151367,18249000,0.0,0.0
2018-05-03 00:00:00-04:00,28.729999542236328,28.76333236694336,28.373332977294922,28.74333381652832,25.279273986816406,20628300,0.0,0.0
2018-05-04 00:00:00-04:00,28.666667938232422,29.366666793823242,28.453332901000977,29.176666259765625,25.660385131835938,20914500,0.0,0.0
2018-05-07 00:00:00-04:00,29.163333892822266,29.166667938232422,28.42333221435547,28.489999771118164,25.056472778320312,32350800,0.0,0.0
2018-05-08 00:00:00-04:00,28.50666618347168,28.616666793823242,28.30666732788086,28.579999923706055,25.13562774658203,19654200,0.0,0.0
2018-05-09 00:00:00-04:00,27.520000457763672,27.893333435058594,27.333332061767578,27.68666648864746,24.349952697753906,96795600,0.0,0.0
2018-05-10 00:00:00-04:00,27.546667098999023,27.92333221435547,27.336666107177734,27.56333351135254,24.394208908081055,47572800,0.173333,0.0
2018-05-11 00:00:00-04:00,27.56333351135254,27.84000015258789,27.316667556762695,27.793333053588867,24.597768783569336,29804400,0.0,0.0
2018-05-14 00:00:00-04:00,27.963333129882812,28.26333236694336,27.883333206176758,28.1299991607666,24.89571762084961,28497600,0.0,0.0
2018-05-15 00:00:00-04:00,28.020000457763672,28.293333053588867,27.933332443237305,28.17333221435547,24.934062957763672,27968700,0.0,0.0
2018-05-16 00:00:00-04:00,28.290000915527344,28.709999084472656,28.246667861938477,28.709999084472656,25.409032821655273,41200800,0.0,0.0
2018-05-17 00:00:00-04:00,29.01333236694336,29.196666717529297,27.950000762939453,28.163333892822266,24.92522430419922,89162100,0.0,0.0
2018-05-18 00:00:00-04:00,28.079999923706055,28.14666748046875,27.829999923706055,27.8799991607666,24.674461364746094,36129300,0.0,0.0
2018-05-21 00:00:00-04:00,28.046667098999023,28.18000030517578,27.940000534057617,28.170000076293945,24.931119918823242,32147100,0.0,0.0
2018-05-22 00:00:00-04:00,28.166667938232422,28.270000457763672,27.76333236694336,27.790000915527344,24.594810485839844,24201900,0.0,0.0
2018-05-23 00:00:00-04:00,27.649999618530273,27.67333221435547,27.389999389648438,27.670000076293945,24.48860740661621,28197600,0.0,0.0
2018-05-24 00:00:00-04:00,27.666667938232422,27.666667938232422,27.260000228881836,27.616666793823242,24.441402435302734,25728600,0.0,0.0
2018-05-25 00:00:00-04:00,27.616666793823242,27.780000686645508,27.440000534057617,27.48666763305664,24.32636070251465,17740500,0.0,0.0
2018-05-29 00:00:00-04:00,27.31999969482422,27.50666618347168,27.270000457763672,27.46666717529297,24.308652877807617,25284600,0.0,0.0
2018-05-30 00:00:00-04:00,27.483333587646484,28.07666778564453,27.420000076293945,28.040000915527344,24.816068649291992,27942300,0.0,0.0
2018-05-31 00:00:00-04:00,27.979999542236328,28.10333251953125,27.503332138061523,27.51333236694336,24.349958419799805,34406100,0.0,0.0
2018-06-01 00:00:00-04:00,27.68000030517578,27.80666732788086,27.616666793823242,27.663333892822266,24.48270606994629,15713700,0.0,0.0
2018-06-04 00:00:00-04:00,27.833332061767578,28.50666618347168,27.766666412353516,28.47333335876465,25.19957733154297,32766000,0.0,0.0
2018-06-05 00:00:00-04:00,28.483333587646484,28.489999771118164,28.083332061767578,28.206666946411133,24.963571548461914,24844200,0.0,0.0
2018-06-06 00:00:00-04:00,28.316667556762695,28.383333206176758,28.116666793823242,28.18666648864746,24.94586944580078,22088400,0.0,0.0
2018-06-07 00:00:00-04:00,28.260000228881836,28.586666107177734,28.229999542236328,28.316667556762695,25.060924530029297,23117100,0.0,0.0
2018-06-08 00:00:00-04:00,28.260000228881836,28.39666748046875,28.046667098999023,28.1200008392334,24.88686752319336,22807200,0.0,0.0
2018-06-11 00:00:00-04:00,28.136667251586914,28.18000030517578,27.93000030517578,28.100000381469727,24.869165420532227,18756900,0.0,0.0
2018-06-12 00:00:00-04:00,28.106666564941406,28.196666717529297,27.823333740234375,28.03333282470703,24.810161590576172,24185100,0.0,0.0
2018-06-13 00:00:00-04:00,27.963333129882812,28.123332977294922,27.950000762939453,28.030000686645508,24.807220458984375,19075200,0.0,0.0
2018-06-14 00:00:00-04:00,28.073333740234375,28.270000457763672,27.889999389648438,27.93000030517578,24.718717575073242,22552200,0.0,0.0
2018-06-15 00:00:00-04:00,27.833332061767578,27.996667861938477,27.68666648864746,27.899999618530273,24.692167282104492,37509000,0.0,0.0
2018-06-18 00:00:00-04:00,27.683332443237305,27.856666564941406,27.606666564941406,27.666667938232422,24.48565673828125,25506900,0.0,0.0
2018-06-19 00:00:00-04:00,27.53333282470703,27.873332977294922,27.456666946411133,27.8700008392334,24.665613174438477,28057500,0.0,0.0
2018-06-20 00:00:00-04:00,27.90333366394043,27.940000534057617,27.719999313354492,27.8700008392334,24.665613174438477,23899800,0.0,0.0
2018-06-21 00:00:00-04:00,27.799999237060547,28.183332443237305,27.633333206176758,28.06999969482422,24.842618942260742,24276000,0.0,0.0
2018-06-22 00:00:00-04:00,28.15333366394043,28.28333282470703,28.03333282470703,28.273332595825195,25.02257537841797,32439000,0.0,0.0
2018-06-25 00:00:00-04:00,28.196666717529297,28.866666793823242,28.15999984741211,28.823333740234375,25.50933074951172,47818500,0.0,0.0
2018-06-26 00:00:00-04:00,28.843332290649414,29.016666412353516,28.586666107177734,28.65999984741211,25.364784240722656,30378600,0.0,0.0
2018-06-27 00:00:00-04:00,28.633333206176758,29.163333892822266,28.516666412353516,28.963333129882812,25.63323974609375,30899100,0.0,0.0
2018-06-28 00:00:00-04:00,28.950000762939453,29.09666633605957,28.56333351135254,28.6200008392334,25.32938575744629,25401000,0.0,0.0
2018-06-29 00:00:00-04:00,28.633333206176758,28.733333587646484,28.50666618347168,28.549999237060547,25.267436981201172,24766800,0.0,0.0
2018-07-02 00:00:00-04:00,28.549999237060547,28.64666748046875,27.799999237060547,28.0,24.78066635131836,24375300,0.0,0.0
2018-07-03 00:00:00-04:00,28.030000686645508,28.350000381469727,28.030000686645508,28.14666748046875,24.910470962524414,13188600,0.0,0.0
2018-07-05 00:00:00-04:00,28.31333351135254,28.52666664123535,28.09000015258789,28.190000534057617,24.948823928833008,16102500,0.0,0.0
2018-07-06 00:00:00-04:00,28.066667556762695,28.290000915527344,27.940000534057617,28.170000076293945,24.931119918823242,16841100,0.0,0.0
2018-07-09 00:00:00-04:00,28.333332061767578,28.823333740234375,28.25666618347168,28.643333435058594,25.35003662109375,19726200,0.0,0.0
2018-07-10 00:00:00-04:00,28.643333435058594,29.110000610351562,28.626667022705078,29.06999969482422,25.727642059326172,18145200,0.0,0.0
2018-07-11 00:00:00-04:00,29.020000457763672,29.049999237060547,28.796667098999023,28.843332290649414,25.527042388916016,16787700,0.0,0.0
2018-07-12 00:00:00-04:00,28.979999542236328,29.136667251586914,28.739999771118164,28.84000015258789,25.52408790588379,14665800,0.0,0.0
2018-07-13 00:00:00-04:00,28.84000015258789,29.329999923706055,28.833332061767578,29.233333587646484,25.87220001220703,19165800,0.0,0.0
2018-07-16 00:00:00-04:00,29.206666946411133,29.239999771118164,28.94333267211914,29.213333129882812,25.8544979095459,13341600,0.0,0.0
2018-07-17 00:00:00-04:00,29.133333206176758,29.566667556762695,29.133333206176758,29.39666748046875,26.016754150390625,17734500,0.0,0.0
2018-07-18 00:00:00-04:00,29.44333267211914,29.729999542236328,29.31333351135254,29.356666564941406,25.981348037719727,15136500,0.0,0.0
2018-07-19 00:00:00-04:00,29.286666870117188,29.49333381652832,29.136667251586914,29.239999771118164,25.878095626831055,14649300,0.0,0.0
2018-07-20 00:00:00-04:00,29.133333206176758,29.389999389648438,29.066667556762695,29.35333251953125,25.978395462036133,14445300,0.0,0.0
2018-07-23 00:00:00-04:00,29.21666717529297,29.383333206176758,29.126667022705078,29.209999084472656,25.85154151916504,12450000,0.0,0.0
2018-07-24 00:00:00-04:00,29.373332977294922,29.5,29.203332901000977,29.31999969482422,25.948902130126953,16768500,0.0,0.0
2018-07-25 00:00:00-04:00,29.09000015258789,29.34000015258789,29.036666870117188,29.299999237060547,25.931201934814453,17427300,0.0,0.0
2018-07-26 00:00:00-04:00,29.5,29.809999465942383,29.393333435058594,29.40999984741211,26.028549194335938,19644900,0.0,0.0
2018-07-27 00:00:00-04:00,29.546667098999023,29.626667022705078,29.343332290649414,29.376667022705078,25.999046325683594,14038200,0.0,0.0
2018-07-30 00:00:00-04:00,29.333332061767578,29.64666748046875,29.296667098999023,29.626667022705078,26.22030258178711,18032100,0.0,0.0
2018-07-31 00:00:00-04:00,29.666667938232422,29.886667251586914,29.600000381469727,29.74333381652832,26.323556900024414,20124300,0.0,0.0
2018-08-01 00:00:00-04:00,29.6200008392334,29.709999084472656,29.293333053588867,29.413333892822266,26.031503677368164,15150000,0.0,0.0
2018-08-02 00:00:00-04:00,29.31333351135254,29.613332748413086,29.206666946411133,29.586666107177734,26.184907913208008,12918300,0.0,0.0
2018-08-03 00:00:00-04:00,29.729999542236328,30.093332290649414,29.666667938232422,29.866666793823242,26.43271255493164,17241600,0.0,0.0
2018-08-06 00:00:00-04:00,29.770000457763672,29.99333381652832,29.709999084472656,29.889999389648438,26.45336151123047,13954800,0.0,0.0
2018-08-07 00:00:00-04:00,29.94333267211914,30.1200008392334,29.883333206176758,29.92333221435547,26.482858657836914,13580100,0.0,0.0
2018-08-08 00:00:00-04:00,29.989999771118164,30.07666778564453,29.790000915527344,30.016666412353516,26.565465927124023,15123300,0.0,0.0
2018-08-09 00:00:00-04:00,29.81999969482422,29.876667022705078,29.586666107177734,29.670000076293945,26.411165237426758,14183700,0.173333,0.0
2018-08-10 00:00:00-04:00,29.566667556762695,30.123332977294922,29.549999237060547,30.059999465942383,26.758333206176758,24734700,0.0,0.0
2018-08-13 00:00:00-04:00,30.066667556762695,30.18000030517578,29.790000915527344,29.8799991607666,26.598100662231445,17637600,0.0,0.0
2018-08-14 00:00:00-04:00,29.8799991607666,30.373332977294922,29.876667022705078,30.28333282470703,26.957134246826172,17510400,0.0,0.0
2018-08-15 00:00:00-04:00,30.083332061767578,30.136667251586914,29.889999389648438,30.073333740234375,26.77021026611328,25850700,0.0,0.0
2018-08-16 00:00:00-04:00,33.369998931884766,33.4033317565918,32.63666534423828,32.880001068115234,29.268598556518555,127893900,0.0,0.0
2018-08-17 00:00:00-04:00,32.59000015258789,33.223331451416016,32.53666687011719,32.616668701171875,29.03418731689453,49389900,0.0,0.0
2018-08-20 00:00:00-04:00,32.55666732788086,32.76333236694336,31.983333587646484,32.0,28.485248565673828,38037900,0.0,0.0
2018-08-21 00:00:00-04:00,31.98666763305664,32.119998931884766,31.786666870117188,32.026668548583984,28.50898551940918,31593900,0.0,0.0
2018-08-22 00:00:00-04:00,32.06666564941406,32.28333282470703,31.74333381652832,31.889999389648438,28.3873348236084,23297100,0.0,0.0
2018-08-23 00:00:00-04:00,31.833332061767578,31.953332901000977,31.68666648864746,31.726667404174805,28.241941452026367,18289200,0.0,0.0
2018-08-24 00:00:00-04:00,31.696666717529297,31.886667251586914,31.450000762939453,31.649999618530273,28.17369270324707,25782900,0.0,0.0
2018-08-27 00:00:00-04:00,31.753332138061523,31.8700008392334,31.43000030517578,31.51333236694336,28.052040100097656,21120900,0.0,0.0
2018-08-28 00:00:00-04:00,31.59000015258789,32.116668701171875,31.510000228881836,32.02333450317383,28.506025314331055,29949000,0.0,0.0
2018-08-29 00:00:00-04:00,32.09333419799805,32.276668548583984,31.843332290649414,31.8799991607666,28.37843132019043,23588400,0.0,0.0
2018-08-30 00:00:00-04:00,31.833332061767578,32.16666793823242,31.816667556762695,32.03333282470703,28.514928817749023,21176100,0.0,0.0
2018-08-31 00:00:00-04:00,32.063331604003906,32.14666748046875,31.703332901000977,31.953332901000977,28.44370460510254,18974100,0.0,0.0
2018-09-04 00:00:00-04:00,31.933332443237305,32.09000015258789,31.746667861938477,31.786666870117188,28.29534912109375,24842100,0.0,0.0
2018-09-05 00:00:00-04:00,31.889999389648438,32.276668548583984,31.786666870117188,32.206668853759766,28.66921615600586,28423800,0.0,0.0
2018-09-06 00:00:00-04:00,32.176666259765625,32.2400016784668,32.003334045410156,32.150001525878906,28.618776321411133,18452400,0.0,0.0
2018-09-07 00:00:00-04:00,31.933332443237305,32.15999984741211,31.8799991607666,31.94333267211914,28.434810638427734,20017200,0.0,0.0
2018-09-10 00:00:00-04:00,32.03666687011719,32.39666748046875,32.029998779296875,32.29999923706055,28.75230598449707,24997800,0.0,0.0
2018-09-11 00:00:00-04:00,32.42333221435547,32.5533332824707,32.163333892822266,32.21333312988281,28.675153732299805,19390500,0.0,0.0
2018-09-12 00:00:00-04:00,32.086666107177734,32.246665954589844,31.976667404174805,31.989999771118164,28.476350784301758,17700000,0.0,0.0
2018-09-13 00:00:00-04:00,31.773332595825195,31.873332977294922,31.636667251586914,31.706666946411133,28.224136352539062,22958700,0.0,0.0
2018-09-14 00:00:00-04:00,31.510000228881836,31.613332748413086,31.450000762939453,31.530000686645508,28.066879272460938,18958200,0.0,0.0
2018-09-17 00:00:00-04:00,31.583332061767578,31.82666778564453,31.456666946411133,31.606666564941406,28.13511848449707,15989400,0.0,0.0
2018-09-18 00:00:00-04:00,31.48666763305664,31.863332748413086,31.383333206176758,31.809999465942383,28.316118240356445,20279400,0.0,0.0
2018-09-19 00:00:00-04:00,31.856666564941406,31.963333129882812,31.626667022705078,31.746667861938477,28.259740829467773,17025300,0.0,0.0
2018-09-20 00:00:00-04:00,31.78333282470703,31.93000030517578,31.649999618530273,31.916667938232422,28.41107177734375,16656900,0.0,0.0
2018-09-21 00:00:00-04:00,31.97333335876465,32.0966682434082,31.876667022705078,31.96666717529297,28.455577850341797,28590300,0.0,0.0
2018-09-24 00:00:00-04:00,31.81333351135254,32.0,31.6200008392334,31.639999389648438,28.164791107177734,16011000,0.0,0.0
2018-09-25 00:00:00-04:00,31.996667861938477,32.17333221435547,31.663333892822266,31.700000762939453,28.218202590942383,18579600,0.0,0.0
2018-09-26 00:00:00-04:00,31.700000762939453,31.863332748413086,31.50666618347168,31.530000686645508,28.066879272460938,17755800,0.0,0.0
2018-09-27 00:00:00-04:00,31.39666748046875,31.65333366394043,31.273332595825195,31.376667022705078,27.930381774902344,16090200,0.0,0.0
2018-09-28 00:00:00-04:00,31.426666259765625,31.456666946411133,31.229999542236328,31.303333282470703,27.8651065826416,18918900,0.0,0.0
2018-10-01 00:00:00-04:00,31.43000030517578,31.553333282470703,31.34666633605957,31.46666717529297,28.010501861572266,14982900,0.0,0.0
2018-10-02 00:00:00-04:00,31.309999465942383,31.8700008392334,31.28333282470703,31.71666717529297,28.23303985595703,23263800,0.0,0.0
2018-10-03 00:00:00-04:00,31.833332061767578,31.84666633605957,31.34666633605957,31.356666564941406,27.912578582763672,18982200,0.0,0.0
2018-10-04 00:00:00-04:00,31.356666564941406,31.5,31.066667556762695,31.40333366394043,27.954120635986328,18135900,0.0,0.0
2018-10-05 00:00:00-04:00,31.286666870117188,31.39666748046875,30.963333129882812,31.10333251953125,27.687068939208984,20080200,0.0,0.0
2018-10-08 00:00:00-04:00,31.083332061767578,31.643333435058594,31.00666618347168,31.56333351135254,28.096548080444336,17287800,0.0,0.0
2018-10-09 00:00:00-04:00,31.8799991607666,32.58000183105469,31.729999542236328,32.36000061035156,28.805713653564453,34796700,0.0,0.0
2018-10-10 00:00:00-04:00,32.20000076293945,32.616668701171875,31.899999618530273,31.920000076293945,28.41404151916504,27008400,0.0,0.0
2018-10-11 00:00:00-04:00,31.93666648864746,32.0966682434082,31.200000762939453,31.30666732788086,27.86807632446289,29779500,0.0,0.0
2018-10-12 00:00:00-04:00,31.586666107177734,31.72333335876465,31.22333335876465,31.60333251953125,28.132152557373047,25661700,0.0,0.0
2018-10-15 00:00:00-04:00,31.5,31.663333892822266,31.273332595825195,31.273332595825195,27.838394165039062,24916500,0.0,0.0
2018-10-16 00:00:00-04:00,31.566667556762695,32.02333450317383,31.446666717529297,31.93666648864746,28.428869247436523,33725100,0.0,0.0
2018-10-17 00:00:00-04:00,31.726667404174805,32.206668853759766,31.633333206176758,32.186668395996094,28.651416778564453,28618200,0.0,0.0
2018-10-18 00:00:00-04:00,32.133331298828125,32.41666793823242,31.913333892822266,32.05666732788086,28.53569793701172,34195200,0.0,0.0
2018-10-19 00:00:00-04:00,32.0,32.54999923706055,32.0,32.383331298828125,28.826480865478516,26852100,0.0,0.0
2018-10-22 00:00:00-04:00,32.4466667175293,32.526668548583984,32.246665954589844,32.380001068115234,28.823514938354492,21368700,0.0,0.0
2018-10-23 00:00:00-04:00,32.16666793823242,32.663333892822266,32.03666687011719,32.599998474121094,29.01935386657715,28217400,0.0,0.0
2018-10-24 00:00:00-04:00,32.5,33.05666732788086,32.426666259765625,32.52000045776367,28.948137283325195,31094100,0.0,0.0
2018-10-25 00:00:00-04:00,32.66999816894531,33.15999984741211,32.33333206176758,33.060001373291016,29.428831100463867,32211300,0.0,0.0
2018-10-26 00:00:00-04:00,32.936668395996094,33.223331451416016,32.67333221435547,32.97999954223633,29.357614517211914,44776800,0.0,0.0
2018-10-29 00:00:00-04:00,33.16999816894531,33.90999984741211,33.029998779296875,33.266666412353516,29.6127872467041,38118300,0.0,0.0
2018-10-30 00:00:00-04:00,33.4033317565918,34.20000076293945,33.35333251953125,34.13999938964844,30.39021110534668,38125500,0.0,0.0
2018-10-31 00:00:00-04:00,34.163333892822266,34.163333892822266,33.37333297729492,33.426666259765625,29.755220413208008,37064700,0.0,0.0
2018-11-01 00:00:00-04:00,33.31999969482422,33.723331451416016,33.2400016784668,33.526668548583984,29.844236373901367,23205300,0.0,0.0
2018-11-02 00:00:00-04:00,33.62666702270508,33.856666564941406,33.436668395996094,33.779998779296875,30.069744110107422,21909600,0.0,0.0
2018-11-05 00:00:00-05:00,33.72999954223633,34.38999938964844,33.543331146240234,34.3033332824707,30.53558921813965,22850400,0.0,0.0
2018-11-06 00:00:00-05:00,34.18000030517578,34.47999954223633,34.016666412353516,34.44333267211914,30.660219192504883,19106100,0.0,0.0
2018-11-07 00:00:00-05:00,34.5533332824707,34.823333740234375,34.349998474121094,34.77333450317383,30.953981399536133,26017800,0.0,0.0
2018-11-08 00:00:00-05:00,34.776668548583984,35.086666107177734,34.676666259765625,34.959999084472656,31.120140075683594,17884200,0.0,0.0
2018-11-09 00:00:00-05:00,35.0,35.29999923706055,34.936668395996094,35.186668395996094,31.3219051361084,25351200,0.0,0.0
2018-11-12 00:00:00-05:00,35.16666793823242,35.4033317565918,34.54999923706055,34.62333297729492,30.82045555114746,26829300,0.0,0.0
2018-11-13 00:00:00-05:00,34.55666732788086,34.71666717529297,34.18000030517578,34.313331604003906,30.544498443603516,23870100,0.0,0.0
2018-11-14 00:00:00-05:00,34.33333206176758,34.383331298828125,33.66999816894531,33.84333419799805,30.126131057739258,31445700,0.0,0.0
2018-11-15 00:00:00-05:00,34.106666564941406,34.266666412353516,32.87333297729492,33.18000030517578,29.535648345947266,48247800,0.0,0.0
2018-11-16 00:00:00-05:00,32.939998626708984,33.13999938964844,32.30666732788086,32.563331604003906,28.986709594726562,42705600,0.0,0.0
2018-11-19 00:00:00-05:00,32.64666748046875,32.75,32.143333435058594,32.2599983215332,28.716690063476562,27643200,0.0,0.0
2018-11-20 00:00:00-05:00,31.65999984741211,31.733333587646484,31.200000762939453,31.386667251586914,27.939285278320312,37861800,0.0,0.0
2018-11-21 00:00:00-05:00,31.453332901000977,31.639999389648438,31.10333251953125,31.389999389648438,27.942251205444336,28052700,0.0,0.0
2018-11-23 00:00:00-05:00,31.376667022705078,31.850000381469727,31.376667022705078,31.700000762939453,28.218202590942383,14670000,0.0,0.0
2018-11-26 00:00:00-05:00,31.89666748046875,32.02333450317383,31.579999923706055,31.71666717529297,28.23303985595703,30103800,0.0,0.0
2018-11-27 00:00:00-05:00,31.663333892822266,31.84666633605957,31.469999313354492,31.68000030517578,28.200401306152344,27126900,0.0,0.0
2018-11-28 00:00:00-05:00,31.816667556762695,32.540000915527344,31.683332443237305,32.48666763305664,28.918472290039062,30212400,0.0,0.0
2018-11-29 00:00:00-05:00,32.34000015258789,32.61000061035156,32.246665954589844,32.43000030517578,28.868017196655273,18723900,0.0,0.0
2018-11-30 00:00:00-05:00,32.46666717529297,32.810001373291016,32.356666564941406,32.54999923706055,28.97484016418457,31992000,0.0,0.0
2018-12-03 00:00:00-05:00,32.67333221435547,33.1966667175293,32.55666732788086,32.91666793823242,29.30123519897461,27246300,0.0,0.0
2018-12-04 00:00:00-05:00,32.75,32.98666763305664,31.8700008392334,31.93666648864746,28.428869247436523,31278900,0.0,0.0
2018-12-06 00:00:00-05:00,31.64666748046875,31.803333282470703,31.03333282470703,31.59000015258789,28.273740768432617,31101600,0.173333,0.0
2018-12-07 00:00:00-05:00,31.5,31.709999084472656,30.816667556762695,31.06333351135254,27.802356719970703,25489500,0.0,0.0
2018-12-10 00:00:00-05:00,31.18666648864746,31.416667938232422,30.780000686645508,31.31333351135254,28.02610969543457,21830700,0.0,0.0
2018-12-11 00:00:00-05:00,31.416667938232422,31.496667861938477,31.083332061767578,31.28333282470703,27.999267578125,19357500,0.0,0.0
2018-12-12 00:00:00-05:00,31.433332443237305,31.433332443237305,31.020000457763672,31.036666870117188,27.77849006652832,28917600,0.0,0.0
2018-12-13 00:00:00-05:00,31.083332061767578,31.226667404174805,30.809999465942383,30.98666763305664,27.73374366760254,24126900,0.0,0.0
2018-12-14 00:00:00-05:00,30.683332443237305,30.85333251953125,30.523332595825195,30.616666793823242,27.402585983276367,34480800,0.0,0.0
2018-12-17 00:00:00-05:00,30.406667709350586,30.670000076293945,30.053333282470703,30.25666618347168,27.080371856689453,27005400,0.0,0.0
2018-12-18 00:00:00-05:00,30.266666412353516,30.420000076293945,30.093332290649414,30.360000610351562,27.172863006591797,28820100,0.0,0.0
2018-12-19 00:00:00-05:00,30.43000030517578,31.0,30.083332061767578,30.183332443237305,27.014738082885742,36694500,0.0,0.0
2018-12-20 00:00:00-05:00,30.036666870117188,30.036666870117188,28.713333129882812,29.093332290649414,26.039161682128906,49121400,0.0,0.0
2018-12-21 00:00:00-05:00,28.956666946411133,29.823333740234375,28.933332443237305,29.043333053588867,25.99441146850586,44764500,0.0,0.0
2018-12-24 00:00:00-05:00,28.84666633605957,29.190000534057617,28.593332290649414,28.606666564941406,25.603588104248047,18330900,0.0,0.0
2018-12-26 00:00:00-05:00,28.80666732788086,30.139999389648438,28.766666412353516,30.136667251586914,26.972978591918945,30084900,0.0,0.0
2018-12-27 00:00:00-05:00,29.916667938232422,30.536666870117188,29.479999542236328,30.530000686645508,27.32501220703125,29644500,0.0,0.0
2018-12-28 00:00:00-05:00,30.690000534057617,31.156667709350586,30.549999237060547,30.709999084472656,27.48611831665039,29622000,0.0,0.0
2018-12-31 00:00:00-05:00,30.889999389648438,31.1299991607666,30.75,31.049999237060547,27.790424346923828,21017400,0.0,0.0
2019-01-02 00:00:00-05:00,30.546667098999023,31.21666717529297,30.546667098999023,31.113332748413086,27.847110748291016,24458100,0.0,0.0
2019-01-03 00:00:00-05:00,31.06999969482422,31.56999969482422,30.899999618530273,30.953332901000977,27.70390510559082,24831900,0.0,0.0
2019-01-04 00:00:00-05:00,31.06999969482422,31.219999313354492,30.89666748046875,31.14666748046875,27.87694549560547,24087300,0.0,0.0
2019-01-07 00:00:00-05:00,31.206666946411133,31.72333335876465,31.059999465942383,31.51333236694336,28.20511817932129,23369100,0.0,0.0
2019-01-08 00:00:00-05:00,31.68666648864746,31.920000076293945,31.303333282470703,31.733333587646484,28.402027130126953,21602700,0.0,0.0
2019-01-09 00:00:00-05:00,31.90333366394043,32.04666519165039,31.59000015258789,31.6299991607666,28.309537887573242,18816900,0.0,0.0
2019-01-10 00:00:00-05:00,31.293333053588867,31.65999984741211,31.040000915527344,31.65333366394043,28.330419540405273,28188900,0.0,0.0
2019-01-11 00:00:00-05:00,31.663333892822266,31.76333236694336,31.516666412353516,31.613332748413086,28.294620513916016,16183800,0.0,0.0
2019-01-14 00:00:00-05:00,31.49333381652832,31.816667556762695,31.426666259765625,31.649999618530273,28.327438354492188,21255300,0.0,0.0
2019-01-15 00:00:00-05:00,31.823333740234375,32.20000076293945,31.793333053588867,32.08333206176758,28.71527671813965,21174600,0.0,0.0
2019-01-16 00:00:00-05:00,31.976667404174805,32.28666687011719,31.94333267211914,32.116668701171875,28.745119094848633,16230000,0.0,0.0
2019-01-17 00:00:00-05:00,32.106666564941406,32.4033317565918,32.0533332824707,32.246665954589844,28.861467361450195,16843500,0.0,0.0
2019-01-18 00:00:00-05:00,32.31666564941406,32.733333587646484,32.28333282470703,32.57666778564453,29.15682601928711,18361800,0.0,0.0
2019-01-22 00:00:00-05:00,32.383331298828125,32.810001373291016,32.2599983215332,32.496665954589844,29.085222244262695,24189600,0.0,0.0
2019-01-23 00:00:00-05:00,32.956668853759766,33.116668701171875,32.5099983215332,32.9033317565918,29.449195861816406,25037400,0.0,0.0
2019-01-24 00:00:00-05:00,32.733333587646484,32.81999969482422,32.143333435058594,32.78666687011719,29.34477424621582,22829100,0.0,0.0
2019-01-25 00:00:00-05:00,32.91666793823242,32.970001220703125,32.25,32.313331604003906,28.921138763427734,21654600,0.0,0.0
2019-01-28 00:00:00-05:00,32.176666259765625,32.356666564941406,32.026668548583984,32.35333251953125,28.956937789916992,17627400,0.0,0.0
2019-01-29 00:00:00-05:00,32.25666809082031,32.38666534423828,32.16999816894531,32.23666763305664,28.852523803710938,15760200,0.0,0.0
2019-01-30 00:00:00-05:00,32.22666549682617,32.266666412353516,31.420000076293945,31.600000381469727,28.28268814086914,35547900,0.0,0.0
2019-01-31 00:00:00-05:00,31.543333053588867,32.290000915527344,31.543333053588867,31.94333267211914,28.589982986450195,44169000,0.0,0.0
2019-02-01 00:00:00-05:00,31.97333335876465,32.0,31.036666870117188,31.286666870117188,28.002248764038086,37775700,0.0,0.0
2019-02-04 00:00:00-05:00,31.286666870117188,31.59000015258789,31.116666793823242,31.59000015258789,28.273740768432617,21805800,0.0,0.0
2019-02-05 00:00:00-05:00,31.75,31.979999542236328,31.67333221435547,31.866666793823242,28.5213623046875,18299700,0.0,0.0
2019-02-06 00:00:00-05:00,31.809999465942383,32.003334045410156,31.739999771118164,31.8799991607666,28.533296585083008,12794700,0.0,0.0
2019-02-07 00:00:00-05:00,31.703332901000977,32.27333450317383,31.666667938232422,32.24333190917969,28.858482360839844,21030300,0.0,0.0
2019-02-08 00:00:00-05:00,32.11333465576172,32.22999954223633,31.713333129882812,31.860000610351562,28.51539421081543,18507600,0.0,0.0
2019-02-11 00:00:00-05:00,31.883333206176758,32.116668701171875,31.8799991607666,32.06666564941406,28.700366973876953,16628400,0.0,0.0
2019-02-12 00:00:00-05:00,32.27333450317383,32.38999938964844,32.16666793823242,32.323333740234375,28.930084228515625,17643900,0.0,0.0
2019-02-13 00:00:00-05:00,32.43333435058594,32.66666793823242,32.36333465576172,32.64666748046875,29.219478607177734,16375500,0.0,0.0
2019-02-14 00:00:00-05:00,32.560001373291016,33.06666564941406,32.34000015258789,32.84000015258789,29.39251136779785,21602400,0.0,0.0
2019-02-15 00:00:00-05:00,32.99333190917969,33.33333206176758,32.95333480834961,33.33000183105469,29.831077575683594,28443000,0.0,0.0
2019-02-19 00:00:00-05:00,34.12666702270508,34.72666549682617,34.02333450317383,34.06666564941406,30.49040412902832,62091900,0.0,0.0
2019-02-20 00:00:00-05:00,33.936668395996094,34.11333465576172,32.883331298828125,33.293331146240234,29.798255920410156,52895400,0.0,0.0
2019-02-21 00:00:00-05:00,33.220001220703125,33.30666732788086,32.970001220703125,33.130001068115234,29.652069091796875,19239600,0.0,0.0
2019-02-22 00:00:00-05:00,33.27333450317383,33.38666534423828,33.04666519165039,33.18333435058594,29.69980812072754,24260700,0.0,0.0
2019-02-25 00:00:00-05:00,33.37333297729492,33.37666702270508,33.016666412353516,33.040000915527344,29.571514129638672,27705000,0.0,0.0
2019-02-26 00:00:00-05:00,33.00666809082031,33.02000045776367,32.62333297729492,32.89666748046875,29.443235397338867,25464300,0.0,0.0
2019-02-27 00:00:00-05:00,32.706668853759766,32.79666519165039,32.529998779296875,32.70333480834961,29.270198822021484,23706900,0.0,0.0
2019-02-28 00:00:00-05:00,32.70333480834961,33.15666580200195,32.59000015258789,32.996665954589844,29.532733917236328,34127700,0.0,0.0
2019-03-01 00:00:00-05:00,33.15666580200195,33.186668395996094,32.37333297729492,32.643333435058594,29.216493606567383,31057500,0.0,0.0
2019-03-04 00:00:00-05:00,32.706668853759766,32.86333465576172,32.456668853759766,32.616668701171875,29.1926326751709,23051400,0.0,0.0
2019-03-05 00:00:00-05:00,32.709999084472656,33.063331604003906,32.6966667175293,32.779998779296875,29.338815689086914,18357900,0.0,0.0
2019-03-06 00:00:00-05:00,32.75666809082031,33.0,32.619998931884766,32.753334045410156,29.3149471282959,14089800,0.0,0.0
2019-03-07 00:00:00-05:00,32.56999969482422,32.733333587646484,32.413333892822266,32.483333587646484,29.073286056518555,18379800,0.0,0.0
2019-03-08 00:00:00-05:00,32.516666412353516,32.80666732788086,32.33333206176758,32.529998779296875,29.11505699157715,16977000,0.0,0.0
2019-03-11 00:00:00-04:00,32.68000030517578,32.86000061035156,32.606666564941406,32.82666778564453,29.380577087402344,16035900,0.0,0.0
2019-03-12 00:00:00-04:00,32.84333419799805,32.913333892822266,32.68333435058594,32.790000915527344,29.347763061523438,15211500,0.0,0.0
2019-03-13 00:00:00-04:00,32.900001525878906,33.116668701171875,32.79666519165039,33.0099983215332,29.54466438293457,16446900,0.0,0.0
2019-03-14 00:00:00-04:00,32.8033332824707,32.810001373291016,32.529998779296875,32.7400016784668,29.460683822631836,14777400,0.176667,0.0
2019-03-15 00:00:00-04:00,32.7599983215332,32.836666107177734,32.53333282470703,32.80666732788086,29.520673751831055,43800000,0.0,0.0
2019-03-18 00:00:00-04:00,32.766666412353516,33.25666809082031,32.753334045410156,33.220001220703125,29.892608642578125,17310300,0.0,0.0
2019-03-19 00:00:00-04:00,33.33000183105469,33.496665954589844,33.189998626708984,33.28333282470703,29.9495906829834,16243200,0.0,0.0
2019-03-20 00:00:00-04:00,33.06666564941406,33.18333435058594,32.8466682434082,32.880001068115234,29.586666107177734,18969300,0.0,0.0
2019-03-21 00:00:00-04:00,32.75,33.043331146240234,32.70000076293945,33.02000045776367,29.7126407623291,19653000,0.0,0.0
2019-03-22 00:00:00-04:00,32.86000061035156,33.176666259765625,32.64666748046875,32.7599983215332,29.478679656982422,20124300,0.0,0.0
2019-03-25 00:00:00-04:00,32.599998474121094,32.87333297729492,32.543331146240234,32.723331451416016,29.445688247680664,16222200,0.0,0.0
2019-03-26 00:00:00-04:00,32.78666687011719,32.95000076293945,32.676666259765625,32.77333450317383,29.490684509277344,14837700,0.0,0.0
2019-03-27 00:00:00-04:00,32.71333312988281,32.95333480834961,31.666667938232422,32.4033317565918,29.157739639282227,25413600,0.0,0.0
2019-03-28 00:00:00-04:00,32.529998779296875,32.62333297729492,32.176666259765625,32.37666702270508,29.13374137878418,24162900,0.0,0.0
2019-03-29 00:00:00-04:00,32.529998779296875,32.55666732788086,32.3466682434082,32.5099983215332,29.253721237182617,22319700,0.0,0.0
2019-04-01 00:00:00-04:00,32.65666580200195,32.78666687011719,32.52000045776367,32.606666564941406,29.340702056884766,25517400,0.0,0.0
2019-04-02 00:00:00-04:00,32.586666107177734,32.77000045776367,32.29999923706055,32.313331604003906,29.076749801635742,18822000,0.0,0.0
2019-04-03 00:00:00-04:00,32.37333297729492,32.46666717529297,32.26333236694336,32.39666748046875,29.1517391204834,17062500,0.0,0.0
2019-04-04 00:00:00-04:00,32.41666793823242,32.7599983215332,32.413333892822266,32.70333480834961,29.42769432067871,12078900,0.0,0.0
2019-04-05 00:00:00-04:00,32.75,33.06666564941406,32.720001220703125,32.94333267211914,29.64365577697754,13968000,0.0,0.0
2019-04-08 00:00:00-04:00,32.81666564941406,33.08333206176758,32.753334045410156,33.07666778564453,29.763633728027344,16267200,0.0,0.0
2019-04-09 00:00:00-04:00,32.93333435058594,33.07666778564453,32.71666717529297,32.89666748046875,29.601661682128906,13102500,0.0,0.0
2019-04-10 00:00:00-04:00,32.836666107177734,33.2400016784668,32.83333206176758,33.20000076293945,29.87460708618164,12273300,0.0,0.0
2019-04-11 00:00:00-04:00,33.233333587646484,33.61000061035156,33.15666580200195,33.599998474121094,30.234546661376953,16820700,0.0,0.0
2019-04-12 00:00:00-04:00,33.66666793823242,34.00666809082031,33.66666793823242,33.85333251953125,30.462493896484375,15486000,0.0,0.0
2019-04-15 00:00:00-04:00,33.766666412353516,34.3033332824707,33.753334045410156,34.143333435058594,30.72344970703125,15335700,0.0,0.0
2019-04-16 00:00:00-04:00,34.29666519165039,34.46333312988281,34.18000030517578,34.310001373291016,30.873428344726562,14485200,0.0,0.0
2019-04-17 00:00:00-04:00,34.33333206176758,34.46666717529297,34.13666534423828,34.38666534423828,30.94240951538086,11187600,0.0,0.0
2019-04-18 00:00:00-04:00,34.369998931884766,34.599998474121094,34.29666519165039,34.393333435058594,30.94840431213379,11183400,0.0,0.0
2019-04-22 00:00:00-04:00,34.2599983215332,34.51333236694336,34.05666732788086,34.12333297729492,30.705453872680664,15238200,0.0,0.0
2019-04-23 00:00:00-04:00,34.176666259765625,34.43000030517578,33.97999954223633,34.356666564941406,30.915420532226562,15152400,0.0,0.0
2019-04-24 00:00:00-04:00,34.380001068115234,34.616668701171875,34.36333465576172,34.5099983215332,31.05339241027832,14093400,0.0,0.0
2019-04-25 00:00:00-04:00,34.413333892822266,34.71666717529297,34.276668548583984,34.50666809082031,31.050397872924805,11883300,0.0,0.0
2019-04-26 00:00:00-04:00,33.483333587646484,34.11333465576172,33.220001220703125,33.84333419799805,30.4534969329834,24323100,0.0,0.0
2019-04-29 00:00:00-04:00,33.959999084472656,34.0,33.59333419799805,33.85333251953125,30.462493896484375,19139100,0.0,0.0
2019-04-30 00:00:00-04:00,33.92333221435547,34.30666732788086,33.81666564941406,34.279998779296875,30.84642791748047,18400800,0.0,0.0
2019-05-01 00:00:00-04:00,34.25666809082031,34.27000045776367,33.7599983215332,33.78666687011719,30.40251350402832,16011600,0.0,0.0
2019-05-02 00:00:00-04:00,33.810001373291016,34.02000045776367,33.413333892822266,33.71666717529297,30.339534759521484,15021000,0.0,0.0
2019-05-03 00:00:00-04:00,34.106666564941406,34.25,33.93333435058594,34.026668548583984,30.618478775024414,15950700,0.0,0.0
2019-05-06 00:00:00-04:00,33.58333206176758,34.18333435058594,33.51333236694336,34.1533317565918,30.73244857788086,13841100,0.0,0.0
2019-05-07 00:00:00-04:00,33.93333435058594,34.05666732788086,33.586666107177734,33.766666412353516,30.384523391723633,13726800,0.0,0.0
2019-05-08 00:00:00-04:00,33.41666793823242,33.68000030517578,33.28666687011719,33.43333435058594,30.084569931030273,17646000,0.0,0.0
2019-05-09 00:00:00-04:00,33.09000015258789,33.313331604003906,32.95000076293945,33.18000030517578,30.015214920043945,18720300,0.176667,0.0
2019-05-10 00:00:00-04:00,33.253334045410156,34.03666687011719,33.233333587646484,33.970001220703125,30.729860305786133,26228100,0.0,0.0
2019-05-13 00:00:00-04:00,33.483333587646484,33.71666717529297,33.003334045410156,33.29666519165039,30.120758056640625,22084500,0.0,0.0
2019-05-14 00:00:00-04:00,33.380001068115234,33.62333297729492,33.29666519165039,33.43000030517578,30.24137306213379,19061100,0.0,0.0
2019-05-15 00:00:00-04:00,33.400001525878906,33.45333480834961,33.043331146240234,33.293331146240234,30.117734909057617,20220900,0.0,0.0
2019-05-16 00:00:00-04:00,34.276668548583984,34.6533317565918,33.61333465576172,33.77000045776367,30.54894256591797,51366000,0.0,0.0
2019-05-17 00:00:00-04:00,33.413333892822266,33.983333587646484,33.3033332824707,33.619998931884766,30.413249969482422,37113900,0.0,0.0
2019-05-20 00:00:00-04:00,33.46333312988281,33.99333190917969,33.41666793823242,33.84000015258789,30.61227035522461,21582300,0.0,0.0
2019-05-21 00:00:00-04:00,33.836666107177734,33.883331298828125,33.46666717529297,33.706668853759766,30.491657257080078,20667300,0.0,0.0
2019-05-22 00:00:00-04:00,33.866668701171875,34.143333435058594,33.686668395996094,34.07666778564453,30.826364517211914,22022700,0.0,0.0
2019-05-23 00:00:00-04:00,33.939998626708984,33.97666549682617,33.54999923706055,33.95333480834961,30.71479034423828,19363800,0.0,0.0
2019-05-24 00:00:00-04:00,34.060001373291016,34.29666519165039,34.026668548583984,34.223331451416016,30.959028244018555,13449600,0.0,0.0
2019-05-28 00:00:00-04:00,34.186668395996094,34.52333450317383,34.133331298828125,34.13999938964844,30.88365364074707,30815100,0.0,0.0
2019-05-29 00:00:00-04:00,34.03666687011719,34.293331146240234,33.823333740234375,34.040000915527344,30.793193817138672,19560600,0.0,0.0
2019-05-30 00:00:00-04:00,34.163333892822266,34.496665954589844,33.970001220703125,34.063331604003906,30.814279556274414,15058800,0.0,0.0
2019-05-31 00:00:00-04:00,33.78333282470703,34.00666809082031,33.53333282470703,33.813331604003906,30.588138580322266,17782500,0.0,0.0
2019-06-03 00:00:00-04:00,33.87666702270508,34.22666549682617,33.79999923706055,33.98666763305664,30.74494743347168,19844100,0.0,0.0
2019-06-04 00:00:00-04:00,34.20333480834961,34.21666717529297,33.813331604003906,34.186668395996094,30.925870895385742,17894700,0.0,0.0
2019-06-05 00:00:00-04:00,34.25,34.926666259765625,34.20000076293945,34.80666732788086,31.486730575561523,20708700,0.0,0.0
2019-06-06 00:00:00-04:00,34.83000183105469,35.220001220703125,34.733333587646484,35.03666687011719,31.694786071777344,24191100,0.0,0.0
2019-06-07 00:00:00-04:00,35.07666778564453,35.45333480834961,35.016666412353516,35.35333251953125,31.98124885559082,20428200,0.0,0.0
2019-06-10 00:00:00-04:00,35.49333190917969,35.926666259765625,35.456668853759766,35.84000015258789,32.42148971557617,18977100,0.0,0.0
2019-06-11 00:00:00-04:00,36.0,36.323333740234375,35.91666793823242,35.97999954223633,32.548152923583984,20241900,0.0,0.0
2019-06-12 00:00:00-04:00,35.973331451416016,36.3033332824707,35.973331451416016,36.27333450317383,32.813507080078125,13905300,0.0,0.0
2019-06-13 00:00:00-04:00,36.33333206176758,36.526668548583984,36.05666732788086,36.21666717529297,32.76224136352539,16455000,0.0,0.0
2019-06-14 00:00:00-04:00,36.2599983215332,36.529998779296875,36.1533317565918,36.356666564941406,32.88888168334961,13577700,0.0,0.0
2019-06-17 00:00:00-04:00,36.37333297729492,36.516666412353516,36.086666107177734,36.38666534423828,32.91602325439453,12441000,0.0,0.0
2019-06-18 00:00:00-04:00,36.599998474121094,36.6533317565918,36.3033332824707,36.54999923706055,33.063777923583984,14733600,0.0,0.0
2019-06-19 00:00:00-04:00,36.599998474121094,36.61333465576172,36.290000915527344,36.540000915527344,33.05472946166992,11773800,0.0,0.0
2019-06-20 00:00:00-04:00,36.606666564941406,36.83000183105469,36.426666259765625,36.77333450317383,33.26580047607422,15004500,0.0,0.0
2019-06-21 00:00:00-04:00,36.779998779296875,37.39666748046875,36.753334045410156,37.043331146240234,33.510047912597656,39535800,0.0,0.0
2019-06-24 00:00:00-04:00,37.163333892822266,37.40666580200195,37.0099983215332,37.08000183105469,33.5432243347168,18098400,0.0,0.0
2019-06-25 00:00:00-04:00,36.959999084472656,37.143333435058594,36.79999923706055,36.90666580200195,33.38642120361328,18315000,0.0,0.0
2019-06-26 00:00:00-04:00,36.95000076293945,37.026668548583984,36.70000076293945,36.720001220703125,33.217567443847656,12485100,0.0,0.0
2019-06-27 00:00:00-04:00,36.686668395996094,36.836666107177734,36.28666687011719,36.70000076293945,33.19948196411133,16443900,0.0,0.0
2019-06-28 00:00:00-04:00,36.849998474121094,37.16999816894531,36.746665954589844,36.83000183105469,33.317073822021484,19520100,0.0,0.0
2019-07-01 00:00:00-04:00,37.099998474121094,37.323333740234375,36.67333221435547,36.87333297729492,33.35626220703125,16544100,0.0,0.0
2019-07-02 00:00:00-04:00,36.94333267211914,37.20333480834961,36.779998779296875,37.20000076293945,33.651790618896484,12188700,0.0,0.0
2019-07-03 00:00:00-04:00,37.060001373291016,37.46666717529297,37.0,37.439998626708984,33.86888122558594,9621900,0.0,0.0
2019-07-05 00:00:00-04:00,37.33333206176758,37.413333892822266,37.06999969482422,37.32666778564453,33.76636505126953,10738200,0.0,0.0
2019-07-08 00:00:00-04:00,37.30666732788086,37.643333435058594,37.233333587646484,37.573333740234375,33.989505767822266,14147100,0.0,0.0
2019-07-09 00:00:00-04:00,37.630001068115234,37.793331146240234,37.53333282470703,37.62666702270508,34.037750244140625,16270200,0.0,0.0
2019-07-10 00:00:00-04:00,37.706668853759766,37.869998931884766,37.46333312988281,37.65999984741211,34.06789779663086,13737000,0.0,0.0
2019-07-11 00:00:00-04:00,37.779998779296875,37.97999954223633,37.67333221435547,37.973331451416016,34.351348876953125,11689800,0.0,0.0
2019-07-12 00:00:00-04:00,38.029998779296875,38.25666809082031,37.87333297729492,38.20000076293945,34.556392669677734,11229900,0.0,0.0
2019-07-15 00:00:00-04:00,38.223331451416016,38.36000061035156,38.150001525878906,38.32666778564453,34.670989990234375,10038000,0.0,0.0
2019-07-16 00:00:00-04:00,38.44333267211914,38.496665954589844,38.01333236694336,38.253334045410156,34.604652404785156,10464600,0.0,0.0
2019-07-17 00:00:00-04:00,38.27000045776367,38.38999938964844,38.06666564941406,38.20000076293945,34.556392669677734,8065500,0.0,0.0
2019-07-18 00:00:00-04:00,38.116668701171875,38.2599983215332,37.913333892822266,38.2400016784668,34.592586517333984,9670800,0.0,0.0
2019-07-19 00:00:00-04:00,38.33333206176758,38.436668395996094,37.95333480834961,37.96666717529297,34.3453254699707,11388900,0.0,0.0
2019-07-22 00:00:00-04:00,38.03333282470703,38.11333465576172,37.439998626708984,37.606666564941406,34.01966094970703,13550700,0.0,0.0
2019-07-23 00:00:00-04:00,37.706668853759766,37.733333587646484,37.189998626708984,37.36333465576172,33.799537658691406,17262600,0.0,0.0
2019-07-24 00:00:00-04:00,37.34333419799805,37.5966682434082,37.189998626708984,37.33333206176758,33.772396087646484,12531900,0.0,0.0
2019-07-25 00:00:00-04:00,37.393333435058594,37.46333312988281,37.220001220703125,37.40666580200195,33.83872604370117,11554500,0.0,0.0
2019-07-26 00:00:00-04:00,37.37333297729492,37.779998779296875,37.27333450317383,37.67333221435547,34.0799674987793,14187000,0.0,0.0
2019-07-29 00:00:00-04:00,37.61333465576172,37.65999984741211,37.253334045410156,37.42333221435547,33.85381317138672,11239800,0.0,0.0
2019-07-30 00:00:00-04:00,37.35333251953125,37.46666717529297,37.223331451416016,37.35333251953125,33.79049301147461,9105600,0.0,0.0
2019-07-31 00:00:00-04:00,37.3033332824707,37.4466667175293,36.543331146240234,36.793331146240234,33.28389358520508,18633900,0.0,0.0
2019-08-01 00:00:00-04:00,36.77333450317383,37.38999938964844,36.439998626708984,36.459999084472656,32.982364654541016,22365000,0.0,0.0
2019-08-02 00:00:00-04:00,36.58000183105469,36.71333312988281,36.04999923706055,36.46666717529297,32.9883918762207,16970100,0.0,0.0
2019-08-05 00:00:00-04:00,36.0,36.0,35.1966667175293,35.27333450317383,31.908889770507812,22710000,0.0,0.0
2019-08-06 00:00:00-04:00,35.39666748046875,35.9466667175293,35.1966667175293,35.75666809082031,32.34611511230469,21049200,0.0,0.0
2019-08-07 00:00:00-04:00,35.67333221435547,36.21333312988281,35.30666732788086,36.06666564941406,32.62655258178711,21835500,0.0,0.0
2019-08-08 00:00:00-04:00,36.003334045410156,36.279998779296875,35.92333221435547,36.17333221435547,32.88411331176758,13123200,0.176667,0.0
2019-08-09 00:00:00-04:00,36.02000045776367,36.1533317565918,35.56999969482422,35.7599983215332,32.50836181640625,12580500,0.0,0.0
2019-08-12 00:00:00-04:00,35.573333740234375,35.61333465576172,34.9466667175293,35.073333740234375,31.884124755859375,17605200,0.0,0.0
2019-08-13 00:00:00-04:00,35.08333206176758,36.03666687011719,34.95000076293945,35.8033332824707,32.54775619506836,20025900,0.0,0.0
2019-08-14 00:00:00-04:00,35.15999984741211,36.02000045776367,35.04666519165039,35.400001525878906,32.18111038208008,27938400,0.0,0.0
2019-08-15 00:00:00-04:00,37.5099983215332,37.880001068115234,36.720001220703125,37.563331604003906,34.147727966308594,59438700,0.0,0.0
2019-08-16 00:00:00-04:00,38.026668548583984,38.310001373291016,37.35333251953125,37.663333892822266,34.238643646240234,32895600,0.0,0.0
2019-08-19 00:00:00-04:00,38.116668701171875,38.2599983215332,37.866668701171875,37.936668395996094,34.48711395263672,21534300,0.0,0.0
2019-08-20 00:00:00-04:00,37.95333480834961,38.01333236694336,37.336666107177734,37.349998474121094,33.95378875732422,18336900,0.0,0.0
2019-08-21 00:00:00-04:00,37.99333190917969,38.02333450317383,37.293331146240234,37.34000015258789,33.944698333740234,24469200,0.0,0.0
2019-08-22 00:00:00-04:00,37.400001525878906,37.5966682434082,37.116668701171875,37.3033332824707,33.91136932373047,17986200,0.0,0.0
2019-08-23 00:00:00-04:00,37.206668853759766,37.3033332824707,36.709999084472656,36.94333267211914,33.5841064453125,18710100,0.0,0.0
2019-08-26 00:00:00-04:00,37.186668395996094,37.42333221435547,37.073333740234375,37.33000183105469,33.935604095458984,17807100,0.0,0.0
2019-08-27 00:00:00-04:00,37.473331451416016,37.60333251953125,37.16999816894531,37.473331451416016,34.06592559814453,17201100,0.0,0.0
2019-08-28 00:00:00-04:00,37.426666259765625,37.69333267211914,37.22666549682617,37.573333740234375,34.156822204589844,16113000,0.0,0.0
2019-08-29 00:00:00-04:00,38.06666564941406,38.1966667175293,37.77000045776367,38.026668548583984,34.56892776489258,15811500,0.0,0.0
2019-08-30 00:00:00-04:00,38.33333206176758,38.459999084472656,37.96666717529297,38.086666107177734,34.623477935791016,17115900,0.0,0.0
2019-09-03 00:00:00-04:00,37.893333435058594,38.436668395996094,37.83000183105469,38.21333312988281,34.73862838745117,17828100,0.0,0.0
2019-09-04 00:00:00-04:00,38.563331604003906,38.6533317565918,38.27333450317383,38.63666534423828,35.123470306396484,17348700,0.0,0.0
2019-09-05 00:00:00-04:00,39.223331451416016,39.31999969482422,38.42333221435547,38.47999954223633,34.981040954589844,17479200,0.0,0.0
2019-09-06 00:00:00-04:00,38.47999954223633,38.58333206176758,38.206668853759766,38.24333190917969,34.76590347290039,13039200,0.0,0.0
2019-09-09 00:00:00-04:00,38.16666793823242,38.869998931884766,38.133331298828125,38.776668548583984,35.250732421875,17921100,0.0,0.0
2019-09-10 00:00:00-04:00,38.663333892822266,38.98666763305664,38.49333190917969,38.68333435058594,35.16588592529297,14572200,0.0,0.0
2019-09-11 00:00:00-04:00,38.66666793823242,38.900001525878906,38.40666580200195,38.67333221435547,35.15679931640625,15852300,0.0,0.0
2019-09-12 00:00:00-04:00,38.883331298828125,39.02333450317383,38.633331298828125,38.973331451416016,35.42951965332031,13422900,0.0,0.0
2019-09-13 00:00:00-04:00,39.0533332824707,39.39666748046875,38.983333587646484,39.143333435058594,35.58406448364258,16915800,0.0,0.0
2019-09-16 00:00:00-04:00,38.8466682434082,39.05666732788086,38.459999084472656,38.52333450317383,35.02042770385742,18270900,0.0,0.0
2019-09-17 00:00:00-04:00,38.439998626708984,38.89666748046875,38.41666793823242,38.836666107177734,35.305267333984375,13813500,0.0,0.0
2019-09-18 00:00:00-04:00,38.970001220703125,39.07666778564453,38.72666549682617,39.0533332824707,35.50223922729492,11868000,0.0,0.0
2019-09-19 00:00:00-04:00,39.133331298828125,39.27000045776367,38.92333221435547,39.03666687011719,35.48708724975586,10141800,0.0,0.0
2019-09-20 00:00:00-04:00,39.116668701171875,39.21333312988281,38.93333435058594,38.99333190917969,35.44770050048828,33997200,0.0,0.0
2019-09-23 00:00:00-04:00,38.869998931884766,39.470001220703125,38.85333251953125,39.206668853759766,35.64163589477539,15487500,0.0,0.0
2019-09-24 00:00:00-04:00,39.41666793823242,39.95333480834961,39.336666107177734,39.46666717529297,35.877994537353516,21819300,0.0,0.0
2019-09-25 00:00:00-04:00,39.4900016784668,39.573333740234375,39.27000045776367,39.4900016784668,35.899200439453125,13840800,0.0,0.0
2019-09-26 00:00:00-04:00,39.599998474121094,39.849998474121094,39.39666748046875,39.43333435058594,35.84768295288086,11960700,0.0,0.0
2019-09-27 00:00:00-04:00,39.73666763305664,39.74333190917969,39.25,39.483333587646484,35.89314270019531,10304100,0.0,0.0
2019-09-30 00:00:00-04:00,39.55666732788086,39.813331604003906,39.52000045776367,39.560001373291016,35.96283721923828,10204200,0.0,0.0
2019-10-01 00:00:00-04:00,39.616668701171875,39.70333480834961,39.2400016784668,39.28333282470703,35.711326599121094,11187900,0.0,0.0
2019-10-02 00:00:00-04:00,39.133331298828125,39.18333435058594,38.53666687011719,38.706668853759766,35.18709945678711,17833500,0.0,0.0
2019-10-03 00:00:00-04:00,38.62666702270508,38.93333435058594,38.19333267211914,38.77000045776367,35.244667053222656,15619500,0.0,0.0
2019-10-04 00:00:00-04:00,38.79999923706055,39.43333435058594,38.72999954223633,39.38666534423828,35.805259704589844,13881000,0.0,0.0
2019-10-07 00:00:00-04:00,39.366668701171875,39.43333435058594,38.959999084472656,39.07666778564453,35.52346420288086,14085000,0.0,0.0
2019-10-08 00:00:00-04:00,38.936668395996094,39.55666732788086,38.88666534423828,39.19333267211914,35.629512786865234,15375300,0.0,0.0
2019-10-09 00:00:00-04:00,39.393333435058594,39.766666412353516,39.34000015258789,39.643333435058594,36.038597106933594,11710200,0.0,0.0
2019-10-10 00:00:00-04:00,39.633331298828125,39.959999084472656,39.53333282470703,39.869998931884766,36.24464797973633,13024500,0.0,0.0
2019-10-11 00:00:00-04:00,39.973331451416016,40.23666763305664,39.573333740234375,40.08000183105469,36.43555450439453,18383700,0.0,0.0
2019-10-14 00:00:00-04:00,39.95000076293945,40.1533317565918,39.70000076293945,39.723331451416016,36.11132049560547,13719900,0.0,0.0
2019-10-15 00:00:00-04:00,39.776668548583984,39.996665954589844,39.62333297729492,39.84333419799805,36.22039794921875,13550100,0.0,0.0
2019-10-16 00:00:00-04:00,39.77000045776367,40.03666687011719,39.70000076293945,39.80666732788086,36.187068939208984,11344800,0.0,0.0
2019-10-17 00:00:00-04:00,39.88999938964844,40.08333206176758,39.78666687011719,39.9466667175293,36.31434631347656,11732700,0.0,0.0
2019-10-18 00:00:00-04:00,40.150001525878906,40.20000076293945,39.709999084472656,39.71333312988281,36.10222625732422,16776900,0.0,0.0
2019-10-21 00:00:00-04:00,39.766666412353516,39.94333267211914,39.606666564941406,39.913333892822266,36.28404235839844,10230300,0.0,0.0
2019-10-22 00:00:00-04:00,39.91666793823242,40.05666732788086,39.79666519165039,39.86000061035156,36.235565185546875,7634100,0.0,0.0
2019-10-23 00:00:00-04:00,39.723331451416016,39.95000076293945,39.563331604003906,39.78333282470703,36.165870666503906,8520000,0.0,0.0
2019-10-24 00:00:00-04:00,39.71666717529297,39.856666564941406,39.503334045410156,39.70000076293945,36.09010696411133,8700900,0.0,0.0
2019-10-25 00:00:00-04:00,39.66666793823242,39.776668548583984,39.400001525878906,39.68000030517578,36.07192611694336,7692900,0.0,0.0
2019-10-28 00:00:00-04:00,39.75,39.900001525878906,39.5099983215332,39.7400016784668,36.1264762878418,10213800,0.0,0.0
2019-10-29 00:00:00-04:00,39.5,39.57666778564453,39.026668548583984,39.04999923706055,35.49920654296875,14373300,0.0,0.0
2019-10-30 00:00:00-04:00,39.060001373291016,39.456668853759766,39.016666412353516,39.366668701171875,35.78708267211914,8988600,0.0,0.0
2019-10-31 00:00:00-04:00,39.310001373291016,39.426666259765625,38.94333267211914,39.086666107177734,35.53255081176758,14643900,0.0,0.0
2019-11-01 00:00:00-04:00,39.30666732788086,39.323333740234375,39.07666778564453,39.206668853759766,35.64163589477539,11287800,0.0,0.0
2019-11-04 00:00:00-05:00,39.46666717529297,39.70333480834961,39.05666732788086,39.189998626708984,35.62648010253906,13938000,0.0,0.0
2019-11-05 00:00:00-05:00,39.22666549682617,39.71333312988281,39.026668548583984,39.619998931884766,36.01737594604492,12651300,0.0,0.0
2019-11-06 00:00:00-05:00,39.61000061035156,39.87333297729492,39.56999969482422,39.83333206176758,36.21131896972656,10843200,0.0,0.0
2019-11-07 00:00:00-05:00,40.0,40.30666732788086,39.8466682434082,40.07666778564453,36.43252944946289,13324200,0.0,0.0
2019-11-08 00:00:00-05:00,40.10333251953125,40.293331146240234,39.64666748046875,39.813331604003906,36.193145751953125,11498100,0.0,0.0
2019-11-11 00:00:00-05:00,39.56666564941406,39.87666702270508,39.426666259765625,39.68000030517578,36.07192611694336,13317000,0.0,0.0
2019-11-12 00:00:00-05:00,39.866668701171875,40.0,39.60333251953125,39.706668853759766,36.09617614746094,15189300,0.0,0.0
2019-11-13 00:00:00-05:00,39.720001220703125,40.45333480834961,39.5533332824707,40.32666778564453,36.659793853759766,23135400,0.0,0.0
2019-11-14 00:00:00-05:00,41.53333282470703,41.793331146240234,39.836666107177734,40.21666717529297,36.559776306152344,67512600,0.0,0.0
2019-11-15 00:00:00-05:00,40.22666549682617,40.33333206176758,39.459999084472656,39.62333297729492,36.0203971862793,30413100,0.0,0.0
2019-11-18 00:00:00-05:00,39.483333587646484,40.290000915527344,39.413333892822266,40.08333206176758,36.43857955932617,19644000,0.0,0.0
2019-11-19 00:00:00-05:00,40.03666687011719,40.119998931884766,39.9033317565918,39.96333312988281,36.32948684692383,11146200,0.0,0.0
2019-11-20 00:00:00-05:00,40.06999969482422,40.15999984741211,39.46666717529297,39.709999084472656,36.099185943603516,15227700,0.0,0.0
2019-11-21 00:00:00-05:00,39.61000061035156,40.0,39.55666732788086,39.95333480834961,36.32040023803711,12908400,0.0,0.0
2019-11-22 00:00:00-05:00,40.04999923706055,40.099998474121094,39.75666809082031,39.78666687011719,36.16889190673828,11529300,0.0,0.0
2019-11-25 00:00:00-05:00,40.0,40.00666809082031,39.29999923706055,39.63999938964844,36.03556442260742,17644500,0.0,0.0
2019-11-26 00:00:00-05:00,39.6533317565918,39.766666412353516,39.483333587646484,39.72999954223633,36.11738204956055,18877500,0.0,0.0
2019-11-27 00:00:00-05:00,39.79666519165039,39.93333435058594,39.57666778564453,39.586666107177734,35.98707962036133,10302300,0.0,0.0
2019-11-29 00:00:00-05:00,39.71333312988281,39.9900016784668,39.66666793823242,39.6966667175293,36.08708953857422,9471900,0.0,0.0
2019-12-02 00:00:00-05:00,39.71666717529297,39.793331146240234,39.279998779296875,39.7599983215332,36.144649505615234,17012700,0.0,0.0
2019-12-03 00:00:00-05:00,39.46666717529297,39.6533317565918,39.25666809082031,39.55666732788086,35.95980453491211,19784400,0.0,0.0
2019-12-04 00:00:00-05:00,39.706668853759766,39.733333587646484,39.43333435058594,39.563331604003906,35.96587371826172,16669800,0.0,0.0
2019-12-05 00:00:00-05:00,39.45333480834961,39.59333419799805,39.13999938964844,39.5533332824707,36.11805725097656,13058400,0.176667,0.0
2019-12-06 00:00:00-05:00,39.69333267211914,39.93333435058594,39.63999938964844,39.926666259765625,36.4589729309082,13022400,0.0,0.0
2019-12-09 00:00:00-05:00,39.856666564941406,39.95333480834961,39.72666549682617,39.78666687011719,36.33112335205078,14448000,0.0,0.0
2019-12-10 00:00:00-05:00,39.78333282470703,39.85333251953125,39.67333221435547,39.71333312988281,36.26416015625,12846900,0.0,0.0
2019-12-11 00:00:00-05:00,39.79999923706055,39.883331298828125,39.5099983215332,39.66666793823242,36.2215461730957,10519200,0.0,0.0
2019-12-12 00:00:00-05:00,39.66666793823242,40.03666687011719,39.560001373291016,39.91999816894531,36.452877044677734,12447000,0.0,0.0
2019-12-13 00:00:00-05:00,39.720001220703125,40.21666717529297,39.67333221435547,40.0966682434082,36.614200592041016,16098900,0.0,0.0
2019-12-16 00:00:00-05:00,40.13999938964844,40.45000076293945,40.13999938964844,40.18000030517578,36.6902961730957,16052100,0.0,0.0
2019-12-17 00:00:00-05:00,40.31666564941406,40.56666564941406,40.233333587646484,40.426666259765625,36.91554260253906,13727400,0.0,0.0
2019-12-18 00:00:00-05:00,40.503334045410156,40.560001373291016,39.9466667175293,39.95333480834961,36.48332214355469,15309000,0.0,0.0
2019-12-19 00:00:00-05:00,39.97999954223633,40.16999816894531,39.926666259765625,40.026668548583984,36.55029296875,13392300,0.0,0.0
2019-12-20 00:00:00-05:00,40.49333190917969,40.706668853759766,40.00666809082031,40.0966682434082,36.614200592041016,23863200,0.0,0.0
2019-12-23 00:00:00-05:00,40.06666564941406,40.22999954223633,39.66999816894531,39.676666259765625,36.230682373046875,13457400,0.0,0.0
2019-12-24 00:00:00-05:00,39.709999084472656,39.866668701171875,39.66999816894531,39.836666107177734,36.37678146362305,6682200,0.0,0.0
2019-12-26 00:00:00-05:00,39.869998931884766,39.95000076293945,39.650001525878906,39.84000015258789,36.37982940673828,12671400,0.0,0.0
2019-12-27 00:00:00-05:00,39.97999954223633,39.97999954223633,39.75,39.86333465576172,36.4011344909668,10632000,0.0,0.0
2019-12-30 00:00:00-05:00,39.93333435058594,39.936668395996094,39.709999084472656,39.79999923706055,36.343292236328125,8837400,0.0,0.0
2019-12-31 00:00:00-05:00,39.83333206176758,39.93333435058594,39.39666748046875,39.61333465576172,36.172855377197266,14736000,0.0,0.0
2020-01-02 00:00:00-05:00,39.619998931884766,39.96333312988281,39.56666564941406,39.64666748046875,36.20329666137695,20294700,0.0,0.0
2020-01-03 00:00:00-05:00,39.42333221435547,39.5966682434082,39.1966667175293,39.29666519165039,35.883689880371094,16197600,0.0,0.0
2020-01-06 00:00:00-05:00,39.133331298828125,39.36333465576172,38.92333221435547,39.21666717529297,35.81064224243164,19336500,0.0,0.0
2020-01-07 00:00:00-05:00,39.086666107177734,39.17333221435547,38.733333587646484,38.85333251953125,35.47885513305664,20540700,0.0,0.0
2020-01-08 00:00:00-05:00,38.766666412353516,38.90999984741211,38.560001373291016,38.720001220703125,35.35708999633789,17627400,0.0,0.0
2020-01-09 00:00:00-05:00,38.71666717529297,39.12333297729492,38.69333267211914,39.119998931884766,35.72235107421875,16691100,0.0,0.0
2020-01-10 00:00:00-05:00,39.08000183105469,39.11333465576172,38.65999984741211,38.793331146240234,35.424068450927734,18164400,0.0,0.0
2020-01-13 00:00:00-05:00,38.793331146240234,38.849998474121094,38.456668853759766,38.62666702270508,35.271881103515625,18337800,0.0,0.0
2020-01-14 00:00:00-05:00,38.4900016784668,38.73666763305664,38.37666702270508,38.72666549682617,35.36318588256836,19757400,0.0,0.0
2020-01-15 00:00:00-05:00,38.209999084472656,38.62333297729492,38.17333221435547,38.426666259765625,35.08925247192383,22362600,0.0,0.0
2020-01-16 00:00:00-05:00,38.5,38.643333435058594,38.426666259765625,38.633331298828125,35.2779655456543,16108200,0.0,0.0
2020-01-17 00:00:00-05:00,38.68333435058594,38.766666412353516,38.21333312988281,38.31999969482422,34.99183654785156,30135000,0.0,0.0
2020-01-21 00:00:00-05:00,38.1966667175293,38.563331604003906,38.17333221435547,38.529998779296875,35.18360900878906,22061100,0.0,0.0
2020-01-22 00:00:00-05:00,38.40666580200195,38.84333419799805,38.393333435058594,38.70000076293945,35.33884048461914,14778300,0.0,0.0
2020-01-23 00:00:00-05:00,38.73666763305664,38.77000045776367,38.3466682434082,38.60333251953125,35.25056457519531,12915300,0.0,0.0
2020-01-24 00:00:00-05:00,38.66666793823242,38.676666259765625,38.04999923706055,38.12333297729492,34.812259674072266,13150200,0.0,0.0
2020-01-27 00:00:00-05:00,37.72999954223633,38.74333190917969,37.560001373291016,38.619998931884766,35.265777587890625,21055200,0.0,0.0
2020-01-28 00:00:00-05:00,38.65999984741211,38.96666717529297,38.650001525878906,38.866668701171875,35.491031646728516,15810600,0.0,0.0
2020-01-29 00:00:00-05:00,38.85333251953125,39.040000915527344,38.630001068115234,38.630001068115234,35.27492141723633,11326500,0.0,0.0
2020-01-30 00:00:00-05:00,38.53666687011719,38.90666580200195,38.44333267211914,38.86000061035156,35.48493576049805,13744500,0.0,0.0
2020-01-31 00:00:00-05:00,38.599998474121094,38.753334045410156,37.96666717529297,38.163333892822266,34.84878921508789,23327400,0.0,0.0
2020-02-03 00:00:00-05:00,38.29999923706055,38.46333312988281,38.03333282470703,38.09000015258789,34.78181457519531,13041300,0.0,0.0
2020-02-04 00:00:00-05:00,38.413333892822266,38.746665954589844,38.29666519165039,38.42333221435547,35.08620071411133,15696600,0.0,0.0
2020-02-05 00:00:00-05:00,38.53333282470703,38.983333587646484,38.28333282470703,38.936668395996094,35.55495071411133,17048700,0.0,0.0
2020-02-06 00:00:00-05:00,38.94333267211914,39.07666778564453,38.686668395996094,38.77000045776367,35.40275192260742,16058700,0.0,0.0
2020-02-07 00:00:00-05:00,38.70333480834961,38.91999816894531,38.586666107177734,38.81666564941406,35.445377349853516,11068800,0.0,0.0
2020-02-10 00:00:00-05:00,38.58333206176758,38.99333190917969,38.349998474121094,38.41666793823242,35.08012390136719,18434700,0.0,0.0
2020-02-11 00:00:00-05:00,38.47666549682617,38.5,38.14666748046875,38.46666717529297,35.12577438354492,17390400,0.0,0.0
2020-02-12 00:00:00-05:00,38.5,38.80666732788086,38.470001220703125,38.616668701171875,35.26273727416992,14206800,0.0,0.0
2020-02-13 00:00:00-05:00,38.616668701171875,39.18000030517578,38.526668548583984,39.14666748046875,35.7467155456543,15999600,0.0,0.0
2020-02-14 00:00:00-05:00,39.223331451416016,39.52333450317383,39.0533332824707,39.29666519165039,35.883689880371094,24391800,0.0,0.0
2020-02-18 00:00:00-05:00,39.4900016784668,39.983333587646484,39.119998931884766,39.87666702270508,36.41331481933594,34539600,0.0,0.0
2020-02-19 00:00:00-05:00,39.83333206176758,39.97999954223633,39.22666549682617,39.22666549682617,35.819766998291016,21563400,0.0,0.0
2020-02-20 00:00:00-05:00,39.06999969482422,39.369998931884766,38.95333480834961,39.22999954223633,35.82281494140625,15068700,0.0,0.0
2020-02-21 00:00:00-05:00,39.14666748046875,39.58333206176758,39.10333251953125,39.526668548583984,36.093711853027344,18726300,0.0,0.0
2020-02-24 00:00:00-05:00,39.1533317565918,39.48666763305664,38.650001525878906,38.77333450317383,35.40580368041992,19848000,0.0,0.0
2020-02-25 00:00:00-05:00,38.78333282470703,39.02333450317383,38.016666412353516,38.130001068115234,34.8183479309082,23292900,0.0,0.0
2020-02-26 00:00:00-05:00,38.233333587646484,38.38999938964844,37.883331298828125,37.926666259765625,34.632667541503906,20019900,0.0,0.0
2020-02-27 00:00:00-05:00,37.52000045776367,38.02333450317383,36.78333282470703,36.79999923706055,33.60384750366211,28476900,0.0,0.0
2020-02-28 00:00:00-05:00,35.89666748046875,36.17333221435547,34.790000915527344,35.893333435058594,32.775943756103516,52369200,0.0,0.0
2020-03-02 00:00:00-05:00,35.866668701171875,38.79999923706055,35.76333236694336,38.62666702270508,35.271881103515625,51222600,0.0,0.0
2020-03-03 00:00:00-05:00,38.69333267211914,39.176666259765625,37.4466667175293,37.63666534423828,34.367855072021484,33340800,0.0,0.0
2020-03-04 00:00:00-05:00,38.08000183105469,38.9466667175293,37.823333740234375,38.92333221435547,35.54277038574219,24625200,0.0,0.0
2020-03-05 00:00:00-05:00,38.133331298828125,39.08333206176758,37.970001220703125,38.63999938964844,35.28403854370117,25638300,0.0,0.0
2020-03-06 00:00:00-05:00,37.956668853759766,39.3033332824707,37.66999816894531,39.07666778564453,35.682804107666016,29411100,0.0,0.0
2020-03-09 00:00:00-04:00,37.939998626708984,40.209999084472656,37.57666778564453,39.0533332824707,35.661476135253906,59243400,0.0,0.0
2020-03-10 00:00:00-04:00,39.366668701171875,40.22666549682617,38.30666732788086,39.93000030517578,36.46200942993164,37797300,0.0,0.0
2020-03-11 00:00:00-04:00,39.16999816894531,39.676666259765625,37.599998474121094,38.143333435058594,34.83051681518555,31620000,0.0,0.0
2020-03-12 00:00:00-04:00,35.34000015258789,37.163333892822266,34.32666778564453,34.68333435058594,31.6710205078125,56323200,0.0,0.0
2020-03-13 00:00:00-04:00,36.08000183105469,38.1966667175293,34.62666702270508,38.03333282470703,34.730072021484375,42962100,0.0,0.0
2020-03-16 00:00:00-04:00,35.06666564941406,37.11000061035156,34.0,35.586666107177734,32.49589920043945,36753900,0.0,0.0
2020-03-17 00:00:00-04:00,37.59000015258789,39.75666809082031,36.81999969482422,39.753334045410156,36.300689697265625,52806000,0.0,0.0
2020-03-18 00:00:00-04:00,38.33333206176758,42.69333267211914,38.16666793823242,40.86000061035156,37.31122589111328,77355900,0.0,0.0
2020-03-19 00:00:00-04:00,41.48666763305664,42.33333206176758,39.209999084472656,39.81666564941406,36.51939392089844,57100500,0.18,0.0
2020-03-20 00:00:00-04:00,39.83333206176758,40.93000030517578,37.29666519165039,37.9900016784668,34.84400177001953,55423500,0.0,0.0
2020-03-23 00:00:00-04:00,38.05666732788086,39.18000030517578,37.4033317565918,38.09333419799805,34.938777923583984,39366000,0.0,0.0
2020-03-24 00:00:00-04:00,38.62333297729492,39.12333297729492,37.10333251953125,38.34333419799805,35.168087005615234,42705000,0.0,0.0
2020-03-25 00:00:00-04:00,37.65666580200195,38.0,36.016666412353516,36.46666717529297,33.446807861328125,53287500,0.0,0.0
2020-03-26 00:00:00-04:00,36.46666717529297,36.956668853759766,35.616668701171875,36.606666564941406,33.57522201538086,58250700,0.0,0.0
2020-03-27 00:00:00-04:00,36.70333480834961,37.426666259765625,36.20000076293945,36.526668548583984,33.501853942871094,36160500,0.0,0.0
2020-03-30 00:00:00-04:00,37.28666687011719,38.599998474121094,36.97999954223633,38.39666748046875,35.217002868652344,29212500,0.0,0.0
2020-03-31 00:00:00-04:00,38.10333251953125,38.72999954223633,37.54666519165039,37.87333297729492,34.73699188232422,26258400,0.0,0.0
2020-04-01 00:00:00-04:00,37.383331298828125,38.5099983215332,37.266666412353516,38.04666519165039,34.89596939086914,28269600,0.0,0.0
2020-04-02 00:00:00-04:00,37.72666549682617,39.70333480834961,37.4466667175293,39.54999923706055,36.274818420410156,29515500,0.0,0.0
2020-04-03 00:00:00-04:00,39.06999969482422,39.970001220703125,39.0099983215332,39.82666778564453,36.528568267822266,28625100,0.0,0.0
2020-04-06 00:00:00-04:00,39.686668395996094,42.130001068115234,39.64666748046875,42.02333450317383,38.5433235168457,47768700,0.0,0.0
2020-04-07 00:00:00-04:00,41.32666778564453,42.163333892822266,40.54666519165039,40.663333892822266,37.295955657958984,41369700,0.0,0.0
2020-04-08 00:00:00-04:00,41.22999954223633,41.27000045776367,40.1966667175293,40.61333465576172,37.25008773803711,27876600,0.0,0.0
2020-04-09 00:00:00-04:00,39.40666580200195,40.956668853759766,39.220001220703125,40.599998474121094,37.23785400390625,32828700,0.0,0.0
2020-04-13 00:00:00-04:00,40.42333221435547,41.88999938964844,40.38999938964844,41.766666412353516,38.307918548583984,24194100,0.0,0.0
2020-04-14 00:00:00-04:00,42.366668701171875,43.26333236694336,42.01333236694336,43.0,39.43910598754883,34098900,0.0,0.0
2020-04-15 00:00:00-04:00,43.0,43.293331146240234,42.37333297729492,42.91999816894531,39.3657341003418,22435200,0.0,0.0
2020-04-16 00:00:00-04:00,43.0,44.30666732788086,42.75,44.11000061035156,40.457191467285156,31882200,0.0,0.0
2020-04-17 00:00:00-04:00,43.82666778564453,44.323333740234375,43.24333190917969,44.040000915527344,40.39299392700195,30915300,0.0,0.0
2020-04-20 00:00:00-04:00,44.130001068115234,44.459999084472656,43.253334045410156,43.28333282470703,39.69898986816406,24401700,0.0,0.0
2020-04-21 00:00:00-04:00,43.356666564941406,43.676666259765625,42.720001220703125,43.06999969482422,39.503318786621094,27900600,0.0,0.0
2020-04-22 00:00:00-04:00,43.33333206176758,44.12666702270508,42.96666717529297,43.86333465576172,40.23095703125,19448100,0.0,0.0
2020-04-23 00:00:00-04:00,43.28333282470703,43.6966667175293,42.57666778564453,42.84333419799805,39.29541778564453,28839900,0.0,0.0
2020-04-24 00:00:00-04:00,43.116668701171875,43.29666519165039,42.85333251953125,43.14666748046875,39.57363510131836,17343600,0.0,0.0
2020-04-27 00:00:00-04:00,43.33333206176758,43.436668395996094,42.723331451416016,42.766666412353516,39.22510528564453,17923800,0.0,0.0
2020-04-28 00:00:00-04:00,42.7599983215332,43.413333892822266,42.56666564941406,42.66666793823242,39.13338088989258,20732100,0.0,0.0
2020-04-29 00:00:00-04:00,41.856666564941406,41.91999816894531,40.849998474121094,41.20000076293945,37.788177490234375,44612100,0.0,0.0
2020-04-30 00:00:00-04:00,41.026668548583984,41.14666748046875,40.3466682434082,40.516666412353516,37.16142654418945,40497900,0.0,0.0
2020-05-01 00:00:00-04:00,40.49333190917969,41.22999954223633,40.2599983215332,40.973331451416016,37.58028793334961,31143900,0.0,0.0
2020-05-04 00:00:00-04:00,41.279998779296875,41.46666717529297,40.56999969482422,41.233333587646484,37.81875991821289,17807700,0.0,0.0
2020-05-05 00:00:00-04:00,41.266666412353516,41.753334045410156,41.086666107177734,41.57666778564453,38.13365173339844,19337400,0.0,0.0
2020-05-06 00:00:00-04:00,41.73666763305664,41.83000183105469,40.95000076293945,41.099998474121094,37.69645309448242,17309100,0.0,0.0
2020-05-07 00:00:00-04:00,41.1533317565918,41.32666778564453,40.5,40.630001068115234,37.42930603027344,27345600,0.18,0.0
2020-05-08 00:00:00-04:00,40.91666793823242,41.003334045410156,40.540000915527344,40.97999954223633,37.7517204284668,20830800,0.0,0.0
2020-05-11 00:00:00-04:00,41.01333236694336,41.436668395996094,41.003334045410156,41.223331451416016,37.97590255737305,25341900,0.0,0.0
2020-05-12 00:00:00-04:00,41.49333190917969,41.88666534423828,41.2599983215332,41.2599983215332,38.00967025756836,19100100,0.0,0.0
2020-05-13 00:00:00-04:00,41.16666793823242,42.08000183105469,41.029998779296875,41.23666763305664,37.98817443847656,29175300,0.0,0.0
2020-05-14 00:00:00-04:00,41.616668701171875,41.709999084472656,40.43333435058594,41.13999938964844,37.89912033081055,22233000,0.0,0.0
2020-05-15 00:00:00-04:00,41.15666580200195,41.97999954223633,41.029998779296875,41.97999954223633,38.672950744628906,31770000,0.0,0.0
2020-05-18 00:00:00-04:00,42.5,42.85333251953125,42.03333282470703,42.5533332824707,39.20112228393555,38633700,0.0,0.0
2020-05-19 00:00:00-04:00,43.91666793823242,43.996665954589844,41.60333251953125,41.650001525878906,38.36895751953125,74746200,0.0,0.0
2020-05-20 00:00:00-04:00,42.163333892822266,42.1966667175293,41.543331146240234,41.81666564941406,38.52247619628906,32246400,0.0,0.0
2020-05-21 00:00:00-04:00,41.630001068115234,42.04666519165039,41.41666793823242,41.663333892822266,38.381229400634766,22448100,0.0,0.0
2020-05-22 00:00:00-04:00,41.70000076293945,41.78333282470703,41.25666809082031,41.44333267211914,38.178558349609375,22359600,0.0,0.0
2020-05-26 00:00:00-04:00,41.4466667175293,41.836666107177734,41.209999084472656,41.28666687011719,38.03422927856445,23730600,0.0,0.0
2020-05-27 00:00:00-04:00,41.323333740234375,41.496665954589844,40.34333419799805,40.82666778564453,37.6104736328125,31073700,0.0,0.0
2020-05-28 00:00:00-04:00,41.2400016784668,41.650001525878906,41.0533332824707,41.22999954223633,37.9820442199707,24424800,0.0,0.0
2020-05-29 00:00:00-04:00,41.413333892822266,41.56999969482422,40.643333435058594,41.35333251953125,38.09565353393555,29311200,0.0,0.0
2020-06-01 00:00:00-04:00,41.14666748046875,41.470001220703125,40.78666687011719,41.31999969482422,38.064937591552734,20550300,0.0,0.0
2020-06-02 00:00:00-04:00,41.1966667175293,41.383331298828125,40.936668395996094,41.313331604003906,38.058807373046875,19187700,0.0,0.0
2020-06-03 00:00:00-04:00,41.29999923706055,41.33000183105469,40.88666534423828,41.15666580200195,37.91447830200195,20262900,0.0,0.0
2020-06-04 00:00:00-04:00,40.93333435058594,41.29666519165039,40.606666564941406,40.70333480834961,37.49686050415039,24015000,0.0,0.0
2020-06-05 00:00:00-04:00,40.856666564941406,40.893333435058594,39.970001220703125,40.52000045776367,37.32796096801758,39337200,0.0,0.0
2020-06-08 00:00:00-04:00,39.86000061035156,40.413333892822266,39.81999969482422,40.413333892822266,37.22969436645508,28344300,0.0,0.0
2020-06-09 00:00:00-04:00,40.53333282470703,40.66666793823242,40.186668395996094,40.45000076293945,37.26347732543945,20746200,0.0,0.0
2020-06-10 00:00:00-04:00,40.52000045776367,40.83333206176758,40.37666702270508,40.38666534423828,37.20513153076172,28141500,0.0,0.0
2020-06-11 00:00:00-04:00,40.33000183105469,40.86000061035156,39.82666778564453,40.029998779296875,36.87657165527344,34162800,0.0,0.0
2020-06-12 00:00:00-04:00,40.16999816894531,40.25,39.02000045776367,39.246665954589844,36.154937744140625,32359200,0.0,0.0
2020-06-15 00:00:00-04:00,39.46666717529297,39.560001373291016,39.003334045410156,39.36000061035156,36.25934982299805,32703300,0.0,0.0
2020-06-16 00:00:00-04:00,39.93333435058594,40.07666778564453,39.51333236694336,39.883331298828125,36.741455078125,25167600,0.0,0.0
2020-06-17 00:00:00-04:00,39.95333480834961,40.043331146240234,39.46666717529297,39.676666259765625,36.55106735229492,20166900,0.0,0.0
2020-06-18 00:00:00-04:00,39.51333236694336,39.686668395996094,39.220001220703125,39.33000183105469,36.231719970703125,20070000,0.0,0.0
2020-06-19 00:00:00-04:00,39.630001068115234,40.099998474121094,39.25,39.95000076293945,36.80287551879883,40078800,0.0,0.0
2020-06-22 00:00:00-04:00,40.323333740234375,40.6966667175293,40.133331298828125,40.560001373291016,37.36481857299805,27338400,0.0,0.0
2020-06-23 00:00:00-04:00,40.91666793823242,40.95000076293945,40.31999969482422,40.356666564941406,37.17749786376953,19727700,0.0,0.0
2020-06-24 00:00:00-04:00,40.246665954589844,40.37333297729492,39.86000061035156,40.099998474121094,36.94105529785156,20614800,0.0,0.0
2020-06-25 00:00:00-04:00,39.91999816894531,40.0533332824707,39.459999084472656,39.9033317565918,36.75988006591797,20569800,0.0,0.0
2020-06-26 00:00:00-04:00,39.866668701171875,40.279998779296875,39.34000015258789,39.439998626708984,36.333045959472656,26991600,0.0,0.0
2020-06-29 00:00:00-04:00,39.5,39.893333435058594,39.40666580200195,39.686668395996094,36.560279846191406,16511400,0.0,0.0
2020-06-30 00:00:00-04:00,39.7400016784668,40.043331146240234,39.51333236694336,39.926666259765625,36.7813720703125,20509200,0.0,0.0
2020-07-01 00:00:00-04:00,39.81666564941406,39.973331451416016,39.5533332824707,39.89666748046875,36.75374984741211,19733700,0.0,0.0
2020-07-02 00:00:00-04:00,40.029998779296875,40.293331146240234,39.619998931884766,39.73666763305664,36.606346130371094,17695800,0.0,0.0
2020-07-06 00:00:00-04:00,39.93333435058594,39.956668853759766,39.40666580200195,39.630001068115234,36.50808334350586,21695100,0.0,0.0
2020-07-07 00:00:00-04:00,39.483333587646484,42.516666412353516,39.40666580200195,42.31666564941406,38.98309326171875,93458100,0.0,0.0
2020-07-08 00:00:00-04:00,42.66666793823242,42.709999084472656,41.46666717529297,41.47999954223633,38.212337493896484,52217100,0.0,0.0
2020-07-09 00:00:00-04:00,41.869998931884766,42.72666549682617,41.650001525878906,42.58333206176758,39.22875213623047,42771600,0.0,0.0
2020-07-10 00:00:00-04:00,42.913333892822266,43.790000915527344,42.41999816894531,43.560001373291016,40.12849426269531,44236800,0.0,0.0
2020-07-13 00:00:00-04:00,43.776668548583984,44.543331146240234,42.96333312988281,43.17333221435547,39.772281646728516,42338400,0.0,0.0
2020-07-14 00:00:00-04:00,43.09333419799805,44.16666793823242,43.0099983215332,44.003334045410156,40.536888122558594,26455800,0.0,0.0
2020-07-15 00:00:00-04:00,44.09000015258789,44.709999084472656,43.599998474121094,44.0,40.5338134765625,31731300,0.0,0.0
2020-07-16 00:00:00-04:00,44.016666412353516,44.24333190917969,43.746665954589844,44.06666564941406,40.59524154663086,17676600,0.0,0.0
2020-07-17 00:00:00-04:00,44.456668853759766,44.456668853759766,43.823333740234375,43.913333892822266,40.45398712158203,18189600,0.0,0.0
2020-07-20 00:00:00-04:00,43.98666763305664,44.246665954589844,43.71333312988281,43.823333740234375,40.37107849121094,18342600,0.0,0.0
2020-07-21 00:00:00-04:00,43.85333251953125,44.663333892822266,43.81666564941406,44.11000061035156,40.635162353515625,21712500,0.0,0.0
2020-07-22 00:00:00-04:00,44.189998626708984,44.34333419799805,43.72999954223633,44.220001220703125,40.73649597167969,16164600,0.0,0.0
2020-07-23 00:00:00-04:00,44.33333206176758,44.383331298828125,43.77000045776367,43.880001068115234,40.42327880859375,16796400,0.0,0.0
2020-07-24 00:00:00-04:00,43.650001525878906,44.133331298828125,43.503334045410156,43.746665954589844,40.300453186035156,13037400,0.0,0.0
2020-07-27 00:00:00-04:00,43.619998931884766,43.99333190917969,43.619998931884766,43.73666763305664,40.291229248046875,14045700,0.0,0.0
2020-07-28 00:00:00-04:00,43.83333206176758,44.12666702270508,43.63999938964844,43.91999816894531,40.46013641357422,14414100,0.0,0.0
2020-07-29 00:00:00-04:00,43.85333251953125,43.95333480834961,43.28333282470703,43.563331604003906,40.131553649902344,14223300,0.0,0.0
2020-07-30 00:00:00-04:00,43.13999938964844,43.473331451416016,42.90666580200195,43.37333297729492,39.956520080566406,13788300,0.0,0.0
2020-07-31 00:00:00-04:00,43.21666717529297,43.36333465576172,42.540000915527344,43.133331298828125,39.73543167114258,21631500,0.0,0.0
2020-08-03 00:00:00-04:00,43.3033332824707,43.37333297729492,42.75666809082031,43.099998474121094,39.7047233581543,14971500,0.0,0.0
2020-08-04 00:00:00-04:00,43.21666717529297,43.9033317565918,42.97999954223633,43.880001068115234,40.42327880859375,18219600,0.0,0.0
2020-08-05 00:00:00-04:00,43.483333587646484,43.58333206176758,42.94333267211914,43.27000045776367,39.86133575439453,25483500,0.0,0.0
2020-08-06 00:00:00-04:00,43.043331146240234,43.40999984741211,43.0099983215332,43.116668701171875,39.7200813293457,14496300,0.0,0.0
2020-08-07 00:00:00-04:00,43.19333267211914,43.48666763305664,43.03666687011719,43.323333740234375,39.91046142578125,16558500,0.0,0.0
2020-08-10 00:00:00-04:00,43.413333892822266,44.11333465576172,43.21666717529297,43.959999084472656,40.496971130371094,17683200,0.0,0.0
2020-08-11 00:00:00-04:00,44.1966667175293,44.290000915527344,43.24333190917969,43.400001525878906,39.98109436035156,25360200,0.0,0.0
2020-08-12 00:00:00-04:00,43.4900016784668,44.07666778564453,43.026668548583984,43.96333312988281,40.50004577636719,19094400,0.0,0.0
2020-08-13 00:00:00-04:00,43.73666763305664,43.98666763305664,43.57666778564453,43.95000076293945,40.654212951660156,19867200,0.18,0.0
2020-08-14 00:00:00-04:00,44.11333465576172,44.323333740234375,43.87666702270508,44.20000076293945,40.885467529296875,20106300,0.0,0.0
2020-08-17 00:00:00-04:00,44.78333282470703,45.37666702270508,44.616668701171875,45.20000076293945,41.810482025146484,39465000,0.0,0.0
2020-08-18 00:00:00-04:00,45.38999938964844,45.87666702270508,44.38999938964844,44.9033317565918,41.53604507446289,80232600,0.0,0.0
2020-08-19 00:00:00-04:00,44.73666763305664,44.88666534423828,43.95000076293945,44.13666534423828,40.82688522338867,38155200,0.0,0.0
2020-08-20 00:00:00-04:00,43.73666763305664,44.02333450317383,43.349998474121094,43.52333450317383,40.25954055786133,26810700,0.0,0.0
2020-08-21 00:00:00-04:00,43.516666412353516,44.223331451416016,43.366668701171875,43.87666702270508,40.58637619018555,24864000,0.0,0.0
2020-08-24 00:00:00-04:00,44.08333206176758,44.15999984741211,43.44333267211914,43.776668548583984,40.4938850402832,19813800,0.0,0.0
2020-08-25 00:00:00-04:00,43.599998474121094,43.746665954589844,43.223331451416016,43.543331146240234,40.27803421020508,21722400,0.0,0.0
2020-08-26 00:00:00-04:00,43.4033317565918,43.62666702270508,43.233333587646484,43.56666564941406,40.299617767333984,18814800,0.0,0.0
2020-08-27 00:00:00-04:00,43.69333267211914,46.45000076293945,43.633331298828125,45.543331146240234,42.1280632019043,119018700,0.0,0.0
2020-08-28 00:00:00-04:00,47.0,47.02333450317383,45.9466667175293,46.766666412353516,43.25965118408203,64050900,0.0,0.0
2020-08-31 00:00:00-04:00,45.82666778564453,46.29666519165039,45.176666259765625,46.28333282470703,42.81258010864258,45236400,0.0,0.0
2020-09-01 00:00:00-04:00,47.06666564941406,49.86333465576172,46.68333435058594,49.1966667175293,45.5074348449707,106798200,0.0,0.0
2020-09-02 00:00:00-04:00,50.41666793823242,50.44333267211914,48.53666687011719,49.22666549682617,45.53518295288086,51666000,0.0,0.0
2020-09-03 00:00:00-04:00,48.900001525878906,49.866668701171875,47.27000045776367,48.18000030517578,44.56700897216797,48015000,0.0,0.0
2020-09-04 00:00:00-04:00,48.00666809082031,48.3466682434082,46.70000076293945,47.61000061035156,44.03976058959961,33982200,0.0,0.0
2020-09-08 00:00:00-04:00,47.13666534423828,47.29999923706055,46.086666107177734,46.150001525878906,42.689247131347656,33966900,0.0,0.0
2020-09-09 00:00:00-04:00,46.6966667175293,47.53666687011719,46.483333587646484,46.630001068115234,43.13325500488281,33669000,0.0,0.0
2020-09-10 00:00:00-04:00,46.686668395996094,46.8466682434082,45.529998779296875,45.60333251953125,42.183563232421875,33709200,0.0,0.0
2020-09-11 00:00:00-04:00,45.68333435058594,46.14666748046875,45.18333435058594,45.56666564941406,42.14963912963867,28879800,0.0,0.0
2020-09-14 00:00:00-04:00,45.380001068115234,47.03333282470703,45.293331146240234,45.77333450317383,42.340816497802734,45733800,0.0,0.0
2020-09-15 00:00:00-04:00,46.07666778564453,46.36000061035156,45.560001373291016,45.78666687011719,42.353153228759766,30427800,0.0,0.0
2020-09-16 00:00:00-04:00,46.13666534423828,46.22666549682617,45.349998474121094,45.41999816894531,42.013980865478516,27860400,0.0,0.0
2020-09-17 00:00:00-04:00,45.143333435058594,45.856666564941406,45.00666809082031,45.563331604003906,42.14656448364258,37245000,0.0,0.0
2020-09-18 00:00:00-04:00,45.47999954223633,45.84333419799805,44.91666793823242,45.0966682434082,41.71489334106445,54709200,0.0,0.0
2020-09-21 00:00:00-04:00,45.5,45.746665954589844,45.0966682434082,45.689998626708984,42.26372146606445,47275500,0.0,0.0
2020-09-22 00:00:00-04:00,45.689998626708984,46.33000183105469,45.52333450317383,46.10333251953125,42.646080017089844,33102000,0.0,0.0
2020-09-23 00:00:00-04:00,46.33333206176758,46.413333892822266,45.27333450317383,45.33000183105469,41.93073272705078,23133300,0.0,0.0
2020-09-24 00:00:00-04:00,45.24333190917969,45.93000030517578,45.02333450317383,45.56666564941406,42.14963912963867,29453100,0.0,0.0
2020-09-25 00:00:00-04:00,45.50666809082031,45.8466682434082,45.31999969482422,45.75666809082031,42.32539749145508,22618800,0.0,0.0
2020-09-28 00:00:00-04:00,45.720001220703125,46.016666412353516,45.573333740234375,45.75,42.31923294067383,21197100,0.0,0.0
2020-09-29 00:00:00-04:00,45.75,46.04666519165039,45.46333312988281,45.71333312988281,42.28531265258789,27702900,0.0,0.0
2020-09-30 00:00:00-04:00,45.79666519165039,47.246665954589844,45.733333587646484,46.63666534423828,43.13941192626953,34826400,0.0,0.0
2020-10-01 00:00:00-04:00,46.93333435058594,48.12666702270508,46.753334045410156,47.69333267211914,44.11684036254883,43290900,0.0,0.0
2020-10-02 00:00:00-04:00,47.4466667175293,47.70000076293945,46.709999084472656,46.83333206176758,43.32133102416992,24585000,0.0,0.0
2020-10-05 00:00:00-04:00,47.0966682434082,47.39666748046875,47.02333450317383,47.266666412353516,43.722164154052734,14259000,0.0,0.0
2020-10-06 00:00:00-04:00,47.290000915527344,47.64666748046875,46.75,46.87666702270508,43.361412048339844,21475500,0.0,0.0
2020-10-07 00:00:00-04:00,47.086666107177734,47.18333435058594,46.75,46.96333312988281,43.44158172607422,16949100,0.0,0.0
2020-10-08 00:00:00-04:00,47.16999816894531,47.36333465576172,47.040000915527344,47.119998931884766,43.586490631103516,14676900,0.0,0.0
2020-10-09 00:00:00-04:00,47.220001220703125,47.779998779296875,47.186668395996094,47.59333419799805,44.02434539794922,14494800,0.0,0.0
2020-10-12 00:00:00-04:00,47.67333221435547,48.46333312988281,47.67333221435547,48.08333206176758,44.477596282958984,18402300,0.0,0.0
2020-10-13 00:00:00-04:00,48.22666549682617,48.866668701171875,48.119998931884766,48.74333190917969,45.08808898925781,23800200,0.0,0.0
2020-10-14 00:00:00-04:00,48.79999923706055,48.84333419799805,47.91999816894531,47.97999954223633,44.38200378417969,19710900,0.0,0.0
2020-10-15 00:00:00-04:00,47.6966667175293,48.31999969482422,47.61333465576172,48.176666259765625,44.56391906738281,13692600,0.0,0.0
2020-10-16 00:00:00-04:00,48.46666717529297,48.71666717529297,48.15666580200195,48.23666763305664,44.61942672729492,16935000,0.0,0.0
2020-10-19 00:00:00-04:00,48.366668701171875,48.456668853759766,47.58333206176758,47.650001525878906,44.076751708984375,14643300,0.0,0.0
2020-10-20 00:00:00-04:00,48.03666687011719,48.5099983215332,47.87333297729492,47.96666717529297,44.36967849731445,14523000,0.0,0.0
2020-10-21 00:00:00-04:00,47.9466667175293,48.57666778564453,47.9466667175293,48.133331298828125,44.523841857910156,13114200,0.0,0.0
2020-10-22 00:00:00-04:00,48.063331604003906,48.186668395996094,47.563331604003906,47.849998474121094,44.26175308227539,13344000,0.0,0.0
2020-10-23 00:00:00-04:00,47.9900016784668,48.04666519165039,47.616668701171875,47.95000076293945,44.3542594909668,10540500,0.0,0.0
2020-10-26 00:00:00-04:00,47.61333465576172,47.706668853759766,46.97999954223633,47.38666534423828,43.833168029785156,16111800,0.0,0.0
2020-10-27 00:00:00-04:00,47.349998474121094,47.900001525878906,47.323333740234375,47.62333297729492,44.052093505859375,11831100,0.0,0.0
2020-10-28 00:00:00-04:00,46.98666763305664,47.37666702270508,46.62666702270508,46.68000030517578,43.17949676513672,16849200,0.0,0.0
2020-10-29 00:00:00-04:00,46.66666793823242,47.03666687011719,46.233333587646484,46.63999938964844,43.14249038696289,15153900,0.0,0.0
2020-10-30 00:00:00-04:00,46.393333435058594,46.6966667175293,45.790000915527344,46.25,42.78174591064453,18601800,0.0,0.0
2020-11-02 00:00:00-05:00,46.86333465576172,46.936668395996094,46.34333419799805,46.79999923706055,43.29048538208008,16575600,0.0,0.0
2020-11-03 00:00:00-05:00,47.21666717529297,48.0533332824707,47.189998626708984,47.59333419799805,44.02434539794922,15413100,0.0,0.0
2020-11-04 00:00:00-05:00,47.189998626708984,48.130001068115234,47.11333465576172,47.31999969482422,43.7714958190918,17927400,0.0,0.0
2020-11-05 00:00:00-05:00,48.0,48.07666778564453,47.64666748046875,47.823333740234375,44.237091064453125,14202600,0.0,0.0
2020-11-06 00:00:00-05:00,48.119998931884766,48.7400016784668,47.849998474121094,48.59000015258789,44.946258544921875,16198500,0.0,0.0
2020-11-09 00:00:00-05:00,49.33333206176758,49.400001525878906,47.82666778564453,47.8466682434082,44.258670806884766,28198500,0.0,0.0
2020-11-10 00:00:00-05:00,47.91666793823242,48.813331604003906,47.84333419799805,48.52000045776367,44.881507873535156,18199200,0.0,0.0
2020-11-11 00:00:00-05:00,48.973331451416016,49.6533317565918,48.79999923706055,49.32666778564453,45.627689361572266,18805800,0.0,0.0
2020-11-12 00:00:00-05:00,49.49333190917969,49.56999969482422,49.03333282470703,49.40999984741211,45.704776763916016,12564300,0.0,0.0
2020-11-13 00:00:00-05:00,49.64666748046875,50.313331604003906,49.17333221435547,50.18000030517578,46.41703414916992,19738200,0.0,0.0
2020-11-16 00:00:00-05:00,50.176666259765625,51.133331298828125,49.7599983215332,50.813331604003906,47.002864837646484,34560300,0.0,0.0
2020-11-17 00:00:00-05:00,50.16666793823242,51.08000183105469,49.72666549682617,49.790000915527344,46.056278228759766,42711600,0.0,0.0
2020-11-18 00:00:00-05:00,49.95333480834961,50.55666732788086,49.68333435058594,49.6966667175293,45.96994400024414,24936900,0.0,0.0
2020-11-19 00:00:00-05:00,49.81999969482422,50.81666564941406,49.77333450317383,50.706668853759766,46.904212951660156,18590700,0.0,0.0
2020-11-20 00:00:00-05:00,50.38999938964844,50.91999816894531,49.936668395996094,50.08000183105469,46.32453536987305,21937200,0.0,0.0
2020-11-23 00:00:00-05:00,50.12333297729492,50.46666717529297,49.790000915527344,50.310001373291016,46.53727722167969,18557100,0.0,0.0
2020-11-24 00:00:00-05:00,50.58000183105469,50.65999984741211,50.09000015258789,50.45333480834961,46.66986083984375,17155200,0.0,0.0
2020-11-25 00:00:00-05:00,50.41666793823242,50.79666519165039,50.4033317565918,50.61000061035156,46.81477737426758,13833300,0.0,0.0
2020-11-27 00:00:00-05:00,50.71666717529297,50.90666580200195,50.366668701171875,50.53333282470703,46.743865966796875,10999500,0.0,0.0
2020-11-30 00:00:00-05:00,50.53333282470703,50.983333587646484,50.03333282470703,50.93000030517578,47.11079406738281,32695500,0.0,0.0
2020-12-01 00:00:00-05:00,51.20000076293945,51.220001220703125,50.5533332824707,50.880001068115234,47.064544677734375,22935300,0.0,0.0
2020-12-02 00:00:00-05:00,50.66666793823242,50.87333297729492,49.84333419799805,50.17333221435547,46.41086959838867,23547000,0.0,0.0
2020-12-03 00:00:00-05:00,50.09333419799805,50.09333419799805,49.46333312988281,49.766666412353516,46.03469467163086,25725900,0.0,0.0
2020-12-04 00:00:00-05:00,49.836666107177734,49.836666107177734,49.19333267211914,49.63666534423828,45.9144401550293,20889300,0.0,0.0
2020-12-07 00:00:00-05:00,49.48666763305664,49.663333892822266,49.0533332824707,49.369998931884766,45.66777420043945,18479100,0.0,0.0
2020-12-08 00:00:00-05:00,49.119998931884766,49.95000076293945,49.060001373291016,49.81666564941406,46.08094787597656,20716500,0.0,0.0
2020-12-09 00:00:00-05:00,50.0,50.0,49.29666519165039,49.42333221435547,45.71711349487305,20139600,0.0,0.0
2020-12-10 00:00:00-05:00,49.25,49.383331298828125,48.856666564941406,49.01333236694336,45.503570556640625,20652300,0.18,0.0
2020-12-11 00:00:00-05:00,48.973331451416016,49.16999816894531,48.64666748046875,49.0,45.491188049316406,16860900,0.0,0.0
2020-12-14 00:00:00-05:00,49.233333587646484,49.2400016784668,48.46666717529297,48.54999923706055,45.07341384887695,25088100,0.0,0.0
2020-12-15 00:00:00-05:00,48.50666809082031,48.78666687011719,48.28666687011719,48.526668548583984,45.0517578125,31871400,0.0,0.0
2020-12-16 00:00:00-05:00,48.746665954589844,48.96333312988281,48.36000061035156,48.47666549682617,45.005332946777344,25650900,0.0,0.0
2020-12-17 00:00:00-05:00,48.686668395996094,48.813331604003906,48.383331298828125,48.70000076293945,45.212677001953125,30679500,0.0,0.0
2020-12-18 00:00:00-05:00,48.87333297729492,49.060001373291016,48.38666534423828,48.650001525878906,45.166263580322266,41384100,0.0,0.0
2020-12-21 00:00:00-05:00,48.5,48.88999938964844,48.35333251953125,48.65666580200195,45.172454833984375,25553100,0.0,0.0
2020-12-22 00:00:00-05:00,48.383331298828125,48.74333190917969,47.71333312988281,48.06666564941406,44.624698638916016,37599000,0.0,0.0
2020-12-23 00:00:00-05:00,47.8466682434082,48.073333740234375,47.43333435058594,47.7400016784668,44.321434020996094,20430600,0.0,0.0
2020-12-24 00:00:00-05:00,47.8466682434082,48.130001068115234,47.72666549682617,47.83333206176758,44.4080810546875,9054600,0.0,0.0
2020-12-28 00:00:00-05:00,48.01333236694336,48.43333435058594,47.776668548583984,48.40666580200195,44.94035339355469,19344900,0.0,0.0
2020-12-29 00:00:00-05:00,48.54666519165039,48.616668701171875,47.86333465576172,48.099998474121094,44.655643463134766,17938200,0.0,0.0
2020-12-30 00:00:00-05:00,48.293331146240234,48.383331298828125,47.97999954223633,48.060001373291016,44.61851501464844,18751200,0.0,0.0
2020-12-31 00:00:00-05:00,48.06666564941406,48.09000015258789,47.616668701171875,48.04999923706055,44.609214782714844,17814000,0.0,0.0
2021-01-04 00:00:00-05:00,48.099998474121094,48.96333312988281,48.09333419799805,48.84333419799805,45.34574508666992,32182200,0.0,0.0
2021-01-05 00:00:00-05:00,48.866668701171875,49.02333450317383,48.163333892822266,48.58333206176758,45.104366302490234,26498100,0.0,0.0
2021-01-06 00:00:00-05:00,48.36333465576172,49.366668701171875,48.336666107177734,48.88666534423828,45.38597869873047,21918900,0.0,0.0
2021-01-07 00:00:00-05:00,49.206668853759766,49.253334045410156,48.68000030517578,48.883331298828125,45.38288116455078,20538000,0.0,0.0
2021-01-08 00:00:00-05:00,48.959999084472656,49.0,48.60333251953125,48.87666702270508,45.37669372558594,24478200,0.0,0.0
2021-01-11 00:00:00-05:00,48.66666793823242,49.33000183105469,48.66666793823242,49.0966682434082,45.580936431884766,26264400,0.0,0.0
2021-01-12 00:00:00-05:00,49.66666793823242,49.97666549682617,49.439998626708984,49.65666580200195,46.10083770751953,23373300,0.0,0.0
2021-01-13 00:00:00-05:00,49.58333206176758,49.689998626708984,49.143333435058594,49.150001525878906,45.630455017089844,16069500,0.0,0.0
2021-01-14 00:00:00-05:00,49.27333450317383,49.33333206176758,48.68000030517578,48.9900016784668,45.48191452026367,23017200,0.0,0.0
2021-01-15 00:00:00-05:00,48.380001068115234,48.633331298828125,47.88999938964844,48.21333312988281,44.760860443115234,35920500,0.0,0.0
2021-01-19 00:00:00-05:00,48.21333312988281,48.356666564941406,47.55666732788086,47.79666519165039,44.3740348815918,24123600,0.0,0.0
2021-01-20 00:00:00-05:00,47.86333465576172,48.5533332824707,47.630001068115234,48.503334045410156,45.03009796142578,23775600,0.0,0.0
2021-01-21 00:00:00-05:00,48.45333480834961,48.57666778564453,48.06999969482422,48.28333282470703,44.82584762573242,14325900,0.0,0.0
2021-01-22 00:00:00-05:00,48.53333282470703,49.11333465576172,48.37333297729492,48.776668548583984,45.28386306762695,19219500,0.0,0.0
2021-01-25 00:00:00-05:00,48.45333480834961,48.75,48.09000015258789,48.733333587646484,45.24362564086914,19031100,0.0,0.0
2021-01-26 00:00:00-05:00,48.543331146240234,49.27000045776367,48.4900016784668,49.16999816894531,45.649024963378906,15031500,0.0,0.0
2021-01-27 00:00:00-05:00,48.98666763305664,49.28666687011719,47.849998474121094,47.9466667175293,44.5132942199707,29910300,0.0,0.0
2021-01-28 00:00:00-05:00,48.1533317565918,48.753334045410156,47.87666702270508,47.91666793823242,44.48544692993164,22301700,0.0,0.0
2021-01-29 00:00:00-05:00,47.72666549682617,47.91666793823242,46.78333282470703,46.83000183105469,43.476593017578125,32509200,0.0,0.0
2021-02-01 00:00:00-05:00,46.970001220703125,47.163333892822266,46.39666748046875,46.42333221435547,43.099037170410156,25945200,0.0,0.0
2021-02-02 00:00:00-05:00,46.586666107177734,47.383331298828125,46.47999954223633,46.92333221435547,43.563236236572266,27002400,0.0,0.0
2021-02-03 00:00:00-05:00,46.88666534423828,47.349998474121094,46.87666702270508,47.06666564941406,43.69630813598633,14966700,0.0,0.0
2021-02-04 00:00:00-05:00,47.26333236694336,47.72666549682617,47.086666107177734,47.5099983215332,44.107887268066406,17346300,0.0,0.0
2021-02-05 00:00:00-05:00,47.81999969482422,48.28333282470703,47.5099983215332,48.119998931884766,44.674217224121094,20451600,0.0,0.0
2021-02-08 00:00:00-05:00,48.27000045776367,48.526668548583984,48.1533317565918,48.34333419799805,44.88155746459961,15825300,0.0,0.0
2021-02-09 00:00:00-05:00,48.19333267211914,48.77333450317383,48.19333267211914,48.61000061035156,45.12913131713867,15906900,0.0,0.0
2021-02-10 00:00:00-05:00,48.61000061035156,48.633331298828125,47.8466682434082,48.043331146240234,44.60303497314453,18576900,0.0,0.0
2021-02-11 00:00:00-05:00,48.04666519165039,48.31666564941406,47.9033317565918,48.00666809082031,44.56899642944336,12791400,0.0,0.0
2021-02-12 00:00:00-05:00,48.0533332824707,48.20333480834961,47.88999938964844,48.15666580200195,44.708251953125,13423500,0.0,0.0
2021-02-16 00:00:00-05:00,48.64666748046875,48.79666519165039,48.310001373291016,48.5533332824707,45.07651138305664,27891000,0.0,0.0
2021-02-17 00:00:00-05:00,48.21666717529297,49.16666793823242,48.16666793823242,49.06666564941406,45.5530891418457,25571100,0.0,0.0
2021-02-18 00:00:00-05:00,46.33333206176758,46.900001525878906,45.83333206176758,45.88666534423828,42.60080337524414,96927300,0.0,0.0
2021-02-19 00:00:00-05:00,45.93333435058594,46.473331451416016,45.88999938964844,46.11333465576172,42.811241149902344,36606000,0.0,0.0
2021-02-22 00:00:00-05:00,45.913333892822266,46.11333465576172,45.41666793823242,45.89666748046875,42.6100959777832,32106600,0.0,0.0
2021-02-23 00:00:00-05:00,45.70333480834961,45.79666519165039,45.02000045776367,45.15666580200195,41.92307662963867,31300200,0.0,0.0
2021-02-24 00:00:00-05:00,45.290000915527344,45.38666534423828,44.349998474121094,44.4033317565918,41.223690032958984,46565700,0.0,0.0
2021-02-25 00:00:00-05:00,44.366668701171875,44.66999816894531,43.82666778564453,43.983333587646484,40.83376693725586,33324600,0.0,0.0
2021-02-26 00:00:00-05:00,43.82666778564453,43.936668395996094,43.28666687011719,43.30666732788086,40.2055549621582,42470700,0.0,0.0
2021-03-01 00:00:00-05:00,43.86000061035156,44.189998626708984,43.709999084472656,43.790000915527344,40.65428161621094,34634400,0.0,0.0
2021-03-02 00:00:00-05:00,43.836666107177734,44.25,43.336666107177734,43.369998931884766,40.26435089111328,29230800,0.0,0.0
2021-03-03 00:00:00-05:00,43.16666793823242,43.310001373291016,42.516666412353516,42.529998779296875,39.48450469970703,41837400,0.0,0.0
2021-03-04 00:00:00-05:00,42.619998931884766,43.19333267211914,42.09333419799805,42.5099983215332,39.4659309387207,45348000,0.0,0.0
2021-03-05 00:00:00-05:00,42.276668548583984,43.25,42.25,43.040000915527344,39.957977294921875,34073700,0.0,0.0
2021-03-08 00:00:00-05:00,43.11000061035156,43.279998779296875,42.60333251953125,42.62666702270508,39.57424545288086,40988400,0.0,0.0
2021-03-09 00:00:00-05:00,42.93333435058594,43.293331146240234,42.77333450317383,42.96333312988281,39.886802673339844,31988700,0.0,0.0
2021-03-10 00:00:00-05:00,42.95333480834961,44.349998474121094,42.823333740234375,44.060001373291016,40.904937744140625,44929200,0.0,0.0
2021-03-11 00:00:00-05:00,44.45333480834961,44.496665954589844,43.84333419799805,44.043331146240234,40.88946533203125,35489700,0.0,0.0
2021-03-12 00:00:00-05:00,44.17333221435547,44.84000015258789,44.026668548583984,44.706668853759766,41.50529479980469,28437600,0.0,0.0
2021-03-15 00:00:00-04:00,44.913333892822266,44.91666793823242,44.27333450317383,44.47666549682617,41.29177474975586,25071900,0.0,0.0
2021-03-16 00:00:00-04:00,44.27333450317383,44.7599983215332,44.27333450317383,44.46333312988281,41.279388427734375,19881000,0.0,0.0
2021-03-17 00:00:00-04:00,44.16666793823242,44.380001068115234,43.99333190917969,44.09333419799805,40.93589401245117,24156300,0.0,0.0
2021-03-18 00:00:00-04:00,43.720001220703125,43.983333587646484,43.310001373291016,43.336666107177734,40.40138244628906,29815500,0.183333,0.0
2021-03-19 00:00:00-04:00,43.37666702270508,44.16666793823242,43.29999923706055,43.913333892822266,40.93898010253906,57703500,0.0,0.0
2021-03-22 00:00:00-04:00,43.66666793823242,44.150001525878906,43.663333892822266,44.12333297729492,41.13477325439453,24654000,0.0,0.0
2021-03-23 00:00:00-04:00,43.9033317565918,44.766666412353516,43.87666702270508,44.64666748046875,41.622657775878906,29154900,0.0,0.0
2021-03-24 00:00:00-04:00,44.810001373291016,44.810001373291016,44.349998474121094,44.369998931884766,41.3647346496582,23547300,0.0,0.0
2021-03-25 00:00:00-04:00,44.41999816894531,44.84333419799805,44.290000915527344,44.66999816894531,41.644405364990234,28125900,0.0,0.0
2021-03-26 00:00:00-04:00,44.66666793823242,45.06666564941406,44.473331451416016,45.043331146240234,41.992454528808594,28653600,0.0,0.0
2021-03-29 00:00:00-04:00,45.0,45.66999816894531,44.866668701171875,45.55666732788086,42.47101974487305,30146400,0.0,0.0
2021-03-30 00:00:00-04:00,45.44333267211914,45.86333465576172,45.15666580200195,45.246665954589844,42.18201446533203,27230100,0.0,0.0
2021-03-31 00:00:00-04:00,45.18333435058594,45.619998931884766,44.98666763305664,45.276668548583984,42.20999526977539,24546000,0.0,0.0
2021-04-01 00:00:00-04:00,45.313331604003906,45.630001068115234,45.11000061035156,45.206668853759766,42.144737243652344,25595100,0.0,0.0
2021-04-05 00:00:00-04:00,45.573333740234375,46.720001220703125,45.400001525878906,46.47666549682617,43.32870864868164,40043100,0.0,0.0
2021-04-06 00:00:00-04:00,46.369998931884766,46.983333587646484,46.17333221435547,46.70000076293945,43.53691101074219,31044600,0.0,0.0
2021-04-07 00:00:00-04:00,46.766666412353516,46.91666793823242,46.54999923706055,46.599998474121094,43.443695068359375,20361600,0.0,0.0
2021-04-08 00:00:00-04:00,46.81666564941406,47.040000915527344,46.5533332824707,46.56999969482422,43.41572189331055,19095600,0.0,0.0
2021-04-09 00:00:00-04:00,46.543331146240234,46.6966667175293,46.23666763305664,46.59333419799805,43.437469482421875,20676600,0.0,0.0
2021-04-12 00:00:00-04:00,46.689998626708984,46.793331146240234,46.4466667175293,46.599998474121094,43.443695068359375,18723000,0.0,0.0
2021-04-13 00:00:00-04:00,46.599998474121094,46.66666793823242,46.290000915527344,46.456668853759766,43.310062408447266,17397900,0.0,0.0
2021-04-14 00:00:00-04:00,46.37333297729492,46.48666763305664,46.13999938964844,46.439998626708984,43.29452896118164,21924600,0.0,0.0
2021-04-15 00:00:00-04:00,46.46666717529297,46.823333740234375,46.400001525878906,46.720001220703125,43.555564880371094,21710400,0.0,0.0
2021-04-16 00:00:00-04:00,46.96333312988281,46.98666763305664,46.56999969482422,46.869998931884766,43.69539260864258,26488500,0.0,0.0
2021-04-19 00:00:00-04:00,46.76333236694336,46.856666564941406,46.53666687011719,46.56999969482422,43.41572189331055,19281000,0.0,0.0
2021-04-20 00:00:00-04:00,46.473331451416016,47.25666809082031,46.27333450317383,46.93000030517578,43.751338958740234,24452100,0.0,0.0
2021-04-21 00:00:00-04:00,46.92333221435547,47.233333587646484,46.84333419799805,47.06666564941406,43.87873840332031,17335200,0.0,0.0
2021-04-22 00:00:00-04:00,47.026668548583984,47.150001525878906,46.473331451416016,46.55666732788086,43.40328598022461,19705200,0.0,0.0
2021-04-23 00:00:00-04:00,46.366668701171875,46.779998779296875,46.34333419799805,46.633331298828125,43.47476577758789,22971000,0.0,0.0
2021-04-26 00:00:00-04:00,46.63666534423828,46.66666793823242,45.880001068115234,45.970001220703125,42.85635757446289,22846200,0.0,0.0
2021-04-27 00:00:00-04:00,46.0,46.31666564941406,45.849998474121094,46.12666702270508,43.00240707397461,16151400,0.0,0.0
2021-04-28 00:00:00-04:00,46.116668701171875,46.1966667175293,45.956668853759766,45.96333312988281,42.85014343261719,14286600,0.0,0.0
2021-04-29 00:00:00-04:00,45.96666717529297,46.66666793823242,45.96666717529297,46.543331146240234,43.39085006713867,19596000,0.0,0.0
2021-04-30 00:00:00-04:00,46.56999969482422,46.663333892822266,46.369998931884766,46.63666534423828,43.47786331176758,19680000,0.0,0.0
2021-05-03 00:00:00-04:00,46.560001373291016,47.58000183105469,46.560001373291016,47.37333297729492,44.16464614868164,27139500,0.0,0.0
2021-05-04 00:00:00-04:00,47.18000030517578,47.34333419799805,46.70000076293945,46.90666580200195,43.72958755493164,19084200,0.0,0.0
2021-05-05 00:00:00-04:00,46.9033317565918,47.06666564941406,46.75,46.866668701171875,43.69229507446289,18351000,0.0,0.0
2021-05-06 00:00:00-04:00,46.66666793823242,47.119998931884766,46.483333587646484,47.016666412353516,44.0042724609375,16302000,0.183333,0.0
2021-05-07 00:00:00-04:00,47.209999084472656,47.2400016784668,46.439998626708984,46.733333587646484,43.73908615112305,23408400,0.0,0.0
2021-05-10 00:00:00-04:00,46.81666564941406,47.36000061035156,46.77000045776367,46.939998626708984,43.93251419067383,26307600,0.0,0.0
2021-05-11 00:00:00-04:00,46.956668853759766,46.956668853759766,46.106666564941406,46.516666412353516,43.536312103271484,26464200,0.0,0.0
2021-05-12 00:00:00-04:00,46.290000915527344,46.32666778564453,45.3033332824707,45.313331604003906,42.41007614135742,25998300,0.0,0.0
2021-05-13 00:00:00-04:00,45.40999984741211,46.32666778564453,45.253334045410156,46.08000183105469,43.12761306762695,21475200,0.0,0.0
2021-05-14 00:00:00-04:00,46.27000045776367,46.746665954589844,46.143333435058594,46.50666809082031,43.52695083618164,16091700,0.0,0.0
2021-05-17 00:00:00-04:00,46.66666793823242,46.79999923706055,46.25666809082031,46.29666519165039,43.33039855957031,19675800,0.0,0.0
2021-05-18 00:00:00-04:00,47.836666107177734,48.19333267211914,47.06999969482422,47.3033332824707,44.272560119628906,58183800,0.0,0.0
2021-05-19 00:00:00-04:00,46.9033317565918,47.90666580200195,46.83333206176758,47.30666732788086,44.27568435668945,34874700,0.0,0.0
2021-05-20 00:00:00-04:00,47.16666793823242,47.62333297729492,46.900001525878906,47.473331451416016,44.43167495727539,30540900,0.0,0.0
2021-05-21 00:00:00-04:00,47.50666809082031,47.69333267211914,47.20000076293945,47.25,44.222652435302734,22927500,0.0,0.0
2021-05-24 00:00:00-04:00,47.253334045410156,47.473331451416016,47.119998931884766,47.253334045410156,44.22578048706055,18945900,0.0,0.0
2021-05-25 00:00:00-04:00,47.266666412353516,47.54666519165039,47.02333450317383,47.4466667175293,44.406715393066406,21505200,0.0,0.0
2021-05-26 00:00:00-04:00,47.46333312988281,47.62666702270508,47.253334045410156,47.38999938964844,44.353694915771484,19294200,0.0,0.0
2021-05-27 00:00:00-04:00,47.78333282470703,47.893333435058594,47.22999954223633,47.22999954223633,44.20393371582031,56577000,0.0,0.0
2021-05-28 00:00:00-04:00,47.310001373291016,47.483333587646484,47.21333312988281,47.34333419799805,44.31000518798828,21186300,0.0,0.0
2021-06-01 00:00:00-04:00,47.4033317565918,47.599998474121094,47.09000015258789,47.220001220703125,44.19457244873047,20767500,0.0,0.0
2021-06-02 00:00:00-04:00,47.130001068115234,47.23666763305664,46.6966667175293,47.116668701171875,44.097862243652344,23298000,0.0,0.0
2021-06-03 00:00:00-04:00,47.130001068115234,47.28333282470703,46.91666793823242,47.20000076293945,44.17585372924805,18374400,0.0,0.0
2021-06-04 00:00:00-04:00,47.1533317565918,47.43000030517578,47.08333206176758,47.28333282470703,44.25385665893555,13635900,0.0,0.0
2021-06-07 00:00:00-04:00,47.28333282470703,47.323333740234375,46.79666519165039,46.96666717529297,43.95746994018555,16630800,0.0,0.0
2021-06-08 00:00:00-04:00,46.836666107177734,46.96666717529297,46.60333251953125,46.61000061035156,43.6236572265625,20120700,0.0,0.0
2021-06-09 00:00:00-04:00,46.4466667175293,46.66999816894531,46.34333419799805,46.36000061035156,43.389671325683594,17085300,0.0,0.0
2021-06-10 00:00:00-04:00,46.36000061035156,46.72999954223633,46.36000061035156,46.62666702270508,43.639259338378906,16378500,0.0,0.0
2021-06-11 00:00:00-04:00,46.74333190917969,46.95000076293945,46.619998931884766,46.91666793823242,43.910675048828125,25232400,0.0,0.0
2021-06-14 00:00:00-04:00,46.97666549682617,46.97666549682617,46.676666259765625,46.85333251953125,43.85139465332031,15140700,0.0,0.0
2021-06-15 00:00:00-04:00,46.9466667175293,46.970001220703125,46.5533332824707,46.66666793823242,43.676692962646484,19327200,0.0,0.0
2021-06-16 00:00:00-04:00,46.616668701171875,46.68000030517578,45.65666580200195,45.71666717529297,42.787559509277344,28794900,0.0,0.0
2021-06-17 00:00:00-04:00,45.66666793823242,46.116668701171875,45.56999969482422,45.90666580200195,42.96538543701172,19341900,0.0,0.0
2021-06-18 00:00:00-04:00,45.14666748046875,45.46333312988281,44.79999923706055,45.05666732788086,42.16984176635742,44812800,0.0,0.0
2021-06-21 00:00:00-04:00,45.220001220703125,45.58333206176758,45.116668701171875,45.46666717529297,42.55356979370117,20775000,0.0,0.0
2021-06-22 00:00:00-04:00,45.40999984741211,45.90666580200195,45.40999984741211,45.676666259765625,42.7501220703125,19107000,0.0,0.0
2021-06-23 00:00:00-04:00,45.5,45.663333892822266,45.310001373291016,45.31999969482422,42.41631317138672,19390500,0.0,0.0
2021-06-24 00:00:00-04:00,45.38999938964844,45.746665954589844,45.366668701171875,45.63666534423828,42.71268081665039,23444100,0.0,0.0
2021-06-25 00:00:00-04:00,45.709999084472656,46.28666687011719,45.63999938964844,46.176666259765625,43.21809387207031,28640700,0.0,0.0
2021-06-28 00:00:00-04:00,46.01333236694336,46.21333312988281,45.53333282470703,46.03333282470703,43.08394241333008,15549000,0.0,0.0
2021-06-29 00:00:00-04:00,45.96666717529297,46.15666580200195,45.74333190917969,45.766666412353516,42.83435821533203,35962500,0.0,0.0
2021-06-30 00:00:00-04:00,46.52000045776367,47.526668548583984,46.22999954223633,47.00666809082031,43.99491500854492,45511200,0.0,0.0
2021-07-01 00:00:00-04:00,46.8033332824707,47.08333206176758,46.336666107177734,46.439998626708984,43.46455383300781,26348700,0.0,0.0
2021-07-02 00:00:00-04:00,46.45000076293945,47.026668548583984,46.45000076293945,46.70333480834961,43.71100997924805,26280600,0.0,0.0
2021-07-06 00:00:00-04:00,46.633331298828125,46.91666793823242,46.503334045410156,46.64666748046875,43.65797424316406,18279300,0.0,0.0
2021-07-07 00:00:00-04:00,46.586666107177734,47.063331604003906,46.45333480834961,46.56999969482422,43.586219787597656,25607400,0.0,0.0
2021-07-08 00:00:00-04:00,46.11333465576172,46.883331298828125,46.073333740234375,46.529998779296875,43.54877853393555,21267000,0.0,0.0
2021-07-09 00:00:00-04:00,46.8033332824707,46.9466667175293,46.643333435058594,46.766666412353516,43.77028274536133,15185400,0.0,0.0
2021-07-12 00:00:00-04:00,46.89666748046875,46.93000030517578,46.44333267211914,46.68333435058594,43.69229507446289,19515000,0.0,0.0
2021-07-13 00:00:00-04:00,46.663333892822266,47.060001373291016,46.64666748046875,46.86000061035156,43.857635498046875,18947700,0.0,0.0
2021-07-14 00:00:00-04:00,46.9033317565918,47.266666412353516,46.61000061035156,47.18333435058594,44.160255432128906,18812100,0.0,0.0
2021-07-15 00:00:00-04:00,47.33333206176758,47.54666519165039,47.029998779296875,47.220001220703125,44.19457244873047,17974800,0.0,0.0
2021-07-16 00:00:00-04:00,47.233333587646484,47.37666702270508,46.983333587646484,47.186668395996094,44.16337966918945,18095400,0.0,0.0
2021-07-19 00:00:00-04:00,47.13666534423828,47.65999984741211,46.59000015258789,47.07666778564453,44.06041717529297,27383100,0.0,0.0
2021-07-20 00:00:00-04:00,46.9900016784668,47.4900016784668,46.926666259765625,47.290000915527344,44.260093688964844,19020300,0.0,0.0
2021-07-21 00:00:00-04:00,47.5,47.51333236694336,46.9033317565918,47.05666732788086,44.04170608520508,18591900,0.0,0.0
2021-07-22 00:00:00-04:00,47.043331146240234,47.37333297729492,46.93333435058594,47.09000015258789,44.072898864746094,13013400,0.0,0.0
2021-07-23 00:00:00-04:00,47.17333221435547,47.573333740234375,47.003334045410156,47.47666549682617,44.43479919433594,15947400,0.0,0.0
2021-07-26 00:00:00-04:00,47.45333480834961,47.95333480834961,47.1533317565918,47.543331146240234,44.4971923828125,18517200,0.0,0.0
2021-07-27 00:00:00-04:00,47.66666793823242,47.66666793823242,47.31999969482422,47.54666519165039,44.50031661987305,15395700,0.0,0.0
2021-07-28 00:00:00-04:00,47.49333190917969,47.75,47.220001220703125,47.35333251953125,44.319366455078125,14071500,0.0,0.0
2021-07-29 00:00:00-04:00,47.54666519165039,47.616668701171875,47.34000015258789,47.413333892822266,44.375518798828125,11063100,0.0,0.0
2021-07-30 00:00:00-04:00,47.06666564941406,47.6533317565918,47.06666564941406,47.516666412353516,44.47224044799805,16332300,0.0,0.0
2021-08-02 00:00:00-04:00,47.61000061035156,47.62333297729492,47.223331451416016,47.40666580200195,44.369285583496094,19958400,0.0,0.0
2021-08-03 00:00:00-04:00,47.47999954223633,47.96666717529297,47.45333480834961,47.939998626708984,44.868438720703125,18915300,0.0,0.0
2021-08-04 00:00:00-04:00,47.793331146240234,47.97999954223633,47.58000183105469,47.61333465576172,44.562713623046875,15301500,0.0,0.0
2021-08-05 00:00:00-04:00,48.07666778564453,48.51333236694336,47.996665954589844,48.496665954589844,45.38945007324219,27005400,0.0,0.0
2021-08-06 00:00:00-04:00,48.73666763305664,48.823333740234375,48.31666564941406,48.40999984741211,45.30833435058594,19263600,0.0,0.0
2021-08-09 00:00:00-04:00,48.63666534423828,48.82666778564453,48.46666717529297,48.526668548583984,45.41752624511719,15811800,0.0,0.0
2021-08-10 00:00:00-04:00,48.9900016784668,49.650001525878906,48.75,49.560001373291016,46.384647369384766,38262000,0.0,0.0
2021-08-11 00:00:00-04:00,49.836666107177734,50.526668548583984,49.720001220703125,50.003334045410156,46.79958724975586,41455800,0.0,0.0
2021-08-12 00:00:00-04:00,49.66666793823242,50.06999969482422,49.60333251953125,49.686668395996094,46.67433547973633,18269100,0.183333,0.0
2021-08-13 00:00:00-04:00,49.793331146240234,50.119998931884766,49.720001220703125,49.84333419799805,46.821502685546875,15981300,0.0,0.0
2021-08-16 00:00:00-04:00,49.893333435058594,50.57666778564453,49.68000030517578,50.25,47.20351028442383,47791500,0.0,0.0
2021-08-17 00:00:00-04:00,50.133331298828125,50.83333206176758,49.70000076293945,50.233333587646484,47.1878547668457,50950200,0.0,0.0
2021-08-18 00:00:00-04:00,50.18333435058594,50.856666564941406,49.67333221435547,49.70000076293945,46.68685531616211,28211700,0.0,0.0
2021-08-19 00:00:00-04:00,49.44333267211914,50.220001220703125,49.33333206176758,50.03666687011719,47.00311279296875,22630500,0.0,0.0
2021-08-20 00:00:00-04:00,50.15999984741211,50.573333740234375,49.91666793823242,50.483333587646484,47.422698974609375,19400400,0.0,0.0
2021-08-23 00:00:00-04:00,50.5099983215332,50.5966682434082,50.13666534423828,50.150001525878906,47.10956954956055,16166100,0.0,0.0
2021-08-24 00:00:00-04:00,50.16666793823242,50.16666793823242,49.56666564941406,49.633331298828125,46.62422561645508,18828900,0.0,0.0
2021-08-25 00:00:00-04:00,49.470001220703125,49.7599983215332,49.34333419799805,49.6533317565918,46.64301681518555,21921300,0.0,0.0
2021-08-26 00:00:00-04:00,49.15666580200195,49.42333221435547,48.88999938964844,49.116668701171875,46.13888931274414,23466900,0.0,0.0
2021-08-27 00:00:00-04:00,49.16999816894531,49.22999954223633,48.72666549682617,48.84000015258789,45.87899398803711,23088600,0.0,0.0
2021-08-30 00:00:00-04:00,48.80666732788086,49.33333206176758,48.67333221435547,49.233333587646484,46.24848175048828,16440600,0.0,0.0
2021-08-31 00:00:00-04:00,49.33000183105469,49.47999954223633,49.08000183105469,49.366668701171875,46.37373352050781,25078500,0.0,0.0
2021-09-01 00:00:00-04:00,49.186668395996094,49.310001373291016,48.856666564941406,49.2599983215332,46.273529052734375,19056600,0.0,0.0
2021-09-02 00:00:00-04:00,49.37333297729492,49.5966682434082,49.22999954223633,49.52000045776367,46.517765045166016,20018100,0.0,0.0
2021-09-03 00:00:00-04:00,49.400001525878906,49.883331298828125,49.29999923706055,49.75,46.73382568359375,17211900,0.0,0.0
2021-09-07 00:00:00-04:00,49.65666580200195,49.723331451416016,49.02000045776367,49.09000015258789,46.11383056640625,25345200,0.0,0.0
2021-09-08 00:00:00-04:00,48.983333587646484,49.439998626708984,48.90999984741211,49.1533317565918,46.17332458496094,19508400,0.0,0.0
2021-09-09 00:00:00-04:00,49.1533317565918,49.20333480834961,48.61333465576172,48.80666732788086,45.847686767578125,22328700,0.0,0.0
2021-09-10 00:00:00-04:00,49.06666564941406,49.08000183105469,48.47666549682617,48.630001068115234,45.68172836303711,15775200,0.0,0.0
2021-09-13 00:00:00-04:00,48.84000015258789,49.04999923706055,48.21333312988281,48.35333251953125,45.42182922363281,19529400,0.0,0.0
2021-09-14 00:00:00-04:00,48.49333190917969,48.62666702270508,47.973331451416016,48.099998474121094,45.18385314941406,16533900,0.0,0.0
2021-09-15 00:00:00-04:00,48.02333450317383,48.25,47.93000030517578,48.18333435058594,45.26214599609375,14850000,0.0,0.0
2021-09-16 00:00:00-04:00,48.14666748046875,48.436668395996094,47.89666748046875,48.34333419799805,45.412445068359375,18428400,0.0,0.0
2021-09-17 00:00:00-04:00,48.04666519165039,48.720001220703125,48.00666809082031,48.24333190917969,45.318504333496094,73032600,0.0,0.0
2021-09-20 00:00:00-04:00,47.83333206176758,48.39666748046875,47.206668853759766,47.58000183105469,44.69538879394531,25054500,0.0,0.0
2021-09-21 00:00:00-04:00,47.56666564941406,48.19333267211914,47.55666732788086,47.67333221435547,44.78306579589844,17437500,0.0,0.0
2021-09-22 00:00:00-04:00,47.823333740234375,47.866668701171875,47.43000030517578,47.563331604003906,44.67973709106445,15044400,0.0,0.0
2021-09-23 00:00:00-04:00,47.7400016784668,47.87666702270508,47.483333587646484,47.59000015258789,44.70478057861328,15585300,0.0,0.0
2021-09-24 00:00:00-04:00,47.5,47.89666748046875,47.496665954589844,47.723331451416016,44.83001708984375,13360500,0.0,0.0
2021-09-27 00:00:00-04:00,47.62333297729492,47.849998474121094,47.279998779296875,47.41666793823242,44.541954040527344,21250800,0.0,0.0
2021-09-28 00:00:00-04:00,47.293331146240234,47.356666564941406,46.663333892822266,46.83333206176758,43.99398422241211,20580900,0.0,0.0
2021-09-29 00:00:00-04:00,46.883331298828125,47.276668548583984,46.77333450317383,46.813331604003906,43.97520065307617,21375600,0.0,0.0
2021-09-30 00:00:00-04:00,46.880001068115234,47.24333190917969,46.41666793823242,46.459999084472656,43.64327621459961,22457700,0.0,0.0
2021-10-01 00:00:00-04:00,46.41999816894531,46.543331146240234,45.30666732788086,45.68333435058594,42.91370391845703,30014400,0.0,0.0
2021-10-04 00:00:00-04:00,45.6966667175293,46.07666778564453,44.9033317565918,45.24333190917969,42.5003776550293,29970300,0.0,0.0
2021-10-05 00:00:00-04:00,45.31666564941406,45.9033317565918,45.29999923706055,45.540000915527344,42.7790641784668,20597400,0.0,0.0
2021-10-06 00:00:00-04:00,45.413333892822266,45.93000030517578,45.37666702270508,45.87333297729492,43.09218215942383,19376700,0.0,0.0
2021-10-07 00:00:00-04:00,46.2599983215332,46.900001525878906,46.253334045410156,46.413333892822266,43.59944534301758,21068100,0.0,0.0
2021-10-08 00:00:00-04:00,46.5533332824707,46.6966667175293,46.336666107177734,46.5533332824707,43.73095703125,13847400,0.0,0.0
2021-10-11 00:00:00-04:00,46.50666809082031,46.926666259765625,46.47999954223633,46.5099983215332,43.69023895263672,13048200,0.0,0.0
2021-10-12 00:00:00-04:00,46.4466667175293,46.8033332824707,46.356666564941406,46.459999084472656,43.64327621459961,15789300,0.0,0.0
2021-10-13 00:00:00-04:00,46.5,46.66999816894531,46.043331146240234,46.12333297729492,43.327022552490234,17937900,0.0,0.0
2021-10-14 00:00:00-04:00,46.16666793823242,46.689998626708984,46.16666793823242,46.62333297729492,43.796714782714844,19783500,0.0,0.0
2021-10-15 00:00:00-04:00,46.87333297729492,47.03333282470703,46.6533317565918,46.849998474121094,44.009639739990234,20737200,0.0,0.0
2021-10-18 00:00:00-04:00,46.66666793823242,47.336666107177734,46.61000061035156,47.22666549682617,44.363468170166016,19887000,0.0,0.0
2021-10-19 00:00:00-04:00,48.209999084472656,48.53666687011719,47.88666534423828,48.22999954223633,45.30598068237305,33444300,0.0,0.0
2021-10-20 00:00:00-04:00,48.29666519165039,48.83000183105469,48.29666519165039,48.66666793823242,45.71616744995117,17453700,0.0,0.0
2021-10-21 00:00:00-04:00,48.86000061035156,48.973331451416016,48.60333251953125,48.936668395996094,45.96980285644531,13954500,0.0,0.0
2021-10-22 00:00:00-04:00,49.03333282470703,49.89666748046875,49.03333282470703,49.4466667175293,46.44887924194336,21195600,0.0,0.0
2021-10-25 00:00:00-04:00,49.59333419799805,50.17333221435547,49.336666107177734,50.02000045776367,46.98744583129883,19287900,0.0,0.0
2021-10-26 00:00:00-04:00,50.0,50.18333435058594,49.48666763305664,49.58333206176758,46.5772590637207,17418600,0.0,0.0
2021-10-27 00:00:00-04:00,49.6533317565918,49.67333221435547,49.130001068115234,49.176666259765625,46.195247650146484,14565600,0.0,0.0
2021-10-28 00:00:00-04:00,49.4466667175293,49.65999984741211,49.23666763305664,49.483333587646484,46.48331832885742,12598500,0.0,0.0
2021-10-29 00:00:00-04:00,49.3033332824707,50.03333282470703,49.186668395996094,49.80666732788086,46.78705596923828,22022700,0.0,0.0
2021-11-01 00:00:00-04:00,49.99333190917969,50.25,49.78333282470703,49.93000030517578,46.90290451049805,12549600,0.0,0.0
2021-11-02 00:00:00-04:00,49.9900016784668,50.060001373291016,49.7599983215332,49.90666580200195,46.8809928894043,13638900,0.0,0.0
2021-11-03 00:00:00-04:00,49.866668701171875,50.0966682434082,49.676666259765625,50.060001373291016,47.02503204345703,14209500,0.0,0.0
2021-11-04 00:00:00-04:00,50.060001373291016,50.616668701171875,49.94333267211914,50.426666259765625,47.36945724487305,15149100,0.0,0.0
2021-11-05 00:00:00-04:00,50.66666793823242,50.66666793823242,49.87333297729492,50.07666778564453,47.04068374633789,15081900,0.0,0.0
2021-11-08 00:00:00-05:00,50.073333740234375,50.16999816894531,49.57666778564453,49.75666809082031,46.74008560180664,15373200,0.0,0.0
2021-11-09 00:00:00-05:00,49.84000015258789,49.956668853759766,49.62333297729492,49.93000030517578,46.90290451049805,15001800,0.0,0.0
2021-11-10 00:00:00-05:00,49.57666778564453,49.87333297729492,49.32666778564453,49.47999954223633,46.480186462402344,16803600,0.0,0.0
2021-11-11 00:00:00-05:00,49.59000015258789,49.663333892822266,49.39666748046875,49.5,46.49897766113281,13603200,0.0,0.0
2021-11-12 00:00:00-05:00,49.66666793823242,49.746665954589844,49.18000030517578,49.253334045410156,46.26726150512695,18313800,0.0,0.0
2021-11-15 00:00:00-05:00,49.383331298828125,49.483333587646484,48.79999923706055,48.970001220703125,46.00111389160156,28896000,0.0,0.0
2021-11-16 00:00:00-05:00,48.366668701171875,48.893333435058594,47.43333435058594,47.723331451416016,44.83001708984375,73986600,0.0,0.0
2021-11-17 00:00:00-05:00,47.720001220703125,48.2400016784668,47.27333450317383,47.313331604003906,44.44488525390625,33116100,0.0,0.0
2021-11-18 00:00:00-05:00,47.380001068115234,47.76333236694336,46.95333480834961,47.720001220703125,44.826900482177734,24394200,0.0,0.0
2021-11-19 00:00:00-05:00,47.87333297729492,48.0,47.313331604003906,47.46333312988281,44.585792541503906,28119300,0.0,0.0
2021-11-22 00:00:00-05:00,47.5533332824707,48.45333480834961,47.33333206176758,48.2599983215332,45.33415222167969,29126400,0.0,0.0
2021-11-23 00:00:00-05:00,48.08333206176758,48.65999984741211,47.75,48.60333251953125,45.65666961669922,29907900,0.0,0.0
2021-11-24 00:00:00-05:00,48.57666778564453,49.02000045776367,48.54666519165039,48.8466682434082,45.885257720947266,18089400,0.0,0.0
2021-11-26 00:00:00-05:00,48.813331604003906,49.293331146240234,48.13999938964844,48.29999923706055,45.37173080444336,21039600,0.0,0.0
2021-11-29 00:00:00-05:00,48.33333206176758,48.41666793823242,47.40999984741211,47.543331146240234,44.66093444824219,33039600,0.0,0.0
2021-11-30 00:00:00-05:00,47.15999984741211,47.5,46.66999816894531,46.87666702270508,44.03468704223633,64818900,0.0,0.0
2021-12-01 00:00:00-05:00,46.836666107177734,46.90666580200195,45.68000030517578,45.71333312988281,42.94189453125,36621300,0.0,0.0
2021-12-02 00:00:00-05:00,45.87666702270508,46.14666748046875,45.08000183105469,45.15666580200195,42.41896438598633,39805800,0.0,0.0
2021-12-03 00:00:00-05:00,45.28666687011719,45.959999084472656,45.0966682434082,45.836666107177734,43.057743072509766,44142600,0.0,0.0
2021-12-06 00:00:00-05:00,45.85333251953125,46.45333480834961,45.70000076293945,46.33333206176758,43.524295806884766,32589300,0.0,0.0
2021-12-07 00:00:00-05:00,46.53333282470703,46.61000061035156,46.029998779296875,46.18333435058594,43.383384704589844,37739100,0.0,0.0
2021-12-08 00:00:00-05:00,46.02000045776367,46.16666793823242,45.336666107177734,45.71666717529297,42.945011138916016,34496400,0.0,0.0
2021-12-09 00:00:00-05:00,45.543331146240234,46.189998626708984,45.23666763305664,46.16666793823242,43.5423469543457,32351700,0.183333,0.0
2021-12-10 00:00:00-05:00,46.11333465576172,47.099998474121094,45.856666564941406,47.0099983215332,44.337738037109375,38575500,0.0,0.0
2021-12-13 00:00:00-05:00,46.746665954589844,47.91666793823242,46.66999816894531,47.856666564941406,45.13628387451172,54039300,0.0,0.0
2021-12-14 00:00:00-05:00,47.766666412353516,48.426666259765625,47.383331298828125,48.313331604003906,45.566986083984375,46721400,0.0,0.0
2021-12-15 00:00:00-05:00,48.4033317565918,48.823333740234375,47.79999923706055,48.59000015258789,45.82792282104492,33489900,0.0,0.0
2021-12-16 00:00:00-05:00,48.59000015258789,48.84333419799805,47.630001068115234,47.779998779296875,45.063968658447266,39069600,0.0,0.0
2021-12-17 00:00:00-05:00,47.58333206176758,47.983333587646484,46.130001068115234,46.25,43.62093734741211,78581100,0.0,0.0
2021-12-20 00:00:00-05:00,46.040000915527344,46.58333206176758,45.866668701171875,46.400001525878906,43.76241683959961,31017900,0.0,0.0
2021-12-21 00:00:00-05:00,46.29999923706055,46.619998931884766,46.003334045410156,46.540000915527344,43.89445114135742,24620400,0.0,0.0
2021-12-22 00:00:00-05:00,46.633331298828125,46.663333892822266,46.176666259765625,46.599998474121094,43.95104217529297,17028000,0.0,0.0
2021-12-23 00:00:00-05:00,46.599998474121094,46.720001220703125,46.28333282470703,46.496665954589844,43.85358428955078,17592600,0.0,0.0
2021-12-27 00:00:00-05:00,46.53333282470703,46.956668853759766,46.52333450317383,46.91999816894531,44.25284957885742,16040700,0.0,0.0
2021-12-28 00:00:00-05:00,46.866668701171875,47.65666580200195,46.866668701171875,47.59333419799805,44.88792419433594,15783000,0.0,0.0
2021-12-29 00:00:00-05:00,47.5533332824707,47.84333419799805,47.439998626708984,47.56999969482422,44.865909576416016,13045200,0.0,0.0
2021-12-30 00:00:00-05:00,47.753334045410156,47.900001525878906,47.49333190917969,47.723331451416016,45.01052474975586,14949000,0.0,0.0
2021-12-31 00:00:00-05:00,47.733333587646484,48.3466682434082,47.63999938964844,48.22999954223633,45.48839569091797,17947800,0.0,0.0
2022-01-03 00:00:00-05:00,48.0,48.26333236694336,47.66999816894531,48.21666717529297,45.475826263427734,20706600,0.0,0.0
2022-01-04 00:00:00-05:00,48.01333236694336,48.380001068115234,47.253334045410156,47.33333206176758,44.6426887512207,33930000,0.0,0.0
2022-01-05 00:00:00-05:00,47.616668701171875,48.650001525878906,47.58000183105469,47.973331451416016,45.24631881713867,35418000,0.0,0.0
2022-01-06 00:00:00-05:00,47.87333297729492,48.21333312988281,47.46666717529297,47.84000015258789,45.120567321777344,21828900,0.0,0.0
2022-01-07 00:00:00-05:00,47.83333206176758,48.45333480834961,47.6533317565918,48.29666519165039,45.551273345947266,19723500,0.0,0.0
2022-01-10 00:00:00-05:00,48.47999954223633,48.529998779296875,47.706668853759766,48.20333480834961,45.46323776245117,22731600,0.0,0.0
2022-01-11 00:00:00-05:00,48.06999969482422,48.206668853759766,47.72666549682617,48.06666564941406,45.3343391418457,21668700,0.0,0.0
2022-01-12 00:00:00-05:00,47.893333435058594,47.98666763305664,47.66666793823242,47.813331604003906,45.09540939331055,18946800,0.0,0.0
2022-01-13 00:00:00-05:00,47.810001373291016,48.560001373291016,47.70333480834961,48.4900016784668,45.733612060546875,24252600,0.0,0.0
2022-01-14 00:00:00-05:00,48.073333740234375,48.87666702270508,48.073333740234375,48.35333251953125,45.60472106933594,26867400,0.0,0.0
2022-01-18 00:00:00-05:00,48.13666534423828,48.233333587646484,47.37666702270508,47.50666809082031,44.806175231933594,21123900,0.0,0.0
2022-01-19 00:00:00-05:00,47.51333236694336,48.33000183105469,47.30666732788086,47.97999954223633,45.25259780883789,22674000,0.0,0.0
2022-01-20 00:00:00-05:00,47.45000076293945,48.1533317565918,47.02333450317383,47.073333740234375,44.39747619628906,22387200,0.0,0.0
2022-01-21 00:00:00-05:00,47.073333740234375,47.41999816894531,46.686668395996094,46.72999954223633,44.07365798950195,27508200,0.0,0.0
2022-01-24 00:00:00-05:00,46.356666564941406,46.84333419799805,45.77000045776367,46.733333587646484,44.076805114746094,28699200,0.0,0.0
2022-01-25 00:00:00-05:00,46.663333892822266,46.790000915527344,45.60333251953125,45.71666717529297,43.11792755126953,29479500,0.0,0.0
2022-01-26 00:00:00-05:00,45.779998779296875,46.26333236694336,45.0533332824707,45.25,42.67778778076172,26185500,0.0,0.0
2022-01-27 00:00:00-05:00,45.63999938964844,46.36000061035156,45.12333297729492,45.279998779296875,42.70608139038086,27759000,0.0,0.0
2022-01-28 00:00:00-05:00,45.33333206176758,45.856666564941406,44.650001525878906,45.84000015258789,43.234249114990234,25131900,0.0,0.0
2022-01-31 00:00:00-05:00,45.6966667175293,46.68000030517578,45.56666564941406,46.60333251953125,43.954185485839844,20193600,0.0,0.0
2022-02-01 00:00:00-05:00,46.4033317565918,47.04999923706055,46.33000183105469,46.970001220703125,44.30001449584961,20323200,0.0,0.0
2022-02-02 00:00:00-05:00,47.0,47.21333312988281,46.71666717529297,46.95000076293945,44.28115463256836,18149700,0.0,0.0
2022-02-03 00:00:00-05:00,46.753334045410156,47.33000183105469,46.59000015258789,46.996665954589844,44.325164794921875,20741100,0.0,0.0
2022-02-04 00:00:00-05:00,46.96333312988281,47.0,46.116668701171875,46.44333267211914,43.80328369140625,22036500,0.0,0.0
2022-02-07 00:00:00-05:00,46.686668395996094,46.689998626708984,45.869998931884766,45.98666763305664,43.37258529663086,20010300,0.0,0.0
2022-02-08 00:00:00-05:00,46.106666564941406,46.413333892822266,45.836666107177734,45.996665954589844,43.382015228271484,19458900,0.0,0.0
2022-02-09 00:00:00-05:00,46.16666793823242,46.26333236694336,45.823333740234375,45.89666748046875,43.28770446777344,21473700,0.0,0.0
2022-02-10 00:00:00-05:00,45.516666412353516,45.66999816894531,45.1533317565918,45.36000061035156,42.781532287597656,27810600,0.0,0.0
2022-02-11 00:00:00-05:00,45.606666564941406,45.72666549682617,44.723331451416016,45.11000061035156,42.545745849609375,23733300,0.0,0.0
2022-02-14 00:00:00-05:00,45.11000061035156,45.31999969482422,44.23666763305664,44.650001525878906,42.111900329589844,29363400,0.0,0.0
2022-02-15 00:00:00-05:00,44.913333892822266,45.223331451416016,44.5966682434082,44.790000915527344,42.243934631347656,21824400,0.0,0.0
2022-02-16 00:00:00-05:00,44.776668548583984,44.959999084472656,44.233333587646484,44.5099983215332,41.97985076904297,28490700,0.0,0.0
2022-02-17 00:00:00-05:00,44.66666793823242,46.4900016784668,44.59333419799805,46.293331146240234,43.661808013916016,53831400,0.0,0.0
2022-02-18 00:00:00-05:00,46.03333282470703,46.529998779296875,45.720001220703125,45.996665954589844,43.382015228271484,31103400,0.0,0.0
2022-02-22 00:00:00-05:00,45.92333221435547,46.08000183105469,45.313331604003906,45.483333587646484,42.89785385131836,25380900,0.0,0.0
2022-02-23 00:00:00-05:00,45.619998931884766,45.72999954223633,44.9466667175293,45.016666412353516,42.45771789550781,21030900,0.0,0.0
2022-02-24 00:00:00-05:00,44.63666534423828,45.003334045410156,44.003334045410156,44.84333419799805,42.29424285888672,31717500,0.0,0.0
2022-02-25 00:00:00-05:00,44.936668395996094,45.59333419799805,44.6966667175293,45.459999084472656,42.875858306884766,24997800,0.0,0.0
2022-02-28 00:00:00-05:00,45.0,45.356666564941406,44.59000015258789,45.0533332824707,42.4922981262207,26286600,0.0,0.0
2022-03-01 00:00:00-05:00,45.290000915527344,45.96333312988281,45.00666809082031,45.33000183105469,42.75324249267578,24024900,0.0,0.0
2022-03-02 00:00:00-05:00,45.220001220703125,45.61000061035156,45.060001373291016,45.38666534423828,42.80668640136719,23863800,0.0,0.0
2022-03-03 00:00:00-05:00,45.76333236694336,46.823333740234375,45.516666412353516,46.43000030517578,43.79071044921875,29885100,0.0,0.0
2022-03-04 00:00:00-05:00,45.936668395996094,47.64666748046875,45.86333465576172,47.606666564941406,44.90049743652344,35576400,0.0,0.0
2022-03-07 00:00:00-05:00,47.099998474121094,47.87666702270508,46.81666564941406,47.223331451416016,44.538944244384766,45870000,0.0,0.0
2022-03-08 00:00:00-05:00,47.16666793823242,47.48666763305664,46.19333267211914,46.246665954589844,43.6177978515625,28305600,0.0,0.0
2022-03-09 00:00:00-05:00,46.66666793823242,46.746665954589844,46.04666519165039,46.48666763305664,43.844154357910156,22122900,0.0,0.0
2022-03-10 00:00:00-05:00,46.496665954589844,47.66666793823242,46.336666107177734,47.543331146240234,44.840755462646484,27512700,0.0,0.0
2022-03-11 00:00:00-05:00,47.43333435058594,48.016666412353516,47.293331146240234,47.356666564941406,44.66469955444336,19162200,0.0,0.0
2022-03-14 00:00:00-04:00,47.34000015258789,48.28333282470703,47.33000183105469,48.016666412353516,45.28718566894531,22646400,0.0,0.0
2022-03-15 00:00:00-04:00,48.176666259765625,48.71666717529297,47.95000076293945,48.59333419799805,45.83106994628906,22872600,0.0,0.0
2022-03-16 00:00:00-04:00,48.46333312988281,48.97999954223633,47.900001525878906,48.45000076293945,45.695892333984375,24615900,0.0,0.0
2022-03-17 00:00:00-04:00,48.150001525878906,48.43333435058594,47.54999923706055,48.336666107177734,45.765316009521484,19023000,0.186667,0.0
2022-03-18 00:00:00-04:00,48.393333435058594,48.52333450317383,48.03666687011719,48.47999954223633,45.90102767944336,31233300,0.0,0.0
2022-03-21 00:00:00-04:00,48.47666549682617,49.0966682434082,47.87333297729492,48.07666778564453,45.5191535949707,21350700,0.0,0.0
2022-03-22 00:00:00-04:00,48.20333480834961,48.323333740234375,47.65999984741211,47.93333435058594,45.383445739746094,20235000,0.0,0.0
2022-03-23 00:00:00-04:00,47.71333312988281,47.90999984741211,47.17333221435547,47.31666564941406,44.79957962036133,19625400,0.0,0.0
2022-03-24 00:00:00-04:00,47.46333312988281,47.970001220703125,47.293331146240234,47.61000061035156,45.07731246948242,13440900,0.0,0.0
2022-03-25 00:00:00-04:00,47.81666564941406,47.97666549682617,47.41999816894531,47.81666564941406,45.27298355102539,14085300,0.0,0.0
2022-03-28 00:00:00-04:00,47.83333206176758,48.686668395996094,47.766666412353516,48.66666793823242,46.077762603759766,20105700,0.0,0.0
2022-03-29 00:00:00-04:00,48.866668701171875,49.366668701171875,48.75,49.07666778564453,46.46595764160156,19934400,0.0,0.0
2022-03-30 00:00:00-04:00,49.043331146240234,50.060001373291016,49.01333236694336,49.956668853759766,47.29915237426758,24991500,0.0,0.0
2022-03-31 00:00:00-04:00,49.5966682434082,50.18000030517578,49.393333435058594,49.63999938964844,46.999324798583984,27163800,0.0,0.0
2022-04-01 00:00:00-04:00,49.88666534423828,50.42333221435547,49.61333465576172,50.336666107177734,47.6589241027832,20939700,0.0,0.0
2022-04-04 00:00:00-04:00,50.3033332824707,51.06666564941406,50.026668548583984,50.3466682434082,47.66838836669922,25332600,0.0,0.0
2022-04-05 00:00:00-04:00,50.293331146240234,51.11000061035156,50.293331146240234,50.4900016784668,47.804107666015625,18657900,0.0,0.0
2022-04-06 00:00:00-04:00,50.34000015258789,51.80666732788086,50.16666793823242,51.663333892822266,48.91501998901367,28018500,0.0,0.0
2022-04-07 00:00:00-04:00,51.70000076293945,52.51333236694336,51.47999954223633,52.18000030517578,49.40419387817383,27088200,0.0,0.0
2022-04-08 00:00:00-04:00,52.3033332824707,52.8033332824707,52.06999969482422,52.470001220703125,49.67877197265625,23294400,0.0,0.0
2022-04-11 00:00:00-04:00,52.323333740234375,52.746665954589844,51.209999084472656,51.43000030517578,48.6941032409668,24712800,0.0,0.0
2022-04-12 00:00:00-04:00,51.413333892822266,51.79999923706055,50.849998474121094,51.07666778564453,48.35955810546875,26761200,0.0,0.0
2022-04-13 00:00:00-04:00,51.150001525878906,52.5966682434082,51.116668701171875,52.40666580200195,49.618804931640625,29284500,0.0,0.0
2022-04-14 00:00:00-04:00,52.369998931884766,52.76333236694336,52.143333435058594,52.36000061035156,49.57462692260742,22360500,0.0,0.0
2022-04-18 00:00:00-04:00,52.25,52.65999984741211,51.73666763305664,51.959999084472656,49.19589614868164,14671800,0.0,0.0
2022-04-19 00:00:00-04:00,52.223331451416016,52.650001525878906,52.01333236694336,52.54999923706055,49.754512786865234,15855000,0.0,0.0
2022-04-20 00:00:00-04:00,52.78333282470703,53.45000076293945,52.76333236694336,53.209999084472656,50.37941360473633,19821600,0.0,0.0
2022-04-21 00:00:00-04:00,53.30666732788086,53.59000015258789,53.02333450317383,53.290000915527344,50.45515060424805,18168300,0.0,0.0
2022-04-22 00:00:00-04:00,53.41666793823242,53.45333480834961,52.220001220703125,52.28666687011719,49.50519561767578,21046200,0.0,0.0
2022-04-25 00:00:00-04:00,52.12333297729492,52.4900016784668,51.45000076293945,52.313331604003906,49.53044128417969,18057600,0.0,0.0
2022-04-26 00:00:00-04:00,52.12333297729492,52.709999084472656,51.733333587646484,51.766666412353516,49.01285934448242,19601100,0.0,0.0
2022-04-27 00:00:00-04:00,51.84333419799805,52.06666564941406,51.34000015258789,51.413333892822266,48.678321838378906,17496900,0.0,0.0
2022-04-28 00:00:00-04:00,51.74333190917969,52.32666778564453,51.366668701171875,52.06999969482422,49.300045013427734,14955900,0.0,0.0
2022-04-29 00:00:00-04:00,51.936668395996094,52.073333740234375,50.9033317565918,50.996665954589844,48.283809661865234,21088800,0.0,0.0
2022-05-02 00:00:00-04:00,51.6533317565918,51.663333892822266,50.106666564941406,50.65999984741211,47.96506118774414,20016000,0.0,0.0
2022-05-03 00:00:00-04:00,50.810001373291016,51.426666259765625,50.59333419799805,50.836666107177734,48.132320404052734,17950500,0.0,0.0
2022-05-04 00:00:00-04:00,50.676666259765625,51.606666564941406,50.503334045410156,51.540000915527344,48.79824447631836,20022600,0.0,0.0
2022-05-05 00:00:00-04:00,51.21333312988281,51.276668548583984,50.46666717529297,50.913333892822266,48.380130767822266,23234400,0.186667,0.0
2022-05-06 00:00:00-04:00,50.56999969482422,51.31666564941406,49.42333221435547,49.85333251953125,47.37287902832031,34258200,0.0,0.0
2022-05-09 00:00:00-04:00,49.4900016784668,51.03333282470703,49.39666748046875,50.436668395996094,47.927188873291016,28207200,0.0,0.0
2022-05-10 00:00:00-04:00,50.47666549682617,50.76333236694336,49.52000045776367,49.72666549682617,47.25251388549805,24861300,0.0,0.0
2022-05-11 00:00:00-04:00,49.79999923706055,50.25,48.970001220703125,49.206668853759766,46.75839614868164,27878700,0.0,0.0
2022-05-12 00:00:00-04:00,49.28666687011719,50.04999923706055,48.84000015258789,49.15999984741211,46.714046478271484,25244400,0.0,0.0
2022-05-13 00:00:00-04:00,49.23666763305664,49.459999084472656,48.71333312988281,49.349998474121094,46.894588470458984,19962300,0.0,0.0
2022-05-16 00:00:00-04:00,49.793331146240234,49.90999984741211,48.81999969482422,49.4033317565918,46.94527053833008,21449100,0.0,0.0
2022-05-17 00:00:00-04:00,45.47666549682617,45.813331604003906,43.54666519165039,43.78333282470703,41.604896545410156,132940200,0.0,0.0
2022-05-18 00:00:00-04:00,42.676666259765625,42.75666809082031,40.5099983215332,40.810001373291016,38.77949905395508,104253000,0.0,0.0
2022-05-19 00:00:00-04:00,40.290000915527344,40.5966682434082,39.53333282470703,39.689998626708984,37.71522521972656,71008500,0.0,0.0
2022-05-20 00:00:00-04:00,39.880001068115234,40.279998779296875,39.09000015258789,39.733333587646484,37.75639724731445,49356000,0.0,0.0
2022-05-23 00:00:00-04:00,39.973331451416016,41.25666809082031,39.95333480834961,40.866668701171875,38.833351135253906,43680900,0.0,0.0
2022-05-24 00:00:00-04:00,40.4033317565918,41.516666412353516,40.36000061035156,41.37666702270508,39.317970275878906,34584900,0.0,0.0
2022-05-25 00:00:00-04:00,41.33333206176758,41.55666732788086,40.866668701171875,41.12333297729492,39.07724380493164,27121800,0.0,0.0
2022-05-26 00:00:00-04:00,41.766666412353516,42.133331298828125,41.46666717529297,42.0,39.91029357910156,28197600,0.0,0.0
2022-05-27 00:00:00-04:00,41.83000183105469,42.87333297729492,41.77000045776367,42.82666778564453,40.695831298828125,25299900,0.0,0.0
2022-05-31 00:00:00-04:00,42.48666763305664,43.29999923706055,42.473331451416016,42.87666702270508,40.74333572387695,36912300,0.0,0.0
2022-06-01 00:00:00-04:00,42.83333206176758,42.973331451416016,41.560001373291016,41.81666564941406,39.73607635498047,28534800,0.0,0.0
2022-06-02 00:00:00-04:00,41.856666564941406,42.5099983215332,41.44333267211914,42.503334045410156,40.388572692871094,23214300,0.0,0.0
2022-06-03 00:00:00-04:00,42.223331451416016,42.473331451416016,41.6966667175293,41.77333450317383,39.69489669799805,18302700,0.0,0.0
2022-06-06 00:00:00-04:00,41.939998626708984,42.099998474121094,41.529998779296875,41.62333297729492,39.55236053466797,19855500,0.0,0.0
2022-06-07 00:00:00-04:00,40.413333892822266,41.163333892822266,40.293331146240234,41.12333297729492,39.07724380493164,47707800,0.0,0.0
2022-06-08 00:00:00-04:00,40.78333282470703,41.3033332824707,40.650001525878906,40.766666412353516,38.73832702636719,22522800,0.0,0.0
2022-06-09 00:00:00-04:00,40.66666793823242,41.45000076293945,40.33000183105469,40.34000015258789,38.332881927490234,19880100,0.0,0.0
2022-06-10 00:00:00-04:00,39.91666793823242,40.913333892822266,39.779998779296875,40.56666564941406,38.54827117919922,25238100,0.0,0.0
2022-06-13 00:00:00-04:00,39.913333892822266,40.413333892822266,39.6966667175293,39.8033332824707,37.82292175292969,24897900,0.0,0.0
2022-06-14 00:00:00-04:00,39.709999084472656,40.0,39.38999938964844,39.81999969482422,37.83876037597656,21544200,0.0,0.0
2022-06-15 00:00:00-04:00,39.9900016784668,40.13666534423828,39.29999923706055,39.793331146240234,37.813419342041016,25914000,0.0,0.0
2022-06-16 00:00:00-04:00,39.45000076293945,40.586666107177734,39.40999984741211,40.206668853759766,38.2061882019043,30706800,0.0,0.0
2022-06-17 00:00:00-04:00,40.00666809082031,40.293331146240234,39.323333740234375,39.43000030517578,37.468162536621094,36838800,0.0,0.0
2022-06-21 00:00:00-04:00,39.43333435058594,40.926666259765625,39.40666580200195,40.723331451416016,38.697139739990234,23916600,0.0,0.0
2022-06-22 00:00:00-04:00,40.70000076293945,41.08333206176758,40.1966667175293,40.22999954223633,38.22835922241211,20235000,0.0,0.0
2022-06-23 00:00:00-04:00,40.58333206176758,41.31999969482422,40.400001525878906,41.206668853759766,39.156429290771484,18040800,0.0,0.0
2022-06-24 00:00:00-04:00,41.36333465576172,41.77000045776367,41.0533332824707,41.2400016784668,39.188114166259766,31845900,0.0,0.0
2022-06-27 00:00:00-04:00,41.2599983215332,41.58000183105469,40.93000030517578,41.37333297729492,39.31480407714844,19889100,0.0,0.0
2022-06-28 00:00:00-04:00,41.5533332824707,41.856666564941406,40.76333236694336,40.790000915527344,38.760494232177734,15399000,0.0,0.0
2022-06-29 00:00:00-04:00,40.96333312988281,41.116668701171875,40.323333740234375,40.63999938964844,38.61795425415039,19111500,0.0,0.0
2022-06-30 00:00:00-04:00,40.293331146240234,40.686668395996094,39.96333312988281,40.526668548583984,38.51026153564453,19166100,0.0,0.0
2022-07-01 00:00:00-04:00,40.64666748046875,40.973331451416016,40.38666534423828,40.87666702270508,38.84284591674805,17460900,0.0,0.0
2022-07-05 00:00:00-04:00,40.73666763305664,41.503334045410156,40.53666687011719,41.41666793823242,39.35597610473633,18218100,0.0,0.0
2022-07-06 00:00:00-04:00,41.49333190917969,42.09333419799805,41.43333435058594,41.709999084472656,39.63471984863281,21300000,0.0,0.0
2022-07-07 00:00:00-04:00,41.72999954223633,41.84333419799805,41.37333297729492,41.77333450317383,39.69489669799805,17487300,0.0,0.0
2022-07-08 00:00:00-04:00,41.939998626708984,42.20333480834961,41.71666717529297,41.79999923706055,39.720237731933594,14751000,0.0,0.0
2022-07-11 00:00:00-04:00,41.67333221435547,42.11000061035156,41.540000915527344,41.81666564941406,39.73607635498047,11532900,0.0,0.0
2022-07-12 00:00:00-04:00,41.70333480834961,42.37666702270508,41.573333740234375,41.689998626708984,39.61572265625,13732200,0.0,0.0
2022-07-13 00:00:00-04:00,41.47999954223633,42.1533317565918,41.3033332824707,41.790000915527344,39.71073532104492,12689100,0.0,0.0
2022-07-14 00:00:00-04:00,41.38666534423828,42.77333450317383,41.380001068115234,42.606666564941406,40.486778259277344,20905500,0.0,0.0
2022-07-15 00:00:00-04:00,42.93333435058594,43.42333221435547,42.68333435058594,43.02333450317383,40.88271713256836,21184200,0.0,0.0
2022-07-18 00:00:00-04:00,42.883331298828125,43.43333435058594,42.753334045410156,42.92333221435547,40.787681579589844,14243700,0.0,0.0
2022-07-19 00:00:00-04:00,43.130001068115234,43.31999969482422,42.866668701171875,43.186668395996094,41.037906646728516,16995300,0.0,0.0
2022-07-20 00:00:00-04:00,43.503334045410156,43.77000045776367,43.16666793823242,43.54666519165039,41.380001068115234,18564900,0.0,0.0
2022-07-21 00:00:00-04:00,43.560001373291016,44.186668395996094,43.5,44.18333435058594,41.984981536865234,18764700,0.0,0.0
2022-07-22 00:00:00-04:00,44.18000030517578,44.46333312988281,43.74333190917969,44.06999969482422,41.87729263305664,13616400,0.0,0.0
2022-07-25 00:00:00-04:00,44.130001068115234,44.233333587646484,43.81999969482422,44.00666809082031,41.81711196899414,20535300,0.0,0.0
2022-07-26 00:00:00-04:00,40.37666702270508,40.89666748046875,40.02000045776367,40.65999984741211,38.636966705322266,95391600,0.0,0.0
2022-07-27 00:00:00-04:00,40.413333892822266,42.25666809082031,40.34333419799805,42.1966667175293,40.097171783447266,42159600,0.0,0.0
2022-07-28 00:00:00-04:00,42.09000015258789,43.503334045410156,42.09000015258789,43.25,41.09809494018555,33262200,0.0,0.0
2022-07-29 00:00:00-04:00,42.77333450317383,44.086666107177734,42.66999816894531,44.016666412353516,41.82661819458008,30141900,0.0,0.0
2022-08-01 00:00:00-04:00,43.686668395996094,44.74333190917969,43.66666793823242,44.18000030517578,41.981807708740234,24996300,0.0,0.0
2022-08-02 00:00:00-04:00,44.383331298828125,44.56999969482422,43.79999923706055,44.22666549682617,42.026161193847656,19695000,0.0,0.0
2022-08-03 00:00:00-04:00,44.0533332824707,44.313331604003906,43.28666687011719,43.5,41.335655212402344,32003100,0.0,0.0
2022-08-04 00:00:00-04:00,43.55666732788086,43.599998474121094,41.776668548583984,41.856666564941406,39.77409362792969,53106000,0.0,0.0
2022-08-05 00:00:00-04:00,41.836666107177734,42.27000045776367,41.706668853759766,42.19333267211914,40.093997955322266,32007000,0.0,0.0
2022-08-08 00:00:00-04:00,42.21666717529297,42.73666763305664,42.20333480834961,42.53666687011719,40.420249938964844,18175200,0.0,0.0
2022-08-09 00:00:00-04:00,42.630001068115234,42.9900016784668,42.4033317565918,42.956668853759766,40.819358825683594,19325100,0.0,0.0
2022-08-10 00:00:00-04:00,43.33333206176758,43.383331298828125,42.79666519165039,43.04666519165039,40.90488052368164,25251000,0.0,0.0
2022-08-11 00:00:00-04:00,43.233333587646484,43.456668853759766,42.866668701171875,43.27333450317383,41.29935836791992,23854500,0.186667,0.0
2022-08-12 00:00:00-04:00,43.33333206176758,44.279998779296875,43.27333450317383,44.073333740234375,42.0628662109375,26625000,0.0,0.0
2022-08-15 00:00:00-04:00,43.87666702270508,44.52333450317383,43.78666687011719,44.20000076293945,42.183753967285156,26516100,0.0,0.0
2022-08-16 00:00:00-04:00,46.29999923706055,46.97666549682617,46.063331604003906,46.456668853759766,44.33747863769531,91773300,0.0,0.0
2022-08-17 00:00:00-04:00,46.189998626708984,47.573333740234375,46.133331298828125,46.50666809082031,44.38519287109375,41792100,0.0,0.0
2022-08-18 00:00:00-04:00,46.5099983215332,46.80666732788086,46.16666793823242,46.356666564941406,44.24203872680664,19197600,0.0,0.0
2022-08-19 00:00:00-04:00,46.30666732788086,46.356666564941406,45.63666534423828,45.67333221435547,43.58987045288086,22918800,0.0,0.0
2022-08-22 00:00:00-04:00,45.400001525878906,45.573333740234375,44.813331604003906,44.856666564941406,42.81047058105469,18667200,0.0,0.0
2022-08-23 00:00:00-04:00,44.869998931884766,44.98666763305664,44.4033317565918,44.66666793823242,42.629127502441406,16955100,0.0,0.0
2022-08-24 00:00:00-04:00,44.78333282470703,45.0966682434082,44.53333282470703,44.9900016784668,42.937713623046875,15766500,0.0,0.0
2022-08-25 00:00:00-04:00,45.09333419799805,45.33000183105469,45.0099983215332,45.290000915527344,43.224029541015625,19414500,0.0,0.0
2022-08-26 00:00:00-04:00,45.369998931884766,45.61000061035156,43.836666107177734,43.866668701171875,41.86561584472656,21331800,0.0,0.0
2022-08-29 00:00:00-04:00,43.61000061035156,44.62333297729492,43.529998779296875,44.293331146240234,42.27281951904297,17381700,0.0,0.0
2022-08-30 00:00:00-04:00,44.4466667175293,44.54999923706055,43.913333892822266,44.15999984741211,42.14558029174805,14468100,0.0,0.0
2022-08-31 00:00:00-04:00,44.2599983215332,44.5966682434082,43.97666549682617,44.18333435058594,42.167850494384766,22460700,0.0,0.0
2022-09-01 00:00:00-04:00,44.18000030517578,45.04666519165039,44.133331298828125,44.82666778564453,42.78183364868164,21741900,0.0,0.0
2022-09-02 00:00:00-04:00,44.95000076293945,45.223331451416016,44.14666748046875,44.33333206176758,42.310997009277344,17234400,0.0,0.0
2022-09-06 00:00:00-04:00,44.349998474121094,44.540000915527344,43.573333740234375,44.11333465576172,42.101043701171875,21899700,0.0,0.0
2022-09-07 00:00:00-04:00,44.35333251953125,45.323333740234375,44.246665954589844,45.246665954589844,43.18267059326172,17058900,0.0,0.0
2022-09-08 00:00:00-04:00,45.133331298828125,45.62333297729492,44.959999084472656,45.47666549682617,43.402183532714844,16956000,0.0,0.0
2022-09-09 00:00:00-04:00,45.43333435058594,45.83333206176758,45.37666702270508,45.61333465576172,43.532615661621094,16140600,0.0,0.0
2022-09-12 00:00:00-04:00,45.69333267211914,46.08333206176758,45.65666580200195,46.02333450317383,43.92390823364258,14284500,0.0,0.0
2022-09-13 00:00:00-04:00,45.619998931884766,45.983333587646484,44.936668395996094,45.073333740234375,43.01725387573242,17687400,0.0,0.0
2022-09-14 00:00:00-04:00,45.209999084472656,45.5099983215332,44.70000076293945,44.973331451416016,42.921810150146484,19934700,0.0,0.0
2022-09-15 00:00:00-04:00,45.016666412353516,45.04999923706055,44.323333740234375,44.4900016784668,42.46051025390625,20189400,0.0,0.0
2022-09-16 00:00:00-04:00,44.0,44.849998474121094,43.7599983215332,44.39666748046875,42.37144470214844,41874300,0.0,0.0
2022-09-19 00:00:00-04:00,44.27333450317383,44.91999816894531,44.15666580200195,44.776668548583984,42.73411560058594,16853100,0.0,0.0
2022-09-20 00:00:00-04:00,44.49333190917969,44.62666702270508,44.18000030517578,44.516666412353516,42.485965728759766,13963500,0.0,0.0
2022-09-21 00:00:00-04:00,45.14666748046875,45.81666564941406,44.87333297729492,44.92333221435547,42.87408447265625,24903600,0.0,0.0
2022-09-22 00:00:00-04:00,44.856666564941406,44.90666580200195,44.279998779296875,44.46333312988281,42.43507385253906,16744500,0.0,0.0
2022-09-23 00:00:00-04:00,44.290000915527344,44.393333435058594,42.92333221435547,43.35333251953125,41.375709533691406,27195300,0.0,0.0
2022-09-26 00:00:00-04:00,42.91666793823242,44.04666519165039,42.75666809082031,43.77000045776367,41.77336120605469,23011200,0.0,0.0
2022-09-27 00:00:00-04:00,44.07666778564453,44.47666549682617,43.43333435058594,43.650001525878906,41.658843994140625,17171700,0.0,0.0
2022-09-28 00:00:00-04:00,43.8033332824707,44.54999923706055,43.2400016784668,44.369998931884766,42.34598922729492,16838400,0.0,0.0
2022-09-29 00:00:00-04:00,44.5,44.706668853759766,43.87666702270508,44.08333206176758,42.072410583496094,15241500,0.0,0.0
2022-09-30 00:00:00-04:00,44.08000183105469,44.119998931884766,43.233333587646484,43.233333587646484,41.26118087768555,19602300,0.0,0.0
2022-10-03 00:00:00-04:00,43.413333892822266,44.26333236694336,43.336666107177734,44.176666259765625,42.16147994995117,17574900,0.0,0.0
2022-10-04 00:00:00-04:00,44.619998931884766,45.06666564941406,44.456668853759766,44.75,42.70866012573242,16134300,0.0,0.0
2022-10-05 00:00:00-04:00,44.586666107177734,44.87333297729492,44.16999816894531,44.30666732788086,42.285552978515625,14553900,0.0,0.0
2022-10-06 00:00:00-04:00,44.36000061035156,44.82666778564453,43.86000061035156,43.893333435058594,41.89106369018555,14200500,0.0,0.0
2022-10-07 00:00:00-04:00,43.77000045776367,43.883331298828125,42.689998626708984,42.85333251953125,40.89851379394531,17080500,0.0,0.0
2022-10-10 00:00:00-04:00,43.176666259765625,43.310001373291016,42.7599983215332,43.106666564941406,41.140281677246094,11411700,0.0,0.0
2022-10-11 00:00:00-04:00,43.16999816894531,44.599998474121094,43.1533317565918,44.223331451416016,42.20602035522461,21276000,0.0,0.0
2022-10-12 00:00:00-04:00,44.336666107177734,44.92333221435547,43.65666580200195,43.723331451416016,41.72882080078125,16947600,0.0,0.0
2022-10-13 00:00:00-04:00,43.09333419799805,44.313331604003906,42.790000915527344,44.09333419799805,42.08195114135742,20545500,0.0,0.0
2022-10-14 00:00:00-04:00,44.14666748046875,44.40666580200195,43.349998474121094,43.47666549682617,41.493412017822266,16641000,0.0,0.0
2022-10-17 00:00:00-04:00,43.6533317565918,44.276668548583984,43.529998779296875,43.790000915527344,41.79246139526367,17812500,0.0,0.0
2022-10-18 00:00:00-04:00,44.47666549682617,45.03333282470703,44.44333267211914,44.71333312988281,42.67366409301758,16842300,0.0,0.0
2022-10-19 00:00:00-04:00,44.776668548583984,44.90999984741211,44.323333740234375,44.586666107177734,42.55278015136719,11339400,0.0,0.0
2022-10-20 00:00:00-04:00,44.65999984741211,45.133331298828125,44.54999923706055,44.6966667175293,42.65776443481445,12754800,0.0,0.0
2022-10-21 00:00:00-04:00,44.936668395996094,45.8033332824707,44.66666793823242,45.599998474121094,43.5198860168457,18134700,0.0,0.0
2022-10-24 00:00:00-04:00,45.81666564941406,46.82666778564453,45.709999084472656,46.470001220703125,44.35021209716797,18806700,0.0,0.0
2022-10-25 00:00:00-04:00,46.36333465576172,46.813331604003906,46.106666564941406,46.689998626708984,44.56016159057617,15051300,0.0,0.0
2022-10-26 00:00:00-04:00,46.78666687011719,47.3466682434082,46.606666564941406,47.04666519165039,44.90056610107422,20754300,0.0,0.0
2022-10-27 00:00:00-04:00,47.003334045410156,47.366668701171875,46.76333236694336,46.90999984741211,44.77012634277344,16602900,0.0,0.0
2022-10-28 00:00:00-04:00,46.68333435058594,47.633331298828125,46.68000030517578,47.503334045410156,45.336395263671875,13648200,0.0,0.0
2022-10-31 00:00:00-04:00,47.4466667175293,47.689998626708984,47.25666809082031,47.44333267211914,45.279136657714844,22572000,0.0,0.0
2022-11-01 00:00:00-04:00,47.65666580200195,47.849998474121094,47.16666793823242,47.22999954223633,45.07554244995117,14814300,0.0,0.0
2022-11-02 00:00:00-04:00,47.0533332824707,47.856666564941406,46.900001525878906,46.91666793823242,44.7764892578125,15522000,0.0,0.0
2022-11-03 00:00:00-04:00,46.503334045410156,47.23666763305664,46.36000061035156,46.90666580200195,44.76694869995117,10976400,0.0,0.0
2022-11-04 00:00:00-04:00,47.34333419799805,47.4033317565918,46.26333236694336,46.9900016784668,44.84647750854492,14669400,0.0,0.0
2022-11-07 00:00:00-05:00,47.086666107177734,47.65666580200195,47.086666107177734,47.483333587646484,45.31731414794922,11364000,0.0,0.0
2022-11-08 00:00:00-05:00,47.526668548583984,48.02333450317383,47.16999816894531,47.5966682434082,45.425479888916016,15068400,0.0,0.0
2022-11-09 00:00:00-05:00,47.586666107177734,47.720001220703125,46.4033317565918,46.4900016784668,44.36928939819336,15932100,0.0,0.0
2022-11-10 00:00:00-05:00,47.503334045410156,47.563331604003906,46.83333206176758,47.45333480834961,45.28868103027344,20310600,0.0,0.0
2022-11-11 00:00:00-05:00,47.55666732788086,47.706668853759766,46.663333892822266,47.526668548583984,45.358665466308594,19270800,0.0,0.0
2022-11-14 00:00:00-05:00,47.21333312988281,47.77333450317383,46.09000015258789,46.130001068115234,44.02571487426758,37525800,0.0,0.0
2022-11-15 00:00:00-05:00,48.53666687011719,50.09000015258789,48.18333435058594,49.14666748046875,46.90476608276367,76548600,0.0,0.0
2022-11-16 00:00:00-05:00,49.293331146240234,50.06666564941406,49.040000915527344,49.5,47.24198913574219,32593200,0.0,0.0
2022-11-17 00:00:00-05:00,49.003334045410156,49.57666778564453,48.9033317565918,49.33333206176758,47.08291244506836,24791400,0.0,0.0
2022-11-18 00:00:00-05:00,49.88999938964844,50.08000183105469,49.59000015258789,50.07666778564453,47.7923469543457,18987000,0.0,0.0
2022-11-21 00:00:00-05:00,50.20333480834961,50.71333312988281,50.063331604003906,50.383331298828125,48.08502197265625,21157200,0.0,0.0
2022-11-22 00:00:00-05:00,50.66666793823242,50.81666564941406,50.37333297729492,50.563331604003906,48.256813049316406,16898400,0.0,0.0
2022-11-23 00:00:00-05:00,50.69333267211914,51.12333297729492,50.62666702270508,50.80666732788086,48.489051818847656,16920600,0.0,0.0
2022-11-25 00:00:00-05:00,50.706668853759766,51.029998779296875,50.619998931884766,51.02333450317383,48.695823669433594,8777400,0.0,0.0
2022-11-28 00:00:00-05:00,50.90666580200195,51.54666519165039,50.90666580200195,51.16999816894531,48.83579635620117,17674800,0.0,0.0
2022-11-29 00:00:00-05:00,51.0099983215332,51.23666763305664,50.849998474121094,50.9900016784668,48.66401672363281,13841700,0.0,0.0
2022-11-30 00:00:00-05:00,50.869998931884766,50.92333221435547,50.400001525878906,50.80666732788086,48.489051818847656,31338000,0.0,0.0
2022-12-01 00:00:00-05:00,50.68333435058594,51.20333480834961,50.24333190917969,51.12333297729492,48.791263580322266,22732200,0.0,0.0
2022-12-02 00:00:00-05:00,50.49333190917969,51.08000183105469,50.49333190917969,51.073333740234375,48.74354934692383,20733000,0.0,0.0
2022-12-05 00:00:00-05:00,50.91666793823242,51.0,50.16999816894531,50.54999923706055,48.24407958984375,23608200,0.0,0.0
2022-12-06 00:00:00-05:00,50.400001525878906,50.63666534423828,49.73666763305664,49.96333312988281,47.68417739868164,20625600,0.0,0.0
2022-12-07 00:00:00-05:00,50.16666793823242,50.4033317565918,49.606666564941406,49.70333480834961,47.4360466003418,17550300,0.0,0.0
2022-12-08 00:00:00-05:00,49.720001220703125,49.7599983215332,49.380001068115234,49.59333419799805,47.50949478149414,13512600,0.186667,0.0
2022-12-09 00:00:00-05:00,49.15666580200195,49.2400016784668,48.40666580200195,48.436668395996094,46.401424407958984,27929400,0.0,0.0
2022-12-12 00:00:00-05:00,48.633331298828125,49.366668701171875,48.52000045776367,49.34000015258789,47.26679992675781,19432200,0.0,0.0
2022-12-13 00:00:00-05:00,50.0,50.06666564941406,48.913333892822266,49.163333892822266,47.097557067871094,23408100,0.0,0.0
2022-12-14 00:00:00-05:00,49.029998779296875,49.5099983215332,48.6533317565918,48.88999938964844,46.83571243286133,20334600,0.0,0.0
2022-12-15 00:00:00-05:00,48.526668548583984,48.80666732788086,47.87666702270508,48.45333480834961,46.41738510131836,17514000,0.0,0.0
2022-12-16 00:00:00-05:00,48.15999984741211,48.2400016784668,47.52333450317383,47.58333206176758,45.58394241333008,40343100,0.0,0.0
2022-12-19 00:00:00-05:00,47.66999816894531,47.85333251953125,47.24333190917969,47.599998474121094,45.599910736083984,15067500,0.0,0.0
2022-12-20 00:00:00-05:00,47.63999938964844,48.21333312988281,47.41666793823242,48.016666412353516,45.99906921386719,17009400,0.0,0.0
2022-12-21 00:00:00-05:00,48.106666564941406,48.64666748046875,48.086666107177734,48.393333435058594,46.35991287231445,13726500,0.0,0.0
2022-12-22 00:00:00-05:00,48.25666809082031,48.32666778564453,47.310001373291016,47.82666778564453,45.81706237792969,13082400,0.0,0.0
2022-12-23 00:00:00-05:00,47.68333435058594,47.93333435058594,47.426666259765625,47.92333221435547,45.9096565246582,9547500,0.0,0.0
2022-12-27 00:00:00-05:00,48.01333236694336,48.150001525878906,47.72999954223633,47.936668395996094,45.92243576049805,10044600,0.0,0.0
2022-12-28 00:00:00-05:00,47.823333740234375,47.88999938964844,46.970001220703125,47.0966682434082,45.117733001708984,15246300,0.0,0.0
2022-12-29 00:00:00-05:00,47.380001068115234,47.67333221435547,47.25,47.383331298828125,45.39234924316406,9171900,0.0,0.0
2022-12-30 00:00:00-05:00,47.186668395996094,47.33000183105469,46.936668395996094,47.26333236694336,45.27739334106445,11505900,0.0,0.0
2023-01-03 00:00:00-05:00,47.516666412353516,47.9033317565918,47.36333465576172,47.866668701171875,45.855377197265625,17249700,0.0,0.0
2023-01-04 00:00:00-05:00,47.80666732788086,48.016666412353516,47.356666564941406,47.91999816894531,45.906463623046875,13338300,0.0,0.0
2023-01-05 00:00:00-05:00,47.81999969482422,48.043331146240234,47.54999923706055,47.75666809082031,45.75,13274400,0.0,0.0
2023-01-06 00:00:00-05:00,48.20000076293945,49.18333435058594,48.08000183105469,48.926666259765625,46.8708381652832,21231900,0.0,0.0
2023-01-09 00:00:00-05:00,48.77333450317383,49.28666687011719,48.266666412353516,48.31666564941406,46.28647232055664,17756700,0.0,0.0
2023-01-10 00:00:00-05:00,48.313331604003906,48.483333587646484,47.90999984741211,48.28666687011719,46.25771713256836,11970600,0.0,0.0
2023-01-11 00:00:00-05:00,48.58000183105469,48.72666549682617,48.24333190917969,48.709999084472656,46.66326904296875,14834700,0.0,0.0
2023-01-12 00:00:00-05:00,48.8033332824707,48.80666732788086,48.130001068115234,48.27000045776367,46.241764068603516,12472800,0.0,0.0
2023-01-13 00:00:00-05:00,48.5099983215332,48.606666564941406,47.95333480834961,48.43000030517578,46.395042419433594,13699800,0.0,0.0
2023-01-17 00:00:00-05:00,48.43000030517578,48.56999969482422,48.06666564941406,48.13666534423828,46.11402893066406,15122400,0.0,0.0
2023-01-18 00:00:00-05:00,48.06666564941406,48.08333206176758,46.82666778564453,46.9466667175293,44.97403335571289,22674300,0.0,0.0
2023-01-19 00:00:00-05:00,47.130001068115234,47.176666259765625,46.26333236694336,46.276668548583984,44.332176208496094,17342100,0.0,0.0
2023-01-20 00:00:00-05:00,46.46666717529297,46.926666259765625,46.05666732788086,46.8466682434082,44.87822723388672,29543100,0.0,0.0
2023-01-23 00:00:00-05:00,46.81999969482422,47.66999816894531,46.733333587646484,47.54666519165039,45.54882049560547,13149900,0.0,0.0
2023-01-24 00:00:00-05:00,48.849998474121094,48.849998474121094,47.0,47.67333221435547,45.670169830322266,13669200,0.0,0.0
2023-01-25 00:00:00-05:00,47.413333892822266,47.61333465576172,46.79666519165039,47.4466667175293,45.45302200317383,12491700,0.0,0.0
2023-01-26 00:00:00-05:00,47.676666259765625,47.91666793823242,47.253334045410156,47.4033317565918,45.41151428222656,15819000,0.0,0.0
2023-01-27 00:00:00-05:00,47.53333282470703,48.15666580200195,47.25,47.766666412353516,45.759578704833984,18412800,0.0,0.0
2023-01-30 00:00:00-05:00,47.37333297729492,47.483333587646484,47.09000015258789,47.383331298828125,45.39234924316406,15897600,0.0,0.0
2023-01-31 00:00:00-05:00,47.439998626708984,47.959999084472656,47.220001220703125,47.956668853759766,45.94160079956055,14103600,0.0,0.0
2023-02-01 00:00:00-05:00,47.88666534423828,48.53666687011719,47.56666564941406,48.223331451416016,46.197052001953125,12849300,0.0,0.0
2023-02-02 00:00:00-05:00,48.13666534423828,48.28666687011719,47.64666748046875,47.87333297729492,45.86176300048828,17806800,0.0,0.0
2023-02-03 00:00:00-05:00,47.78666687011719,47.98666763305664,46.95333480834961,47.23666763305664,45.251853942871094,17155500,0.0,0.0
2023-02-06 00:00:00-05:00,47.27333450317383,47.366668701171875,46.676666259765625,46.893333435058594,44.92293930053711,17454000,0.0,0.0
2023-02-07 00:00:00-05:00,46.59000015258789,47.099998474121094,46.22999954223633,46.99333190917969,45.01873016357422,16341300,0.0,0.0
2023-02-08 00:00:00-05:00,46.776668548583984,47.03333282470703,46.663333892822266,46.7400016784668,44.77605056762695,11691300,0.0,0.0
2023-02-09 00:00:00-05:00,46.956668853759766,47.313331604003906,46.856666564941406,47.17333221435547,45.1911735534668,13064400,0.0,0.0
2023-02-10 00:00:00-05:00,47.6966667175293,47.97999954223633,47.38999938964844,47.90666580200195,45.8936882019043,15002700,0.0,0.0
2023-02-13 00:00:00-05:00,48.23666763305664,48.706668853759766,48.16999816894531,48.63666534423828,46.593017578125,16015800,0.0,0.0
2023-02-14 00:00:00-05:00,48.57666778564453,49.043331146240234,48.186668395996094,48.496665954589844,46.45890808105469,13831200,0.0,0.0
2023-02-15 00:00:00-05:00,48.31999969482422,48.866668701171875,48.186668395996094,48.856666564941406,46.80377197265625,14674200,0.0,0.0
2023-02-16 00:00:00-05:00,48.49333190917969,48.663333892822266,48.060001373291016,48.09000015258789,46.0693244934082,16312200,0.0,0.0
2023-02-17 00:00:00-05:00,48.369998931884766,48.89666748046875,48.189998626708984,48.813331604003906,46.762264251708984,24770700,0.0,0.0
2023-02-21 00:00:00-05:00,47.62666702270508,49.4466667175293,47.383331298828125,49.11000061035156,47.046470642089844,54393900,0.0,0.0
2023-02-22 00:00:00-05:00,48.92333221435547,49.189998626708984,47.586666107177734,48.08000183105469,46.05974197387695,29844000,0.0,0.0
2023-02-23 00:00:00-05:00,48.12333297729492,48.12333297729492,46.9033317565918,47.36333465576172,45.373191833496094,22021200,0.0,0.0
2023-02-24 00:00:00-05:00,46.9466667175293,47.58000183105469,46.5099983215332,47.4900016784668,45.494537353515625,20623500,0.0,0.0
2023-02-27 00:00:00-05:00,47.56999969482422,47.6966667175293,46.88666534423828,47.14666748046875,45.16562271118164,16647300,0.0,0.0
2023-02-28 00:00:00-05:00,47.0,47.54999923706055,46.983333587646484,47.37666702270508,45.385963439941406,18054000,0.0,0.0
2023-03-01 00:00:00-05:00,47.02000045776367,47.09333419799805,46.456668853759766,46.71666717529297,44.75369644165039,14180100,0.0,0.0
2023-03-02 00:00:00-05:00,46.61333465576172,46.913333892822266,46.5,46.83333206176758,44.8654670715332,14785500,0.0,0.0
2023-03-03 00:00:00-05:00,47.01333236694336,47.063331604003906,46.59000015258789,46.88999938964844,44.919742584228516,16888800,0.0,0.0
2023-03-06 00:00:00-05:00,46.83333206176758,46.99333190917969,46.67333221435547,46.883331298828125,44.913352966308594,16720800,0.0,0.0
2023-03-07 00:00:00-05:00,47.060001373291016,47.22666549682617,46.26333236694336,46.41666793823242,44.4662971496582,17387400,0.0,0.0
2023-03-08 00:00:00-05:00,46.186668395996094,46.30666732788086,45.7599983215332,46.03333282470703,44.09907150268555,19090800,0.0,0.0
2023-03-09 00:00:00-05:00,46.276668548583984,46.32666778564453,45.63999938964844,45.723331451416016,43.802093505859375,15415800,0.0,0.0
2023-03-10 00:00:00-05:00,45.67333221435547,46.09333419799805,45.36333465576172,45.65666580200195,43.73823165893555,20065200,0.0,0.0
2023-03-13 00:00:00-04:00,45.560001373291016,46.16666793823242,45.526668548583984,45.790000915527344,43.865966796875,28142100,0.0,0.0
2023-03-14 00:00:00-04:00,45.89666748046875,46.09000015258789,45.66666793823242,46.03333282470703,44.09907150268555,25542600,0.0,0.0
2023-03-15 00:00:00-04:00,45.630001068115234,46.60333251953125,45.56999969482422,46.54666519165039,44.59083557128906,33133500,0.0,0.0
2023-03-16 00:00:00-04:00,46.47666549682617,46.54999923706055,45.959999084472656,46.09333419799805,44.3375358581543,28905600,0.19,0.0
2023-03-17 00:00:00-04:00,46.063331604003906,46.496665954589844,45.86333465576172,46.46666717529297,44.69664764404297,43081200,0.0,0.0
2023-03-20 00:00:00-04:00,46.70000076293945,47.30666732788086,46.60333251953125,46.96666717529297,45.1776008605957,33928500,0.0,0.0
2023-03-21 00:00:00-04:00,47.130001068115234,47.130001068115234,46.5099983215332,46.80666732788086,45.02370071411133,19013400,0.0,0.0
2023-03-22 00:00:00-04:00,46.880001068115234,47.073333740234375,46.48666763305664,46.50666809082031,44.73512268066406,18548400,0.0,0.0
2023-03-23 00:00:00-04:00,46.733333587646484,47.20333480834961,46.496665954589844,46.883331298828125,45.097434997558594,22044300,0.0,0.0
2023-03-24 00:00:00-04:00,47.003334045410156,47.4900016784668,46.866668701171875,47.266666412353516,45.4661750793457,22752300,0.0,0.0
2023-03-27 00:00:00-04:00,47.5966682434082,48.32666778564453,47.59333419799805,48.05666732788086,46.2260856628418,26775600,0.0,0.0
2023-03-28 00:00:00-04:00,47.883331298828125,48.13666534423828,47.68333435058594,47.869998931884766,46.04652404785156,21282900,0.0,0.0
2023-03-29 00:00:00-04:00,48.12333297729492,48.31999969482422,47.81666564941406,48.07666778564453,46.24532699584961,24216900,0.0,0.0
2023-03-30 00:00:00-04:00,48.5,48.866668701171875,48.34000015258789,48.55666732788086,46.707035064697266,21879000,0.0,0.0
2023-03-31 00:00:00-04:00,48.86000061035156,49.47999954223633,48.823333740234375,49.150001525878906,47.27776336669922,20868000,0.0,0.0
2023-04-03 00:00:00-04:00,49.24333190917969,49.650001525878906,49.16666793823242,49.563331604003906,47.675357818603516,19766700,0.0,0.0
2023-04-04 00:00:00-04:00,49.5099983215332,49.5966682434082,49.00666809082031,49.07666778564453,47.20722961425781,18113700,0.0,0.0
2023-04-05 00:00:00-04:00,49.05666732788086,49.959999084472656,49.04666519165039,49.88999938964844,47.98958206176758,26540700,0.0,0.0
2023-04-06 00:00:00-04:00,49.599998474121094,50.3466682434082,49.50666809082031,50.266666412353516,48.35189437866211,17891700,0.0,0.0
2023-04-10 00:00:00-04:00,50.119998931884766,50.37333297729492,49.92333221435547,50.16999816894531,48.2589111328125,14519100,0.0,0.0
2023-04-11 00:00:00-04:00,50.33333206176758,50.33333206176758,49.87333297729492,50.02333450317383,48.11783981323242,18370500,0.0,0.0
2023-04-12 00:00:00-04:00,49.93000030517578,50.323333740234375,49.723331451416016,49.779998779296875,47.88376235961914,11209800,0.0,0.0
2023-04-13 00:00:00-04:00,49.883331298828125,50.0,49.400001525878906,49.83000183105469,47.93186950683594,13272600,0.0,0.0
2023-04-14 00:00:00-04:00,49.676666259765625,49.96333312988281,49.383331298828125,49.49333190917969,47.60801696777344,10464900,0.0,0.0
2023-04-17 00:00:00-04:00,49.54666519165039,49.88999938964844,49.5,49.84000015258789,47.94148635864258,16166700,0.0,0.0
2023-04-18 00:00:00-04:00,49.926666259765625,50.11333465576172,49.813331604003906,49.95000076293945,48.04729461669922,13482300,0.0,0.0
2023-04-19 00:00:00-04:00,50.279998779296875,50.470001220703125,49.92333221435547,50.003334045410156,48.098594665527344,12433500,0.0,0.0
2023-04-20 00:00:00-04:00,50.06999969482422,50.46333312988281,49.866668701171875,50.323333740234375,48.40640640258789,13641600,0.0,0.0
2023-04-21 00:00:00-04:00,50.6533317565918,50.766666412353516,50.393333435058594,50.57666778564453,48.650089263916016,25335000,0.0,0.0
2023-04-24 00:00:00-04:00,50.56999969482422,50.983333587646484,50.56999969482422,50.91999816894531,48.9803466796875,13579500,0.0,0.0
2023-04-25 00:00:00-04:00,51.0966682434082,51.25,50.44333267211914,50.52333450317383,48.59878921508789,17246700,0.0,0.0
2023-04-26 00:00:00-04:00,50.32666778564453,50.470001220703125,50.073333740234375,50.3033332824707,48.38716506958008,12910200,0.0,0.0
2023-04-27 00:00:00-04:00,50.2599983215332,50.64666748046875,50.2599983215332,50.459999084472656,48.53786849975586,12861000,0.0,0.0
2023-04-28 00:00:00-04:00,50.43000030517578,50.723331451416016,50.060001373291016,50.323333740234375,48.40640640258789,14088600,0.0,0.0
2023-05-01 00:00:00-04:00,50.3466682434082,50.8466682434082,50.310001373291016,50.529998779296875,48.605201721191406,11409600,0.0,0.0
2023-05-02 00:00:00-04:00,50.4900016784668,50.496665954589844,49.81999969482422,50.393333435058594,48.47373580932617,11329500,0.0,0.0
2023-05-03 00:00:00-04:00,50.52000045776367,50.70000076293945,50.09000015258789,50.206668853759766,48.294185638427734,12334500,0.0,0.0
2023-05-04 00:00:00-04:00,50.18333435058594,50.33000183105469,49.83000183105469,50.15666580200195,48.42936706542969,14011200,0.19,0.0
2023-05-05 00:00:00-04:00,50.099998474121094,50.66999816894531,49.94333267211914,50.59000015258789,48.84777069091797,14556000,0.0,0.0
2023-05-08 00:00:00-04:00,50.42333221435547,50.983333587646484,50.35333251953125,50.90666580200195,49.15353775024414,14926200,0.0,0.0
2023-05-09 00:00:00-04:00,50.90666580200195,51.060001373291016,50.779998779296875,50.99333190917969,49.23721694946289,15209700,0.0,0.0
2023-05-10 00:00:00-04:00,51.22999954223633,51.45000076293945,50.40999984741211,50.849998474121094,49.098812103271484,15827700,0.0,0.0
2023-05-11 00:00:00-04:00,50.849998474121094,51.09000015258789,50.66666793823242,51.040000915527344,49.28227996826172,11926800,0.0,0.0
2023-05-12 00:00:00-04:00,51.20000076293945,51.356666564941406,50.9033317565918,51.02333450317383,49.26618576049805,16119300,0.0,0.0
2023-05-15 00:00:00-04:00,51.16666793823242,51.28333282470703,50.459999084472656,50.62666702270508,48.883182525634766,16113900,0.0,0.0
2023-05-16 00:00:00-04:00,50.28333282470703,50.5099983215332,49.856666564941406,49.926666259765625,48.2072868347168,15512100,0.0,0.0
2023-05-17 00:00:00-04:00,50.380001068115234,50.383331298828125,49.56999969482422,49.84333419799805,48.1268196105957,26985900,0.0,0.0
2023-05-18 00:00:00-04:00,50.599998474121094,51.43000030517578,49.983333587646484,50.4900016784668,48.751216888427734,46768500,0.0,0.0
2023-05-19 00:00:00-04:00,50.46666717529297,50.48666763305664,49.70333480834961,49.970001220703125,48.24912643432617,27594000,0.0,0.0
2023-05-22 00:00:00-04:00,49.900001525878906,50.026668548583984,49.43000030517578,49.529998779296875,47.82427978515625,16117800,0.0,0.0
2023-05-23 00:00:00-04:00,49.336666107177734,49.619998931884766,49.026668548583984,49.436668395996094,47.73415756225586,16302300,0.0,0.0
2023-05-24 00:00:00-04:00,49.503334045410156,49.51333236694336,48.766666412353516,49.209999084472656,47.515296936035156,20515200,0.0,0.0
2023-05-25 00:00:00-04:00,48.959999084472656,49.14666748046875,48.36333465576172,48.720001220703125,47.04217529296875,21299100,0.0,0.0
2023-05-26 00:00:00-04:00,48.56666564941406,48.939998626708984,48.4900016784668,48.80666732788086,47.125850677490234,15720900,0.0,0.0
2023-05-30 00:00:00-04:00,48.766666412353516,49.0966682434082,48.53333282470703,48.686668395996094,47.00999069213867,15742500,0.0,0.0
2023-05-31 00:00:00-04:00,48.473331451416016,49.10333251953125,48.336666107177734,48.956668853759766,47.270694732666016,30130800,0.0,0.0
2023-06-01 00:00:00-04:00,48.73666763305664,49.29999923706055,48.64666748046875,49.13666534423828,47.44449234008789,20239200,0.0,0.0
2023-06-02 00:00:00-04:00,49.073333740234375,49.66999816894531,49.03333282470703,49.606666564941406,47.89830780029297,19178100,0.0,0.0
2023-06-05 00:00:00-04:00,49.790000915527344,50.41666793823242,49.790000915527344,49.93333435058594,48.21371841430664,15553200,0.0,0.0
2023-06-06 00:00:00-04:00,49.900001525878906,50.063331604003906,49.503334045410156,49.926666259765625,48.2072868347168,15015600,0.0,0.0
2023-06-07 00:00:00-04:00,49.75,50.119998931884766,49.68000030517578,50.0,48.2780876159668,24256500,0.0,0.0
2023-06-08 00:00:00-04:00,50.130001068115234,50.810001373291016,49.93000030517578,50.723331451416016,48.97650909423828,18873000,0.0,0.0
2023-06-09 00:00:00-04:00,50.720001220703125,51.2400016784668,50.53333282470703,51.029998779296875,49.27261734008789,15603900,0.0,0.0
2023-06-12 00:00:00-04:00,51.143333435058594,51.43333435058594,51.05666732788086,51.366668701171875,49.59770202636719,14713500,0.0,0.0
2023-06-13 00:00:00-04:00,51.50666809082031,51.836666107177734,51.356666564941406,51.766666412353516,49.983917236328125,15738900,0.0,0.0
2023-06-14 00:00:00-04:00,51.970001220703125,52.44333267211914,51.869998931884766,52.290000915527344,50.489227294921875,21103200,0.0,0.0
2023-06-15 00:00:00-04:00,52.33333206176758,52.74333190917969,52.32666778564453,52.57666778564453,50.766021728515625,18160500,0.0,0.0
2023-06-16 00:00:00-04:00,52.69333267211914,52.71666717529297,51.7599983215332,51.84333419799805,50.057945251464844,34675800,0.0,0.0
2023-06-20 00:00:00-04:00,51.56666564941406,51.81666564941406,51.293331146240234,51.38666534423828,49.61700439453125,19994400,0.0,0.0
2023-06-21 00:00:00-04:00,51.4033317565918,51.779998779296875,51.119998931884766,51.48666763305664,49.71356201171875,19251000,0.0,0.0
2023-06-22 00:00:00-04:00,51.65999984741211,52.026668548583984,51.49333190917969,51.91666793823242,50.128746032714844,13307400,0.0,0.0
2023-06-23 00:00:00-04:00,51.959999084472656,52.0966682434082,51.67333221435547,51.81999969482422,50.0354118347168,18975000,0.0,0.0
2023-06-26 00:00:00-04:00,51.883331298828125,51.926666259765625,51.439998626708984,51.68333435058594,49.90345001220703,14106300,0.0,0.0
2023-06-27 00:00:00-04:00,51.383331298828125,51.95000076293945,51.35333251953125,51.496665954589844,49.72322082519531,12093600,0.0,0.0
2023-06-28 00:00:00-04:00,51.57666778564453,51.893333435058594,51.54666519165039,51.776668548583984,49.99357986450195,18889800,0.0,0.0
2023-06-29 00:00:00-04:00,51.503334045410156,51.58333206176758,51.04666519165039,51.426666259765625,49.65562057495117,21530400,0.0,0.0
2023-06-30 00:00:00-04:00,51.65666580200195,52.5099983215332,51.59333419799805,52.393333435058594,50.5890007019043,19073100,0.0,0.0
2023-07-03 00:00:00-04:00,52.27000045776367,52.813331604003906,52.11000061035156,52.733333587646484,50.917293548583984,8647500,0.0,0.0
2023-07-05 00:00:00-04:00,52.720001220703125,53.040000915527344,52.4466667175293,52.70333480834961,50.88832473754883,17585400,0.0,0.0
2023-07-06 00:00:00-04:00,52.643333435058594,52.72666549682617,52.290000915527344,52.369998931884766,50.566471099853516,14427000,0.0,0.0
2023-07-07 00:00:00-04:00,51.936668395996094,52.0966682434082,51.150001525878906,51.163333892822266,49.4013557434082,19774800,0.0,0.0
2023-07-10 00:00:00-04:00,51.52000045776367,51.83333206176758,51.439998626708984,51.62666702270508,49.84872817993164,12967800,0.0,0.0
2023-07-11 00:00:00-04:00,51.59000015258789,51.836666107177734,51.28666687011719,51.54999923706055,49.77470397949219,11460900,0.0,0.0
2023-07-12 00:00:00-04:00,51.77000045776367,51.96333312988281,51.606666564941406,51.68000030517578,49.90022659301758,16509900,0.0,0.0
2023-07-13 00:00:00-04:00,51.810001373291016,51.866668701171875,51.22999954223633,51.37666702270508,49.60735321044922,11859600,0.0,0.0
2023-07-14 00:00:00-04:00,51.37333297729492,51.55666732788086,51.19333267211914,51.5533332824707,49.77792739868164,10427400,0.0,0.0
2023-07-17 00:00:00-04:00,51.46666717529297,51.65999984741211,51.27333450317383,51.616668701171875,49.839073181152344,10135200,0.0,0.0
2023-07-18 00:00:00-04:00,51.55666732788086,51.88666534423828,51.28666687011719,51.52333450317383,49.748966217041016,13437300,0.0,0.0
2023-07-19 00:00:00-04:00,51.599998474121094,51.733333587646484,51.25,51.540000915527344,49.76505661010742,12372900,0.0,0.0
2023-07-20 00:00:00-04:00,51.643333435058594,52.516666412353516,51.633331298828125,52.49333190917969,50.6855583190918,14987700,0.0,0.0
2023-07-21 00:00:00-04:00,52.633331298828125,52.926666259765625,52.47999954223633,52.790000915527344,50.97201156616211,16960500,0.0,0.0
2023-07-24 00:00:00-04:00,52.81666564941406,53.15999984741211,52.52000045776367,53.099998474121094,51.27132797241211,12529800,0.0,0.0
2023-07-25 00:00:00-04:00,53.48666763305664,53.503334045410156,52.7599983215332,53.05666732788086,51.229496002197266,15553800,0.0,0.0
2023-07-26 00:00:00-04:00,53.08000183105469,53.563331604003906,52.97999954223633,53.246665954589844,51.41294860839844,15094200,0.0,0.0
2023-07-27 00:00:00-04:00,53.36000061035156,53.54666519165039,53.043331146240234,53.0533332824707,51.22627258300781,13400400,0.0,0.0
2023-07-28 00:00:00-04:00,53.0966682434082,53.64666748046875,53.0966682434082,53.3033332824707,51.4676628112793,11020200,0.0,0.0
2023-07-31 00:00:00-04:00,53.31999969482422,53.54666519165039,52.970001220703125,53.28666687011719,51.45156478881836,13033200,0.0,0.0
2023-08-01 00:00:00-04:00,53.31666564941406,53.483333587646484,52.98666763305664,53.03666687011719,51.210174560546875,11782500,0.0,0.0
2023-08-02 00:00:00-04:00,52.84333419799805,53.47666549682617,52.84333419799805,53.073333740234375,51.245574951171875,12660000,0.0,0.0
2023-08-03 00:00:00-04:00,53.00666809082031,53.16666793823242,52.836666107177734,53.086666107177734,51.258453369140625,13202700,0.0,0.0
2023-08-04 00:00:00-04:00,53.253334045410156,53.41666793823242,52.6533317565918,52.779998779296875,50.96235275268555,14262000,0.0,0.0
2023-08-07 00:00:00-04:00,53.16666793823242,53.73666763305664,53.03666687011719,53.496665954589844,51.654335021972656,14268900,0.0,0.0
2023-08-08 00:00:00-04:00,53.663333892822266,53.87333297729492,53.16999816894531,53.54999923706055,51.705833435058594,11017500,0.0,0.0
2023-08-09 00:00:00-04:00,53.63666534423828,54.03333282470703,53.56999969482422,53.63666534423828,51.789520263671875,13209600,0.0,0.0
2023-08-10 00:00:00-04:00,53.5966682434082,53.91666793823242,53.34333419799805,53.41999816894531,51.763675689697266,15169500,0.19,0.0
2023-08-11 00:00:00-04:00,53.516666412353516,53.94333267211914,53.366668701171875,53.733333587646484,52.067291259765625,14195100,0.0,0.0
2023-08-14 00:00:00-04:00,54.0,54.2599983215332,53.060001373291016,53.33333206176758,51.6796989440918,20813700,0.0,0.0
2023-08-15 00:00:00-04:00,53.18000030517578,53.5966682434082,52.973331451416016,53.060001373291016,51.41483688354492,14559300,0.0,0.0
2023-08-16 00:00:00-04:00,53.293331146240234,53.65666580200195,52.790000915527344,53.086666107177734,51.440677642822266,26980800,0.0,0.0
2023-08-17 00:00:00-04:00,53.633331298828125,53.71333312988281,51.67333221435547,51.89666748046875,50.28757858276367,53614200,0.0,0.0
2023-08-18 00:00:00-04:00,51.77000045776367,53.223331451416016,51.77000045776367,52.643333435058594,51.01109313964844,27954900,0.0,0.0
2023-08-21 00:00:00-04:00,52.543331146240234,52.9466667175293,52.3466682434082,52.503334045410156,50.87542724609375,15679200,0.0,0.0
2023-08-22 00:00:00-04:00,52.323333740234375,52.436668395996094,52.08000183105469,52.336666107177734,50.713932037353516,16670700,0.0,0.0
2023-08-23 00:00:00-04:00,52.20333480834961,52.79999923706055,52.16999816894531,52.70000076293945,51.06600570678711,14210400,0.0,0.0
2023-08-24 00:00:00-04:00,52.709999084472656,53.07666778564453,52.27333450317383,52.29666519165039,50.6751708984375,14033100,0.0,0.0
2023-08-25 00:00:00-04:00,52.393333435058594,52.68000030517578,52.18000030517578,52.606666564941406,50.975563049316406,12267000,0.0,0.0
2023-08-28 00:00:00-04:00,52.619998931884766,52.94333267211914,52.619998931884766,52.90666580200195,51.26626205444336,11871000,0.0,0.0
2023-08-29 00:00:00-04:00,53.0,53.40999984741211,52.95333480834961,53.349998474121094,51.69584655761719,12702300,0.0,0.0
2023-08-30 00:00:00-04:00,53.46666717529297,53.76333236694336,53.30666732788086,53.733333587646484,52.067291259765625,10967700,0.0,0.0
2023-08-31 00:00:00-04:00,53.706668853759766,54.33000183105469,53.6533317565918,54.20333480834961,52.52272415161133,19582800,0.0,0.0
2023-09-01 00:00:00-04:00,54.290000915527344,54.31999969482422,53.383331298828125,53.856666564941406,52.18680953979492,12553500,0.0,0.0
2023-09-05 00:00:00-04:00,53.95000076293945,54.266666412353516,53.393333435058594,53.42333221435547,51.76690673828125,15209400,0.0,0.0
2023-09-06 00:00:00-04:00,53.46666717529297,54.05666732788086,53.3033332824707,53.823333740234375,52.154502868652344,14594700,0.0,0.0
2023-09-07 00:00:00-04:00,54.0,54.49333190917969,53.83000183105469,54.4900016784668,52.80050277709961,19120800,0.0,0.0
2023-09-08 00:00:00-04:00,54.49333190917969,54.619998931884766,54.356666564941406,54.59000015258789,52.897396087646484,12667200,0.0,0.0
2023-09-11 00:00:00-04:00,54.66666793823242,54.82666778564453,54.5533332824707,54.779998779296875,53.081504821777344,11912100,0.0,0.0
2023-09-12 00:00:00-04:00,54.83333206176758,54.97666549682617,54.68000030517578,54.84000015258789,53.139652252197266,11757300,0.0,0.0
2023-09-13 00:00:00-04:00,54.97666549682617,55.28333282470703,54.790000915527344,54.85333251953125,53.152565002441406,14364300,0.0,0.0
2023-09-14 00:00:00-04:00,55.0,55.246665954589844,54.8033332824707,55.08333206176758,53.37543487548828,14923800,0.0,0.0
2023-09-15 00:00:00-04:00,55.06999969482422,55.220001220703125,54.59000015258789,54.880001068115234,53.178409576416016,63925200,0.0,0.0
2023-09-18 00:00:00-04:00,54.893333435058594,55.06666564941406,54.41666793823242,54.473331451416016,52.78434753417969,12997800,0.0,0.0
2023-09-19 00:00:00-04:00,54.459999084472656,54.59333419799805,54.116668701171875,54.459999084472656,52.77143478393555,14019600,0.0,0.0
2023-09-20 00:00:00-04:00,54.53333282470703,54.9033317565918,54.31999969482422,54.63666534423828,52.9426155090332,10120800,0.0,0.0
2023-09-21 00:00:00-04:00,54.753334045410156,54.83333206176758,53.93000030517578,53.973331451416016,52.29985046386719,18782400,0.0,0.0
2023-09-22 00:00:00-04:00,54.07666778564453,54.40999984741211,53.973331451416016,54.116668701171875,52.43873977661133,13215000,0.0,0.0
2023-09-25 00:00:00-04:00,54.12333297729492,54.369998931884766,53.956668853759766,54.356666564941406,52.67129135131836,10459500,0.0,0.0
2023-09-26 00:00:00-04:00,54.313331604003906,54.51333236694336,54.116668701171875,54.16666793823242,52.4871940612793,14435700,0.0,0.0
2023-09-27 00:00:00-04:00,54.0,54.07666778564453,53.43000030517578,53.90666580200195,52.235252380371094,15711000,0.0,0.0
2023-09-28 00:00:00-04:00,54.0,54.276668548583984,53.86333465576172,54.18000030517578,52.50011444091797,11617200,0.0,0.0
2023-09-29 00:00:00-04:00,54.34333419799805,54.37666702270508,53.063331604003906,53.310001373291016,51.65708923339844,18842400,0.0,0.0
2023-10-02 00:00:00-04:00,53.163333892822266,53.42333221435547,52.77000045776367,53.366668701171875,51.71200942993164,12992700,0.0,0.0
2023-10-03 00:00:00-04:00,53.22999954223633,53.58333206176758,52.893333435058594,53.029998779296875,51.38576889038086,11253300,0.0,0.0
2023-10-04 00:00:00-04:00,53.21666717529297,53.68333435058594,53.003334045410156,53.66666793823242,52.0026969909668,15755700,0.0,0.0
2023-10-05 00:00:00-04:00,53.483333587646484,53.6533317565918,53.0,53.026668548583984,51.38254165649414,14269500,0.0,0.0
2023-10-06 00:00:00-04:00,52.883331298828125,52.996665954589844,50.54999923706055,52.13666534423828,50.52012634277344,42616200,0.0,0.0
2023-10-09 00:00:00-04:00,51.69333267211914,51.95000076293945,51.086666107177734,51.9466667175293,50.336029052734375,21022500,0.0,0.0
2023-10-10 00:00:00-04:00,52.07666778564453,52.69333267211914,51.88666534423828,52.53333282470703,50.90449523925781,16014300,0.0,0.0
2023-10-11 00:00:00-04:00,52.753334045410156,53.163333892822266,52.3466682434082,52.74333190917969,51.10799026489258,12026100,0.0,0.0
2023-10-12 00:00:00-04:00,52.84333419799805,53.10333251953125,52.59000015258789,52.983333587646484,51.340545654296875,13514100,0.0,0.0
2023-10-13 00:00:00-04:00,53.086666107177734,53.48666763305664,52.96666717529297,53.276668548583984,51.62479019165039,13809000,0.0,0.0
2023-10-16 00:00:00-04:00,53.51333236694336,54.026668548583984,53.439998626708984,53.73666763305664,52.07052230834961,14348100,0.0,0.0
2023-10-17 00:00:00-04:00,53.58000183105469,53.9033317565918,53.46333312988281,53.80666732788086,52.13835906982422,10893000,0.0,0.0
2023-10-18 00:00:00-04:00,53.959999084472656,54.119998931884766,53.573333740234375,53.8466682434082,52.17711639404297,10559100,0.0,0.0
2023-10-19 00:00:00-04:00,53.810001373291016,53.939998626708984,53.40666580200195,53.59000015258789,51.92840576171875,11745900,0.0,0.0
2023-10-20 00:00:00-04:00,53.61000061035156,53.70000076293945,52.9033317565918,52.91999816894531,51.279178619384766,15056700,0.0,0.0
2023-10-23 00:00:00-04:00,52.90999984741211,53.78333282470703,52.67333221435547,53.66999816894531,52.00592041015625,17097000,0.0,0.0
2023-10-24 00:00:00-04:00,53.79999923706055,54.49333190917969,53.79666519165039,54.41666793823242,52.72943878173828,17535000,0.0,0.0
2023-10-25 00:00:00-04:00,54.38666534423828,54.776668548583984,54.15666580200195,54.253334045410156,52.57117462158203,16621800,0.0,0.0
2023-10-26 00:00:00-04:00,54.23666763305664,54.616668701171875,53.869998931884766,53.92333221435547,52.251407623291016,16220100,0.0,0.0
2023-10-27 00:00:00-04:00,53.82666778564453,53.9900016784668,53.516666412353516,53.723331451416016,52.05760192871094,13829700,0.0,0.0
2023-10-30 00:00:00-04:00,53.81999969482422,54.41999816894531,53.5966682434082,54.34000015258789,52.655155181884766,12653700,0.0,0.0
2023-10-31 00:00:00-04:00,54.33333206176758,54.540000915527344,53.983333587646484,54.470001220703125,52.78112030029297,14168400,0.0,0.0
2023-11-01 00:00:00-04:00,54.73666763305664,55.12666702270508,54.32666778564453,54.956668853759766,53.25270080566406,14899500,0.0,0.0
2023-11-02 00:00:00-04:00,54.793331146240234,55.39666748046875,54.543331146240234,55.17333221435547,53.462642669677734,15492300,0.0,0.0
2023-11-03 00:00:00-04:00,55.293331146240234,55.43333435058594,54.83333206176758,54.88666534423828,53.18486404418945,17240100,0.0,0.0
2023-11-06 00:00:00-05:00,54.83333206176758,55.209999084472656,54.689998626708984,54.959999084472656,53.255924224853516,14529000,0.0,0.0
2023-11-07 00:00:00-05:00,55.25666809082031,55.53666687011719,55.11000061035156,55.21666717529297,53.504642486572266,15023400,0.0,0.0
2023-11-08 00:00:00-05:00,55.279998779296875,55.426666259765625,54.526668548583984,54.766666412353516,53.06858825683594,15591900,0.0,0.0
2023-11-09 00:00:00-05:00,54.790000915527344,54.84000015258789,54.41666793823242,54.63999938964844,52.94584655761719,15080100,0.0,0.0
2023-11-10 00:00:00-05:00,54.849998474121094,55.47999954223633,54.633331298828125,55.39666748046875,53.67905044555664,14319900,0.0,0.0
2023-11-13 00:00:00-05:00,55.459999084472656,55.956668853759766,55.349998474121094,55.893333435058594,54.16032028198242,15408900,0.0,0.0
2023-11-14 00:00:00-05:00,56.05666732788086,56.383331298828125,55.75,55.883331298828125,54.150634765625,19792500,0.0,0.0
2023-11-15 00:00:00-05:00,56.12666702270508,56.64666748046875,55.836666107177734,56.59333419799805,54.838623046875,35769900,0.0,0.0
2023-11-16 00:00:00-05:00,52.91666793823242,53.150001525878906,51.83333206176758,52.01333236694336,50.40062713623047,97658700,0.0,0.0
2023-11-17 00:00:00-05:00,51.983333587646484,52.51333236694336,51.66999816894531,51.78333282470703,50.17775344848633,42487800,0.0,0.0
2023-11-20 00:00:00-05:00,51.8466682434082,52.003334045410156,51.66999816894531,51.766666412353516,50.16160583496094,26663100,0.0,0.0
2023-11-21 00:00:00-05:00,51.81999969482422,52.28333282470703,51.37666702270508,51.95333480834961,50.342491149902344,29382300,0.0,0.0
2023-11-22 00:00:00-05:00,51.90666580200195,52.016666412353516,51.459999084472656,51.55666732788086,49.958126068115234,26416500,0.0,0.0
2023-11-24 00:00:00-05:00,51.71666717529297,52.043331146240234,51.56666564941406,52.02000045776367,50.40708541870117,13975200,0.0,0.0
2023-11-27 00:00:00-05:00,51.983333587646484,52.45333480834961,51.983333587646484,52.25666809082031,50.63641357421875,23393700,0.0,0.0
2023-11-28 00:00:00-05:00,52.220001220703125,52.973331451416016,52.220001220703125,52.880001068115234,51.24042510986328,23535000,0.0,0.0
2023-11-29 00:00:00-05:00,52.92333221435547,52.92333221435547,51.869998931884766,52.026668548583984,50.413543701171875,29896500,0.0,0.0
2023-11-30 00:00:00-05:00,52.00666809082031,52.116668701171875,51.503334045410156,51.89666748046875,50.28757858276367,29925900,0.0,0.0
2023-12-01 00:00:00-05:00,51.793331146240234,51.869998931884766,50.87666702270508,51.4466667175293,49.85152816772461,39273600,0.0,0.0
2023-12-04 00:00:00-05:00,51.106666564941406,51.643333435058594,51.10333251953125,51.43333435058594,49.8386116027832,24883200,0.0,0.0
2023-12-05 00:00:00-05:00,51.483333587646484,51.95000076293945,51.246665954589844,51.90999984741211,50.300498962402344,21883800,0.0,0.0
2023-12-06 00:00:00-05:00,51.849998474121094,51.94333267211914,51.21666717529297,51.3466682434082,49.7546272277832,26447400,0.0,0.0
2023-12-07 00:00:00-05:00,51.45000076293945,51.51333236694336,50.74333190917969,50.81999969482422,49.427188873291016,25362600,0.19,0.0
2023-12-08 00:00:00-05:00,50.66666793823242,50.73666763305664,50.08000183105469,50.28666687011719,48.908477783203125,34069500,0.0,0.0
2023-12-11 00:00:00-05:00,50.380001068115234,50.483333587646484,49.8466682434082,50.413333892822266,49.03166961669922,31883400,0.0,0.0
2023-12-12 00:00:00-05:00,50.40666580200195,50.56666564941406,50.07666778564453,50.45333480834961,49.07057571411133,21381900,0.0,0.0
2023-12-13 00:00:00-05:00,50.516666412353516,51.349998474121094,50.21333312988281,51.349998474121094,49.94266128540039,35348700,0.0,0.0
2023-12-14 00:00:00-05:00,51.17333221435547,51.313331604003906,50.643333435058594,50.723331451416016,49.33316421508789,30891300,0.0,0.0
2023-12-15 00:00:00-05:00,50.59333419799805,51.1533317565918,50.51333236694336,50.913333892822266,49.51795959472656,70003500,0.0,0.0
2023-12-18 00:00:00-05:00,51.116668701171875,51.689998626708984,51.043331146240234,51.65666580200195,50.24092483520508,26316000,0.0,0.0
2023-12-19 00:00:00-05:00,51.61333465576172,51.89666748046875,51.36333465576172,51.84333419799805,50.4224739074707,24417000,0.0,0.0
2023-12-20 00:00:00-05:00,51.80666732788086,52.04666519165039,51.206668853759766,51.23666763305664,49.83243942260742,21967800,0.0,0.0
2023-12-21 00:00:00-05:00,51.33333206176758,51.686668395996094,51.3033332824707,51.599998474121094,50.18580627441406,20087700,0.0,0.0
2023-12-22 00:00:00-05:00,51.81666564941406,52.383331298828125,51.720001220703125,52.21666717529297,50.78557586669922,19405500,0.0,0.0
2023-12-26 00:00:00-05:00,52.21666717529297,52.33000183105469,52.03666687011719,52.13666534423828,50.707763671875,11679900,0.0,0.0
2023-12-27 00:00:00-05:00,52.10333251953125,52.650001525878906,52.0533332824707,52.62666702270508,51.18433380126953,19896000,0.0,0.0
2023-12-28 00:00:00-05:00,52.59000015258789,52.776668548583984,52.5,52.52333450317383,51.083839416503906,16776000,0.0,0.0
2023-12-29 00:00:00-05:00,52.5099983215332,52.69333267211914,52.38666534423828,52.54999923706055,51.10977554321289,21948300,0.0,0.0
2024-01-02 00:00:00-05:00,52.41666793823242,53.18000030517578,52.39666748046875,53.0966682434082,51.641456604003906,23539800,0.0,0.0
2024-01-03 00:00:00-05:00,53.25666809082031,53.43333435058594,52.97666549682617,53.099998474121094,51.64469909667969,18756000,0.0,0.0
2024-01-04 00:00:00-05:00,53.06999969482422,53.18000030517578,52.496665954589844,52.586666107177734,51.14543914794922,19282500,0.0,0.0
2024-01-05 00:00:00-05:00,52.63999938964844,52.70000076293945,51.866668701171875,52.23666763305664,50.805030822753906,21709500,0.0,0.0
2024-01-08 00:00:00-05:00,52.233333587646484,52.76333236694336,52.22666549682617,52.75,51.30429458618164,20680800,0.0,0.0
2024-01-09 00:00:00-05:00,52.643333435058594,53.11333465576172,52.57666778564453,53.10333251953125,51.6479377746582,23322300,0.0,0.0
2024-01-10 00:00:00-05:00,53.186668395996094,53.83333206176758,53.186668395996094,53.76333236694336,52.28985595703125,20121900,0.0,0.0
2024-01-11 00:00:00-05:00,53.78333282470703,53.96333312988281,53.38999938964844,53.70333480834961,52.23149871826172,14355300,0.0,0.0
2024-01-12 00:00:00-05:00,53.790000915527344,53.8466682434082,53.459999084472656,53.77333450317383,52.299583435058594,13629000,0.0,0.0
2024-01-16 00:00:00-05:00,53.813331604003906,54.133331298828125,53.74333190917969,53.94333267211914,52.46492004394531,17032500,0.0,0.0
2024-01-17 00:00:00-05:00,53.793331146240234,53.996665954589844,53.543331146240234,53.689998626708984,52.21852493286133,14827800,0.0,0.0
2024-01-18 00:00:00-05:00,53.720001220703125,54.46333312988281,53.560001373291016,54.413333892822266,52.92204284667969,18190500,0.0,0.0
2024-01-19 00:00:00-05:00,54.47666549682617,54.52333450317383,53.813331604003906,54.12666702270508,52.64323425292969,19175400,0.0,0.0
2024-01-22 00:00:00-05:00,54.26333236694336,54.31666564941406,53.83333206176758,54.130001068115234,52.64647674560547,13938300,0.0,0.0
2024-01-23 00:00:00-05:00,54.040000915527344,54.28333282470703,53.92333221435547,54.266666412353516,52.779388427734375,12066600,0.0,0.0
2024-01-24 00:00:00-05:00,54.29999923706055,54.356666564941406,53.439998626708984,53.5,52.03373718261719,22932900,0.0,0.0
2024-01-25 00:00:00-05:00,53.79999923706055,54.290000915527344,53.473331451416016,54.279998779296875,52.7923583984375,16369500,0.0,0.0
2024-01-26 00:00:00-05:00,54.349998474121094,54.793331146240234,54.220001220703125,54.75666809082031,53.25596618652344,15746400,0.0,0.0
2024-01-29 00:00:00-05:00,54.78333282470703,55.13666534423828,54.50666809082031,55.01333236694336,53.505592346191406,18240300,0.0,0.0
2024-01-30 00:00:00-05:00,54.900001525878906,55.27000045776367,54.540000915527344,55.1966667175293,53.683902740478516,15270000,0.0,0.0
2024-01-31 00:00:00-05:00,55.93333435058594,55.93333435058594,55.03666687011719,55.08333206176758,53.57367706298828,26134800,0.0,0.0
2024-02-01 00:00:00-05:00,55.233333587646484,56.116668701171875,55.060001373291016,56.10333251953125,54.565731048583984,20792700,0.0,0.0
2024-02-02 00:00:00-05:00,56.04999923706055,56.86000061035156,55.973331451416016,56.52333450317383,54.974212646484375,21670800,0.0,0.0
2024-02-05 00:00:00-05:00,56.66999816894531,56.66999816894531,56.02333450317383,56.220001220703125,54.679195404052734,19145100,0.0,0.0
2024-02-06 00:00:00-05:00,56.26333236694336,56.650001525878906,56.11333465576172,56.60333251953125,55.05202102661133,14181300,0.0,0.0
2024-02-07 00:00:00-05:00,56.75666809082031,56.88666534423828,56.400001525878906,56.459999084472656,54.91261672973633,17082600,0.0,0.0
2024-02-08 00:00:00-05:00,56.459999084472656,56.849998474121094,56.380001068115234,56.456668853759766,54.90937805175781,14427900,0.0,0.0
2024-02-09 00:00:00-05:00,56.46333312988281,56.57666778564453,56.30666732788086,56.426666259765625,54.88019561767578,14329800,0.0,0.0
2024-02-12 00:00:00-05:00,56.40999984741211,56.78666687011719,56.349998474121094,56.766666412353516,55.210872650146484,14795100,0.0,0.0
2024-02-13 00:00:00-05:00,56.87333297729492,57.02333450317383,56.09000015258789,56.380001068115234,54.834808349609375,18574200,0.0,0.0
2024-02-14 00:00:00-05:00,56.25,56.293331146240234,55.8466682434082,56.20000076293945,54.65974426269531,18484500,0.0,0.0
2024-02-15 00:00:00-05:00,56.599998474121094,56.616668701171875,55.9900016784668,56.43000030517578,54.88343048095703,16948800,0.0,0.0
2024-02-16 00:00:00-05:00,56.76333236694336,57.310001373291016,56.43000030517578,56.78666687011719,55.23032760620117,22373400,0.0,0.0
2024-02-20 00:00:00-05:00,59.49333190917969,60.45000076293945,58.40999984741211,58.619998931884766,57.01340866088867,71788500,0.0,0.0
2024-02-21 00:00:00-05:00,58.33333206176758,58.526668548583984,57.599998474121094,57.900001525878906,56.313148498535156,40501500,0.0,0.0
2024-02-22 00:00:00-05:00,57.959999084472656,58.4900016784668,57.77000045776367,58.470001220703125,56.86752700805664,29512800,0.0,0.0
2024-02-23 00:00:00-05:00,58.6966667175293,59.21666717529297,58.436668395996094,58.52000045776367,56.916160583496094,74365800,0.0,0.0
2024-02-26 00:00:00-05:00,59.119998931884766,59.84000015258789,58.18000030517578,59.599998474121094,57.966548919677734,32154800,0.0,3.0
2024-02-27 00:00:00-05:00,59.63999938964844,59.79999923706055,59.220001220703125,59.59000015258789,57.95684051513672,18012700,0.0,0.0
2024-02-28 00:00:00-05:00,59.54999923706055,59.7599983215332,59.310001373291016,59.619998931884766,57.98601531982422,14803300,0.0,0.0
2024-02-29 00:00:00-05:00,59.45000076293945,59.4900016784668,58.59000015258789,58.61000061035156,57.00368881225586,29245100,0.0,0.0
2024-03-01 00:00:00-05:00,58.79999923706055,58.849998474121094,58.20000076293945,58.7599983215332,57.149574279785156,19030900,0.0,0.0
2024-03-04 00:00:00-05:00,58.5,59.38999938964844,58.400001525878906,59.29999923706055,57.674774169921875,16033300,0.0,0.0
2024-03-05 00:00:00-05:00,59.869998931884766,60.34000015258789,59.58000183105469,60.040000915527344,58.394508361816406,19676900,0.0,0.0
2024-03-06 00:00:00-05:00,60.119998931884766,60.619998931884766,60.040000915527344,60.56999969482422,58.909976959228516,12698700,0.0,0.0
2024-03-07 00:00:00-05:00,61.0,61.06999969482422,60.349998474121094,60.36000061035156,58.70573043823242,16195300,0.0,0.0
2024-03-08 00:00:00-05:00,60.0,60.279998779296875,59.72999954223633,60.119998931884766,58.47230911254883,12143600,0.0,0.0
2024-03-11 00:00:00-04:00,60.099998474121094,60.709999084472656,59.869998931884766,60.65999984741211,58.997501373291016,14154000,0.0,0.0
2024-03-12 00:00:00-04:00,60.95000076293945,61.56999969482422,60.650001525878906,61.40999984741211,59.72695541381836,16613100,0.0,0.0
2024-03-13 00:00:00-04:00,61.2599983215332,61.459999084472656,60.880001068115234,61.279998779296875,59.60050582885742,15935200,0.0,0.0
2024-03-14 00:00:00-04:00,61.279998779296875,61.439998626708984,60.599998474121094,61.02000045776367,59.549766540527344,16584700,0.208,0.0
2024-03-15 00:00:00-04:00,60.68000030517578,61.150001525878906,60.459999084472656,60.68000030517578,59.21795654296875,50946300,0.0,0.0
2024-03-18 00:00:00-04:00,60.689998626708984,60.900001525878906,60.38999938964844,60.86000061035156,59.393619537353516,16801700,0.0,0.0
2024-03-19 00:00:00-04:00,60.970001220703125,61.06999969482422,60.599998474121094,60.869998931884766,59.403377532958984,12353600,0.0,0.0
2024-03-20 00:00:00-04:00,60.84000015258789,61.279998779296875,60.7400016784668,61.25,59.774227142333984,12007600,0.0,0.0
2024-03-21 00:00:00-04:00,61.279998779296875,61.65999984741211,61.04999923706055,61.45000076293945,59.96940612792969,14265900,0.0,0.0
2024-03-22 00:00:00-04:00,61.31999969482422,61.529998779296875,60.849998474121094,60.869998931884766,59.403377532958984,14029400,0.0,0.0
2024-03-25 00:00:00-04:00,60.869998931884766,60.9900016784668,60.36000061035156,60.56999969482422,59.11061096191406,14186600,0.0,0.0
2024-03-26 00:00:00-04:00,60.459999084472656,60.83000183105469,60.22999954223633,60.5099983215332,59.05204772949219,13738300,0.0,0.0
2024-03-27 00:00:00-04:00,60.869998931884766,61.04999923706055,60.380001068115234,60.720001220703125,59.25699234008789,14363400,0.0,0.0
2024-03-28 00:00:00-04:00,60.65999984741211,60.77000045776367,60.15999984741211,60.16999816894531,58.72024154663086,17535100,0.0,0.0
2024-04-01 00:00:00-04:00,60.310001373291016,60.7599983215332,59.93000030517578,60.0,58.55434799194336,13837600,0.0,0.0
2024-04-02 00:00:00-04:00,59.900001525878906,60.099998474121094,58.880001068115234,59.15999984741211,57.73458480834961,19510100,0.0,0.0
2024-04-03 00:00:00-04:00,59.380001068115234,59.5,58.939998626708984,59.43000030517578,57.998077392578125,14615100,0.0,0.0
2024-04-04 00:00:00-04:00,59.540000915527344,59.810001373291016,59.290000915527344,59.5,58.06639099121094,14436100,0.0,0.0
2024-04-05 00:00:00-04:00,59.54999923706055,60.040000915527344,59.4900016784668,59.849998474121094,58.40795135498047,10335900,0.0,0.0
2024-04-08 00:00:00-04:00,59.599998474121094,60.040000915527344,59.41999816894531,59.779998779296875,58.33964920043945,11070100,0.0,0.0
2024-04-09 00:00:00-04:00,59.869998931884766,59.970001220703125,59.29999923706055,59.790000915527344,58.34939956665039,10013500,0.0,0.0
2024-04-10 00:00:00-04:00,59.619998931884766,60.7599983215332,59.38999938964844,60.619998931884766,59.15940856933594,15097600,0.0,0.0
2024-04-11 00:00:00-04:00,60.75,60.88999938964844,60.06999969482422,60.09000015258789,58.64217758178711,10987600,0.0,0.0
2024-04-12 00:00:00-04:00,60.0,60.720001220703125,59.95000076293945,60.13999938964844,58.69096374511719,12280600,0.0,0.0
2024-04-15 00:00:00-04:00,60.5099983215332,60.70000076293945,59.90999984741211,59.93000030517578,58.48603057861328,10557200,0.0,0.0
2024-04-16 00:00:00-04:00,60.029998779296875,60.290000915527344,59.779998779296875,59.84000015258789,58.39820098876953,14726300,0.0,0.0
2024-04-17 00:00:00-04:00,60.150001525878906,60.43000030517578,59.56999969482422,59.650001525878906,58.2127799987793,15329700,0.0,0.0
2024-04-18 00:00:00-04:00,59.83000183105469,59.939998626708984,59.220001220703125,59.2599983215332,57.83216857910156,12061500,0.0,0.0
2024-04-19 00:00:00-04:00,59.45000076293945,59.66999816894531,58.970001220703125,59.529998779296875,58.095664978027344,14165800,0.0,0.0
2024-04-22 00:00:00-04:00,59.560001373291016,60.400001525878906,59.040000915527344,60.13999938964844,58.69096374511719,14910000,0.0,0.0
2024-04-23 00:00:00-04:00,60.25,60.349998474121094,58.560001373291016,59.09000015258789,57.66626739501953,17963900,0.0,0.0
2024-04-24 00:00:00-04:00,58.97999954223633,60.040000915527344,58.810001373291016,59.869998931884766,58.42747116088867,18529100,0.0,0.0
2024-04-25 00:00:00-04:00,60.04999923706055,60.529998779296875,59.83000183105469,60.209999084472656,58.75927734375,19263000,0.0,0.0
2024-04-26 00:00:00-04:00,60.11000061035156,60.38999938964844,60.0,60.15999984741211,58.710487365722656,11045200,0.0,0.0
2024-04-29 00:00:00-04:00,60.18000030517578,60.38999938964844,59.939998626708984,60.2400016784668,58.78855895996094,9785100,0.0,0.0
2024-04-30 00:00:00-04:00,60.20000076293945,60.29999923706055,59.15999984741211,59.349998474121094,57.92000198364258,14209200,0.0,0.0
2024-05-01 00:00:00-04:00,59.310001373291016,59.40999984741211,58.720001220703125,58.849998474121094,57.43204116821289,15464300,0.0,0.0
2024-05-02 00:00:00-04:00,58.939998626708984,59.88999938964844,58.58000183105469,59.709999084472656,58.271331787109375,17574100,0.0,0.0
2024-05-03 00:00:00-04:00,59.619998931884766,59.97999954223633,59.13999938964844,59.81999969482422,58.3786735534668,14207400,0.0,0.0
2024-05-06 00:00:00-04:00,60.0,60.0,59.38999938964844,59.869998931884766,58.42747116088867,11119400,0.0,0.0
2024-05-07 00:00:00-04:00,60.16999816894531,60.79999923706055,60.04999923706055,60.619998931884766,59.15940856933594,14520200,0.0,0.0
2024-05-08 00:00:00-04:00,60.630001068115234,60.849998474121094,60.220001220703125,60.29999923706055,58.84710693359375,11015700,0.0,0.0
2024-05-09 00:00:00-04:00,60.20000076293945,60.58000183105469,59.95000076293945,60.439998626708984,59.187904357910156,14550500,0.208,0.0
2024-05-10 00:00:00-04:00,60.40999984741211,60.58000183105469,60.15999984741211,60.47999954223633,59.22706985473633,12356600,0.0,0.0
2024-05-13 00:00:00-04:00,60.619998931884766,61.349998474121094,60.290000915527344,60.40999984741211,59.15852355957031,19260500,0.0,0.0
2024-05-14 00:00:00-04:00,60.52000045776367,60.54999923706055,59.439998626708984,59.86000061035156,58.61992263793945,18780100,0.0,0.0
2024-05-15 00:00:00-04:00,59.83000183105469,59.939998626708984,59.470001220703125,59.83000183105469,58.590545654296875,22240600,0.0,0.0
2024-05-16 00:00:00-04:00,64.22000122070312,64.41999816894531,62.939998626708984,64.01000213623047,62.68395233154297,60545600,0.0,0.0
2024-05-17 00:00:00-04:00,64.23999786376953,64.87999725341797,63.630001068115234,64.6500015258789,63.31068420410156,29330400,0.0,0.0
2024-05-20 00:00:00-04:00,64.41999816894531,64.76000213623047,63.869998931884766,64.18000030517578,62.85042190551758,15001400,0.0,0.0
2024-05-21 00:00:00-04:00,64.52999877929688,65.19000244140625,64.44999694824219,65.1500015258789,63.80033874511719,17131700,0.0,0.0
2024-05-22 00:00:00-04:00,64.9800033569336,65.69000244140625,64.7300033569336,65.25,63.89826202392578,14879400,0.0,0.0
2024-05-23 00:00:00-04:00,65.16999816894531,65.5199966430664,64.55999755859375,64.83999633789062,63.496742248535156,16222900,0.0,0.0
2024-05-24 00:00:00-04:00,65.12999725341797,65.69000244140625,65.01000213623047,65.37999725341797,64.02555847167969,11795000,0.0,0.0
2024-05-28 00:00:00-04:00,65.22000122070312,65.47000122070312,64.73999786376953,65.04000091552734,63.69261169433594,13349600,0.0,0.0
2024-05-29 00:00:00-04:00,64.75,65.20999908447266,64.6500015258789,64.91999816894531,63.57509994506836,11538600,0.0,0.0
2024-05-30 00:00:00-04:00,64.93000030517578,65.16999816894531,64.7699966430664,64.88999938964844,63.54572296142578,13051900,0.0,0.0
2024-05-31 00:00:00-04:00,64.66999816894531,65.9000015258789,64.16000366210938,65.76000213623047,64.39769744873047,27632200,0.0,0.0
2024-06-03 00:00:00-04:00,65.51000213623047,65.83999633789062,65.16000366210938,65.81999969482422,64.45645904541016,11578700,0.0,0.0
2024-06-04 00:00:00-04:00,65.98999786376953,66.63999938964844,65.83000183105469,66.5999984741211,65.22029113769531,14780800,0.0,0.0
2024-06-05 00:00:00-04:00,66.56999969482422,67.1500015258789,66.27999877929688,67.08999633789062,65.70013427734375,14982700,0.0,0.0
2024-06-06 00:00:00-04:00,67.05999755859375,67.44000244140625,66.7699966430664,67.1500015258789,65.75890350341797,13256000,0.0,0.0
2024-06-07 00:00:00-04:00,67.4000015258789,67.56999969482422,65.63999938964844,65.87999725341797,64.51520538330078,20213200,0.0,0.0
2024-06-10 00:00:00-04:00,67.19000244140625,67.33000183105469,66.2699966430664,66.95999908447266,65.57283020019531,21659500,0.0,0.0
2024-06-11 00:00:00-04:00,66.94999694824219,66.95999908447266,66.3499984741211,66.7300033569336,65.34761810302734,13367500,0.0,0.0
2024-06-12 00:00:00-04:00,66.8499984741211,66.94000244140625,65.9000015258789,66.30999755859375,64.9363021850586,11704700,0.0,0.0
2024-06-13 00:00:00-04:00,66.30000305175781,66.76000213623047,65.94999694824219,66.69999694824219,65.31822967529297,11196600,0.0,0.0
2024-06-14 00:00:00-04:00,66.54000091552734,67.11000061035156,66.30000305175781,67.0199966430664,65.63158416748047,12590100,0.0,0.0
2024-06-17 00:00:00-04:00,66.91999816894531,67.44000244140625,66.41000366210938,67.41999816894531,66.02328491210938,12103000,0.0,0.0
2024-06-18 00:00:00-04:00,67.62999725341797,67.87000274658203,67.30000305175781,67.5999984741211,66.19957733154297,12093500,0.0,0.0
2024-06-20 00:00:00-04:00,67.3499984741211,68.12999725341797,67.30000305175781,68.01000213623047,66.60108184814453,13860800,0.0,0.0
2024-06-21 00:00:00-04:00,68.26000213623047,68.55000305175781,67.83000183105469,67.91000366210938,66.5031509399414,25883000,0.0,0.0
2024-06-24 00:00:00-04:00,68.05000305175781,69.04000091552734,67.9000015258789,68.9000015258789,67.47264862060547,12470400,0.0,0.0
2024-06-25 00:00:00-04:00,67.16999816894531,67.58999633789062,66.55000305175781,67.41999816894531,66.02328491210938,20869200,0.0,0.0
2024-06-26 00:00:00-04:00,67.4000015258789,68.5999984741211,67.20999908447266,68.29000091552734,66.87528228759766,14177500,0.0,0.0
2024-06-27 00:00:00-04:00,68.29000091552734,68.58000183105469,67.66999816894531,67.87999725341797,66.4737777709961,12899200,0.0,0.0
2024-06-28 00:00:00-04:00,67.87000274658203,68.0999984741211,67.31999969482422,67.70999908447266,66.30729675292969,18816700,0.0,0.0
2024-07-01 00:00:00-04:00,67.88999938964844,68.23999786376953,67.25,67.4800033569336,66.08206939697266,8666000,0.0,0.0
2024-07-02 00:00:00-04:00,67.44000244140625,68.08000183105469,67.26000213623047,68.06999969482422,66.65983581542969,9436500,0.0,0.0
2024-07-03 00:00:00-04:00,67.80999755859375,68.25,67.62000274658203,68.23999786376953,66.8263168334961,6287500,0.0,0.0
2024-07-05 00:00:00-04:00,68.16000366210938,70.1500015258789,68.0999984741211,70.04000091552734,68.58903503417969,21586100,0.0,0.0
2024-07-08 00:00:00-04:00,69.9000015258789,70.13999938964844,69.3499984741211,69.68000030517578,68.23649597167969,12077700,0.0,0.0
2024-07-09 00:00:00-04:00,69.9000015258789,70.25,69.66999816894531,69.9000015258789,68.45193481445312,9758400,0.0,0.0
2024-07-10 00:00:00-04:00,70.0999984741211,70.44000244140625,69.72000122070312,70.41000366210938,68.95137023925781,10803400,0.0,0.0
2024-07-11 00:00:00-04:00,70.18000030517578,70.44999694824219,69.26000213623047,69.80000305175781,68.35401153564453,15624800,0.0,0.0
2024-07-12 00:00:00-04:00,69.9000015258789,70.02999877929688,69.16999816894531,69.23999786376953,67.80559539794922,12145300,0.0,0.0
2024-07-15 00:00:00-04:00,69.30000305175781,69.97000122070312,69.30000305175781,69.61000061035156,68.1679458618164,10171100,0.0,0.0
2024-07-16 00:00:00-04:00,69.81999969482422,70.23999786376953,69.58000183105469,69.98999786376953,68.54006958007812,9836800,0.0,0.0
2024-07-17 00:00:00-04:00,70.18000030517578,71.0999984741211,69.94999694824219,71.02999877929688,69.55852508544922,13533800,0.0,0.0
2024-07-18 00:00:00-04:00,70.68000030517578,71.19000244140625,70.43000030517578,70.81999969482422,69.35287475585938,10682700,0.0,0.0
2024-07-19 00:00:00-04:00,71.19999694824219,71.33000183105469,70.6500015258789,70.75,69.28431701660156,11665500,0.0,0.0
2024-07-22 00:00:00-04:00,70.86000061035156,71.26000213623047,70.2300033569336,70.37999725341797,68.92198181152344,12666100,0.0,0.0
2024-07-23 00:00:00-04:00,70.47000122070312,70.69999694824219,70.11000061035156,70.6500015258789,69.18639373779297,9263600,0.0,0.0
2024-07-24 00:00:00-04:00,70.5199966430664,70.83999633789062,70.33999633789062,70.5999984741211,69.1374282836914,22490800,0.0,0.0
2024-07-25 00:00:00-04:00,70.5999984741211,70.7699966430664,69.94999694824219,70.0199966430664,68.5694351196289,18821200,0.0,0.0
2024-07-26 00:00:00-04:00,70.2300033569336,70.23999786376953,68.83000183105469,69.77999877929688,68.33442687988281,16789300,0.0,0.0
2024-07-29 00:00:00-04:00,69.8499984741211,69.9000015258789,69.12999725341797,69.62000274658203,68.17772674560547,10315300,0.0,0.0
2024-07-30 00:00:00-04:00,69.55000305175781,69.8499984741211,68.9800033569336,69.19000244140625,67.75664520263672,12522500,0.0,0.0
2024-07-31 00:00:00-04:00,69.18000030517578,69.25,68.29000091552734,68.63999938964844,67.21803283691406,22908800,0.0,0.0
2024-08-01 00:00:00-04:00,68.91000366210938,69.80000305175781,68.5199966430664,69.79000091552734,68.34420776367188,17275500,0.0,0.0
2024-08-02 00:00:00-04:00,69.5999984741211,70.23999786376953,67.73999786376953,68.45999908447266,67.04176330566406,23578700,0.0,0.0
2024-08-05 00:00:00-04:00,68.0999984741211,68.58000183105469,66.91000366210938,67.58999633789062,66.18978118896484,20770500,0.0,0.0
2024-08-06 00:00:00-04:00,67.83999633789062,68.62999725341797,67.68000030517578,67.73999786376953,66.336669921875,14815100,0.0,0.0
2024-08-07 00:00:00-04:00,67.87000274658203,68.01000213623047,66.80999755859375,66.91000366210938,65.52387237548828,18499200,0.0,0.0
2024-08-08 00:00:00-04:00,66.83999633789062,67.91999816894531,66.66999816894531,67.66000366210938,66.25833892822266,12489800,0.0,0.0
2024-08-09 00:00:00-04:00,67.8499984741211,68.22000122070312,67.33000183105469,67.94999694824219,66.54232025146484,13805600,0.0,0.0
2024-08-12 00:00:00-04:00,68.33999633789062,69.22000122070312,68.06999969482422,68.69999694824219,67.27679443359375,17385300,0.0,0.0
2024-08-13 00:00:00-04:00,68.43000030517578,68.61000061035156,67.13999938964844,68.12999725341797,66.71858215332031,26557900,0.0,0.0
2024-08-14 00:00:00-04:00,67.91999816894531,68.79000091552734,67.8499984741211,68.66000366210938,67.23761749267578,22928600,0.0,0.0
2024-08-15 00:00:00-04:00,74.12000274658203,74.44000244140625,72.77999877929688,73.18000030517578,71.66397857666016,49567500,0.0,0.0
2024-08-16 00:00:00-04:00,72.69999694824219,73.61000061035156,72.5199966430664,73.44999694824219,72.1333999633789,19872100,0.208,0.0
2024-08-19 00:00:00-04:00,73.38999938964844,73.9800033569336,73.33999633789062,73.72000122070312,72.39856719970703,13709300,0.0,0.0
2024-08-20 00:00:00-04:00,73.75,74.75,73.72000122070312,74.54000091552734,73.2038803100586,14434000,0.0,0.0
2024-08-21 00:00:00-04:00,75.30000305175781,75.58000183105469,74.58999633789062,75.23999786376953,73.89132690429688,14832000,0.0,0.0
2024-08-22 00:00:00-04:00,75.37000274658203,76.22000122070312,75.1500015258789,75.58000183105469,74.22523498535156,16511100,0.0,0.0
2024-08-23 00:00:00-04:00,75.5999984741211,75.80999755859375,75.01000213623047,75.69999694824219,74.34308624267578,12299100,0.0,0.0
2024-08-26 00:00:00-04:00,75.9000015258789,76.20999908447266,75.56999969482422,76.02999877929688,74.66716766357422,9508200,0.0,0.0
2024-08-27 00:00:00-04:00,76.44999694824219,76.44999694824219,75.7699966430664,76.12999725341797,74.765380859375,11557800,0.0,0.0
2024-08-28 00:00:00-04:00,76.27999877929688,76.43000030517578,75.80999755859375,76.08000183105469,74.71627044677734,9814300,0.0,0.0
2024-08-29 00:00:00-04:00,75.98999786376953,76.47000122070312,75.66999816894531,76.41999816894531,75.05016326904297,11856800,0.0,0.0
2024-08-30 00:00:00-04:00,76.44000244140625,77.47000122070312,76.22000122070312,77.2300033569336,75.84565734863281,23230000,0.0,0.0
2024-09-03 00:00:00-04:00,77.33000183105469,77.80999755859375,76.80000305175781,77.16999816894531,75.78672790527344,22666100,0.0,0.0
2024-09-04 00:00:00-04:00,77.33000183105469,77.4800033569336,76.7300033569336,77.23999786376953,75.85547637939453,18442800,0.0,0.0
2024-09-05 00:00:00-04:00,77.25,77.44999694824219,76.38999938964844,76.95999908447266,75.58049011230469,13082900,0.0,0.0
2024-09-06 00:00:00-04:00,76.9000015258789,77.31999969482422,76.30000305175781,76.63999938964844,75.2662353515625,14548600,0.0,0.0
2024-09-09 00:00:00-04:00,76.8499984741211,77.47000122070312,76.48999786376953,77.33999633789062,75.95366668701172,22260200,0.0,0.0
2024-09-10 00:00:00-04:00,77.3499984741211,78.9000015258789,77.27999877929688,78.80999755859375,77.3973388671875,17686300,0.0,0.0
2024-09-11 00:00:00-04:00,78.37999725341797,78.91999816894531,77.56999969482422,78.83999633789062,77.42678833007812,19518800,0.0,0.0
2024-09-12 00:00:00-04:00,78.98999786376953,79.91000366210938,78.62000274658203,79.66000366210938,78.23210144042969,14877700,0.0,0.0
2024-09-13 00:00:00-04:00,79.81999969482422,80.69000244140625,79.69000244140625,80.5999984741211,79.15523529052734,12994100,0.0,0.0
2024-09-16 00:00:00-04:00,80.83999633789062,81.0199966430664,80.13999938964844,80.55999755859375,79.11597442626953,15346400,0.0,0.0
2024-09-17 00:00:00-04:00,79.76000213623047,80.26000213623047,78.26000213623047,78.5999984741211,77.19109344482422,21065900,0.0,0.0
2024-09-18 00:00:00-04:00,78.63999938964844,79.41000366210938,78.27999877929688,79.02999877929688,77.61338806152344,15684900,0.0,0.0
2024-09-19 00:00:00-04:00,79.05000305175781,79.08999633789062,77.48999786376953,78.04000091552734,76.64112854003906,21525700,0.0,0.0
2024-09-20 00:00:00-04:00,78.2300033569336,79.61000061035156,78.11000061035156,79.05999755859375,77.64286041259766,39534300,0.0,0.0
2024-09-23 00:00:00-04:00,79.06999969482422,80.44000244140625,79.06999969482422,80.33000183105469,78.89009094238281,12147300,0.0,0.0
2024-09-24 00:00:00-04:00,80.4800033569336,80.91000366210938,80.23999786376953,80.66999816894531,79.2239990234375,14651100,0.0,0.0
2024-09-25 00:00:00-04:00,80.88999938964844,81.5999984741211,80.68000030517578,81.4000015258789,79.94091033935547,14163800,0.0,0.0
2024-09-26 00:00:00-04:00,81.04000091552734,81.19999694824219,79.26000213623047,79.91999816894531,78.48743438720703,17061100,0.0,0.0
2024-09-27 00:00:00-04:00,79.9000015258789,80.29000091552734,79.5999984741211,79.77999877929688,78.34993743896484,11899100,0.0,0.0
2024-09-30 00:00:00-04:00,79.88999938964844,80.94000244140625,79.86000061035156,80.75,79.30256652832031,18997000,0.0,0.0
2024-10-01 00:00:00-04:00,80.68000030517578,81.52999877929688,80.44000244140625,81.2699966430664,79.813232421875,16054200,0.0,0.0
2024-10-02 00:00:00-04:00,80.98999786376953,80.98999786376953,80.12000274658203,80.43000030517578,78.98829650878906,16618300,0.0,0.0
2024-10-03 00:00:00-04:00,80.30000305175781,80.58000183105469,79.8499984741211,80.43000030517578,78.98829650878906,11640400,0.0,0.0
2024-10-04 00:00:00-04:00,80.05000305175781,81.11000061035156,79.8499984741211,80.94000244140625,79.4891586303711,11583400,0.0,0.0
2024-10-07 00:00:00-04:00,80.69000244140625,80.94000244140625,78.9800033569336,79.0999984741211,77.68212890625,16791600,0.0,0.0
2024-10-08 00:00:00-04:00,79.62000274658203,79.81999969482422,79.06999969482422,79.70999908447266,78.28119659423828,15270000,0.0,0.0
2024-10-09 00:00:00-04:00,79.81999969482422,80.5,79.75,80.4000015258789,78.95883178710938,12413000,0.0,0.0
2024-10-10 00:00:00-04:00,80.30999755859375,80.31999969482422,79.45999908447266,79.61000061035156,78.18299865722656,10812700,0.0,0.0
2024-10-11 00:00:00-04:00,79.69999694824219,80.12999725341797,79.37000274658203,80.0999984741211,78.66421508789062,9570700,0.0,0.0
2024-10-14 00:00:00-04:00,80.05000305175781,80.51000213623047,79.76000213623047,80.29000091552734,78.85081481933594,9914500,0.0,0.0
2024-10-15 00:00:00-04:00,80.66999816894531,81.81999969482422,80.51000213623047,81.6500015258789,80.18641662597656,13276200,0.0,0.0
2024-10-16 00:00:00-04:00,81.52999877929688,81.66000366210938,80.62000274658203,81.22000122070312,79.76414489746094,11123300,0.0,0.0
2024-10-17 00:00:00-04:00,81.2699966430664,81.5,80.6500015258789,80.88999938964844,79.44004821777344,9424700,0.0,0.0
2024-10-18 00:00:00-04:00,80.87000274658203,81.69000244140625,80.66000366210938,81.30999755859375,79.8525161743164,12324100,0.0,0.0
2024-10-21 00:00:00-04:00,81.2300033569336,81.55000305175781,80.72000122070312,80.80999755859375,79.3614730834961,9750400,0.0,0.0
2024-10-22 00:00:00-04:00,81.11000061035156,82.2300033569336,80.83000183105469,82.0199966430664,80.54978942871094,12240100,0.0,0.0
2024-10-23 00:00:00-04:00,81.88999938964844,83.33999633789062,81.80000305175781,83.2699966430664,81.77738952636719,13058200,0.0,0.0
2024-10-24 00:00:00-04:00,82.95999908447266,83.31999969482422,82.58000183105469,83.04000091552734,81.55149841308594,11645900,0.0,0.0
2024-10-25 00:00:00-04:00,83.19999694824219,83.30000305175781,82.44000244140625,82.51000213623047,81.0310287475586,8959400,0.0,0.0
2024-10-28 00:00:00-04:00,82.75,83.08000183105469,82.47000122070312,82.75,81.26670837402344,7990200,0.0,0.0
2024-10-29 00:00:00-04:00,82.66999816894531,82.86000061035156,81.66999816894531,81.69999694824219,80.23552703857422,9682400,0.0,0.0
2024-10-30 00:00:00-04:00,81.5999984741211,81.83000183105469,81.30000305175781,81.38999938964844,79.93108367919922,9268800,0.0,0.0
2024-10-31 00:00:00-04:00,81.29000091552734,82.44000244140625,81.22000122070312,81.94999694824219,80.48103332519531,15539000,0.0,0.0
2024-11-01 00:00:00-04:00,82.52999877929688,82.52999877929688,81.54000091552734,82.19000244140625,80.71675109863281,12181800,0.0,0.0
2024-11-04 00:00:00-05:00,82.19999694824219,82.91000366210938,82.0,82.44999694824219,80.97209930419922,11731000,0.0,0.0
2024-11-05 00:00:00-05:00,82.68000030517578,83.7699966430664,82.51000213623047,83.68000030517578,82.18003845214844,10612500,0.0,0.0
2024-11-06 00:00:00-05:00,85.13999938964844,85.54000091552734,82.05999755859375,83.44000244140625,81.9443359375,19974000,0.0,0.0
2024-11-07 00:00:00-05:00,83.72000122070312,84.38999938964844,83.41999816894531,83.8499984741211,82.34697723388672,12665800,0.0,0.0
2024-11-08 00:00:00-05:00,84.27999877929688,85.41999816894531,84.2300033569336,84.83000183105469,83.30943298339844,14396500,0.0,0.0
2024-11-11 00:00:00-05:00,84.94999694824219,85.41000366210938,84.12000274658203,84.20999908447266,82.70053100585938,10433200,0.0,0.0
2024-11-12 00:00:00-05:00,84.5,85.52999877929688,84.5,84.98999786376953,83.46656036376953,12860200,0.0,0.0
2024-11-13 00:00:00-05:00,84.98999786376953,85.79000091552734,84.7699966430664,85.5,83.96741485595703,12802600,0.0,0.0
2024-11-14 00:00:00-05:00,85.02999877929688,85.76000213623047,84.33999633789062,84.47000122070312,82.95587158203125,15740700,0.0,0.0
2024-11-15 00:00:00-05:00,84.52999877929688,84.77999877929688,83.94000244140625,84.25,82.73982238769531,17370600,0.0,0.0
2024-11-18 00:00:00-05:00,84.81999969482422,84.8499984741211,83.66000366210938,84.08000183105469,82.5728759765625,25093800,0.0,0.0
2024-11-19 00:00:00-05:00,86.2300033569336,88.29000091552734,85.91000366210938,86.5999984741211,85.04768371582031,36340900,0.0,0.0
2024-11-20 00:00:00-05:00,86.5999984741211,87.19999694824219,85.91000366210938,87.18000030517578,85.6173095703125,18183200,0.0,0.0
2024-11-21 00:00:00-05:00,87.44999694824219,88.63999938964844,86.93000030517578,88.38999938964844,86.80561828613281,18729200,0.0,0.0
2024-11-22 00:00:00-05:00,89.41000366210938,90.91000366210938,88.93000030517578,90.44000244140625,88.8188705444336,23990600,0.0,0.0
2024-11-25 00:00:00-05:00,90.5,90.94999694824219,89.05999755859375,89.5,87.89571380615234,25078600,0.0,0.0
2024-11-26 00:00:00-05:00,89.88999938964844,91.87999725341797,89.83999633789062,91.30999755859375,89.67327117919922,16657000,0.0,0.0
2024-11-27 00:00:00-05:00,92.0,92.25,91.30999755859375,91.87999725341797,90.23303985595703,14358900,0.0,0.0
2024-11-29 00:00:00-05:00,92.26000213623047,92.63999938964844,91.81999969482422,92.5,90.8419418334961,11041200,0.0,0.0
2024-12-02 00:00:00-05:00,92.81999969482422,92.98999786376953,91.94999694824219,92.63999938964844,90.97943878173828,17173000,0.0,0.0
2024-12-03 00:00:00-05:00,92.77999877929688,93.58999633789062,92.26000213623047,93.51000213623047,91.8338394165039,17775200,0.0,0.0
2024-12-04 00:00:00-05:00,93.44999694824219,94.5199966430664,93.05000305175781,94.44999694824219,92.7569808959961,17312600,0.0,0.0
2024-12-05 00:00:00-05:00,94.88999938964844,95.5999984741211,94.33999633789062,95.30000305175781,93.59175109863281,21932300,0.0,0.0
2024-12-06 00:00:00-05:00,95.54000091552734,96.18000030517578,95.33000183105469,95.69999694824219,93.98457336425781,18803500,0.0,0.0
2024-12-09 00:00:00-05:00,95.66000366210938,95.94000244140625,93.5999984741211,93.83000183105469,92.1480941772461,20931100,0.0,0.0
2024-12-10 00:00:00-05:00,94.05000305175781,95.23999786376953,93.7699966430664,94.55000305175781,92.85519409179688,13164500,0.0,0.0
2024-12-11 00:00:00-05:00,94.54000091552734,95.69000244140625,94.5,94.95999908447266,93.25784301757812,19682100,0.0,0.0
2024-12-12 00:00:00-05:00,95.68000030517578,95.72000122070312,94.08999633789062,94.08999633789062,92.40343475341797,14298600,0.0,0.0
2024-12-13 00:00:00-05:00,93.80000305175781,94.68000030517578,93.04000091552734,94.25,92.7656478881836,11495900,0.208,0.0
2024-12-16 00:00:00-05:00,94.41999816894531,95.70999908447266,94.0999984741211,94.87000274658203,93.37588500976562,16742000,0.0,0.0
2024-12-17 00:00:00-05:00,95.13999938964844,95.48999786376953,94.31999969482422,95.41999816894531,93.91722106933594,23560800,0.0,0.0
2024-12-18 00:00:00-05:00,95.33999633789062,95.9000015258789,93.12999725341797,93.55000305175781,92.07669067382812,24665600,0.0,0.0
2024-12-19 00:00:00-05:00,94.4800033569336,94.56999969482422,93.36000061035156,93.4000015258789,91.92903137207031,16606500,0.0,0.0
2024-12-20 00:00:00-05:00,93.01000213623047,93.75,91.62999725341797,92.23999786376953,90.78730773925781,49350600,0.0,0.0
2024-12-23 00:00:00-05:00,91.5,91.5,88.91000366210938,90.3499984741211,88.92706298828125,26205400,0.0,0.0
2024-12-24 00:00:00-05:00,90.37000274658203,92.68000030517578,90.3499984741211,92.68000030517578,91.22036743164062,8992400,0.0,0.0
2024-12-26 00:00:00-05:00,92.54000091552734,92.87999725341797,92.16999816894531,92.79000091552734,91.3286361694336,10994000,0.0,0.0
2024-12-27 00:00:00-05:00,92.12999725341797,92.3499984741211,91.02999877929688,91.66000366210938,90.21643829345703,11384400,0.0,0.0
2024-12-30 00:00:00-05:00,90.7300033569336,91.06999969482422,90.12999725341797,90.56999969482422,89.14360809326172,9790200,0.0,0.0
2024-12-31 00:00:00-05:00,90.56999969482422,90.94000244140625,90.05999755859375,90.3499984741211,88.92706298828125,11267700,0.0,0.0
2025-01-02 00:00:00-05:00,89.9800033569336,90.5999984741211,89.5199966430664,90.0,88.58258056640625,14820400,0.0,0.0
2025-01-03 00:00:00-05:00,90.1500015258789,91.30000305175781,90.13999938964844,90.77999877929688,89.35030364990234,10834600,0.0,0.0
2025-01-06 00:00:00-05:00,90.83000183105469,92.47000122070312,90.66999816894531,91.43000030517578,89.99005889892578,14519900,0.0,0.0
2025-01-07 00:00:00-05:00,91.69999694824219,91.94000244140625,90.44999694824219,90.80999755859375,89.37981414794922,11238000,0.0,0.0
2025-01-08 00:00:00-05:00,91.11000061035156,91.8499984741211,90.81999969482422,91.80000305175781,90.35424041748047,13453600,0.0,0.0
2025-01-10 00:00:00-05:00,92.48999786376953,93.58000183105469,92.19999694824219,93.0,91.53533935546875,18140900,0.0,0.0
2025-01-13 00:00:00-05:00,92.12000274658203,92.43000030517578,91.0999984741211,91.52999877929688,90.0884780883789,18617100,0.0,0.0
2025-01-14 00:00:00-05:00,91.86000061035156,91.9800033569336,90.56999969482422,90.79000091552734,89.36013793945312,13549200,0.0,0.0
2025-01-15 00:00:00-05:00,91.06999969482422,91.7300033569336,90.80999755859375,91.33999633789062,89.9014663696289,17348200,0.0,0.0
2025-01-16 00:00:00-05:00,91.5,91.72000122070312,90.12000274658203,91.30000305175781,89.86210632324219,13267700,0.0,0.0
2025-01-17 00:00:00-05:00,92.06999969482422,92.26000213623047,91.05000305175781,91.94000244140625,90.49203491210938,15868200,0.0,0.0
2025-01-21 00:00:00-05:00,92.4800033569336,94.23999786376953,92.30999755859375,93.08000183105469,91.61406707763672,23247500,0.0,0.0
2025-01-22 00:00:00-05:00,93.7699966430664,94.0,92.5199966430664,93.2300033569336,91.76172637939453,15567100,0.0,0.0
2025-01-23 00:00:00-05:00,92.95999908447266,93.80999755859375,92.31999969482422,93.80999755859375,92.33257293701172,14198400,0.0,0.0
2025-01-24 00:00:00-05:00,93.54000091552734,95.01000213623047,93.45999908447266,94.76000213623047,93.26760864257812,14973800,0.0,0.0
2025-01-27 00:00:00-05:00,95.9000015258789,97.45999908447266,94.81999969482422,97.4000015258789,95.86604309082031,18880600,0.0,0.0
2025-01-28 00:00:00-05:00,97.2300033569336,97.83999633789062,96.7300033569336,97.29000091552734,95.75777435302734,14641600,0.0,0.0
2025-01-29 00:00:00-05:00,97.43000030517578,98.16999816894531,97.22000122070312,97.5,95.96446228027344,11261400,0.0,0.0
2025-01-30 00:00:00-05:00,97.69000244140625,98.93000030517578,97.41999816894531,98.6500015258789,97.09635162353516,11012200,0.0,0.0
2025-01-31 00:00:00-05:00,99.0,99.0,97.69999694824219,98.16000366210938,96.61406707763672,16391200,0.0,0.0
2025-02-03 00:00:00-05:00,96.7699966430664,99.79000091552734,96.47000122070312,99.54000091552734,97.97233581542969,20484200,0.0,0.0
2025-02-04 00:00:00-05:00,99.97000122070312,100.94999694824219,99.69000244140625,100.7699966430664,99.1829605102539,15201200,0.0,0.0
2025-02-05 00:00:00-05:00,100.6500015258789,102.58000183105469,100.54000091552734,102.45999908447266,100.84634399414062,15926700,0.0,0.0
2025-02-06 00:00:00-05:00,102.52999877929688,103.0199966430664,101.94000244140625,102.8499984741211,101.2302017211914,13088500,0.0,0.0
2025-02-07 00:00:00-05:00,103.0,103.11000061035156,101.11000061035156,101.1500015258789,99.55697631835938,12451100,0.0,0.0
2025-02-10 00:00:00-05:00,101.94999694824219,102.93000030517578,101.25,102.91999816894531,101.29910278320312,15274600,0.0,0.0
2025-02-11 00:00:00-05:00,102.62000274658203,102.8499984741211,101.8499984741211,102.47000122070312,100.85618591308594,11953600,0.0,0.0
2025-02-12 00:00:00-05:00,102.12000274658203,103.9000015258789,102.04000091552734,103.61000061035156,101.97823333740234,15162100,0.0,0.0
2025-02-13 00:00:00-05:00,104.0,105.23999786376953,103.52999877929688,105.05000305175781,103.39556121826172,12604400,0.0,0.0
2025-02-14 00:00:00-05:00,105.30000305175781,105.30000305175781,103.5999984741211,104.04000091552734,102.4014663696289,14109500,0.0,0.0
2025-02-18 00:00:00-05:00,103.72000122070312,103.98999786376953,102.51000213623047,103.77999877929688,102.14556121826172,18247300,0.0,0.0
2025-02-19 00:00:00-05:00,103.8499984741211,104.19999694824219,102.55000305175781,104.0,102.3620834350586,18508000,0.0,0.0
2025-02-20 00:00:00-05:00,98.77999877929688,100.12000274658203,96.68000030517578,97.20999908447266,95.67903137207031,55450900,0.0,0.0
2025-02-21 00:00:00-05:00,96.52999877929688,96.8499984741211,94.12000274658203,94.77999877929688,93.28730773925781,35014800,0.0,0.0
2025-02-24 00:00:00-05:00,94.18000030517578,94.63999938964844,92.12000274658203,93.66999816894531,92.19478607177734,29755900,0.0,0.0
2025-02-25 00:00:00-05:00,94.3499984741211,97.91000366210938,94.23999786376953,97.69000244140625,96.15147399902344,29331200,0.0,0.0
2025-02-26 00:00:00-05:00,97.69999694824219,98.7300033569336,96.06999969482422,96.19999694824219,94.6849365234375,19069700,0.0,0.0
2025-02-27 00:00:00-05:00,95.9000015258789,98.04000091552734,95.80999755859375,96.79000091552734,95.2656478881836,16431500,0.0,0.0
2025-02-28 00:00:00-05:00,97.79000091552734,98.86000061035156,97.16999816894531,98.61000061035156,97.0569839477539,25451300,0.0,0.0
2025-03-03 00:00:00-05:00,97.9800033569336,99.48999786376953,96.83000183105469,97.58999633789062,96.05303955078125,18372200,0.0,0.0
2025-03-04 00:00:00-05:00,95.76000213623047,97.05000305175781,94.45999908447266,94.97000122070312,93.47431182861328,25227700,0.0,0.0
2025-03-05 00:00:00-05:00,94.97000122070312,96.38999938964844,94.75,95.9800033569336,94.4684066772461,17639000,0.0,0.0
2025-03-06 00:00:00-05:00,94.80000305175781,96.19000244140625,94.18000030517578,94.63999938964844,93.14949798583984,19957800,0.0,0.0
2025-03-07 00:00:00-05:00,93.94000244140625,93.94999694824219,90.76000213623047,91.72000122070312,90.2754898071289,35913200,0.0,0.0
2025-03-10 00:00:00-04:00,89.76000213623047,90.2300033569336,86.61000061035156,87.81999969482422,86.43690490722656,35148800,0.0,0.0
2025-03-11 00:00:00-04:00,87.29000091552734,89.3499984741211,87.13999938964844,87.44000244140625,86.06289672851562,28687600,0.0,0.0
2025-03-12 00:00:00-04:00,87.87999725341797,89.0999984741211,84.87999725341797,85.19999694824219,83.85816955566406,33301600,0.0,0.0
2025-03-13 00:00:00-04:00,84.94000244140625,85.44999694824219,83.87000274658203,84.5,83.16920471191406,31507800,0.0,0.0
2025-03-14 00:00:00-04:00,84.95999908447266,85.37000274658203,84.05999755859375,85.3499984741211,84.00580596923828,35500600,0.0,0.0
2025-03-17 00:00:00-04:00,85.12999725341797,87.98999786376953,84.9800033569336,87.45999908447266,86.08258819580078,26297800,0.0,0.0
2025-03-18 00:00:00-04:00,87.44000244140625,87.68000030517578,85.5,85.58999633789062,84.24203491210938,17850900,0.0,0.0
2025-03-19 00:00:00-04:00,85.94999694824219,86.79000091552734,85.62000274658203,86.33000183105469,84.97037506103516,24555900,0.0,0.0
2025-03-20 00:00:00-04:00,85.80999755859375,87.08000183105469,85.5199966430664,85.80999755859375,84.45857238769531,18185500,0.0,0.0
2025-03-21 00:00:00-04:00,85.27999877929688,86.2300033569336,84.77999877929688,85.9800033569336,84.85828399658203,26797200,0.235,0.0
2025-03-24 00:00:00-04:00,86.47000122070312,87.6500015258789,86.3499984741211,87.48999786376953,86.34859466552734,17900700,0.0,0.0
2025-03-25 00:00:00-04:00,86.76000213623047,87.30999755859375,84.62000274658203,84.76000213623047,83.65421295166016,27908600,0.0,0.0
2025-03-26 00:00:00-04:00,85.19000244140625,85.55999755859375,84.56999969482422,85.20999908447266,84.09832763671875,27228800,0.0,0.0
2025-03-27 00:00:00-04:00,84.77999877929688,86.11000061035156,84.77999877929688,85.62999725341797,84.51284790039062,16782800,0.0,0.0
2025-03-28 00:00:00-04:00,85.43000030517578,85.83000183105469,84.69999694824219,85.1500015258789,84.03911590576172,14790600,0.0,0.0
2025-03-31 00:00:00-04:00,84.76000213623047,88.19999694824219,84.37000274658203,87.79000091552734,86.64466094970703,30269300,0.0,0.0
2025-04-01 00:00:00-04:00,87.54000091552734,89.11000061035156,87.37000274658203,88.83000183105469,87.67111206054688,22080300,0.0,0.0
2025-04-02 00:00:00-04:00,88.19999694824219,90.1500015258789,88.12000274658203,89.76000213623047,88.58895874023438,19384100,0.0,0.0
2025-04-03 00:00:00-04:00,86.27999877929688,89.87999725341797,86.27999877929688,87.26000213623047,86.12158966064453,33012900,0.0,0.0
2025-04-04 00:00:00-04:00,85.63999938964844,87.38999938964844,82.6500015258789,83.19000244140625,82.10468292236328,36209000,0.0,0.0
2025-04-07 00:00:00-04:00,80.23999786376953,86.26000213623047,79.80999755859375,83.83000183105469,82.736328125,36884900,0.0,0.0
2025-04-08 00:00:00-04:00,85.8499984741211,86.97000122070312,81.02999877929688,81.79000091552734,80.72294616699219,34351700,0.0,0.0
2025-04-09 00:00:00-04:00,83.33000183105469,90.80000305175781,83.0199966430664,89.5999984741211,88.43106079101562,46632800,0.0,0.0
2025-04-10 00:00:00-04:00,88.7300033569336,91.87000274658203,88.16000366210938,90.61000061035156,89.42787170410156,34735300,0.0,0.0
2025-04-11 00:00:00-04:00,90.68000030517578,93.3499984741211,90.01000213623047,92.80000305175781,91.58930969238281,25508100,0.0,0.0
2025-04-14 00:00:00-04:00,93.2699966430664,95.44000244140625,92.9000015258789,94.7300033569336,93.49413299560547,27742900,0.0,0.0
2025-04-15 00:00:00-04:00,94.81999969482422,96.02999877929688,93.87000274658203,93.97000122070312,92.7440414428711,21871200,0.0,0.0
2025-04-16 00:00:00-04:00,94.0,94.30000305175781,90.61000061035156,91.19000244140625,90.00030517578125,22229100,0.0,0.0
2025-04-17 00:00:00-04:00,91.83000183105469,93.87000274658203,91.62000274658203,93.22000122070312,92.00382995605469,21393900,0.0,0.0
2025-04-21 00:00:00-04:00,93.0199966430664,94.08000183105469,91.33999633789062,92.41000366210938,91.20440673828125,18361200,0.0,0.0
2025-04-22 00:00:00-04:00,92.87999725341797,95.29000091552734,92.87999725341797,94.8499984741211,93.61256408691406,15407800,0.0,0.0
2025-04-23 00:00:00-04:00,95.0199966430664,96.5999984741211,94.16000366210938,94.95999908447266,93.72112274169922,18046900,0.0,0.0
2025-04-24 00:00:00-04:00,94.70999908447266,96.22000122070312,93.66000366210938,95.83999633789062,94.58963775634766,13444500,0.0,0.0
2025-04-25 00:00:00-04:00,95.80000305175781,96.47000122070312,94.36000061035156,95.08999633789062,93.84943389892578,15317200,0.0,0.0
2025-04-28 00:00:00-04:00,95.0999984741211,96.0,94.33999633789062,95.22000122070312,93.97774505615234,12950000,0.0,0.0
2025-04-29 00:00:00-04:00,94.83999633789062,96.18000030517578,94.41999816894531,96.04000091552734,94.78704071044922,12679000,0.0,0.0
2025-04-30 00:00:00-04:00,95.94000244140625,97.77999877929688,94.93000030517578,97.25,95.98125457763672,21639900,0.0,0.0
2025-05-01 00:00:00-04:00,97.0199966430664,97.9000015258789,96.58999633789062,97.41000366210938,96.13916778564453,13171800,0.0,0.0
2025-05-02 00:00:00-04:00,97.94999694824219,99.22000122070312,97.8499984741211,98.75,97.46168518066406,16031400,0.0,0.0
2025-05-05 00:00:00-04:00,98.94000244140625,99.73999786376953,98.52999877929688,99.33000183105469,98.03411865234375,12439100,0.0,0.0
2025-05-06 00:00:00-04:00,98.73999786376953,99.47000122070312,98.41000366210938,98.55000305175781,97.26429748535156,10626000,0.0,0.0
2025-05-07 00:00:00-04:00,98.55000305175781,99.2300033569336,98.30999755859375,98.83000183105469,97.5406494140625,11301300,0.0,0.0
2025-05-08 00:00:00-04:00,98.75,99.33000183105469,97.36000061035156,97.43000030517578,96.15890502929688,14461100,0.0,0.0
2025-05-09 00:00:00-04:00,96.75,97.19999694824219,96.29000091552734,96.72000122070312,95.68896484375,13697800,0.235,0.0
2025-05-12 00:00:00-04:00,97.66999816894531,97.97000122070312,95.62000274658203,96.75,95.71864318847656,26783900,0.0,0.0
2025-05-13 00:00:00-04:00,96.5,97.31999969482422,95.2300033569336,95.87999725341797,94.85791015625,19746700,0.0,0.0
2025-05-14 00:00:00-04:00,96.02999877929688,97.33000183105469,95.83000183105469,96.83000183105469,95.79779052734375,25620100,0.0,0.0
2025-05-15 00:00:00-04:00,94.30000305175781,96.72000122070312,91.88999938964844,96.3499984741211,95.32290649414062,44026100,0.0,0.0
2025-05-16 00:00:00-04:00,96.13999938964844,99.19000244140625,96.0,98.23999786376953,97.19276428222656,33746200,0.0,0.0
2025-05-19 00:00:00-04:00,96.6500015258789,98.27999877929688,95.80999755859375,98.12000274658203,97.07403564453125,20041600,0.0,0.0
2025-05-20 00:00:00-04:00,98.55999755859375,98.81999969482422,96.5199966430664,97.80000305175781,96.75746154785156,15609600,0.0,0.0
2025-05-21 00:00:00-04:00,97.12999725341797,97.76000213623047,95.9800033569336,96.43000030517578,95.40205383300781,15742300,0.0,0.0
2025-05-22 00:00:00-04:00,96.54000091552734,96.95999908447266,95.81999969482422,95.93000030517578,94.90737915039062,13712200,0.0,0.0
2025-05-23 00:00:00-04:00,95.33999633789062,96.54000091552734,95.0,96.33999633789062,95.31301879882812,13668600,0.0,0.0
2025-05-27 00:00:00-04:00,97.30000305175781,97.80000305175781,96.58000183105469,97.58000183105469,96.539794921875,17180900,0.0,0.0
2025-05-28 00:00:00-04:00,97.5199966430664,98.23999786376953,97.05999755859375,97.23999786376953,96.20342254638672,11220100,0.0,0.0
2025-05-29 00:00:00-04:00,97.62999725341797,97.7699966430664,96.8499984741211,97.0999984741211,96.06491088867188,14338000,0.0,0.0
2025-05-30 00:00:00-04:00,96.95999908447266,98.93000030517578,96.5999984741211,98.72000122070312,97.66765594482422,29980100,0.0,0.0
2025-06-02 00:00:00-04:00,98.83999633789062,99.91000366210938,98.05000305175781,99.7699966430664,98.7064437866211,16999200,0.0,0.0
2025-06-03 00:00:00-04:00,99.56999969482422,100.88999938964844,98.56999969482422,99.9800033569336,98.91422271728516,15598600,0.0,0.0
2025-06-04 00:00:00-04:00,99.79000091552734,100.12999725341797,99.31999969482422,99.3499984741211,98.29092407226562,11115600,0.0,0.0
2025-06-05 00:00:00-04:00,99.30000305175781,99.58999633789062,97.61000061035156,97.95999908447266,96.9157485961914,15817100,0.0,0.0
2025-06-06 00:00:00-04:00,98.37000274658203,98.55999755859375,96.97000122070312,97.47000122070312,96.43096923828125,15599300,0.0,0.0
2025-06-09 00:00:00-04:00,97.4000015258789,97.8499984741211,96.7699966430664,97.44999694824219,96.41118621826172,13655700,0.0,0.0
2025-06-10 00:00:00-04:00,97.29000091552734,98.08999633789062,96.4800033569336,97.31999969482422,96.2825698852539,17162500,0.0,0.0
2025-06-11 00:00:00-04:00,97.29000091552734,97.29000091552734,95.3499984741211,95.80000305175781,94.7787857055664,16389600,0.0,0.0
2025-06-12 00:00:00-04:00,94.88999938964844,95.26000213623047,93.43000030517578,94.83000183105469,93.8191146850586,17845700,0.0,0.0
2025-06-13 00:00:00-04:00,94.5199966430664,95.31999969482422,94.01000213623047,94.44000244140625,93.43327331542969,18694700,0.0,0.0
2025-06-16 00:00:00-04:00,94.75,95.77999877929688,94.0999984741211,94.29000091552734,93.28487396240234,14881700,0.0,0.0
2025-06-17 00:00:00-04:00,93.94999694824219,94.81999969482422,93.62000274658203,94.25,93.24529266357422,14935600,0.0,0.0
2025-06-18 00:00:00-04:00,94.56999969482422,95.48999786376953,94.08999633789062,95.08999633789062,94.07633972167969,11333700,0.0,0.0
2025-06-20 00:00:00-04:00,95.23999786376953,96.30999755859375,95.19999694824219,96.12000274658203,95.0953598022461,20604900,0.0,0.0
2025-06-23 00:00:00-04:00,95.91999816894531,97.93000030517578,95.66999816894531,97.87000274658203,96.82670593261719,20432400,0.0,0.0
2025-06-24 00:00:00-04:00,97.7300033569336,99.11000061035156,97.25,98.0,96.955322265625,22403700,0.0,0.0
2025-06-25 00:00:00-04:00,98.30999755859375,98.55999755859375,97.1500015258789,97.26000213623047,96.22322082519531,11154700,0.0,0.0
2025-06-26 00:00:00-04:00,96.9000015258789,97.33999633789062,95.91999816894531,96.0199966430664,94.99641418457031,19361400,0.0,0.0
2025-06-27 00:00:00-04:00,96.31999969482422,97.76000213623047,96.16000366210938,97.2699966430664,96.23309326171875,31431900,0.0,0.0
2025-06-30 00:00:00-04:00,97.2300033569336,98.13999938964844,96.30999755859375,97.77999877929688,96.73766326904297,17803000,0.0,0.0
2025-07-01 00:00:00-04:00,97.5999984741211,99.19000244140625,97.41999816894531,98.23999786376953,97.19276428222656,15635800,0.0,0.0
2025-07-02 00:00:00-04:00,98.12999725341797,98.37999725341797,97.05999755859375,97.61000061035156,96.5694808959961,12502000,0.0,0.0
2025-07-03 00:00:00-04:00,97.69999694824219,98.4800033569336,97.41999816894531,98.36000061035156,97.31148529052734,7686200,0.0,0.0
2025-07-07 00:00:00-04:00,98.2300033569336,99.3499984741211,97.62000274658203,99.3499984741211,98.29092407226562,12930900,0.0,0.0
2025-07-08 00:00:00-04:00,98.81999969482422,99.16999816894531,96.51000213623047,97.08999633789062,96.05502319335938,16875000,0.0,0.0
2025-07-09 00:00:00-04:00,97.1500015258789,97.29000091552734,96.37999725341797,96.80999755859375,95.77801513671875,13702600,0.0,0.0
2025-07-10 00:00:00-04:00,96.66000366210938,96.77999877929688,94.73999786376953,94.86000061035156,93.84878540039062,18894800,0.0,0.0
2025-07-11 00:00:00-04:00,95.01000213623047,95.52999877929688,94.2300033569336,94.4000015258789,93.3936996459961,14595000,0.0,0.0
2025-07-14 00:00:00-04:00,94.51000213623047,95.83999633789062,94.37999725341797,95.77999877929688,94.75898742675781,13779100,0.0,0.0
2025-07-15 00:00:00-04:00,95.5999984741211,95.77999877929688,94.94000244140625,95.38999938964844,94.37313842773438,10450800,0.0,0.0
2025-07-16 00:00:00-04:00,95.41999816894531,95.83000183105469,94.61000061035156,95.1500015258789,94.13569641113281,11181600,0.0,0.0
2025-07-17 00:00:00-04:00,95.08000183105469,95.62999725341797,94.88999938964844,95.08999633789062,94.07633972167969,11165100,0.0,0.0
2025-07-18 00:00:00-04:00,95.08999633789062,95.4800033569336,94.43000030517578,95.05000305175781,94.0367660522461,14636300,0.0,0.0
2025-07-21 00:00:00-04:00,95.26000213623047,96.63999938964844,95.0999984741211,95.66999816894531,94.65015411376953,13450400,0.0,0.0
2025-07-22 00:00:00-04:00,95.83999633789062,96.66999816894531,95.73999786376953,95.8499984741211,94.82823181152344,9049100,0.0,0.0
2025-07-23 00:00:00-04:00,96.01000213623047,96.29000091552734,95.29000091552734,95.68000030517578,94.66004943847656,9729700,0.0,0.0
2025-07-24 00:00:00-04:00,95.56999969482422,96.95999908447266,95.3499984741211,96.5999984741211,95.57024383544922,14991500,0.0,0.0
2025-07-25 00:00:00-04:00,96.83999633789062,97.6500015258789,96.52999877929688,97.47000122070312,96.43096923828125,12868500,0.0,0.0
2025-07-28 00:00:00-04:00,97.27999877929688,98.12999725341797,97.08000183105469,97.61000061035156,96.5694808959961,12293100,0.0,0.0
2025-07-29 00:00:00-04:00,97.77999877929688,98.72000122070312,97.33999633789062,98.33000183105469,97.28180694580078,14034300,0.0,0.0
2025-07-30 00:00:00-04:00,98.61000061035156,98.87999725341797,97.29000091552734,97.58999633789062,96.5496826171875,13864100,0.0,0.0
2025-07-31 00:00:00-04:00,97.44000244140625,98.62999725341797,97.30999755859375,97.9800033569336,96.93553924560547,15651300,0.0,0.0
2025-08-01 00:00:00-04:00,98.0,98.83000183105469,97.66999816894531,98.48999786376953,97.44010162353516,16750400,0.0,0.0
2025-08-04 00:00:00-04:00,98.19999694824219,99.91000366210938,98.19999694824219,99.58999633789062,98.52837371826172,19050200,0.0,0.0
2025-08-05 00:00:00-04:00,99.66999816894531,100.47000122070312,98.91000366210938,99.30999755859375,98.25135803222656,17977000,0.0,0.0
2025-08-06 00:00:00-04:00,99.45999908447266,103.69000244140625,99.45999908447266,103.36000061035156,102.2581787109375,23738400,0.0,0.0
2025-08-07 00:00:00-04:00,103.45999908447266,103.9000015258789,102.11000061035156,103.12000274658203,102.02074432373047,12509500,0.0,0.0
2025-08-08 00:00:00-04:00,103.37000274658203,104.72000122070312,103.1500015258789,103.7300033569336,102.62423706054688,12394700,0.0,0.0
2025-08-11 00:00:00-04:00,103.9000015258789,104.33000183105469,103.11000061035156,103.93000030517578,102.82211303710938,12856700,0.0,0.0
2025-08-12 00:00:00-04:00,104.25,104.30999755859375,103.37000274658203,103.62000274658203,102.51541900634766,17915300,0.0,0.0
2025-08-13 00:00:00-04:00,102.1500015258789,102.80999755859375,100.8499984741211,100.98999786376953,99.9134521484375,19398500,0.0,0.0
2025-08-14 00:00:00-04:00,101.22000122070312,101.44000244140625,100.72000122070312,100.8499984741211,99.77493286132812,10858400,0.0,0.0
2025-08-15 00:00:00-04:00,100.62999725341797,100.7699966430664,99.54000091552734,100.0,99.16507720947266,13604900,0.235,0.0
2025-08-18 00:00:00-04:00,100.0,100.87999725341797,99.91999816894531,100.69999694824219,99.85922241210938,11656100,0.0,0.0
2025-08-19 00:00:00-04:00,100.95999908447266,102.43000030517578,100.80000305175781,101.29000091552734,100.44429779052734,16999000,0.0,0.0
2025-08-20 00:00:00-04:00,101.1500015258789,102.6500015258789,100.93000030517578,102.56999969482422,101.71361541748047,18655000,0.0,0.0
2025-08-21 00:00:00-04:00,99.41000366210938,99.44999694824219,96.94999694824219,97.95999908447266,97.14210510253906,51825100,0.0,0.0
2025-08-22 00:00:00-04:00,98.06999969482422,99.05000305175781,96.76000213623047,96.83000183105469,96.02154541015625,32695200,0.0,0.0
2025-08-25 00:00:00-04:00,97.0,97.58000183105469,96.06999969482422,96.06999969482422,95.26788330078125,18956100,0.0,0.0
2025-08-26 00:00:00-04:00,96.27999877929688,96.47000122070312,95.41999816894531,96.05000305175781,95.24805450439453,22270400,0.0,0.0
2025-08-27 00:00:00-04:00,95.9000015258789,96.31999969482422,95.5999984741211,96.08000183105469,95.27780151367188,12925700,0.0,0.0
2025-08-28 00:00:00-04:00,96.0,96.56999969482422,95.69999694824219,96.11000061035156,95.30755615234375,19241600,0.0,0.0
2025-08-29 00:00:00-04:00,96.0999984741211,97.02999877929688,95.80000305175781,96.9800033569336,96.1702880859375,15600300,0.0,0.0
2025-09-02 00:00:00-04:00,97.2300033569336,97.8499984741211,96.51000213623047,97.8499984741211,97.03302001953125,15351300,0.0,0.0
2025-09-03 00:00:00-04:00,97.8499984741211,99.44000244140625,97.5,99.44000244140625,98.60974884033203,18995900,0.0,0.0
2025-09-04 00:00:00-04:00,99.91000366210938,101.3499984741211,99.6500015258789,100.93000030517578,100.08731079101562,15640900,0.0,0.0
2025-09-05 00:00:00-04:00,101.08000183105469,101.4800033569336,99.55000305175781,100.51000213623047,99.67082977294922,13748500,0.0,0.0
2025-09-08 00:00:00-04:00,100.8499984741211,102.36000061035156,100.41999816894531,102.27999877929688,101.42604064941406,13685700,0.0,0.0
2025-09-09 00:00:00-04:00,102.0,102.48999786376953,101.55000305175781,102.29000091552734,101.43595886230469,11819700,0.0,0.0
2025-09-10 00:00:00-04:00,101.94999694824219,102.44999694824219,100.38999938964844,100.41000366210938,99.5716552734375,17934900,0.0,0.0
2025-09-11 00:00:00-04:00,100.98999786376953,102.77999877929688,100.27999877929688,102.6500015258789,101.7929458618164,15900800,0.0,0.0
2025-09-12 00:00:00-04:00,102.54000091552734,103.9800033569336,102.36000061035156,103.48999786376953,102.62593841552734,11641900,0.0,0.0
2025-09-15 00:00:00-04:00,103.6500015258789,103.9800033569336,103.41000366210938,103.69000244140625,102.82426452636719,10756900,0.0,0.0
2025-09-16 00:00:00-04:00,103.8499984741211,104.20999908447266,103.12999725341797,103.41999816894531,102.5565185546875,14481900,0.0,0.0
2025-09-17 00:00:00-04:00,103.7300033569336,106.11000061035156,103.7300033569336,104.2699966430664,103.3994140625,25382000,0.0,0.0
2025-09-18 00:00:00-04:00,103.77999877929688,104.63999938964844,102.12000274658203,103.5999984741211,102.73501586914062,14869400,0.0,0.0
2025-09-19 00:00:00-04:00,103.80999755859375,103.94000244140625,102.08999633789062,102.33000183105469,101.47561645507812,34791600,0.0,0.0
2025-09-22 00:00:00-04:00,102.44999694824219,103.19999694824219,101.91999816894531,102.81999969482422,101.96151733398438,12861900,0.0,0.0
2025-09-23 00:00:00-04:00,102.41000366210938,102.68000030517578,101.33000183105469,102.5199966430664,101.66403198242188,13158700,0.0,0.0
2025-09-24 00:00:00-04:00,103.04000091552734,103.47000122070312,102.4800033569336,102.7300033569336,101.87228393554688,11391800,0.0,0.0
2025-09-25 00:00:00-04:00,103.22000122070312,103.51000213623047,102.58000183105469,103.05000305175781,102.18962097167969,13366700,0.0,0.0
2025-09-26 00:00:00-04:00,102.87999725341797,103.48999786376953,102.47000122070312,103.16000366210938,102.2986831665039,11859300,0.0,0.0
2025-09-29 00:00:00-04:00,103.05000305175781,103.30999755859375,102.08000183105469,103.08000183105469,102.2193603515625,15477200,0.0,0.0
2025-09-30 00:00:00-04:00,103.0,103.94000244140625,102.72000122070312,103.05999755859375,102.19952392578125,13873400,0.0,0.0
2025-10-01 00:00:00-04:00,102.55999755859375,102.86000061035156,100.55000305175781,101.95999908447266,101.10870361328125,16142800,0.0,0.0
2025-10-02 00:00:00-04:00,101.44999694824219,102.13999938964844,99.87000274658203,101.69999694824219,100.85087585449219,15605400,0.0,0.0
2025-10-03 00:00:00-04:00,101.45999908447266,102.81999969482422,101.19999694824219,102.06999969482422,101.21778869628906,11867500,0.0,0.0
2025-10-06 00:00:00-04:00,101.87999725341797,103.06999969482422,101.58000183105469,102.69999694824219,101.842529296875,13303600,0.0,0.0
2025-10-07 00:00:00-04:00,102.37999725341797,103.25,100.94999694824219,103.23999786376953,102.37801361083984,15538900,0.0,0.0
2025-10-08 00:00:00-04:00,103.0199966430664,103.26000213623047,102.1500015258789,102.9000015258789,102.04085540771484,13584100,0.0,0.0
2025-10-09 00:00:00-04:00,103.12999725341797,103.44999694824219,100.37000274658203,101.7699966430664,100.92029571533203,19508000,0.0,0.0
2025-10-10 00:00:00-04:00,102.05000305175781,103.62999725341797,101.5199966430664,101.83999633789062,100.98970794677734,18519400,0.0,0.0
2025-10-13 00:00:00-04:00,101.37000274658203,102.44999694824219,101.06999969482422,102.12000274658203,101.26737976074219,10871200,0.0,0.0
2025-10-14 00:00:00-04:00,104.05000305175781,107.91999816894531,102.88999938964844,107.20999908447266,106.31487274169922,30859500,0.0,0.0
2025-10-15 00:00:00-04:00,107.31999969482422,109.55999755859375,107.30000305175781,109.02999877929688,108.11967468261719,21416300,0.0,0.0
2025-10-16 00:00:00-04:00,109.19999694824219,109.58000183105469,105.66000366210938,106.47000122070312,105.5810546875,16366200,0.0,0.0
2025-10-17 00:00:00-04:00,107.16999816894531,108.19999694824219,106.22000122070312,107.7300033569336,106.83053588867188,13735600,0.0,0.0
2025-10-20 00:00:00-04:00,107.8499984741211,108.25,106.61000061035156,107.05000305175781,106.15621948242188,10581200,0.0,0.0
2025-10-21 00:00:00-04:00,107.33000183105469,107.4800033569336,106.18000030517578,106.22000122070312,105.33314514160156,10899700,0.0,0.0
2025-10-22 00:00:00-04:00,106.55000305175781,107.7699966430664,105.66000366210938,107.13999938964844,106.2454605102539,12296500,0.0,0.0
2025-10-23 00:00:00-04:00,107.3499984741211,107.56999969482422,105.77999877929688,106.86000061035156,105.96780395507812,11408200,0.0,0.0
2025-10-24 00:00:00-04:00,107.06999969482422,107.16999816894531,105.51000213623047,106.16999816894531,105.28355407714844,10318000,0.0,0.0
2025-10-27 00:00:00-04:00,106.33999633789062,106.36000061035156,104.1500015258789,104.47000122070312,103.5977554321289,16375900,0.0,0.0
2025-10-28 00:00:00-04:00,104.05999755859375,104.13999938964844,103.05000305175781,103.16999816894531,102.30860137939453,13323000,0.0,0.0
2025-10-29 00:00:00-04:00,102.91000366210938,103.66999816894531,102.11000061035156,102.45999908447266,101.60453796386719,11986400,0.0,0.0
2025-10-30 00:00:00-04:00,102.19999694824219,103.37000274658203,101.95999908447266,102.2300033569336,101.37645721435547,14065100,0.0,0.0
2025-10-31 00:00:00-04:00,101.69999694824219,102.0999984741211,100.18000030517578,101.18000030517578,100.3352279663086,20237000,0.0,0.0
2025-11-03 00:00:00-05:00,100.81999969482422,101.80000305175781,100.4000015258789,101.58999633789062,100.7417984008789,14811700,0.0,0.0
2025-11-04 00:00:00-05:00,102.12999725341797,102.62000274658203,101.45999908447266,102.2699966430664,101.4161148071289,12636400,0.0,0.0
2025-11-05 00:00:00-05:00,101.73999786376953,102.68000030517578,100.8499984741211,101.47000122070312,100.62279510498047,13356800,0.0,0.0
2025-11-06 00:00:00-05:00,101.33999633789062,101.93000030517578,100.02999877929688,101.68000030517578,100.83104705810547,14866000,0.0,0.0
2025-11-07 00:00:00-05:00,102.12999725341797,102.97000122070312,101.7300033569336,102.58999633789062,101.73343658447266,17248700,0.0,0.0
2025-11-10 00:00:00-05:00,102.1500015258789,102.66999816894531,101.5999984741211,102.41999816894531,101.56486511230469,14507600,0.0,0.0
2025-11-11 00:00:00-05:00,102.5,103.73999786376953,102.31999969482422,103.44000244140625,102.57635498046875,13182100,0.0,0.0
2025-11-12 00:00:00-05:00,103.3499984741211,103.5999984741211,102.66000366210938,103.44000244140625,102.57635498046875,12084400,0.0,0.0
2025-11-13 00:00:00-05:00,103.58999633789062,103.93000030517578,102.0199966430664,102.54000091552734,101.68387603759766,18088500,0.0,0.0
2025-11-14 00:00:00-05:00,100.19999694824219,102.48999786376953,98.87999725341797,102.4800033569336,101.62437438964844,23424200,0.0,0.0
2025-11-17 00:00:00-05:00,102.58000183105469,103.31999969482422,102.0999984741211,102.94999694824219,102.09044647216797,15289400,0.0,0.0
2025-11-18 00:00:00-05:00,102.9800033569336,103.33999633789062,101.37999725341797,101.38999938964844,100.54345703125,17604500,0.0,0.0
2025-11-19 00:00:00-05:00,101.58000183105469,101.70999908447266,99.68000030517578,100.61000061035156,99.76998901367188,22157000,0.0,0.0
2025-11-20 00:00:00-05:00,103.94000244140625,107.91000366210938,102.68000030517578,107.11000061035156,106.21571350097656,50375900,0.0,0.0
2025-11-21 00:00:00-05:00,107.9800033569336,108.1500015258789,104.72000122070312,105.31999969482422,104.4406509399414,41420800,0.0,0.0
2025-11-24 00:00:00-05:00,105.36000061035156,106.2699966430664,103.76000213623047,104.05999755859375,103.19117736816406,42519200,0.0,0.0
2025-11-25 00:00:00-05:00,104.61000061035156,107.41999816894531,104.2300033569336,107.0,106.10662841796875,20212900,0.0,0.0
2025-11-26 00:00:00-05:00,107.19999694824219,109.58999633789062,107.16999816894531,109.0999984741211,108.18909454345703,17783300,0.0,0.0
2025-11-28 00:00:00-05:00,109.30000305175781,110.69999694824219,109.0,110.51000213623047,109.58732604980469,9846500,0.0,0.0
2025-12-01 00:00:00-05:00,110.51000213623047,111.76000213623047,110.36000061035156,111.52999877929688,110.59880828857422,17236800,0.0,0.0
2025-12-02 00:00:00-05:00,111.47000122070312,112.6500015258789,110.79000091552734,112.41000366210938,111.47146606445312,18711800,0.0,0.0
2025-12-03 00:00:00-05:00,112.5,114.88999938964844,112.22000122070312,114.41000366210938,113.45476531982422,24478300,0.0,0.0
2025-12-04 00:00:00-05:00,113.62000274658203,114.88999938964844,113.16000366210938,114.83999633789062,113.88117218017578,25905100,0.0,0.0
2025-12-05 00:00:00-05:00,114.7300033569336,116.2699966430664,114.68000030517578,115.11000061035156,114.14891052246094,23956400,0.0,0.0
2025-12-08 00:00:00-05:00,114.56999969482422,114.98999786376953,112.30000305175781,113.55999755859375,112.61185455322266,22700700,0.0,0.0
2025-12-09 00:00:00-05:00,113.94999694824219,115.72000122070312,113.0199966430664,115.05999755859375,114.09932708740234,24326700,0.0,0.0
2025-12-10 00:00:00-05:00,115.3499984741211,116.2300033569336,112.98999786376953,113.18000030517578,112.23503112792969,22859600,0.0,0.0
2025-12-11 00:00:00-05:00,113.13999938964844,115.87000274658203,112.8499984741211,115.5199966430664,114.55549621582031,21586600,0.0,0.0
2025-12-12 00:00:00-05:00,115.26000213623047,116.94999694824219,115.0199966430664,116.69999694824219,115.96154022216797,19092400,0.235,0.0
2025-12-15 00:00:00-05:00,116.93000030517578,117.44999694824219,115.63999938964844,116.79000091552734,116.05097198486328,18713700,0.0,0.0
2025-12-16 00:00:00-05:00,116.58000183105469,116.87999725341797,114.94999694824219,115.41999816894531,114.68964385986328,19642300,0.0,0.0
2025-12-17 00:00:00-05:00,115.19999694824219,116.38999938964844,115.06999969482422,115.66000366210938,114.92813110351562,16177800,0.0,0.0
2025-12-18 00:00:00-05:00,115.01000213623047,116.4800033569336,114.61000061035156,114.83000183105469,114.10337829589844,21476700,0.0,0.0
2025-12-19 00:00:00-05:00,115.13999938964844,115.27999877929688,113.52999877929688,114.36000061035156,113.6363525390625,50043800,0.0,0.0
2025-12-22 00:00:00-05:00,114.01000213623047,114.31999969482422,112.22000122070312,112.5999984741211,111.88748168945312,21473900,0.0,0.0
2025-12-23 00:00:00-05:00,111.98999786376953,112.3499984741211,110.69999694824219,110.9000015258789,110.1982421875,20319900,0.0,0.0
2025-12-24 00:00:00-05:00,110.9000015258789,111.70999908447266,110.55000305175781,111.61000061035156,110.90375518798828,9009600,0.0,0.0
2025-12-26 00:00:00-05:00,111.72000122070312,111.97000122070312,111.36000061035156,111.73999786376953,111.03292846679688,9003800,0.0,0.0
2025-12-29 00:00:00-05:00,111.58999633789062,112.77999877929688,111.56999969482422,112.52999877929688,111.81793212890625,12979600,0.0,0.0
2025-12-30 00:00:00-05:00,111.88999938964844,112.69000244140625,111.83999633789062,111.91999816894531,111.2117919921875,11730600,0.0,0.0
2025-12-31 00:00:00-05:00,111.7300033569336,112.25,111.31999969482422,111.41000366210938,110.70502471923828,11487400,0.0,0.0
2026-01-02 00:00:00-05:00,111.43000030517578,112.79000091552734,111.12000274658203,112.76000213623047,112.04647827148438,14306600,0.0,0.0
2026-01-05 00:00:00-05:00,112.81999969482422,113.7300033569336,112.1500015258789,112.70999908447266,111.99679565429688,19557600,0.0,0.0
2026-01-06 00:00:00-05:00,112.4000015258789,114.79000091552734,111.98999786376953,114.33999633789062,113.61647033691406,20120800,0.0,0.0
2026-01-07 00:00:00-05:00,114.19000244140625,114.7300033569336,112.0999984741211,112.72000122070312,112.0067367553711,23306000,0.0,0.0
2026-01-08 00:00:00-05:00,111.29000091552734,113.47000122070312,109.80999755859375,113.06999969482422,112.35450744628906,24058300,0.0,0.0
2026-01-09 00:00:00-05:00,112.26000213623047,115.45999908447266,112.26000213623047,114.52999877929688,113.8052749633789,21902900,0.0,0.0
2026-01-12 00:00:00-05:00,117.5,118.83999633789062,116.41000366210938,117.97000122070312,117.2235107421875,49182100,0.0,0.0
2026-01-13 00:00:00-05:00,117.88999938964844,120.51000213623047,117.7300033569336,120.36000061035156,119.59838104248047,31222100,0.0,0.0
2026-01-14 00:00:00-05:00,120.19000244140625,121.23999786376953,119.02999877929688,120.04000091552734,119.28041076660156,32764000,0.0,0.0
2026-01-15 00:00:00-05:00,119.9800033569336,120.87000274658203,118.7300033569336,119.19999694824219,118.44571685791016,34559400,0.0,0.0
2026-01-16 00:00:00-05:00,118.66999816894531,120.5999984741211,116.9000015258789,119.69999694824219,118.94255065917969,415144600,0.0,0.0
2026-01-20 00:00:00-05:00,120.88999938964844,121.62000274658203,117.61000061035156,118.70999908447266,117.95882415771484,45334000,0.0,0.0
2026-01-21 00:00:00-05:00,118.08000183105469,120.48999786376953,117.55000305175781,119.36000061035156,118.60470581054688,34811700,0.0,0.0
2026-01-22 00:00:00-05:00,119.29000091552734,119.5199966430664,117.6500015258789,117.83000183105469,117.08438873291016,24547300,0.0,0.0
2026-01-23 00:00:00-05:00,118.16999816894531,118.61000061035156,117.13999938964844,117.7300033569336,116.98502349853516,20806900,0.0,0.0
2026-01-26 00:00:00-05:00,117.80999755859375,118.8499984741211,117.38999938964844,117.63999938964844,116.89559936523438,19552200,0.0,0.0
2026-01-27 00:00:00-05:00,117.5,117.62999725341797,115.4800033569336,116.94000244140625,116.20002746582031,22968600,0.0,0.0
2026-01-28 00:00:00-05:00,116.63999938964844,117.45999908447266,115.87000274658203,116.56999969482422,115.83235931396484,16342000,0.0,0.0
2026-01-29 00:00:00-05:00,116.44999694824219,117.66000366210938,116.06999969482422,117.41000366210938,116.66705322265625,16381100,0.0,0.0
2026-01-30 00:00:00-05:00,116.91000366210938,119.41000366210938,116.5999984741211,119.13999938964844,118.38610076904297,22215400,0.0,0.0
2026-02-02 00:00:00-05:00,119.5,124.19999694824219,119.05000305175781,124.05999755859375,123.27497100830078,31210100,0.0,0.0
2026-02-03 00:00:00-05:00,123.6500015258789,128.1699981689453,123.6500015258789,127.70999908447266,126.9018783569336,32018700,0.0,0.0
2026-02-04 00:00:00-05:00,128.1300048828125,129.41000366210938,127.08999633789062,128.0,127.19003295898438,27531800,0.0,0.0
2026-02-05 00:00:00-05:00,128.5800018310547,129.60000610351562,126.55999755859375,126.94000244140625,126.13675689697266,30517800,0.0,0.0
2026-02-06 00:00:00-05:00,127.29000091552734,131.6999969482422,127.05000305175781,131.17999267578125,130.34991455078125,26593400,0.0,0.0
2026-02-09 00:00:00-05:00,131.4199981689453,131.7899932861328,128.08999633789062,129.02000427246094,128.20359802246094,27197300,0.0,0.0
2026-02-10 00:00:00-05:00,128.94000244140625,129.33999633789062,126.38999938964844,126.69999694824219,125.89826202392578,24662000,0.0,0.0
2026-02-11 00:00:00-05:00,126.69999694824219,129.74000549316406,126.62999725341797,128.77000427246094,127.95516204833984,19232100,0.0,0.0
2026-02-12 00:00:00-05:00,129.3800048828125,134.49000549316406,129.30999755859375,133.63999938964844,132.79434204101562,33382700,0.0,0.0
2026-02-13 00:00:00-05:00,132.6999969482422,134.64999389648438,131.75,133.88999938964844,133.04275512695312,24131200,0.0,0.0
2026-02-17 00:00:00-05:00,133.11000061035156,134.69000244140625,128.16000366210938,128.85000610351562,128.03465270996094,37995900,0.0,0.0
2026-02-18 00:00:00-05:00,128.1300048828125,128.8699951171875,125.7699966430664,126.62000274658203,125.81877136230469,36485000,0.0,0.0
2026-02-19 00:00:00-05:00,128.5,130.10000610351562,124.4000015258789,124.87000274658203,124.07984161376953,42993300,0.0,0.0
2026-02-20 00:00:00-05:00,123.0,123.4800033569336,121.05000305175781,122.98999786376953,122.21173858642578,35151000,0.0,0.0
2026-02-23 00:00:00-05:00,123.5199966430664,126.80000305175781,122.95999908447266,125.80999755859375,125.0138931274414,25662800,0.0,0.0
2026-02-24 00:00:00-05:00,125.9000015258789,128.0399932861328,124.91000366210938,126.75,125.94795227050781,20161200,0.0,0.0
2026-02-25 00:00:00-05:00,126.61000061035156,127.4000015258789,125.41999816894531,125.75,124.95427703857422,17345700,0.0,0.0
2026-02-26 00:00:00-05:00,125.9800033569336,127.33000183105469,123.94000244140625,124.41999816894531,123.63268280029297,18638300,0.0,0.0
2026-02-27 00:00:00-05:00,125.5199966430664,128.60000610351562,125.1500015258789,127.94999694824219,127.14035034179688,29205500,0.0,0.0
2026-03-02 00:00:00-05:00,127.45999908447266,128.75,127.05000305175781,127.0999984741211,126.29573822021484,17091500,0.0,0.0
2026-03-03 00:00:00-05:00,126.5199966430664,128.3699951171875,125.66999816894531,127.91000366210938,127.1006088256836,16480400,0.0,0.0
2026-03-04 00:00:00-05:00,127.11000061035156,128.1699981689453,126.23999786376953,127.80999755859375,127.00123596191406,16434100,0.0,0.0
2026-03-05 00:00:00-05:00,125.37999725341797,125.68000030517578,121.6500015258789,123.30999755859375,122.52971649169922,28604900,0.0,0.0
2026-03-06 00:00:00-05:00,122.5,124.19000244140625,121.62000274658203,123.80000305175781,123.01661682128906,21553000,0.0,0.0
2026-03-09 00:00:00-04:00,123.69000244140625,124.51000213623047,122.5,124.33999633789062,123.55319213867188,19375900,0.0,0.0
2026-03-10 00:00:00-04:00,124.20999908447266,126.0999984741211,123.3499984741211,125.12000274658203,124.32826232910156,18793600,0.0,0.0
2026-03-11 00:00:00-04:00,125.30999755859375,125.48999786376953,123.05000305175781,123.48999786376953,122.70857238769531,18176500,0.0,0.0
2026-03-12 00:00:00-04:00,122.30000305175781,125.38999938964844,122.27999877929688,125.33000183105469,124.53694152832031,21751600,0.0,0.0
2026-03-13 00:00:00-04:00,125.38999938964844,126.69000244140625,124.97000122070312,126.5199966430664,125.71939849853516,15194100,0.0,0.0
2026-03-16 00:00:00-04:00,126.76000213623047,126.9800033569336,124.83000183105469,125.98999786376953,125.19275665283203,20463200,0.0,0.0
2026-03-17 00:00:00-04:00,126.6500015258789,127.19000244140625,124.86000061035156,125.08000183105469,124.28852081298828,19895000,0.0,0.0
2026-03-18 00:00:00-04:00,124.33000183105469,124.61000061035156,121.83000183105469,121.9800033569336,121.2081298828125,19734900,0.0,0.0
2026-03-19 00:00:00-04:00,122.4000015258789,122.75,119.2699966430664,121.08999633789062,120.32376098632812,17927700,0.0,0.0
2026-03-20 00:00:00-04:00,120.62999725341797,121.30000305175781,118.0199966430664,119.0199966430664,118.50957489013672,57545600,0.248,0.0
2026-03-23 00:00:00-04:00,120.4800033569336,121.12999725341797,119.05000305175781,120.72000122070312,120.2022933959961,22181500,0.0,0.0
2026-03-24 00:00:00-04:00,120.62999725341797,124.11000061035156,120.48999786376953,122.05000305175781,121.5265884399414,17269600,0.0,0.0
2026-03-25 00:00:00-04:00,122.80999755859375,123.48999786376953,121.77999877929688,123.05999755859375,122.5322494506836,16597300,0.0,0.0
2026-03-26 00:00:00-04:00,123.61000061035156,123.80000305175781,121.79000091552734,122.18000030517578,121.6560287475586,16442500,0.0,0.0
2026-03-27 00:00:00-04:00,122.02999877929688,124.2699966430664,121.81999969482422,122.88999938964844,122.36298370361328,16543300,0.0,0.0
2026-03-30 00:00:00-04:00,123.70999908447266,125.26000213623047,123.13999938964844,123.5,122.9703598022461,20428900,0.0,0.0
2026-03-31 00:00:00-04:00,123.43000030517578,125.0,122.83999633789062,124.27999877929688,123.74702453613281,21330400,0.0,0.0
2026-04-01 00:00:00-04:00,123.80000305175781,125.2300033569336,123.12999725341797,124.73999786376953,124.20504760742188,17039700,0.0,0.0
2026-04-02 00:00:00-04:00,125.1500015258789,125.9000015258789,124.1500015258789,125.79000091552734,125.25054931640625,11898400,0.0,0.0
2026-04-06 00:00:00-04:00,125.80999755859375,126.9800033569336,125.37000274658203,126.79000091552734,126.24625396728516,10850400,0.0,0.0
2026-04-07 00:00:00-04:00,126.19000244140625,126.36000061035156,121.79000091552734,122.48999786376953,121.9646987915039,16076000,0.0,0.0
2026-04-08 00:00:00-04:00,122.27999877929688,127.30000305175781,121.33000183105469,127.26000213623047,126.71424865722656,20194300,0.0,0.0
2026-04-09 00:00:00-04:00,127.08999633789062,129.69000244140625,126.81999969482422,129.1300048828125,128.5762176513672,13853100,0.0,0.0
2026-04-10 00:00:00-04:00,128.72000122070312,128.92999267578125,126.22000122070312,126.7699966430664,126.2263412475586,13894000,0.0,0.0
2026-04-13 00:00:00-04:00,126.29000091552734,126.30000305175781,123.94999694824219,124.56999969482422,124.03577423095703,14510600,0.0,0.0
2026-04-14 00:00:00-04:00,123.1500015258789,125.19999694824219,122.55000305175781,125.05000305175781,124.51372528076172,15320800,0.0,0.0
2026-04-15 00:00:00-04:00,124.62999725341797,125.06999969482422,123.18000030517578,124.76000213623047,124.22496795654297,17001400,0.0,0.0
2026-04-16 00:00:00-04:00,124.33000183105469,125.94000244140625,123.97000122070312,124.81999969482422,124.28470611572266,18324500,0.0,0.0
2026-04-17 00:00:00-04:00,124.56999969482422,127.56999969482422,123.37000274658203,127.5,126.95321655273438,24763700,0.0,0.0
2026-04-20 00:00:00-04:00,127.87000274658203,129.47000122070312,127.31999969482422,127.91999816894531,127.37140655517578,18933600,0.0,0.0
2026-04-21 00:00:00-04:00,127.83000183105469,129.77000427246094,127.4800033569336,129.60000610351562,129.04421997070312,17312400,0.0,0.0
2026-04-22 00:00:00-04:00,130.0,130.4499969482422,128.83999633789062,129.97999572753906,129.4225616455078,17624500,0.0,0.0
2026-04-23 00:00:00-04:00,130.57000732421875,132.4600067138672,130.49000549316406,132.02999877929688,131.46377563476562,16376000,0.0,0.0
2026-04-24 00:00:00-04:00,131.94000244140625,132.1199951171875,129.27999877929688,129.9199981689453,129.3628387451172,16016300,0.0,0.0
2026-04-27 00:00:00-04:00,129.6199951171875,129.80999755859375,127.4000015258789,127.58999633789062,127.04281616210938,17029500,0.0,0.0
2026-04-28 00:00:00-04:00,129.33999633789062,129.77000427246094,126.77999877929688,127.58999633789062,127.04281616210938,16341800,0.0,0.0
2026-04-29 00:00:00-04:00,126.68000030517578,128.0800018310547,125.91000366210938,128.00999450683594,127.46102142333984,16538800,0.0,0.0
2026-04-30 00:00:00-04:00,128.02000427246094,132.42999267578125,127.94999694824219,131.92999267578125,131.3642120361328,19867700,0.0,0.0
2026-05-01 00:00:00-04:00,131.9199981689453,133.3699951171875,130.97999572753906,131.60000610351562,131.03562927246094,10480900,0.0,0.0
2026-05-04 00:00:00-04:00,130.41000366210938,131.75,129.67999267578125,130.3300018310547,129.77108764648438,10340700,0.0,0.0
2026-05-05 00:00:00-04:00,130.50999450683594,131.72999572753906,130.3000030517578,130.7899932861328,130.22909545898438,10637300,0.0,0.0
2026-05-06 00:00:00-04:00,130.86000061035156,131.14999389648438,129.52999877929688,130.0800018310547,129.52215576171875,16371500,0.0,0.0
2026-05-07 00:00:00-04:00,129.89999389648438,130.60000610351562,128.6699981689453,130.1999969482422,129.64163208007812,14935400,0.0,0.0
2026-05-08 00:00:00-04:00,130.32000732421875,131.41000366210938,130.25,130.42999267578125,130.1184844970703,15183700,0.248,0.0
2026-05-11 00:00:00-04:00,130.17999267578125,130.60000610351562,126.37999725341797,127.58999633789062,127.28527069091797,18699200,0.0,0.0
2026-05-12 00:00:00-04:00,128.0800018310547,131.1199951171875,127.72000122070312,130.35000610351562,130.0386962890625,17935400,0.0,0.0
2026-05-13 00:00:00-04:00,129.19000244140625,132.52999877929688,128.77000427246094,131.47000122070312,131.156005859375,13786600,0.0,0.0
2026-05-14 00:00:00-04:00,131.36000061035156,132.77999877929688,130.86000061035156,132.4600067138672,132.14364624023438,14200400,0.0,0.0
2026-05-15 00:00:00-04:00,133.69000244140625,133.9499969482422,130.7899932861328,131.4499969482422,131.1360626220703,25323000,0.0,0.0
2026-05-18 00:00:00-04:00,131.52000427246094,133.47000122070312,131.1300048828125,133.33999633789062,133.02154541015625,17183200,0.0,0.0
2026-05-19 00:00:00-04:00,132.94000244140625,135.16000366210938,132.05999755859375,134.1999969482422,133.87948608398438,16957100,0.0,0.0
2026-05-20 00:00:00-04:00,132.91000366210938,133.64999389648438,130.3300018310547,130.85000610351562,130.53749084472656,28471600,0.0,0.0
2026-05-21 00:00:00-04:00,124.41000366210938,125.80000305175781,120.38999938964844,121.33999633789062,121.05020141601562,53006600,0.0,0.0
2026-05-22 00:00:00-04:00,121.33999633789062,121.94999694824219,118.91000366210938,120.2699966430664,119.98275756835938,30330600,0.0,0.0
2026-05-26 00:00:00-04:00,120.69000244140625,121.05000305175781,117.91999816894531,118.56999969482422,118.28681945800781,28796600,0.0,0.0
2026-05-27 00:00:00-04:00,118.33000183105469,119.43000030517578,118.04000091552734,118.54000091552734,118.25688934326172,22062200,0.0,0.0
2026-05-28 00:00:00-04:00,118.95999908447266,119.16999816894531,117.33000183105469,118.9000015258789,118.61603546142578,21613100,0.0,0.0
2026-05-29 00:00:00-04:00,118.11000061035156,119.08000183105469,114.70999908447266,115.75,115.47355651855469,42191000,0.0,0.0
2026-06-01 00:00:00-04:00,114.7300033569336,115.9800033569336,113.55999755859375,114.5999984741211,114.32630157470703,26176200,0.0,0.0
2026-06-02 00:00:00-04:00,113.87000274658203,114.56999969482422,112.7300033569336,113.05999755859375,112.78997802734375,27366400,0.0,0.0
2026-06-03 00:00:00-04:00,113.0999984741211,117.29000091552734,112.95999908447266,116.88999938964844,116.61083221435547,32880600,0.0,0.0
2026-06-04 00:00:00-04:00,119.9000015258789,119.94000244140625,117.29000091552734,117.73999786376953,117.45880126953125,22870400,0.0,0.0
2026-06-05 00:00:00-04:00,118.3499984741211,120.88999938964844,118.0999984741211,118.87999725341797,118.59607696533203,36638100,0.0,0.0
2026-06-08 00:00:00-04:00,118.25,120.18000030517578,118.1500015258789,119.83000183105469,119.54381561279297,19514100,0.0,0.0
2026-06-09 00:00:00-04:00,120.37999725341797,120.5,118.0,118.87999725341797,118.59607696533203,23959000,0.0,0.0
2026-06-10 00:00:00-04:00,119.70999908447266,120.81999969482422,117.52999877929688,120.58999633789062,120.30199432373047,22414900,0.0,0.0
2026-06-11 00:00:00-04:00,120.56999969482422,121.86000061035156,119.45999908447266,120.5,120.21221160888672,22438000,0.0,0.0
2026-06-12 00:00:00-04:00,120.58999633789062,121.61000061035156,119.52999877929688,121.04000091552734,120.75092315673828,14753500,0.0,0.0
2026-06-15 00:00:00-04:00,119.73999786376953,121.48999786376953,118.58000183105469,120.81999969482422,120.53144836425781,20722500,0.0,0.0
2026-06-16 00:00:00-04:00,121.13999938964844,122.94000244140625,119.87999725341797,121.02999877929688,120.7409439086914,23060700,0.0,0.0
2026-06-17 00:00:00-04:00,119.58000183105469,121.01000213623047,117.44999694824219,118.12999725341797,117.84786987304688,21711100,0.0,0.0
2026-06-18 00:00:00-04:00,118.19999694824219,118.4800033569336,116.80000305175781,117.18000030517578,116.90013885498047,36526800,0.0,0.0
2026-06-22 00:00:00-04:00,116.95999908447266,118.4000015258789,116.94999694824219,117.18000030517578,116.90013885498047,17053900,0.0,0.0
2026-06-23 00:00:00-04:00,119.70999908447266,120.25,116.33999633789062,119.41999816894531,119.1347885131836,23411400,0.0,0.0
2026-06-24 00:00:00-04:00,119.55999755859375,120.4000015258789,118.93000030517578,119.0,118.71578979492188,20600100,0.0,0.0
2026-06-25 00:00:00-04:00,117.47000122070312,118.58000183105469,115.37999725341797,115.77999877929688,115.50347900390625,20384700,0.0,0.0
2026-06-26 00:00:00-04:00,117.29000091552734,117.87999725341797,115.08999633789062,115.69000244140625,115.41370391845703,36636000,0.0,0.0
2026-06-29 00:00:00-04:00,116.47000122070312,116.80000305175781,114.19999694824219,114.5999984741211,114.32630157470703,20367000,0.0,0.0
2026-06-30 00:00:00-04:00,113.97000122070312,114.61000061035156,112.93000030517578,113.26000213623047,112.989501953125,23034000,0.0,0.0
2026-07-01 00:00:00-04:00,110.12999725341797,110.70999908447266,107.25,108.81999969482422,108.56010437011719,40391400,0.0,0.0
2026-07-02 00:00:00-04:00,109.33000183105469,112.44999694824219,109.16000366210938,111.83999633789062,111.57289123535156,29512200,0.0,0.0
2026-07-06 00:00:00-04:00,111.4000015258789,112.37000274658203,109.37000274658203,110.6500015258789,110.38573455810547,29523300,0.0,0.0
2026-07-07 00:00:00-04:00,112.97000122070312,113.5,111.30000305175781,111.54000091552734,111.27361297607422,19941400,0.0,0.0
2026-07-08 00:00:00-04:00,113.1500015258789,113.86000061035156,111.80999755859375,113.0999984741211,112.82987976074219,19892000,0.0,0.0
2026-07-09 00:00:00-04:00,111.23999786376953,112.76000213623047,111.04000091552734,112.20999908447266,111.94200897216797,20464500,0.0,0.0
2026-07-10 00:00:00-04:00,111.94999694824219,114.16000366210938,111.93000030517578,113.9000015258789,113.62797546386719,12461700,0.0,0.0
2026-07-13 00:00:00-04:00,114.7300033569336,115.54000091552734,114.01000213623047,114.77999877929688,114.50586700439453,17043400,0.0,0.0
2026-07-14 00:00:00-04:00,115.08000183105469,115.87999725341797,113.5,113.69999694824219,113.4284439086914,14682000,0.0,0.0
2026-07-15 00:00:00-04:00,113.25,114.7300033569336,112.06999969482422,112.52999877929688,112.26124572753906,16467900,0.0,0.0
2026-07-16 00:00:00-04:00,113.76000213623047,115.58999633789062,113.55999755859375,114.94999694824219,114.67546081542969,20777600,0.0,0.0
2026-07-17 00:00:00-04:00,116.95999908447266,118.08999633789062,113.5999984741211,114.23999786376953,113.96715545654297,28289800,0.0,0.0
2026-07-20 00:00:00-04:00,113.95999908447266,114.4000015258789,112.13999938964844,112.19999694824219,111.9320297241211,17738900,0.0,0.0
2026-07-21 00:00:00-04:00,111.51000213623047,111.80000305175781,109.88999938964844,110.38999938964844,110.12635803222656,22717000,0.0,0.0
2026-07-22 00:00:00-04:00,109.52999877929688,110.0,108.72000122070312,109.33000183105469,109.06888580322266,23494800,0.0,0.0
2026-07-23 00:00:00-04:00,107.51000213623047,108.55999755859375,106.79000091552734,108.4000015258789,108.14111328125,21516800,0.0,0.0
2026-07-24 00:00:00-04:00,108.12000274658203,109.5999984741211,108.01000213623047,109.47000122070312,109.20855712890625,18405900,0.0,0.0
2026-07-27 00:00:00-04:00,109.91999816894531,112.51000213623047,109.88999938964844,111.73999786376953,111.47312927246094,19008700,0.0,0.0
2026-07-28 00:00:00-04:00,113.95999908447266,116.02999877929688,112.83999633789062,113.0999984741211,112.82987976074219,24867900,0.0,0.0
2026-07-29 00:00:00-04:00,113.2300033569336,114.69000244140625,112.44999694824219,114.22000122070312,113.94721221923828,23480000,0.0,0.0
2026-07-30 00:00:00-04:00,111.61000061035156,113.02999877929688,110.44000244140625,111.0999984741211,110.83465576171875,28747000,0.0,0.0
2026-07-31 00:00:00-04:00,110.5199966430664,111.91000366210938,109.88999938964844,111.19999694824219,110.93441772460938,22799100,0.0,0.0
2026-08-03 00:00:00-04:00,113.0999984741211,113.29000091552734,110.16000366210938,110.70999908447266,110.44558715820312,23942500,0.0,0.0
2026-08-04 00:00:00-04:00,109.01000213623047,111.68000030517578,108.55999755859375,111.55000305175781,111.28358459472656,29620000,0.0,0.0
2026-08-05 00:00:00-04:00,112.44999694824219,113.16000366210938,111.36000061035156,112.33999633789062,112.07169342041016,21446300,0.0,0.0
2026-08-06 00:00:00-04:00,114.06999969482422,114.55999755859375,111.04000091552734,112.06999969482422,111.8023452758789,23203100,0.0,0.0
2026-08-07 00:00:00-04:00,110.61000061035156,112.29000091552734,110.5,111.8499984741211,111.58287048339844,18819300,0.0,0.0
2026-08-10 00:00:00-04:00,111.08000183105469,112.69999694824219,110.76000213623047,112.66000366210938,112.39093780517578,19144000,0.0,0.0
2026-08-11 00:00:00-04:00,112.44000244140625,113.33999633789062,112.19000244140625,113.26000213623047,112.989501953125,17005800,0.0,0.0
2026-08-12 00:00:00-04:00,112.37000274658203,116.05000305175781,112.27999877929688,116.01000213623047,115.7329330444336,22054700,0.0,0.0
2026-08-13 00:00:00-04:00,116.16999816894531,116.31999969482422,114.80999755859375,115.72000122070312,115.4436264038086,16822200,0.0,0.0
2026-08-14 00:00:00-04:00,115.66000366210938,116.44999694824219,114.63999938964844,115.2699966430664,114.99469757080078,14520000,0.0,0.0
2026-08-17 00:00:00-04:00,114.33000183105469,115.18000030517578,113.91999816894531,114.33000183105469,114.05694580078125,18131100,0.0,0.0
2026-08-18 00:00:00-04:00,116.30000305175781,116.30999755859375,114.4800033569336,115.19999694824219,114.92486572265625,20675000,0.0,0.0
2026-08-19 00:00:00-04:00,115.19000244140625,116.87000274658203,113.98999786376953,114.30000305175781,114.02702331542969,34286600,0.0,0.0
2026-08-20 00:00:00-04:00,106.37999725341797,107.0,102.8499984741211,103.83999633789062,103.59199523925781,83633100,0.0,0.0
2026-08-21 00:00:00-04:00,103.69000244140625,104.27999877929688,102.1500015258789,103.69999694824219,103.69999694824219,44454200,0.248,0.0
2026-08-24 00:00:00-04:00,104.13999938964844,106.5999984741211,104.0,106.48999786376953,106.48999786376953,35616300,0.0,0.0
2026-08-25 00:00:00-04:00,105.58000183105469,106.06999969482422,104.4000015258789,105.37999725341797,105.37999725341797,27032500,0.0,0.0
2026-08-26 00:00:00-04:00,105.51000213623047,106.08999633789062,104.08000183105469,104.33999633789062,104.33999633789062,28409400,0.0,0.0
2026-08-27 00:00:00-04:00,103.61000061035156,103.75,102.2699966430664,102.62999725341797,102.62999725341797,29816600,0.0,0.0
2026-08-28 00:00:00-04:00,103.08999633789062,103.4000015258789,102.5,103.08999633789062,103.08999633789062,19420800,0.0,0.0
2026-08-31 00:00:00-04:00,103.08000183105469,104.98999786376953,102.83999633789062,104.87000274658203,104.87000274658203,34188700,0.0,0.0
2026-09-01 00:00:00-04:00,105.11000061035156,106.63999938964844,104.66000366210938,105.91999816894531,105.91999816894531,22074600,0.0,0.0
2026-09-02 00:00:00-04:00,105.97000122070312,106.77999877929688,105.45999908447266,106.08999633789062,106.08999633789062,25181800,0.0,0.0
2026-09-03 00:00:00-04:00,106.41999816894531,109.3499984741211,106.0199966430664,108.41999816894531,108.41999816894531,25541200,0.0,0.0
2026-09-04 00:00:00-04:00,108.19999694824219,109.2300033569336,106.93000030517578,107.13999938964844,107.13999938964844,20540500,0.0,0.0
2026-09-08 00:00:00-04:00,106.77999877929688,106.9000015258789,105.66000366210938,106.05000305175781,106.05000305175781,22664800,0.0,0.0
2026-09-09 00:00:00-04:00,105.69000244140625,106.1500015258789,105.16000366210938,105.83000183105469,105.83000183105469,15460800,0.0,0.0
2026-09-10 00:00:00-04:00,106.16999816894531,107.16000366210938,105.58999633789062,105.7300033569336,105.7300033569336,17174900,0.0,0.0
2026-09-11 00:00:00-04:00,106.19999694824219,107.20999908447266,105.72000122070312,107.1500015258789,107.1500015258789,17068600,0.0,0.0
2026-09-14 00:00:00-04:00,108.08000183105469,109.73999786376953,108.0,109.08000183105469,109.08000183105469,23877400,0.0,0.0
2026-09-15 00:00:00-04:00,108.61000061035156,109.23999786376953,107.86000061035156,108.08999633789062,108.08999633789062,19316300,0.0,0.0
2026-09-16 00:00:00-04:00,108.31999969482422,108.68000030517578,107.44999694824219,107.5,107.5,15150900,0.0,0.0
2026-09-17 00:00:00-04:00,107.80000305175781,107.80000305175781,106.1500015258789,106.79000091552734,106.79000091552734,19216200,0.0,0.0
2026-09-18 00:00:00-04:00,106.23999786376953,107.72000122070312,106.16999816894531,106.7300033569336,106.7300033569336,45337600,0.0,0.0
