Date,NVDA,AAPL,MSFT,AVGO,AMD,MU,BRK-B,JPM,V,LLY,JNJ,AMZN,TSLA,T,GOOGL,GE,CAT,WMT,COST,XOM,NEE,WELL,LIN,SPY,^GSPC
2010-01-08,,,,,,,,,,,,,,,,,,,,,,,,,
2010-01-15,-0.08080688757091208,-0.028955967705608203,0.006502319429377953,-0.04972980337172556,-0.064609235096965,-0.0914434853790113,-0.02283551722162544,-0.02263588642420522,-0.009934621619843868,0.02315891359896593,0.0054357635572367564,-0.048962475361441625,,-0.04954694631141551,-0.03726253645476634,-0.009685104226950828,0.0031468306287800035,0.006541443740433057,-0.008300227396144716,-0.005915317292371156,-0.04051351933389416,0.005205361387476775,-0.0065248994973705786,-0.008150642518292835,-0.007847398356794075
2010-01-22,-0.03872992370627619,-0.04053255602331878,-0.06354547731172655,-0.03799343596498169,-0.11495897551787876,-0.10393555650653442,0.07645896800387175,-0.109234495240592,-0.040391723725764335,-0.008410590705031754,-0.021290668446649536,-0.045950885541555596,,-0.015631744713212766,-0.05309171253818003,-0.020277230403166927,-0.10273944889078063,-0.013881436979821917,-0.02969296303291333,-0.04453080784838043,-0.04884948673571901,-0.024912968151624273,-0.0341742907908293,-0.039762610008055484,-0.0397486722972209
2010-01-29,-0.06721508014172685,-0.029195908997877787,-0.027302930313283087,-0.010303372805962831,-0.054772499063542125,-0.045946755560704294,0.0864525209743021,-0.005633715102030723,-0.008496919474913303,-0.00904989087634559,-0.00539447784346862,0.03225046287292782,,-0.0011822405929041325,-0.03717270645693399,-0.0018641987519254538,-0.03775427073056625,0.009213336880886217,0.006288210576794767,-0.025589081708758062,0.012796788252819269,-0.004871493022366829,-0.03803545712872072,-0.016805634367019717,-0.016522140509639602
2010-02-05,0.05252727255161563,0.017547840750873223,-0.00569397545005074,-0.010410638453914453,-0.0148551190796202,-0.002295975317225151,-0.03813796345160003,-0.016571798534528948,0.006440397273431271,-0.019507125753098833,-0.0035058359279688165,-0.06608664685004148,,-0.004742989069908199,0.0025443674556851737,-0.018199375648197687,-0.009424483284881621,0.000374157806451219,0.01982661610392555,0.005725913997712691,-0.02828796068594582,-0.03110261751959455,-0.01754538499198299,-0.00682045297896202,-0.007177450079946463
2010-02-12,0.06734728315956744,0.024859718343842853,-0.003217304500824864,0.009259391062223376,0.06835774763831465,-0.030340894994926777,0.04426856655790435,0.016828901623735293,0.028036429708492516,-0.0026319657774089237,0.0012764607664925403,0.019152602620225397,,-0.006758274888904988,0.0034383304513074045,-0.015315977077949626,0.08249213002097443,-0.010343391138429532,0.014946374677404353,0.006502480863365554,-0.039372542784568254,-0.006358161116546237,0.038695560662420546,0.01285480985790943,0.008703485460364754
2010-02-19,-0.045395686917016946,0.006417428478853336,0.03429734656826003,0.009744973206141237,0.0075949661117733136,0.05306880251927299,0.023645362031433373,0.027350044008685705,0.023662061023364832,0.008505787418541634,0.024852336946375238,-0.01804583527640936,,0.0011961506715588645,0.014229105632522906,0.03909721464643335,0.03582747280355745,0.011091437184750575,0.030894708553359237,0.016377794381687915,0.02834143887424779,0.026629600321802366,0.00376286342198827,0.028289517124774663,0.03081705073035844
2010-02-26,-0.023185883499156703,0.014521990287973113,-0.003481986494784043,0.03475670497193451,-0.0025252515106144896,0.01781796800039109,0.017499023127992747,0.047325752951765276,-0.017781990066457646,0.0029163436111883604,-0.012775809018754154,0.007460215806568011,,-0.011621257048363438,-0.026154703103970934,-0.0006030398656231322,-0.020815655713954256,0.010784623491014236,-0.002784273953681259,-0.013295847706574368,-0.00019713490048806336,0.01187337154865683,-0.0273057799056682,-0.003605756316387611,-0.004228346368936289
2010-03-05,0.05815267720337325,0.06768865333574868,-0.002794488137032097,0.0645383687907294,0.08479651607569659,0.043203246120955205,0.03951830381352985,0.019816762588989855,0.037175715273210765,0.021605170835559108,0.016373740538411816,0.08504573513796847,,0.007229197580913996,0.06860568171305952,0.017895789171137978,0.037499918389720346,0.0012937912045347072,-0.004768063053609325,0.022363432918511703,0.027230453712925675,0.0187095467755588,0.055832132585872135,0.03120386851515347,0.030503536829065647
2010-03-12,0.004648387031819131,0.03434298783318094,0.023506308762765347,0.014868506143888616,0.03649215049787244,0.05250812739184726,-0.013526809595642958,0.007911159420593478,0.05216827373723465,0.02365674690714076,0.0021835990133722734,0.02232289730345635,,0.024897331347836615,0.02680808046377588,0.04133583866236651,0.01889865776017589,0.00117788189053996,-0.008440312687571262,0.00495218236726371,-0.012247721220422957,0.03684720832004471,0.007566703393897329,0.010534919022351418,0.00986602023942183
2010-03-19,0.0,-0.019383336274283104,0.010872985475026195,0.023139669025935485,0.019956244522878024,-0.0020077274817891172,-0.0021911184687275435,0.006928305274106163,-0.04844691341500122,0.006657150767901519,0.014386216349684644,-0.01121423910532402,,0.023911672255009203,-0.03429783449649687,0.05868954089460558,-0.016537822203272542,0.026365509751333997,0.009099063812766433,0.003586006505469336,0.022893097216452628,0.021430326130654747,0.025186271997034264,0.008517051834306103,0.008580577360857638
2010-03-26,0.00520404707997556,0.038181726771591144,0.0023633107500135087,-0.009994774747124647,-0.009928288761120927,0.05284958789138717,-0.009304603171801285,0.035496143236405875,0.015747041696843014,-0.020953335793576236,-0.011275091876122039,0.03549596327451004,,0.0,0.004792073322457448,0.014831487062118448,0.050417015905247844,0.0030668726543197056,-0.009763838311232755,-0.007485440081134415,-0.007293707069422142,0.002837537485403922,-0.0004902701625331985,0.005246447473141755,0.005751118529351529
2010-04-02,-0.006944613768300943,0.02172023498592526,-0.017001779063760263,0.029202503170219565,0.038068699212401844,-0.030980144235244637,0.004295784013758693,0.004665824325128009,0.02516526809325171,0.020400262791099563,0.021360795064280305,-0.024357618745795135,,-0.004966421895901765,0.010800020857639968,-0.000545166012604955,0.0245206147657609,-0.00035983391905296816,0.00016612318645293014,0.01595228443366012,0.021314843447693944,-0.01736837390473002,0.02708721568711741,0.010410254658065981,0.00981801646322008
2010-04-09,-0.013446929438545668,0.02436445158820436,0.03966936417324154,-0.024192756464341644,-0.007498663368450492,0.05360134398310605,-0.014308911539198669,0.01755134933035005,-0.00032456461113159873,0.018907572146597565,-0.009625108744758007,0.06070939797593153,,0.03392186121205414,-0.004546203288523017,0.01031145744158781,0.01980571518842152,-0.007597962115322424,0.01763545008644004,0.016866645573068013,0.017656184859936766,0.011904840270391187,0.013391082798063036,0.014746674202268028,0.013715895078861564
2010-04-16,0.004111984569262198,0.022937561022031733,0.010817995689163216,0.08934078231974656,0.053387895683318906,0.017552321694101727,-0.022235658314423395,-0.00939609420782272,0.014272979166324595,-0.008176848378142617,-0.0018436520266871953,0.014952654006102243,,-0.01947741459283836,-0.028791568557149365,0.0240079758686855,0.024367324059109262,-0.01758607678455255,-0.033558046161197265,-0.012144542124108244,-0.026086295537463475,-0.05287485323086693,0.021659652167368922,-0.0015906435222952822,-0.001877218430484776
2010-04-23,-0.03701902418399952,0.09048441898403764,0.00941096317351122,-0.017985232013453326,-0.005109892475645386,0.0072996203364625,0.0029174337964425665,-0.013482142455588786,0.028777741394913053,-0.03000261185264875,0.00030744838436590856,0.010217017416462758,,0.012265443845202792,-0.009423774593056183,0.005257407363132855,0.0342318922827433,0.007732022767789507,0.016919828988366525,0.019100578217986452,0.057571347708002756,0.04406974288885795,0.01611128495825141,0.020318290847872414,0.0208772583672076
2010-04-30,-0.04542003697059893,-0.036625840619754456,-0.013658465687543786,-0.046674845087468386,-0.07332019339568732,-0.16251921191195826,-0.02500928019365603,-0.05394332469075707,-0.06811327156738868,-0.013915001099336122,-0.011442752070001222,-0.04652995325002006,,-0.0072645899663716425,-0.03603669188681143,-0.011073090070725416,-0.010082850180737537,-0.01645594296097708,-0.0187799065163491,-0.021458894728664593,0.014513477494757747,-0.00665434919657343,-0.051758556943784874,-0.02493707241727173,-0.02545101601419034
2010-05-07,-0.11810128189940398,-0.10162735023337684,-0.07936120361166377,-0.061325946620532173,-0.07912430232989555,-0.08710870528057546,-0.03421503122922997,-0.0436840295965857,-0.09211233736915556,-0.010058519345439323,-0.015516693155089153,-0.09255685325121726,,-0.037533425882521586,-0.06393754585923636,-0.11091371273570655,-0.09208433191746489,-0.023388341378392737,-0.02698761636792524,-0.061934873986638175,-0.0160742653200261,-0.08682534421837217,-0.06014721208994432,-0.0656556306287616,-0.06601537112980733
2010-05-14,-0.07432880116216954,0.07338704025307012,0.025202918181839274,0.047579718260139674,0.04890381500815116,0.04226797222537419,0.02416473941263684,-0.021575244853997595,-0.06158657097605091,-0.006440140310710006,0.010371167776990665,0.028008579685435703,,0.011881256238776304,0.028762748726573042,0.044039391854662276,0.04379352668347055,0.000434830799043145,0.0074748775410459715,0.005197060717694162,0.028674872288177958,0.035371524898838484,-0.012501729119510759,0.023363310696422675,0.022079139351798855
2010-05-21,-0.017906055430252102,-0.04636626101297535,-0.0704837790186602,-0.020979709626031427,-0.04652008272237262,-0.0011192979342484345,-0.04315868270967383,0.00400310503458846,-0.04041265236226316,-0.02386792827814626,-0.049509468765881894,-0.046256952676621464,,-0.02189135540600949,-0.07247089597034671,-0.07166858772869586,-0.07669604768564607,-0.014494717093187438,-0.005209414786084171,-0.04370917750827173,-0.04105045004456431,-0.011973042020630778,-0.010322626703651439,-0.0428763219438972,-0.0431755102760669
2010-05-28,0.03169976052064952,0.05835029139574972,-0.039519070528272776,0.04152854750415955,0.020036036563707546,0.017758637878481576,-0.03427472577192846,-0.011804618839566449,-0.02372940720476534,-0.010013635732853202,-0.03421005186141615,0.022081581857261442,,-0.022381414858405384,0.028361948235157197,-0.004272542599426159,0.011088167358886056,-0.01589342387594071,0.0140034259125543,-0.006922602439441236,-0.013132852219103824,0.03712453978304246,0.006464118007345456,0.002380219857966266,0.001580169170584555
2010-06-04,-0.08245544110586069,-0.003587802101512846,-0.00038763753465874,0.007718376038613113,-0.05516987120585296,-0.02562822748261685,-0.005115836030337294,-0.05078821971574862,-0.004564861616463769,-0.012891444757460941,-0.004986900657906094,-0.02167422397227,,-0.005364109406943065,0.02659778284712979,-0.03993060640003645,-0.05063490015957185,-0.003169551078729477,-0.03636165859050627,-0.015501259170666071,-0.016112091732113087,-0.04437778456576846,-0.040099258209151334,-0.023591714185352056,-0.022774175322644596
2010-06-11,-0.04133904226753595,-0.009618013310114751,-0.0050531089429531285,0.052421741671803856,0.001232314285818664,0.00786958960413536,0.058384505099302736,0.012415989766171169,0.053315670925486267,0.03937509845219196,0.007728189389797324,0.002115543666159096,,0.04529662225429811,-0.020705230128368925,-0.009593588167616289,0.04187375119969329,0.009085312315115182,0.023750189936805305,0.03839335527081397,0.027782708029738406,0.0655084957379903,0.04819885344971765,0.0264216111269984,0.024782366144709758
2010-06-18,0.05773250965366569,0.07797998303961455,0.029944233419696688,0.04937624581629025,0.08382486589568033,0.11316883193585008,0.07156086483151186,0.02821452946675758,0.01253933695199609,0.027535506909297902,0.012240245046978512,0.02250353949625412,,0.005520694803529632,0.023328648173666502,0.031084047834676998,0.08920888635603003,0.013475243234330664,0.011924270076296158,0.019847008898589102,0.048980139684262264,-0.015344507357204636,0.04266170456939429,0.0232648916085594,0.02345851726349259
2010-06-25,-0.10445757034879087,-0.027258907879438393,-0.07498107901943875,-0.070575174093266,-0.08752625604386079,-0.055512718614313276,0.024347754034058006,0.0066140571658294105,-0.004944975612191236,-0.019548570158264788,-0.008143493727217666,-0.03914122703252561,,-0.025489344846790357,-0.05624941641068222,-0.06742684640403213,-0.017463667117059607,-0.05482157919316704,-0.03087908187582873,-0.06549021560596342,-0.06470310942501857,-0.013476245881235678,-0.021417836531695537,-0.03515826482454879,-0.03714646356486292
2010-07-02,-0.0778640076365411,-0.07697865645365906,-0.05273187310929887,0.004646665236317587,-0.12072308467945034,-0.14050185454408431,-0.05858157958675941,-0.09462780802568847,-0.046457441590263555,-0.00798693675103306,0.006452590574045156,-0.1031591559097817,,-0.020375535782327092,-0.07951581192950971,-0.07158263083027278,-0.08933225319845896,-0.01652942805682914,-0.039943912012690874,-0.04375149885243122,-0.0052960990904927785,-0.023430191746774548,-0.03288236950203063,-0.053994860687121254,-0.05162767898974427
2010-07-09,0.009709243789726457,0.050072900662991617,0.04207614931202846,0.020193313383605978,0.023433198162718397,0.041697066931421674,0.031979311761689694,0.08092229403769605,0.05580575206403378,0.04358627914689109,0.024411731767799903,0.07176225600862532,-0.09844007923616697,0.04503209262779304,0.0684749964343493,0.07426262016140592,0.08948683186329953,0.02935660441325046,0.03550428925352535,0.03832266630131057,0.049217236437526485,0.03343849232382293,0.056269486901487406,0.05482837460062924,0.05274146761400874
2010-07-16,-0.02941390306058293,-0.03815817009884286,0.025225228126631617,-0.000908885057290373,0.0040788272583402035,-0.03563303728738841,-0.03379348088657706,0.0038537183981433337,-0.07973079366212317,-0.015184310465503791,-0.018336850025182816,0.010434889674985464,0.17076079712832049,-0.005654369386979826,-0.0169996412360908,-0.027120684860599195,-0.005487756223578325,0.004843686504261585,-0.021769022248939143,-0.01404867998740925,0.02268445984662495,-0.004642338308625701,-0.004559690109069797,-0.01211443576440806,-0.012208208467604103
2010-07-23,0.03037930416573669,0.03939028795525087,0.036295969491037604,0.039675360084819214,0.0592668858354971,0.025075924312562482,0.020666939744329642,0.021058600802720154,0.05632666318610743,0.015184310465503788,-0.030924523227375197,0.003201899155633898,0.03100625616983312,0.03384815858098889,0.06414962207097029,0.07670627694002233,0.08064403675866204,0.03947596637166374,0.017489089114838274,0.029913333322147184,0.003794266733720896,0.04770361229373009,0.053273622765246685,0.0345546021375521,0.03486335218138572
2010-07-30,-0.11983635302796139,-0.01040299532925889,0.0,-0.05018934150142645,-0.043115809537997145,-0.15257958632786553,-0.007524059355728818,0.011234888019761408,-0.03008134876855763,0.012152317263842482,0.007950336196363561,-0.00827851728399615,-0.06550975628228262,0.015539792313589887,-0.010688261806181624,0.025763374147223215,0.006328441302198458,-0.00933276480758418,0.013492237255802111,-0.0006699492000317625,-0.00970383406857072,0.005089156980377631,0.016608185778854333,-0.0012687772797067402,-0.000961827253387832
2010-08-06,0.03842544562122462,0.010979961353873108,-0.010124784067777087,0.037433665173718794,-0.005354760181332368,0.04038219194099883,0.029638318160730988,0.003964316488382658,-0.016633650899735522,0.035052090098593704,0.03168429390743922,0.08477517810733197,-0.017708246886600713,0.02286666136409582,0.031208285136049785,0.02026486207367679,0.02561867119252584,0.011652543938180354,0.0006289935195622104,0.037653954491623946,0.02660328995651387,0.019075092050401723,0.010768479175219803,0.019043194466841898,0.018028266790252354
2010-08-13,-0.01689625323652709,-0.043173348216924756,-0.046054671565958286,-0.12227522503750576,-0.13795151134032158,-0.0403821919409989,-0.046940285653769356,-0.0754787501378214,0.002769867490101365,-0.01918911380282124,-0.030651554835494622,-0.02869648088111003,-0.06702611924127362,0.006759729677686444,-0.02811915804292227,-0.06725757359518926,-0.05088134179199673,-0.021386455633690012,-0.0219946361888301,-0.026676993308652686,-0.031971513817398114,-0.01707174846813284,-0.0053695673824882785,-0.036977675999531986,-0.03852555760674413
2010-08-20,0.05993568771370514,0.0021652965497692147,-0.0016711546268389824,0.021772541308625243,-0.037681031700841035,-0.022223086218804686,0.012297152755292052,-0.00964670678454494,-0.029794841823838278,-0.043802830244864914,0.01009460224403145,0.024322859703402505,0.04169492838342605,-0.010156733951013637,-0.05132051430901752,-0.023019755555654737,0.012421099879227201,-0.0035777188881203105,-0.00489299454817382,-0.017171784538493173,0.024120444830042866,0.00801803711014074,0.012070393169342445,-0.0072274994165627895,-0.007029568403818055
2010-08-27,0.0149328010095284,-0.03265351792343929,-0.012458071105739906,-0.005891032499076896,-0.027576780318580865,-0.04158325395675313,0.013417815618439192,-0.014646228852020615,0.014306236952743804,0.0008780453863635585,-0.01021178127184707,-0.00880512506745152,0.03093037150030759,0.01835672164561407,-0.006928357378622972,-0.021520503889267066,-0.04393714603952995,0.015411762828745356,0.020677985485082997,0.015334170286768478,0.0204486787653763,0.013440679387390438,-0.012184907859108226,-0.006250103262206242,-0.00664707064251578
2010-09-03,-0.02197894678415992,0.06857348489144885,0.014931502092606684,0.0324563990913908,0.0016434233475588623,0.03170319854678782,0.03529266891236307,0.0678632144321607,0.0193585154991485,0.0133605300800902,0.022827896499382504,0.0916135978480479,0.06628187781437696,0.01838921344084335,0.024691007228462666,0.04518996415502272,0.061498463174319756,0.020187241689370368,0.04148442250589406,0.02510008854022655,0.013821362072096655,0.0440997065025871,0.004720965334923392,0.03701899664213455,0.03681209014205271
2010-09-10,0.017026189541712974,0.017771861449665863,-0.018280664243299452,-0.11772376947209269,-0.04706754576208444,-0.07968808740709178,0.013509614557134881,0.0149502463086892,-0.06275663040998587,0.0219726218659055,0.017660978621585353,0.02595891046115762,-0.04270371751509997,0.01411301881764474,0.012341070220252751,0.037620293079666065,0.016698061198683185,-0.0013458091573834614,0.016425147702932553,-0.00195861056293748,0.009471511965930473,-0.022234857544738976,-0.009096632380150625,0.005306976392969811,0.004552765177822011
2010-09-17,0.04656515313026757,0.04440398702767887,0.05585345801107964,0.07188397551320334,0.05198151680953437,0.037683448057243586,0.0,0.007517021902503459,0.005857226552753918,0.010109632713124875,0.026163542693739772,0.04045119796029956,0.002970348777046231,0.012142824965364346,0.028999531934556004,0.026584702069513515,0.026586924156905237,0.019814005225525646,0.02896870667961642,-0.006886306945040462,-0.02570780204112193,0.025580020978285982,0.021853463059797504,0.014357833321880181,0.014352740534892258
2010-09-24,0.15021609366019556,0.05973391312057502,-0.017600481880038408,0.07403682714982063,0.11122567611789189,0.06305786792011217,0.007227187212907461,-0.007768917182707504,0.05510450502464655,0.008624354586851131,0.009214799321538184,0.08035384883271167,-0.006447077319446895,0.014449683204865015,0.07303906840067712,0.022459261154850085,0.08572369535565391,0.019983970755636692,0.04404735829209754,0.01583332728054475,0.01367108655803117,-0.011335073806086383,0.01938969211396359,0.020501357514938333,0.020297477344358845
2010-10-01,-0.07712453508453203,-0.034099540962976405,-0.016273287204615842,0.047509388246854474,0.030239889936137458,0.01242272374645223,-0.007348110095385971,-0.02393179365721236,0.013041442708147315,0.012114700157207845,-0.0062957665160119835,-0.044658206634883506,0.024570976569797842,0.00801535837466732,-0.0031719588428692027,-0.01817170240024704,-0.01912040569454151,-0.013402937659793869,0.015492284816864451,0.01271232957541066,-0.00165290520371704,0.0002112115115640456,-0.004896191019050964,-0.0018305237260827349,-0.002117777675790314
2010-10-08,-0.044131142780746827,0.04006758485532894,0.007762345200633308,-0.019184416157630196,0.0,0.040327959485360935,0.005426004392030611,0.014090648769311027,0.009231759873347865,0.014400108346022506,0.02368490033880325,0.011899513864652336,-0.008286416117117553,-0.0015699530705047269,0.020208408999119142,0.0454083486938911,0.027115685582723044,0.019486364404405116,-0.011752245260704747,0.028996563491154,0.009329957119079507,0.027683934090865326,0.010761689495716962,0.016699400339080357,0.016362843117337267
2010-10-15,0.03883078250700426,0.06792935770602214,0.03872014360025027,0.021832330661711738,0.009880065471954072,0.0026314378987146044,0.002522058340289797,-0.056515554458710274,0.04750268494751053,0.018442625988628832,0.005362933593298697,0.05679407175562009,0.005369581673080035,0.0038905315809354174,0.11455643160235986,-0.049082547090744034,-0.007744136528768123,-0.01967449806834223,-0.009219338433270788,0.012503365553989428,0.007256999663978685,0.015280012320478719,0.0009928567652106911,0.009904570099018451,0.009430496187768039
2010-10-22,0.044182218854085756,-0.023369220902575278,-0.006284587254885073,-0.009298766359923643,-0.03283664370315237,0.010457811851392763,-0.0003599833145010177,0.014696532374642303,0.021544307084248603,-0.06453873410537544,0.0037684361448083402,0.026906341582891548,0.00872518927806486,-0.0014130492620032752,0.018254469030125703,-0.014832826510303307,-0.012473293904682098,0.013221093730603786,0.0051670035523596015,0.017486408126958716,0.0023467983945758275,0.028698702845949494,0.016075204535130037,0.00550724745506805,0.005840819012419685
2010-10-29,0.018472485845694164,-0.021333831649218413,0.049577851673465324,0.09336775208185738,0.0632677977673956,0.07150396383317803,-0.04641715875309132,-0.0018588654773700113,-0.01435404028620826,-0.005665789314325863,-0.0010979059356995581,-0.02332917023447571,0.05264395919356627,0.008097599399176342,0.0019083415438860135,-0.0024940632746078112,0.00344126318683796,0.0020331120481698168,-0.016650183305243187,0.0022584438708635785,-0.0074215904432688405,0.00392174719484241,-0.009153908155167024,0.0011820543129857078,0.0001521790730713114
2010-11-05,0.04791847512271573,0.05226789297065294,0.006726330468972441,0.027574140413341466,0.09109021503126172,0.04728987800529238,0.050966488859163675,0.08430625512741792,0.020765561950151924,0.014664602634459479,0.014175962273559327,0.03297911617469125,0.11247781096759338,0.02595685654928304,0.01837338826623303,0.043365197377364134,0.06095356126129906,0.01883506530616981,0.041044994324410264,0.05144404764374616,-0.005647992338689038,-0.002386676832719262,0.01736524559464746,0.03507685878014816,0.03536111168890859
2010-11-12,0.05026176385300974,-0.029114610563694052,-0.0218380188617043,0.013701581042430392,-0.05234121815105142,-0.11490034566459713,-0.04233115014845628,-0.03302588844863509,-0.0364974483399496,-0.013450005595113694,-0.015275074931691718,-0.030259337263253014,0.1996286831066396,-0.028063105787068877,-0.03548163787967407,-0.02911047459986246,-0.030382763320113505,-0.019574145887601306,-0.003062545405749369,0.02032052332198211,-0.020303465126531684,-0.0674600819022576,-0.014741313700400934,-0.020748259268636438,-0.021971486919406993
2010-11-19,0.03628660075270657,-0.004229478265084205,-0.016200430327443806,-0.017650943515582874,-0.021192889237243478,-0.043686656161629644,0.006458805882439787,-0.005062405742272672,0.003430513356934455,-0.007507717080167896,0.002510146618929226,-0.005204274349970594,0.03781493976793127,-0.004931140754658862,-0.02086958696783884,-0.001847880754108039,0.03551663069089794,0.004791494443486524,0.02064412114956275,-0.006359340553969306,-0.03144180242216893,-0.024118429386473964,0.00988800364678313,0.0007485988489736233,0.0004335411074028182
2010-11-26,-0.010969018825731775,0.02660496019270434,-0.017275687903682776,0.06658880035215342,0.010652617465896975,0.03196020018151079,-0.01258341545575181,-0.04967843041700966,-0.020586574118993436,-0.012542498199553423,-0.01569294255329752,0.07242500879294006,0.1307849309360668,-0.01386736252737036,-0.0014058277858519591,-0.02623451699476023,0.0019039072998783054,-0.01202217028364625,0.009867456577725866,-0.01874533966464169,-0.013519194877803077,0.005218047467091815,-0.004769059424451981,-0.01246413449123722,-0.00864751638122801
2010-12-03,0.08388156769308716,0.007716129991166215,0.0677513392192521,-0.017177597391150486,0.01315807178094648,0.037303348634762784,0.014191690488929395,0.054740836159282484,0.02447312544157939,0.0020524092176543085,0.004164282662363688,-0.008614795935164716,-0.1147795962167346,0.019852048774373104,-0.02923681734009273,0.06017747851404693,0.06053347565937523,0.01624187718859513,0.0172557358447394,0.02791811363932269,0.006281913382693733,-0.006963042369610888,0.027865627379011406,0.03384791814744313,0.029255050564701148
2010-12-10,0.01075992273574868,0.009780735832785459,0.01177315933750514,-0.005664999404996486,0.053447784160999434,0.04082195747518414,-0.002723126057185884,0.04492330092639044,0.03618281895619323,0.024307123937178602,-0.01044408056949162,-0.00034161791487276555,0.0009521610220997573,0.013942625381198042,0.03297557010124826,0.05450596768387868,0.006246251476045318,-0.0007290844984848479,0.04096778188688528,0.013810529502962951,0.017459516528040446,-0.005693112106752066,-0.008636261507542726,0.012855203467859868,0.012729878545142024
2010-12-17,-0.039568554004548076,0.0001560517886239808,0.02027598115623281,0.06754840668831594,0.003710664307645118,-0.004860131770265002,-0.009089315759423566,-0.0434100079250449,-0.18132460926079944,0.000857041234790461,0.010124830338345667,0.011098593380997423,-0.005088700760454506,0.011015295903040451,-0.002383650267221742,-0.0011289518552675972,0.02903848213667035,0.0023925289883064763,0.00824676333610106,-0.000138753337896724,-0.006366583502595604,-0.009487168930941063,0.0013911658309920596,0.0037984459147298974,0.0028257439839699384
2010-12-24,0.037560113273696655,0.009282660526843897,0.014235264632730458,-0.0014212713596315385,-0.007435030327193294,-0.03343976980252468,-0.0011262918312884426,0.058977656437091366,0.026986556906128705,0.006264405484570503,-0.00464836618424596,0.027822065816428966,-0.04134044783493248,-0.00034233857084063076,0.02247730554202427,0.026878463578596898,0.019889275232761894,-0.014999128354166938,0.005552338609438691,0.01417090680153815,0.009630119289058048,0.04613703212773248,0.02105586406569243,0.010404787936937795,0.01028528115826751
2010-12-31,0.03166478645427267,-0.003219215218416216,-0.013876958481088502,0.009904946663322107,0.017263109475981163,0.010025154144882248,0.003125588568099415,0.008047246162008328,0.023723121992160416,-0.005407782295258122,-0.006446133995799017,-0.01428639387841176,-0.1221546730673944,0.006145336341490194,-0.017126157000139405,0.013762953748002554,-0.008399503034146837,0.006138224015500014,-0.00041519909555086577,-0.0010935694899476456,-0.003456306893542537,0.008432056063830521,-0.0004194717071052731,0.001193083839008995,0.0006920073815164796
2011-01-07,0.25484378629138105,0.04117929083391364,0.02442182658393261,-0.004586297911595443,0.07646281805335009,0.07562073440587873,-0.004629382682683459,0.029502037903183807,0.036002581788354554,-0.004003286584465642,0.012052998064251093,0.030044109831688492,0.05870132221531812,0.0009680012373955942,0.03713215875259674,0.007625210156820429,0.000746931294906958,0.0027773582724172022,-0.021840314105416724,0.03322213867726631,0.004414180556078195,-0.005050758154040344,-0.012436697087560776,0.01099321538811083,0.010960345429715804
2011-01-14,0.17161126748399588,0.036112712696825484,-0.010544868102844296,0.025485264054172604,-0.07402087496569976,0.11559730008092295,0.023670522941258952,0.028686334964099745,-0.02554288139446748,0.0002863905571091758,-0.0007987163515841281,0.017422427407235243,-0.0923047067533769,-0.014664800390590486,0.012477849133814925,0.020940387145561453,0.002983107810030863,0.013407909386048307,0.02598611072522246,0.029331394412981677,0.03629246898525431,-0.007410926894514712,-0.013883415430125825,0.016846210040531946,0.016953383983280303
2011-01-21,-0.059829875341973475,-0.06447724992332804,-0.009943232773013143,-0.04368433214212731,-0.08391195404927344,0.01329925618605766,-0.014806002599724042,0.00842620394686005,-0.013732837304767044,-0.004306086271858128,0.001756870096435613,-0.06190355235526071,-0.11120300943454658,-0.0035232708187715005,-0.019984497248254705,0.04772717982175615,-0.008802570766675696,0.016646485804373445,0.0035791097101512204,0.01453925377737005,0.004973822968197258,0.011201327880145589,-0.021192964802205314,-0.007218167747239958,-0.007676862326775875
2011-01-28,0.06701096335976574,0.02830505665692301,-0.009682812738670657,0.01003270971980938,-0.006653409989779359,0.052461319803145876,0.013703080267591018,-0.016699117026221736,-0.009884802020213171,0.0002876234854931322,-0.043212289416078284,-0.036037882060430154,0.041238773845276425,-0.030098916664324248,-0.017876024220241822,0.023035647741523946,0.03110171684892799,0.017255158978585972,-0.01160996426629784,0.00012670263246259073,-0.007192290801356417,0.01915091904362504,-0.0018690048453563542,-0.005076571612566084,-0.005477247206689279
2011-02-04,0.0773195465860074,0.03047396981068438,0.000720264807974683,0.10642968216695133,0.1146628934653992,0.06351334043110883,0.019547768092402305,0.0011218409374797425,0.04833784117214381,0.021622375502523956,0.013736795316765991,0.02760425835519487,-0.02317376843255338,0.017309701665938607,0.016485991175453397,0.017664617648667495,0.040052526161367376,-0.011886605929356971,0.030126887646787066,0.05288698367358033,0.013055472402262258,0.010158326123775567,0.04697007709939637,0.026501292899069485,0.026694454864231824
2011-02-11,-0.0896001801833793,0.029432878644286356,-0.01890275274657227,0.06483835564619402,-0.014388724288892547,0.024140690940660976,0.020705231275788445,0.0434476613254576,0.029479229245782744,-0.014986367313667912,-0.002303857484272662,0.07298263993507773,-0.008991748663080263,0.0177181420116506,0.021887018878097044,0.0367674228662015,0.03889632479641131,-0.006086721255183722,0.014945670063633336,-0.00028239779837651853,0.005828679529576253,0.02210948164673617,0.018311221852886413,0.014833960957027464,0.013848623353376643
2011-02-18,0.08804042287788735,-0.017783623972017635,-0.0011033033563815195,0.016681974427936903,0.10318430172863602,0.03301767864634921,0.0016474395832190777,0.03024384895071337,0.011939580219962666,0.002314931450665649,0.006731307551737802,-0.014637633373986493,-0.0030154610459724824,0.0035065009608895407,0.00889555206644206,0.005143591847770689,0.022159804453883884,-0.005581942978833381,0.005183691816980134,0.020081843270630062,-0.008572896043965432,0.017262913519750497,0.021317413953526092,0.01061178312889952,0.01037371225374571
2011-02-25,-0.10306531323252197,-0.006870183886818243,-0.019026790142832088,0.014954334719316497,0.011911310843559127,-0.022472907145239647,-0.002118648379986257,-0.027885041501017883,-0.015281466081589142,-0.01484965178359309,-0.015345676307706977,-0.050926419782862206,0.01838071147960906,-0.015520492454346647,-0.03232234956416642,-0.022447978985131883,-0.03714496942380877,-0.06779449939438255,-0.02496787469867951,0.009892091661878044,0.00183013213413325,0.012066203465850129,-0.008004454311729603,-0.016488590997244194,-0.01737254372688131
2011-03-04,-0.10766995726729012,0.03344222945446562,-0.022858464806459252,-0.0467694210636484,-0.006479549799944647,0.01733145076990764,0.007395669598904551,-0.02516422327305733,0.0001340409126182599,0.014849651783593106,0.02353053677028293,-0.03193078023016008,0.055203305177910986,-0.007493273854343369,-0.015562019711176751,-0.021850790311461015,0.010144684004661859,0.006164736651446036,-0.010384561978535607,-0.0030514869044930434,0.011309686927300687,0.011144449714750959,0.0047091049842864965,0.001057252955947115,0.0009617608395644188
2011-03-11,-0.13988274378680532,-0.022501373777364563,-0.010458932163990941,-0.048744676701792125,-0.06489972207632165,-0.12814587454787746,-0.0023418856683196216,0.00482188722860807,-0.029621850654834813,0.007486045145703547,-0.022692610634098876,-0.02119350653814727,-0.03590722956580987,0.019156659988923765,-0.04062299927120948,-0.0004908097722294658,-0.029746827221584535,0.016921622531207946,-0.0035769119996701534,-0.03541014818652564,0.017022974816152846,0.014094392502483734,-0.0028535798183045194,-0.012381009361690487,-0.01285140107082551
2011-03-18,-0.02411052184460014,-0.06248177998610575,-0.034869156807022725,-0.026993182799621086,-0.011627971586400786,-0.01674082581507404,-0.021567367852966573,0.0,-0.015146902531202891,-0.010960652868066538,-0.018941741894071343,-0.03789595473217778,-0.04721267248113445,-0.018440479417550684,-0.027511547414988114,-0.05606125479477499,0.049161135675839206,-0.02055567163302864,-0.0263966517162099,-0.015585826271805821,-0.054047550650410586,-0.009051456093942051,-0.008609924711686777,-0.01948665144472336,-0.019408517486571384
2011-03-25,0.05573820007525881,0.06120261947457661,0.03252992153455911,0.017328618119270257,0.037870264634729735,0.13712482029327952,0.020863659747625933,0.0026200440484746537,0.00933759465582817,0.0,0.006975672025488947,0.05506200826363129,-0.009188384118689136,0.032050228972524394,0.03275175511380343,0.025642605678288646,0.03764150009602468,0.015981660513391355,0.011258536520026093,0.03368662379536994,0.025081100652843306,-0.007378793282156401,0.027716131333496367,0.02733128786596581,0.02668106928531144
2011-04-01,-0.0233513476086244,-0.020055132125439266,-0.005479655654467166,0.021485753960073926,-0.060343183862274996,-0.02188259322981722,-0.018470778205503514,0.01062755363702134,0.02911771165147479,0.014683076403674628,0.008609745112420965,0.05213227393261239,0.1585987683957626,0.05954353809657837,0.0205891336449924,0.02943567802629612,0.03627625925933974,-0.004211414486717448,0.03829984830837322,0.01259679105136299,0.03326628611555412,0.01911088658957032,0.020907241237078482,0.01399123640841805,0.014065619573626276
2011-04-08,-0.0363678139088584,-0.027958715819850016,0.022891162583069228,0.03276940857847074,0.013072154161091762,-0.020564130749538292,-0.02272272304729747,0.015924442542371586,0.033129880666511645,0.01980804656858773,-0.0005046613896642428,0.025108224396754645,-0.006396817466715015,0.021653882476619923,-0.023318186792203648,-0.007401556407349367,-0.02960680889162887,0.007834397331838265,0.02867588568786974,0.014886040257221851,0.0012509740364235356,-0.0067151492184267525,0.003034983403903112,-0.0021804310682590373,-0.0031872702187249716
2011-04-15,0.06400397279239443,-0.022943985050994858,-0.027217833723928747,-0.02581356688199609,-0.023895975802469563,-0.029332925332665283,-0.0111870814318436,-0.04252247611046005,-0.003264120121546762,0.00892590446113198,0.018331087575400477,-0.025774689552650075,-0.03495672420717954,-0.001955656664816042,-0.0856538421812063,-0.007457173321242757,-0.024053104882493757,0.019041121192893487,0.007301918566045225,-0.019502229044068713,-0.015838480802595603,0.017743661468147664,0.00837238443993602,-0.0061908591047438,-0.006412764330386846
2011-04-22,-0.010206618864987978,0.0685652617445491,0.005895465391216785,0.0267347032965019,0.05183723085617018,0.06917888150386514,0.018009690085955515,-0.0046885056352160065,0.01685737626970835,0.0069186592000750995,0.05634137249417557,0.032142764291442805,0.04435018412312772,0.0009784557889525182,-0.010608063316773721,-0.004501591720335432,0.024559669309177138,0.0005597894487891877,0.024385596056317935,0.024261237230676733,0.007050004327042211,0.010534853556218294,0.032054906005661826,0.013091740932584276,0.013323156121519748
2011-04-29,0.07688101055791464,-0.001626494293250904,0.015552409075003817,0.02603812581066052,0.04380266019846685,-0.01751357439318965,0.011348696238179001,0.021039581501725496,0.004489967543796606,0.02047303009216974,0.025427104235954363,0.051989630687195226,0.03165500930306122,0.014239628957456315,0.035544217328755554,0.024754015316584922,0.053297421632387126,0.025793613645019434,0.025289329010292457,0.018584969293630713,0.01891551443014135,0.006155729798245941,-0.0008453953136740342,0.019615169756967265,0.019423104253381188
2011-05-06,-0.034591668726930855,-0.009959954831231549,-0.001931031911984804,0.04242234378886345,-0.0199785002975028,-0.040564059921028704,-0.037800401843841,-0.013014630354050722,0.016378194399981606,0.036609193602048555,-0.006870801298944368,0.009100027531488282,-0.017544345198119732,0.004488257836832645,-0.016305645451989027,-0.021750490827615463,-0.0449245399141532,0.0007271956969392341,-0.0054546383677151235,-0.06201091152823853,0.014391617659376374,-0.034313598247723016,-0.026856569996714184,-0.016480635991419763,-0.01731676391774843
2011-05-13,-0.05642781959012045,-0.017929240385471956,-0.033008957540457656,-0.0005731953585615904,-0.0022447212687246683,-0.044201297089005595,-0.007006128451346509,-0.04286859796993439,0.0062766484118053105,0.027217299603107085,0.020472648987978195,0.024791367671061153,0.015731239648135827,0.004787273433227785,-0.010799860843039513,-0.006015133592203462,-0.037019070518360724,0.019237083299204916,0.030748767187860813,-0.01659998882996823,0.021546982313281206,-0.011776384129029354,-0.007265760023790345,-0.001193038732602113,-0.0018147569495487292
2011-05-20,-0.009353492313663812,-0.015628079984685152,-0.015277013016378837,-0.014434270210831261,-0.03196616247693309,-0.039220698107282084,-0.011744787262459548,-0.0004636294260676674,-0.019384634945997493,-0.013180553953710705,-0.014058296734007988,-0.019491693829174015,0.015130031763085838,-0.002869449136491339,-0.010478509767761934,-0.013667844540197139,-0.018988287639878882,-0.007747051705708172,0.008187136299269773,0.00861841182782475,-0.014774786898561171,0.014893819133483593,0.015628521400264987,-0.003212955018400862,-0.0033694772011691144
2011-05-27,0.07505533973224633,0.0065113092961779,0.010964518127932739,0.017868040907158773,-0.015196098035128783,0.0019980897252473064,-0.008675740764473002,-0.007914296875173229,0.019870350679661555,-0.01546746180052641,0.024942733087865876,-0.02301642749939741,0.05495104129831608,-0.0009587453328562032,-0.005990848579479506,-0.009216941568342537,0.0025845523438888505,-0.01072817757219223,-0.022678311730199022,0.012911349612427642,-0.007469604481323832,0.017163262026682603,0.005250743511877657,-0.0007487660939187979,-0.0016289362431856714
2011-06-03,-0.05480843605665481,0.017713713848636098,-0.03493247313934261,-0.03251381434622083,-0.06320450688690256,-0.08973705357335729,-0.023204111998903258,-0.02892585880633557,-0.008431946317153704,-0.02136219730743738,-0.01023615948593517,-0.03038536083496971,0.019437756825295138,-0.020665421547121626,0.00417622936769001,-0.03241248638938559,-0.034033504226610355,-0.019195827250791424,-0.04670059552232893,-0.017703666409598594,-0.020015417909997606,-0.006714725677151628,-0.03555796940146185,-0.023416012318813025,-0.0235182896235115
2011-06-10,-0.0753589111458971,-0.05242178862993679,-0.008399815424358924,-0.0035469507813219716,-0.04885285496601703,-0.08186377140682272,-0.029141872967302702,-0.012587695140334048,-0.05774589852053834,0.0,0.0,-0.009550604892177543,-0.07832975599983891,-0.010165738810728636,-0.026284785942664455,-0.026926847186206457,-0.04356626289968455,-0.01767280268942771,0.0062777382620088085,-0.017396237128483493,-0.0034184191657292253,-0.04126303819591971,-0.008363276578325803,-0.021859950319783564,-0.022699119030852206
2011-06-17,-0.07960437126959091,-0.01745716200268604,0.02293174782090547,-0.035699547524614524,-0.08092146245603152,-0.07501975805610127,0.019389583585811686,-0.0061090167118262,-0.0034866986679246608,0.007528755814283392,0.0030215532273608335,-0.0008581790875973194,-0.05004683277442304,0.014073235011150239,-0.049259284510572765,0.017426821846364345,-0.008716839219581303,0.00189461649127973,0.01684316001356749,-0.009571769538004088,0.02033626017867653,0.046064079647282284,0.010344337369835482,0.0006257450331277801,0.0004090648048331687
2011-06-24,-0.004437980865578883,0.018837183724226506,0.0016472297495358852,0.08885621944055214,-0.014388723630732781,-0.08249350379014762,0.0014557086775976768,-0.03263495177490473,-0.014344315262347068,-0.015387232847483117,-0.018728959040493993,0.03262191825109606,0.03958333077925063,-0.010782842199511996,-0.021128063271783952,-0.028526042927179432,0.041443513034791706,-0.007792417464546163,-0.006298341930191921,-0.02875695928938867,-0.0003532283321708538,0.0013399768924433951,0.02182593393160219,-0.0018906613118231234,-0.0024016617278376563
2011-07-01,0.025715265641788908,0.05051745107698899,0.06838968316306927,0.08470949280752461,0.029980837168966035,0.08249350379014757,0.032141125994945535,0.05769722608213552,0.18148102058891247,0.024454281756362325,0.033849808303445146,0.0843201604436166,0.05125715801454365,0.03992835104185973,0.09274543178698127,0.06620630363656632,0.08258527314737646,0.02077136031055809,0.0300015455804147,0.06589712623217177,0.027355769200523013,0.009141257320835369,0.05389870838802098,0.054552498360669874,0.05462770362788597
2011-07-08,-0.045606484440410634,0.04681029918349407,0.03400362663216356,-0.01827253395250689,-0.02276063046071142,-0.019342985286624426,-0.015356064424596604,-0.020408319353218463,0.019809043021585683,0.0010605283405391711,0.004003856874636012,0.04110262465401354,-0.007262665358647345,0.0009705346915309081,0.020817104936531602,-0.010998000156636191,0.016344805086739692,0.010595593190779237,-0.0015962981140416816,0.004986990790979833,-0.008284190305432282,0.01393103773716392,0.01330489443872507,0.0035776216408617543,0.0030781100596834485
2011-07-15,-0.09013929610002147,0.014379935324473774,-0.005213614598457551,-0.06671875601540873,-0.07776712058025577,-0.03578911094492371,-0.02022925798672405,-0.0188311300823301,-0.010981873500984457,0.016307780986297468,-0.0017776585746930396,-0.025096920205801558,-0.04363167711385291,-0.027015043405664258,0.11633040356654947,-0.03101872438711109,-0.009555682040781301,-0.008355673092318511,-0.019223019238783674,0.007012125836029071,-0.01572109134720261,-0.017349308140613137,-0.03163485285491663,-0.020369095704273407,-0.020798236486340677
2011-07-22,0.061875608913769545,0.07489466308312219,0.027620780267719327,0.04299384034786057,0.18671833181267616,0.08779832602237012,0.02217796300637053,0.053804037298395675,0.008638698757787732,0.009606756841651978,-0.010881040714082267,0.017001260093658377,0.060155257728396666,0.0003296998288726762,0.03390540340601524,0.03364856270781249,-0.03504146061582659,0.01645907745990478,0.022411709263015996,0.02639565888900272,0.011553117820246945,0.03421846252314696,-0.01810179093571297,0.021707734577723507,0.021705675999453406
2011-07-29,-0.08121024257622599,-0.0071960650490944175,-0.00473333619924127,-0.09738935466085401,-0.05435397995029064,-0.09321129551560854,-0.038094870312425026,-0.04211711727257191,-0.045477902601843305,-0.01038960042209178,-0.02935361014650317,0.027334079889418744,-0.038988737415605074,-0.03558640040627049,-0.023799702554462825,-0.061182531612897814,-0.062392175056243594,-0.03376245857160516,-0.042777472261104066,-0.06583798731796617,-0.039220440001706554,-0.03023217184563787,-0.014084329154025634,-0.03979153502932047,-0.04000077453554276
2011-08-05,-0.06574409221780225,-0.04413750532312871,-0.06483048993340333,-0.13646750071584762,-0.11234826918159828,-0.15528186887439918,-0.04016491191243823,-0.07306264859300787,-0.025215733300096937,-0.05528631085319489,-0.032630503945527585,-0.09328994550934035,-0.1502533970405168,-0.011342255315766539,-0.041689211366359266,-0.08139319203833624,-0.0822468133982958,-0.03592524912153654,-0.016316282246600287,-0.06431271793834997,-0.045168481751680645,-0.1288021726260787,-0.07303938993510797,-0.07420918230337431,-0.07460336213715124
2011-08-12,-0.005419858534913652,0.008979449589380076,-0.022844894835210152,0.05632583339992132,-0.054829692145149586,-0.02081729423272905,0.0037822647795066533,-0.045987884104768444,0.005022795442101536,-0.024514638804775373,0.010311943133062364,-0.0019753544955255775,0.08194486967197809,-0.02484798202367296,-0.026725216572444952,-0.038906146967911184,-0.013052834758721342,-0.014661301890973191,-0.05284431684917393,-0.03183688237068133,-0.0022743031367562804,0.003931209590858714,0.023187429669990885,-0.01645691277751673,-0.01729925592566383
2011-08-19,-0.09352614134007015,-0.05720380359161165,-0.03644105033812696,-0.09276859535156254,-0.037740330936130516,-0.16309026630499518,-0.045628148338350605,-0.04441392021295787,-0.05002784665613202,0.004293671632937562,-0.003478435298998411,-0.12275707325590274,-0.16536213811560885,-0.008183464054866002,-0.13836521025155402,-0.0510276817859354,-0.11604498777053188,0.04998568057012461,0.021339756313117953,-0.031032026486378192,0.029914148911423438,-0.0008720148011434907,-0.0894852651203267,-0.04750391801641942,-0.04802996412234503
2011-08-26,0.10356819816089938,0.0745331780348817,0.04869128827560866,0.10811363437931429,0.0818419242970646,0.07519586300531482,0.021857923505728155,0.05273300762177096,0.07558754128159645,0.021475916392821762,0.02676369344354559,0.10766604305186121,0.06215315372254363,0.036826675207247826,0.07065367193540259,0.029385134858509035,0.06288080236279547,0.011407148451744595,0.03761061113873815,0.03988157440046335,0.03044794327001668,0.05887803065731816,0.045849096432783606,0.04623304991343472,0.0463233911651991
2011-09-02,-0.006941586145103355,-0.02515891490415412,0.02154819595718417,-0.012450142132681108,-0.026543260128775226,-0.028675644151758377,-0.006752322105209807,-0.04461474928395581,-0.0035006797472669493,0.018557495749504486,-0.003272013220815607,0.05244683937577265,-0.028207017173884866,-0.034685421607184366,-0.0038413707767948396,0.014057789690464964,0.002579500199518297,-0.016582823904303635,0.01733389963586598,-0.00690688264447314,0.003962853806645794,0.012671404465529895,0.02824860575337147,-0.0010180276380075226,-0.0024077893360523145
2011-09-09,0.07167256777090601,0.00912832756328668,-0.0023281857943602572,0.03689525873721013,0.03115513769280437,0.14370652184791607,-0.023334967376626655,-0.07648740151573094,0.009308247091524365,-0.00854354395564288,-0.006734550272837161,0.00659723502280123,-0.004344284908135728,-0.018349145799213352,1.9058157580965505e-05,-0.04344292454897388,-0.016771199647763253,-0.012960888578698693,0.004318704763449271,-0.015787753147501558,-0.03717369095801762,-0.0014228855964314514,-0.01965311947447888,-0.016512079878556546,-0.01695770439672702
2011-09-16,0.10780738482924174,0.059196406540908755,0.052225717649813354,0.12498462182059226,0.09920662651787582,0.10173214409466137,0.05427697904075208,0.041220796939204996,0.05080041086805946,0.04544994255914524,0.014817681171443829,0.12401324192691102,0.11618572934486564,0.04958526029302079,0.04075106701436708,0.08851653745035656,0.022843131921146335,0.024806695646417888,0.06548833732720852,0.0486487855847923,0.030862400989162864,0.04026033849880455,0.06231218472171705,0.052338753579322876,0.05214157716064809
2011-09-23,-0.11431264013621094,0.009443284544780797,-0.07899884118791309,-0.04742126052143935,-0.1543821492484525,-0.05557004790544406,-0.07515136011384273,-0.12201693750214712,-0.00851148087456714,-0.04711207208126438,-0.04756004171308432,-0.06781454193759046,0.02223182382296805,-0.03839189565778773,-0.03949439704009673,-0.07105093882614728,-0.15101227145703822,-0.03577008862467197,-0.010380750721515437,-0.07288078675057,-0.02695185246908299,-0.0875264873194094,-0.08160648836985242,-0.06792331323496166,-0.06768319815771198
2011-09-30,-0.0974148249047365,-0.05851836614248959,-0.006806675683066597,-0.06010374429723397,-0.19438760371070632,-0.2772106101989643,0.06799792303068816,0.017752568389237205,-0.049611854981990784,0.024645362580323547,0.03352821879997339,-0.03356084714450992,-0.07843309141730263,0.023772842675329676,-0.020124442222661444,0.0006572186398172925,-0.00027095900682754345,0.02142237681870537,-0.014985976055599043,0.046788533477605955,0.003894886356203775,-0.00213404467018709,0.006116626458509409,-0.0034408689857862687,-0.004418297241938318
2011-10-07,0.12318572593089976,-0.030676236849553135,0.05319961119800581,0.0033509877226744473,-0.07138604003560614,-0.018018800099186556,0.009247593471297928,0.02783736933147919,0.006163653086295646,0.02537200100202532,-0.008831634369697134,0.03860160131080614,0.10129298766038322,0.017506003501242928,0.00015498227911352126,0.018229320259965487,0.022496897683680402,0.03409438723276743,-0.038601796096729334,0.01272354710711879,0.003326870112969441,-0.015287905654011755,0.048137853081999485,0.022372195089946287,0.021024979451738562
2011-10-14,0.10521920913951466,0.13204292087418357,0.038121164665766386,0.08228592363884588,0.03938333947482486,0.1410784240830448,0.041658507228092535,0.03803000428377329,0.08519357273660072,0.009710247078996802,0.024874229966085327,0.093269318707512,0.03852240589116205,0.02534381984378427,0.13856609756502677,0.06856294589717886,0.10749014277382421,0.032249321318885804,0.03420882720434954,0.06001662298621693,0.012103252045601552,0.04330998254552695,0.04543957582397307,0.057595609454749064,0.05809939290152092
2011-10-21,-0.08216547355886876,-0.07152667682210248,-0.004041940476123155,-0.05350694020958391,-0.04149979086457453,-0.04301725215848997,0.035483315189139636,0.046862264305409886,-0.005231092472089356,-0.005762445747679966,-0.014630794382802147,-0.049564605856441485,-0.0007130874871856735,-0.0013720651178592699,-0.002013050781995934,-0.017624305508061006,0.044013424879811386,0.02598431023699157,0.04226442500802798,0.02553229154568894,0.018242920934215947,0.036115097563560176,0.008246475300644512,0.011357094782206706,0.011101200307353945
2011-10-28,0.07450252683635787,0.03028481347084441,-0.006649428659085336,-0.007415129662654455,0.22990038786108594,0.07410801693348415,0.031893970722447124,0.09334938206111269,0.01771649635655774,0.005500841297871897,0.028135816628891936,-0.07727799491453928,0.06357892172777263,0.020724339273157484,0.016210239273698236,0.05603399859488711,0.10278256165601521,0.004032665277283468,-0.0043471800342068006,0.016707416967414467,0.02072530136571011,0.07040817162040132,0.016957148818078,0.03666744974381014,0.03712963572175275
2011-11-04,-0.05129340870945935,-0.011699277313940768,-0.02742979553055801,0.023246764149800946,-0.04652001181224456,0.001699226857828824,-0.03460906827911825,-0.07702609438050959,-0.02620792659639836,-0.008921447111857272,-0.022819250081683454,-0.0038727402815644423,0.07852233144348683,-0.019694675399005535,-0.006687603674555825,-0.05114103480006719,-0.011526943837754983,0.00610579887615223,-0.013274849698252045,-0.03700417737771005,-0.010574580899672443,-0.05482085415121066,-0.04676902989179175,-0.02456027062611155,-0.02510452526643411
2011-11-11,0.01073852095109235,-0.03980865249055348,0.02483216331625152,-0.0026215231172766152,0.04820205630587542,-0.08131669079501047,-0.0035016784975719457,-0.0205211482157328,0.02683874858585094,0.010655112241437654,0.017469599993668667,0.004194792658312814,0.04033916559283082,0.008876782041956442,0.020275017937951778,-0.005505990260263718,0.004065137646453431,0.029136306066631985,-0.0063741930375691026,0.02110784976754686,-0.011045989569340359,0.021760870717747027,0.010200300264083346,0.009359563253331885,0.008438395537898897
2011-11-18,-0.07267100492917336,-0.025489722296106087,-0.054191613119443406,-0.1383341797521795,-0.08411260942355747,0.1470216644559737,-0.02100639710899784,-0.08330318222076799,-0.04448741838605761,-0.025690654036400543,-0.021689190985458795,-0.09777881836751674,-0.03140386318461167,-0.02687047847138303,-0.022390751985090544,-0.04069404912951054,-0.023151502279758786,-0.03384288279429194,-0.01602394388450399,-0.023094576670710364,-0.00520880208047507,-0.03951768969641771,-0.04524907193042845,-0.03764899933963932,-0.038883665230388054
2011-11-25,0.007865785461726216,-0.030793913025953416,-0.04032848230994967,-0.04872277705244513,-0.091842714182378,-0.13421259711581368,-0.03345790727617098,-0.07245145709854647,-0.019908087155683676,-0.036156237889906184,-0.032008742850916545,-0.07771210674976482,-0.029257894835198903,-0.04389630074946059,-0.05508005722413664,-0.06262354394045896,-0.079865487196626,-0.005958556361061306,-0.011073924277083943,-0.05271295686995842,-0.044672367439975304,-0.027031508505278707,-0.03664260127992648,-0.04734014498209853,-0.04800609972080131
2011-12-02,0.11302305394832508,0.06940512975964669,0.03716165165068634,0.09133866514665501,0.12421969814221798,0.05310970881359899,0.06055202747422122,0.12679311071088764,0.08790951045101032,0.049084484759799644,0.03527698406518016,0.07206567634284897,0.05050320209815803,0.05500730770665053,0.09702041991952336,0.09035086491378429,0.10468002490830823,0.02087347642785813,0.07057514170752881,0.07668502740553494,0.05891174681769611,0.03534386112422936,0.07169137294627168,0.07067612098294235,0.07128423939305459
2011-12-09,-0.05357241814338879,0.010008920245700216,0.018853325054291832,-0.017808704091454814,-0.019661068164083625,0.015397914641251531,0.0021928182356445065,0.02595180441502008,-0.00010282656981280089,0.049592495579855525,0.016563152368067203,-0.015422150281052795,-0.07028083868401504,0.0024146343038309198,0.011316114441503091,0.04555895846292973,-0.0033286129788986903,0.01018066286888361,-0.027588092374925603,0.019239918521018678,0.03037996001919216,0.024136069811062172,0.03509081565472902,0.009485756897984069,0.008729835944605293
2011-12-16,-0.09793110992498782,-0.03253412543192727,0.011605424713616546,-0.056763011508855675,-0.07688881238260821,-0.03630465764597465,-0.032476382907047616,-0.039654679576873596,0.0025695001740249747,0.031581084342964756,-0.0035709714596272027,-0.06291315683248573,-0.10307186517085616,-0.006219996740123216,-0.0023296884722526006,0.010044158659144231,-0.0958313463798326,-0.0008579106499977322,-0.021564713918295966,-0.014613196601035284,0.006761798445545,0.02529804223477527,0.0023154021215258014,-0.029702088818980465,-0.028714749462239612
2011-12-23,0.047696930799936234,0.056903066720443506,0.0011535079589718512,0.020279474329049977,0.05314338316275494,0.1193467683938985,0.034149988121567866,0.051340460385800174,0.05043100350075384,0.027019225355385073,0.025792142285847777,-0.022201994612167292,-0.0035780095007758007,0.03474482066074724,0.011405164076442549,0.07892360397836577,0.056297992124979615,0.029090472943106703,0.024996239221537528,0.06121139290885278,0.04030389893532472,0.037526452231132996,0.02681340466483629,0.03871735823050519,0.03676076359017582
2011-12-30,-0.022119841021864962,0.004132107048146079,-0.002692898948020488,-0.01819797925506268,-0.0018500934227400614,-0.017337137086960747,-0.018696919657673037,-0.009578278532071056,-0.00931377871094249,-0.0019229333012297232,-0.0060808229866421825,-0.02386100837941338,0.023380463993592542,0.012310222941088241,0.019953275896838506,-0.01770944249845405,-0.018048489316751373,-0.003840952877083907,-0.01595450761172693,-0.0054126146765674805,0.010402188658696628,0.009211596937430141,0.0029041337637335375,-0.007066285026849777,-0.006127799714247168
2012-01-06,0.04789604505092079,0.04206552124746941,0.0795680558963129,-0.01924138307511348,0.005540131101466281,0.1351200538904004,0.0011788112760912843,0.06869931362215925,-0.00810949054377366,-0.0412633457763444,-0.011502175985012809,0.05348328229684606,-0.059509179293697895,0.0006572093681575292,0.006358177853655377,0.04048687269161407,0.05539086137638642,-0.012799257608072923,-0.026636142647527467,0.004238559329541753,-0.03272429464419447,-0.00551637751920225,0.009867018846717302,0.017456263200376198,0.015942597681569862
2012-01-13,-0.05731970897617272,-0.006150282335999349,0.004968120357757329,0.10899214422039652,0.04148476292376967,0.004158258985990407,0.017903919978632107,0.01571322641715967,0.00029808987280783563,0.0015033687724811619,0.006610718048359259,-0.023212445164304044,-0.16617635409605805,0.013054865236516361,-0.03926740887155571,0.010135912860187592,0.06782274816726931,0.00911093846089082,-0.006430082205284331,-0.002823496876794644,0.0033886932843067213,0.023688730117312963,0.005357453397236751,0.008809386186049132,0.008788795611001035
2012-01-20,0.03506596241912858,0.0011660863491866757,0.05039051381921221,0.06854936097733094,0.12599426432956198,0.07074323893173196,0.027145337672334246,0.03930611189943772,-0.0015896876376952191,-0.0032600615476057826,0.0001530602486390379,0.06776662184114048,0.15458937444735504,0.014526321810529354,-0.06443301679071864,0.016320363078054935,0.03482914976692561,0.024389298272734086,0.009875976555637123,0.030285681341560292,0.00320858440490812,-0.007773342695903784,0.007160631248050779,0.02385169716959887,0.02018908440892641
2012-01-27,0.047382636539652474,0.06221622672191022,-0.016287987444047382,0.005015351760321967,0.0604413674399985,-0.0434566296524429,-0.006150844566523657,-0.004023485666991331,0.004662350903708813,-0.015441208704062591,0.004433613002544443,0.022988339884109473,0.09769970811325908,-0.045256459265064,-0.010309124058900571,-0.006285830230831026,0.05201288568564581,-0.004928958540933716,0.0025762313101176672,-0.019155701881093105,0.0102324147795889,0.038277695082808184,-0.03282278735343384,-0.0009853795372232956,0.0007219269807334623
2012-02-03,0.05924250597213877,0.027345991220382455,0.0339697400536843,0.033283415242301724,0.037414399903987094,0.06764597158871137,0.007276432026111194,0.02835058604950026,0.05749332169131648,0.00787648390576528,0.0012191982693949743,-0.04015686398173771,0.06020372995947984,0.026731315431578348,0.027800690296186516,-0.0005254527167170838,0.02362242996502129,0.02150930787942272,0.044803426323575264,-0.010658816161044936,0.004828291087539991,0.00670652234988568,0.020860127115511298,0.02042408986373211,0.021472151038617392
2012-02-10,0.005044551331418626,0.07083023632831804,0.008561086171421858,-0.018385955911235704,-0.004246253050879878,-0.005043873479672304,-0.015240537796443004,-0.017657829712690205,0.062211898847629135,-0.005074618504597641,-0.015970738733113478,-0.011467827926206311,-0.0016067691811245926,-0.0036794458047920532,0.015937268508983034,-0.0073881109594596895,-0.019407881267842573,-0.0020974467592413735,-0.010840786190146341,-0.007818721429410102,0.002487926666684017,-0.007764149458240376,-0.007993578216492334,-0.001339125696032712,-0.0016818430724734753
2012-02-17,-0.003149768699036157,0.017477889644163018,0.030854583189736096,0.02151197493622907,0.051151423582724544,0.06366888668780586,0.007964105770331848,0.022608732257564264,0.01160929681754092,0.01127073612839061,0.006018912441759839,-0.016520365256916147,0.11728270416947353,0.005680913291862074,-0.002098316787550588,0.02096513438577652,0.019495509785738743,0.009325753817642354,0.003201474005447581,0.021486287801518237,-0.0023216879087451956,-0.017693265899196654,0.02615718558322705,0.015142305855117246,0.013750852502571912
2012-02-24,-0.0037926670566131005,0.03961386922847818,0.007333058108573548,0.03018721101683448,0.005376351867712715,-0.05862501320813358,0.00777631850613491,-0.004950902544874073,0.02175943194663744,-0.005363420095800052,0.0006057530000688162,-0.018638367832741733,-0.03550995731198237,0.010936007875662509,0.008661786564121263,0.006729347597082255,0.017830411458405842,-0.06087497234556072,-0.0008294082842337388,0.0198895536794462,0.009091671665408136,-0.021137549439204737,-0.0010000503407878712,0.0038046783164677814,0.003307710701665001
2012-03-02,-0.026309167937236512,0.042663378377924825,0.018880492344964528,0.007679702713056453,0.0,0.08438742640960242,-0.022106628540030288,0.059579112351044086,-0.01180992921763429,0.010951572852506584,0.004797825159592143,0.0009485924416831442,0.00855568915197385,0.017318109441222158,0.018438635897932012,-0.014133103257660444,-0.030725823114918272,0.0037352858870878486,0.021451498939129364,-0.011631083290883117,-0.006120339939952321,0.006973540392198017,-0.0017303243562165431,0.0027713428717217664,0.0028442348039153394
2012-03-09,-0.03709030578586564,-1.8481626748603504e-05,-0.002809174647831191,0.004633826833020993,0.01595777025991132,-0.037695899783172934,0.014204458409719855,0.009796336791694144,0.008656998176225925,0.0020239989282674013,-0.0004633466025151923,0.027612936828239006,0.02035564775402265,0.009992017889291518,-0.03438739069471675,0.0036833771868872373,-0.020385775329143697,0.0246417586757477,0.03543043081348788,-0.023795604011363262,0.0035050069549608614,-0.006053009155290724,0.004843630863515323,0.0018922522388193114,0.0009049372880825417
2012-03-16,-0.014955718192023059,0.07148850941362356,0.018888532321489928,0.03377811897473388,0.07862094142074204,0.05715868126416499,0.020688624211671856,0.08275779534439631,-0.004190667956583659,0.016048438796171446,0.00585249048557695,0.003952679020727102,0.01655774112552089,0.01306395386193367,0.04046948577184896,0.05914072266434702,0.030028816321374604,0.012570029387153455,0.012237443280986854,0.025068728465938085,0.0024965080220505764,0.008427498735720762,0.009437547751844943,0.024022530389713897,0.02400084096688665
2012-03-23,-0.0034304406169745633,0.017738645784227725,-0.01826422283180724,0.005263055067344931,-0.013505381078161141,-0.04879035821504533,0.00381653358819026,0.013151059315585162,0.01783808725177017,-0.008242602653986013,-0.008791364091545571,0.05257863738801864,-0.035738760648362254,-0.0022183867322322463,0.02769109457841131,-0.0210112025368352,-0.05195171572391164,-0.0014806191836782682,-0.0018810082517531285,-0.010349102280915177,0.003981814153411066,-0.013407813791006053,0.01301089242792613,-0.004643814128937955,-0.005040605343435108
2012-03-30,0.05677626250006921,0.00585477281753404,0.007779876763876582,0.02257785226979108,-0.008690270975510865,-0.03636751049500381,-0.0028301960596664602,0.017994144127459595,-0.006588637454625509,0.009982781324822025,0.021607843814260216,0.03758459004948771,0.0886728396053859,-0.009243153385898746,-0.0021029661275780254,0.014555100814221395,-0.012223228125960028,0.007380402228021316,0.005853821228005721,0.013698159934021164,0.011195018475482228,0.016140924861947688,0.021781460553074766,0.00827244491106847,0.008098181204787088
2012-04-06,-0.05129313849407514,0.05536497362213862,-0.02320567409245258,-0.035522317718142786,-0.018880431068286976,-0.06503249580272293,-0.002961841682525773,-0.02979442053517455,0.02518874361922965,0.0052007773108514906,-0.00944372532095567,-0.04092283293164509,-0.07700400349396444,0.009295739217322725,-0.014008254617134501,-0.029325185552236278,-0.00612068760142926,-0.008698420600122127,-0.02396317292155679,-0.02226811851760686,0.029044344428408145,-0.027671924071931753,-0.0061247876224103355,-0.007270196028360226,-0.007404152704118275
2012-04-13,-0.032653447612621615,-0.04593627806591975,-0.022782979408995253,-0.008812983832296907,-0.017949182821105823,-0.08665212483678747,-0.026170703186213503,-0.025814796833380532,0.017611270125681224,-0.032641423407255406,-0.027934683171873816,-0.0309805895828132,-0.026151354289668187,-0.013012496108164278,-0.012284135117503066,-0.031797860611155936,0.0001888125190985439,-0.01494500774721809,-0.026634901115283646,-0.02229354753773729,-0.012804791901805267,-0.00449940483595233,-0.016905700205942627,-0.019138888691079527,-0.02009932536568482
2012-04-20,-0.055912962381090815,-0.054757463449847416,0.05093597768247001,-0.08389475712876591,0.003873498623415643,-0.04706754810313527,0.0010144792961803665,-0.011405298497561648,-0.017611270125681137,0.018460185301314973,0.0026714839246818963,0.008032942490062185,-0.012883783008746878,0.010423727773816107,-0.04677006766632269,0.025105992165069438,0.02144872717304679,0.04386223914605091,0.01449179384655942,0.02793681599834906,0.021985907481681288,0.027795055319746652,0.014708952717999832,0.005888762225386329,0.006017225300170444
2012-04-27,-0.031098515014535665,0.051066341634330895,-0.013664610834079481,0.009291444920594243,-0.05700685820009971,-0.010598223354852549,0.02082097091363484,0.014408934475039515,0.020529644617352055,0.03423577258833284,0.01758113751788116,0.17737022167408475,0.005413584256074988,0.056996196618883194,0.03124833926844474,0.021461953184101268,-0.02986741425594268,-0.05632015729369183,0.012594198436757105,0.009102458605690238,0.016875229917811218,0.03589737006101386,0.024158370925090118,0.017533020479347707,0.017851615500013594
2012-05-04,-0.057067402894139356,-0.06464880169990118,-0.03176881574479322,-0.0897471295904954,-0.02067614633824643,-0.0030487669409848235,0.004705951506013593,-0.03737634802393127,-0.04749930165159847,-0.0004842930275577589,-0.001543183158025048,-0.012687567072783942,-0.046348786364066495,0.005798929582497031,-0.02972286958992526,-0.022495915210281756,-0.06031347494709253,-0.005606324747466313,-0.06161911853171359,-0.017697643799236436,-0.015143331374419318,0.004040039495807315,-0.015139436175104121,-0.02444347969429605,-0.024715778957441255
2012-05-11,0.07463208864413189,0.0025791878091999936,0.005793489628886072,-0.02205623282732656,-0.05732222625437478,-0.029436516175465156,0.008121073659684628,-0.12186345538441115,0.00110289543115014,0.011321506656753013,-0.006197904483590026,0.016339703432405185,0.013108856192016696,0.021972396934443028,0.013741650399889971,-0.01721007104191264,-0.030321204132846842,0.018954460077060444,0.01440596311425247,-0.01066917070892284,0.02485744808266406,0.0012444786558833312,-0.02685649541576267,-0.010197601366042981,-0.011541005011750163
2012-05-18,-0.08942280605380706,-0.06625379107542967,-0.056032102959827385,-0.03018607605298989,-0.12055234626687236,-0.1219189321960057,-0.03352123432893669,-0.09858950296806498,-0.04392155502094061,-0.020074193838712437,-0.015506626037810245,-0.06266627355143742,-0.15715284250001418,0.0020818904330152078,-0.008012347808199469,-0.003161058014286685,-0.07409192869435953,0.04941488757514121,-0.01981638666461788,-0.019810264124013443,-0.0026119748354466415,-0.04339396411178714,-0.060630691800999115,-0.044250953967075575,-0.04393202454014809
2012-05-25,0.026145349012496027,0.05842394403447855,-0.007200134085047281,0.09917894034202453,0.03434508638922593,0.05696106894608942,0.004299403815762008,0.00029911408932822793,0.058031072650023205,0.0164321098364712,-0.0036602630722174655,-0.004499265773797159,0.07847852470678089,0.0008909280507582371,-0.014883728283998724,0.01310608667499763,0.014108365647056587,0.04509927850108932,0.021700939806375396,0.007459863499643752,0.005064235839109745,0.024380176772625824,0.0259199452839787,0.01802682781850462,0.017298273161357312
2012-06-01,-0.03445815469884992,-0.0023145786427752175,-0.02121456360637457,-0.06770077358611191,-0.08205433896448718,-0.08945499374005257,-0.0029064702562215847,-0.04799990149506195,-0.06149902387901778,-0.02338011739232527,-0.011746997027367466,-0.02218034237235137,-0.05729622550129657,0.006213868818519933,-0.03535826811952562,-0.034979617796367594,-0.05039249472771174,0.00366794432131725,0.011884316885649043,-0.05201229419852746,-0.0021426642742492607,-0.017906617697576573,-0.04125870177944879,-0.030279670579980676,-0.030651130500373713
2012-06-08,0.01161826660057303,0.03387662249691361,0.041313847441720106,0.08830123497415875,0.030930271544058193,0.07594109876018855,0.02918281674099896,0.053358017092611544,0.03784888387502542,0.03354431661481162,0.019237563741926613,0.048099220380378394,0.06631276201346752,0.018992545977186664,0.016449514445910925,0.034979617796367754,0.024030601345559274,0.03992439252442232,0.03731135324069465,0.036789794128109995,0.03573761971003113,0.031218179612033943,0.028224818274477356,0.03782117971437296,0.03658278947721727
2012-06-15,0.013929034105846427,-0.010724046001358206,0.012401660404289054,0.01119030156783911,-0.006791191255305058,0.001699226857828824,0.014762655491205347,0.03930067718296659,0.01549117684716436,0.011015767588627913,0.04698947729802174,-0.0005952196078427842,-0.005667454719773304,0.033023127619292415,-0.027845556507979118,0.04361483153715304,-0.007677712568880639,-0.00691326504446932,0.029972329257378336,0.029015784336651352,0.012322459129201851,0.014899680129244749,-0.0031208923469467575,0.012951556826726371,0.012876274316750926
2012-06-22,0.056163370176160146,0.013786444705817757,0.02239858638922493,0.021199975412534197,-0.024139080288753088,-0.025796821032273036,-0.008513757796927784,0.027036623375650198,0.053844834710331385,0.0019034358556529996,0.009348209679882992,0.01729858713854082,0.12197217500540825,-0.015237568203430326,0.012271369991284514,-0.0010519941822425835,-0.022922441555593632,-0.006664346469904796,-0.005592512871351886,-0.01342790416831215,-0.017114679755362475,-0.005296254446982094,-0.0020860818482120987,-0.005082184502266402,-0.005840461085095013
2012-06-29,0.06116786696185168,0.0032590136303522624,-0.0035893510260796577,0.031119802761617774,0.0,0.09467653926159011,0.017675993431205277,-0.0072506294824316005,-0.010620351647741062,0.01976983314274007,0.013861398796930238,0.027481674397085053,-0.07686648538093255,0.01383667461212166,0.014919403992011372,0.05068757820289048,-0.0005888312088234423,0.03532716484221601,0.043786759647624296,0.041274744038245534,0.03234433507541648,0.03136201864654323,0.03148506879573102,0.0195881859171897,0.02012541257918839
2012-07-06,-0.03086225860815119,0.0367809625401733,-0.013162379371382102,-0.04035789053843291,0.0034843207539046743,0.0629523747702617,-0.009525614951291462,-0.04427207176161731,0.013258161931511574,-0.005843010916226934,0.00118362418446558,-0.014556937089879856,-0.009633976808375936,0.010231611673328481,0.010136715979091894,-0.041141934364838866,-0.0035395173147298115,0.023250159657095253,-0.013992453527494854,-0.00903925160855886,-0.007439333601893007,0.012104681988013675,0.002571849031947118,-0.004492160826740953,-0.005506396494772108
2012-07-13,-0.06473755861622534,-0.0015030820746522347,-0.02685619027851004,-0.039336460422786136,-0.1599646302299372,-0.09189322640841707,0.023231824278021385,0.06204619886712007,-0.00954419774302626,0.013966976823765105,0.014238388262440737,-0.03004007503133873,0.1000218819550893,-0.002543024927211807,-0.016275656738661444,-0.011566348816363337,-0.030479917168021464,0.02518496427191124,0.011989945036537473,0.00787004277074973,0.01496797560461284,0.02675263728143521,-0.015251885062135703,0.0019169087545247163,0.0015489632460150388
2012-07-20,0.019708521589092982,-0.0011077430656525273,0.024534841670492236,0.062273513482976176,-0.14940014624902115,-0.05017797781503734,-0.007723899202139552,-0.06204619886712,0.013288514817711244,0.020817009927869685,0.0002914455862199902,0.04433428386513825,-0.07453481514250757,-0.0016985395559056943,0.057792411961310707,0.0050453024277935365,-0.007372087978407957,-0.012789552124665841,0.008403031118526288,0.005600615076379689,0.016593273987874486,-0.002312379605395432,0.0015822739965157173,0.005290304067433133,0.00432442996271853
2012-07-27,0.05098162083696908,-0.03218583487831862,-0.012024071204692482,0.02380694111697702,-0.03129007096803846,0.07435323641922886,0.016210437524274854,0.08452554463181215,0.026601107248206118,0.0045176741172651535,0.012884979412853893,0.038792684896817684,-0.07442263245721548,0.05109476818685153,0.038759554586128106,0.05149458717710043,0.06237432105407623,0.03093479124106262,0.015566782423830862,0.017301322745521854,0.00847564178582863,0.02224166978814813,-0.014330663881406785,0.016063622678553487,0.016961537437152115
2012-08-03,0.017647204782532556,0.050874546053065586,-0.00033632299616353026,0.02676320862349278,0.0,0.007930213237469771,0.004450234367979672,-0.021925193484512027,0.014147766152972273,-0.0049707399262758885,-0.005770392931355671,-0.00995162079775129,-0.0789418244685118,0.011777823148923302,0.009982183254959795,0.0019098272741525726,-0.013319637484389303,0.00040250960575354276,0.0010295070398325028,0.001142446221851744,-0.0030995303733962775,0.001728534439538276,-0.002077806761032534,0.004820265407200304,0.003615482448590204
2012-08-10,0.06353602343427195,0.013982334933875651,0.02227123184613633,0.0010771116626627582,0.059329375908550655,0.06572282119842825,-0.009509965364672609,0.02409153364796064,-0.014534701338236528,-0.012535741738944796,-0.006968812855938852,-0.009492935613331931,0.0934082304914464,-0.0023983942450083603,0.001044188147532233,0.006657453733115205,0.045076149841034294,-0.006345063630916582,-0.016969649067163462,0.016592218714893203,-0.015213054391065652,-0.02548573891114736,0.02225009667562575,0.010635596618453336,0.010640607936381446
2012-08-17,0.0020499671810821464,0.0416025455035919,0.02225880093049505,-0.008379316160285512,-0.056887432820900315,-0.02850934514284992,0.012892889649920386,0.00027021946508490514,-0.0014082647154765805,-0.016135172754398953,-0.012313055950503698,0.035537203283021256,0.0023354688473965785,-0.008571428496287854,0.05328971868121779,-0.004750783359284945,0.011958197631865534,-0.02320420638753549,0.008775952815899473,-0.00045245306965012834,-0.0028695154442027197,0.004849422229918854,-0.004169407239364355,0.009469092227379707,0.00870395606621697
2012-08-24,-0.0034188908346066606,0.02304659519844181,-0.011064010067572355,-0.021677213804638076,-0.03980621261711122,-0.041963975813665615,-0.005605565898039248,0.005124740460120578,-0.01590031829148193,0.03338329263717946,0.006091497496014006,0.018771939172546364,-0.01714041228528179,-0.005936664975972763,0.0021980132529360696,-0.009569231541540216,-0.028624887329913896,0.001665456982207519,0.0011432799489398857,-0.003966930482593386,-0.025612357204891318,-0.030656818746018607,-0.005492573037513484,-0.004723407098817675,-0.004969475499101051
2012-08-31,-0.039823948140981016,0.00304081615583473,0.008471654491383988,0.01432129464057417,-0.05745706185682441,-0.014388973681546962,-0.012372785874080508,-0.0008076257116374323,0.012475435523316779,0.023657334241315796,-0.002517734270786779,0.010242807883445724,-0.033785054570302175,-0.008425174470420667,0.009474230145668583,-0.004336152310087538,-0.024769750165737747,0.006772447860020226,0.016691168276871175,-0.00855446059241344,0.0009684274678969911,0.005146584620267651,-0.015238694903318471,-0.002476193929461849,-0.0032296104610474315
2012-09-07,-0.04594294023213577,0.02259162577272416,0.00420918148215807,-0.010169175885178109,-0.07534943111134192,0.03325712792701358,0.02690539075042613,0.056530716992394085,0.011319478356140868,0.03801271883208447,0.006651123933775994,0.04285158901825124,0.028687282459906933,0.017852783421095395,0.03027730831433847,0.04161354527125592,0.03194665750337579,0.016664664723010075,0.018726425252918392,0.029569868164705464,0.005038761519020809,0.0037573312781896575,0.019595310641770326,0.02220818935461694,0.02203646062497291
2012-09-14,0.03230810577713229,0.015805241834894596,0.008365581333137792,-0.03199840704904429,0.12260233272415291,0.042689414379189064,0.02349825926209676,0.05615342131873222,0.03440240968785943,0.0014993634985699142,0.008654340834021255,0.008185947201253096,0.03482092898191958,-0.001072825402215541,0.0049865754966876815,0.023799682860844256,0.05595305914043192,0.009169301458928835,0.02436923426406775,0.02612403808943868,0.0020672673365561885,-0.002731049804111012,0.008560384573140942,0.019961412024149618,0.01918305949604935
2012-09-21,-0.012359188891972836,0.012664306215399145,-0.0006406600604158053,0.0172992209507499,-0.08004275861767736,-0.052078875927440045,0.009425608127459194,-0.0167372609161398,0.005571353711498881,0.01571498002844441,0.008579922518930689,-0.014651187938750594,-0.012249959437804358,0.021768481436963822,0.03368118711495165,0.026425713967801304,-0.01568521845029672,-0.000671034119532019,0.0017603047657553054,-0.004125900042613436,0.012314979778128829,-0.013076671075871885,-0.0012055196640661451,-0.004023911301771606,-0.0038415280965471525
2012-09-28,-0.024436479533944032,-0.04826941311732916,-0.0469329258875678,-0.018187326376114955,-0.0660211085655703,-0.061607876246878884,-0.015078534625289144,-0.009833416518559903,-0.00534725662511766,-0.0010544521015758534,-0.0021744267967230505,-0.012309912983879645,-0.024958958458073086,-0.010029258185893017,0.027559951995932006,0.007957329965137766,-0.063928312403878,-0.008769343155414404,-0.021727152475189002,-0.005125965913551645,0.024468722722581052,0.0,-0.03713414339673301,-0.013110855122510532,-0.013430873228220817
2012-10-05,-0.003002902862247663,-0.021990515100311157,0.0030196826235220245,-0.012408569042741536,-0.04553134196405903,-0.015164655125072545,0.02485853320359296,0.03729153542229347,0.0435702733661736,0.017148240996024272,0.010681763774972187,0.01634108602354753,-0.013409186347066062,0.019546615067678814,0.0172786296485267,0.017893067822483268,-0.007114834843776864,0.017861103825701767,0.016142908193414535,0.011956552123720507,0.00708429050235772,0.03220861220038806,0.01651715096368633,0.014960086503443878,0.013964942335916263
2012-10-12,-0.051689428447478473,-0.03568999481142596,-0.022015705021984907,-0.043317300575466726,-0.16142344456093932,-0.038066849468078215,-0.024291765802503265,-0.002160081131023529,-0.008161222415504807,0.045001608618153444,-0.02441635318932194,-0.06451014483177872,-0.044231343084021095,-0.06070720265532501,-0.030285489924636328,-0.02807198620132971,-0.031027588991116777,0.009010438292102673,-0.042547021405433864,-0.016559974147803667,-0.02082837717489537,-0.00994372837345338,-0.016613541763942224,-0.022489842015638674,-0.0223853360680838
2012-10-19,-0.042043648484728635,-0.03206262567945502,-0.01936454142933083,0.0063473355798982795,-0.22863301645697504,-0.039573476149939266,0.011379787320391261,0.016679280594048305,0.006091737944634159,0.046664409128389525,0.055653251671942225,-0.00978530325316458,0.0036110896258603428,-0.008738906770869763,-0.08832669332298446,-0.020221304804533567,0.018499866141092065,-0.0025096365415494255,-0.028806378655702434,0.0122282672354065,0.033315546977567244,0.012288606892490098,0.009677105778015088,0.0034928445550874523,0.0032147682188614453
2012-10-26,-0.004966568340069368,-0.009622036012409916,-0.015127558550932752,0.019099488480224337,-0.0517763323961459,0.0036630777991051417,-0.029561024563676153,-0.027793173776768557,-0.011930753774277355,-0.05143276520133246,-0.013449532799388774,-0.007360379385002227,-0.013062623701738822,-0.01972846345859591,-0.009786947016635216,-0.04265816541450056,0.004639569588603146,-0.006766850865387746,0.022533840729662916,-0.016742349428509086,-0.03115553224074494,-0.025588053617075657,0.003996828755177078,-0.014328808272679171,-0.014938084396024736
2012-11-02,0.035863409789403666,-0.046078642584086886,0.044713311196887054,0.00412984878738191,0.014388724288892554,0.042940353064253776,0.0031107420314438797,0.030153083135704282,0.0361405715467727,-0.03362015829140863,0.0,-0.024732439214581566,0.05472074661743566,0.008625633023623982,0.01873775563628683,0.00942965293994243,0.018113998370066935,-0.03164976415367318,-0.00849472705679697,-0.003869853841169107,0.0030162997438683992,0.026857714951022914,0.040935773419228605,0.0014844173049667602,0.0015993619093739237
2012-11-09,-0.02431214113860113,-0.048380094477841584,-0.022973423484327644,-0.01452956295417942,-0.03390152035632679,-0.015887361743277283,-0.020336532523781384,-0.04335967076413103,-0.0032836830674346715,-0.0224963605680735,-0.014633711349936516,-0.026640341025497272,0.047274002136867666,-0.04060731037219196,-0.03685248055501549,-0.014653765070035548,-0.009839716938076483,-0.006341127088931656,-0.006889797038996042,-0.028245094973599047,-0.03428273559460406,-0.007814007463165743,-0.021189354253698653,-0.024310943426526233,-0.02458918574510748
2012-11-16,-0.0687584234773883,-0.03606889848314134,-0.07533394104407723,-0.04708926512862597,-0.08745928354395496,-0.027052991320976317,0.008533611199457619,-0.027200204902184437,0.0007796394367965988,-0.02321830512370085,-0.009780202101606388,-0.004783629562258082,0.04891616739162487,-0.011997716806023052,-0.024195675913494894,-0.04131816981378923,-0.03619768012613009,-0.061013986934819436,0.00528408389013148,-0.008752429459684128,-0.0004449770176228414,0.015567538778709518,-0.0293846432824194,-0.013041142041711586,-0.014578315764365354
2012-11-23,0.05111170200742601,0.07977472265543709,0.04353307883396707,0.04917756250627295,0.04725290161281101,0.03767259017293757,0.029702272736642537,0.038704431447627315,0.037207909874449,0.039086780007371584,0.014137467924482594,0.06301670040340895,0.009066601459255903,0.036151897632704426,0.03161876591547145,0.04322097999758516,0.026854172301249868,0.031399233531211455,0.023036811123391895,0.03008093347914785,-0.0022296040906102693,0.011684371331958413,0.024998778828239546,0.03586766816327112,0.035590238905315257
2012-11-30,0.005865163997128205,0.023825799753118555,-0.03976940208184978,0.04516429081068948,0.12062798500984344,0.04979576302483627,-0.0047570388109186065,-0.00024341206832494272,0.010677204126279162,0.026866745416830665,0.0024408705244167456,0.04948864294364168,0.051262356259438216,-0.006716208998304429,0.04450589000993595,0.004268345417350546,0.012751787803316797,0.02559600689427663,0.059470968630033046,-0.01072067337961709,0.031108023490945737,-0.022997423168151298,0.0026151847679950677,0.005643621234029284,0.004976440706521049
2012-12-07,-0.0008359320511722131,-0.09310005863895002,-0.006028556825217681,-0.024514435087841818,0.07020419254790988,0.07578152189993291,-0.008551445810248661,0.03539362066031577,-0.00777829228305035,0.011959384275477254,0.010272648450132673,0.004828622600987442,0.01029560651423439,-0.011492762180640777,-0.02048410013558118,0.015496739901867122,0.020321930649453684,0.009275562988638214,0.015396404800404627,0.005205386199413777,0.009559293962129654,0.014498027009897595,0.0061486294136269435,0.0018273624552811807,0.0013336105553325584
2012-12-14,0.05133538366861195,-0.04499168665795601,0.013140715242466497,-0.09026356760556842,0.012631835249782387,0.061720079568553195,0.020626294032292432,0.005857023086057669,-0.011713608326510161,-0.037779625265696504,0.0034008198575947095,-0.01624041729971705,-0.01059152332971434,0.007970761025422227,0.025611587543838632,0.007428279024166153,0.02284312703542467,-0.05020894581041483,-0.01677946172449041,-0.005886403662943694,0.0014406925719744293,-0.025425135358996813,-0.003266907232089038,-0.0021792979763014587,-0.0031712917572742252
2012-12-21,-0.019246959706901993,0.01854122644772897,0.023591273647930653,0.007039967002515993,0.08036443273580539,-0.08052946535048187,0.007598654199660218,0.027417612898160502,0.026547744373687673,0.036166395424084063,-0.005958867737225432,0.030549047611871247,0.005604028916284106,-0.01004756624410323,0.019286615050698605,-0.025742632203613877,-0.006692557886136612,-0.001455539861808246,0.026171391717511774,-0.009696861449301777,0.007028438615837373,0.03789916576197671,0.015768992487352862,0.011911298378778077,0.01165388838518933
2012-12-28,-0.02045020233062573,-0.0189336090709574,-0.03333676905701194,-0.006719140997096876,-0.12748241215418082,-0.030524374905703883,-0.014351616932159299,-0.017423778928659314,-0.014161033623016865,-0.019358922551980656,-0.011306091174594749,-0.04677211006205762,-0.023208331141211506,-0.010449516065861733,-0.022068365486837105,-0.021298282047705095,-0.012477901844506784,-0.015265189093240794,-0.025655903759462285,-0.024721765336508016,-0.02474628031390235,0.005439896910200331,-0.007018938713189844,-0.019518101765800957,-0.01957286635242005
2013-01-04,0.08321619289964426,0.03359440858422387,0.007130934237877944,0.042425984683623276,0.1274824121541808,0.12698471935522726,0.05813034808130862,0.05471077420388524,0.05318497421378643,0.05912250022691318,0.029357119556043837,0.05541445961101376,0.0349041507504455,0.055740289310171706,0.05280815277855995,0.03650766027998813,0.08931245413541498,0.021219507295298222,0.05213880276845981,0.044359858787741575,0.037811280536488065,0.014686567277265963,0.04918745737272089,0.04428048610498329,0.044651647784039725
2013-01-11,-0.07416664083219436,-0.012794860764891103,0.0033604390045523292,0.05507059456912135,0.0304206584144852,0.08004268605572254,0.005737382096760893,0.017049676291316845,0.02761780924090582,0.029619061136723256,0.011119185014220677,0.033356018233935934,-0.04427987683445527,-0.010649223714848952,0.002733684037066495,-0.0033072822282003743,0.0028405181908377495,-0.006245289373083108,-0.018574336649304204,0.007280175468248449,0.012617339553099875,0.0032346772993233266,0.005806216390797217,0.004771744709193213,0.003797887913059275
2013-01-18,-0.0032812689694781357,-0.039797394929504404,0.015532517954219224,0.0029079296652532783,-0.08191713553549837,0.0453739648386817,0.008124595047881907,0.006912011087345459,-0.018095081572923995,0.012350421681148771,0.012089754959625854,0.015480043353960804,0.047762134339077784,-0.024517262860016095,-0.049134142031115775,0.042164938974654835,0.025207435869013594,0.00827067261613944,0.009132864180671163,0.0131924536732891,-0.0032092519871582295,0.001613686156011817,-0.0042194664499265845,0.008530476533861568,0.009418453819846651
2013-01-25,0.019528760551139557,-0.1281063741183924,0.022856259763559778,-0.008163414922324499,0.14715759536713113,-0.002538121017454306,0.023163805787559996,0.014954201193043455,0.009870855676454583,-0.010469258630530286,0.009377886021064378,0.04269589063227418,0.06883838473330992,0.017195931666682852,0.06745206213779484,0.011279101555734295,-0.021118074970873996,-0.002894553892410043,0.011397489291447366,0.01019026243615413,0.013190213574937193,0.014722674195303926,-0.015893325566964486,0.012861103586464914,0.011361996875417037
2013-02-01,-0.003228615933804115,0.030757820198921107,0.0017916371337039108,0.059659943274857206,-0.09180755247064755,-0.005095462994836269,0.00624394896455062,0.014525057909523414,-0.008040213388965104,0.018434461097796857,0.003511188545628328,-0.06920920619774945,0.03507269825540201,0.04286535427784787,0.02868227028833227,0.014696784541594976,0.040093434975904334,0.02136445588540363,0.017336295376281834,-0.018595254642796207,-0.00303918062717398,0.00411404896413851,-0.001254384682633088,0.0065675918485559835,0.00677034610027884
2013-02-08,0.0,0.05182421983864056,-0.013698796687037445,-0.026265768368037498,-0.0038535657754703747,-0.010269737388918633,-0.007682496172016282,0.016169577406541635,-0.004804533541525084,-0.008895266192093626,0.01737321528604272,-0.011576191782147404,0.02424682774549037,-0.0067816671022665,0.012518193769903254,-0.0053190128905960445,-0.026894361298773636,0.013947140436907202,-0.010479330900149388,-0.009641249025631416,-0.0024935118695830843,-0.002245189005391246,0.00017920633777795408,0.00369587613935362,0.0031407829007284575
2013-02-15,0.02868717731884217,-0.031698704900478804,0.016558875208458335,-0.0051092908533044296,0.045290806395799244,0.02043507848609765,0.025582520780136186,0.0051277198507903785,0.0033103005427640385,0.006726570883679298,0.00896910718633771,0.01191578612094297,-0.05769836280815917,0.00254868931652992,0.009529476480303563,0.03450861794710458,-0.012885404856088562,-0.030972955157435263,-0.006049576016801682,-0.002825307815771794,0.00553269249675701,0.010538136121853364,-0.013167554878747214,0.002039885283540027,0.001224593133796433
2013-02-22,-0.0166339670313281,-0.02052836881591125,-0.0007199797579431855,-0.03033590324147844,-0.037598467826552275,0.013810565483396046,0.014330053876298857,0.000613205946574301,0.009072675318406519,0.012608930575485063,0.009147836175696202,0.0012440497853788057,-0.02542859371341327,0.0090092443073434,0.008564746678782289,0.012433996449042127,-0.04350195936607687,0.015748511668500376,-0.009934587231953363,0.009461804804165324,0.0034421769098153827,0.025715188895645995,0.00921757779239906,-0.0014475508123319646,-0.002760809067535524
2013-03-01,0.021178005992334412,-0.04616807987692754,0.006821421155452807,-0.011506519871980155,-0.07558260944641254,0.028274747427907407,0.008265362005397747,0.0,-0.008503494175444989,0.009353651927477927,0.005884597286464668,0.001204894658967498,-0.041271953249848635,0.00920599344648104,0.008070353110153975,-0.008588103055602096,-0.0019680167597760805,0.0188551887393315,0.002566723061951718,0.0025751860799809356,0.003799332481877961,0.00030967811116787414,0.02083038944715292,0.0014475508123319924,0.0017140063848820478
2013-03-08,0.008617084626167944,0.0028993905385159024,0.001787097171040684,0.04553498447023434,0.05623966444471079,0.10899005177401619,0.01536391753200235,0.02603356926369707,0.01625134652918702,0.006912992556096489,0.01923985309791114,0.03130295478036158,0.10458114059313993,0.018435110804922446,0.030935799386242586,0.024703510698117402,-0.009347280057866478,0.024252327184170152,0.015846721091526007,-0.00515694728206402,0.024570868014619843,0.011079795955506051,0.006473448951974777,0.0216559928488085,0.021490575806425563
2013-03-15,-0.014139553032685099,0.0272815031966086,0.0014275335646477616,0.020486152200882984,0.015504172207925323,0.018309728368811267,-0.008138755760785989,-0.003592536421700212,-0.013282595169552047,-0.0005441729378514096,0.012708314692692848,-0.046164105103213324,-0.08627902244059078,-0.006839000924007519,-0.02092666494624637,-0.013980427429552925,-0.018736107204173208,-0.00728354742354773,-0.012598350028741202,0.004485623505937931,0.004171784920005395,0.004581288423084924,-0.0008805487012847117,0.00694349730233655,0.006118441035225874
2013-03-22,-0.012739408259408619,0.04031126324009389,0.007460943912364545,-0.0002687184225118499,-0.02334734233570233,0.06906396197947612,-0.002142591587578147,-0.02510250840323865,0.00966634000242831,0.007949682100924726,0.006921069456713633,-0.01566710634943261,0.036994606423176236,0.0,-0.0049116143956703115,-0.002990775831148688,-0.015314351268296538,0.02425499582825816,0.03248859269700184,-0.0008955311442655785,0.022571036543322254,0.006529249821137594,-0.017323980661760358,-0.0014768933570630523,-0.002444156198787532
2013-03-29,0.027658498911643306,-0.04256789575166845,0.012663188597007288,0.0033463203642533045,0.003929274458886224,-0.005994090896953103,0.015766610687736354,-0.027432988378378362,0.05912099629658125,0.021716731279151247,0.022200121769388712,0.0333466176510627,0.03409280865067217,0.007111671615167496,-0.020094452970343134,-0.010755117873808895,-0.005846887876784812,0.0073773316465153655,0.009469038519693823,0.009141631550376032,0.01963036784423352,0.02746896211982808,-0.0004482221354823273,0.006853204204507128,0.007869274237314362
2013-04-05,-0.02926216458736135,-0.044957238685680356,0.0031408373817769625,-0.04527465565644516,-0.10754153956275672,-0.0694938424108174,-0.0004799176740006275,0.015670361711996386,-0.027942606354773126,-0.005473647553456271,0.006235825560693626,-0.04219258391504224,0.08786870903701932,0.035608116040286845,-0.014126112898588361,-0.00825205733075616,-0.02762943201990599,0.020632867784134215,-0.0029256682920503277,-0.01228279933707882,0.023662087999201085,0.027307081917085845,-0.005032930396102587,-0.009685254064103371,-0.010190682341514243
2013-04-12,0.049325049439216506,0.015475330240828217,0.003131167617654462,0.016753285333702853,0.07970676695973111,0.0724956232465209,0.02737042257528867,0.02269994651009249,0.003565751801264148,0.01807195330676762,0.008496085249662852,0.06585137350641813,0.0559357786664005,0.03067578670351684,0.008899826452319121,0.022850769816362075,0.0053058885555570595,0.028010803001091038,0.0031141922958062888,-0.0002243635257584164,-0.0006288711185218029,0.018737255334753497,0.00018020005593581405,0.023188774901717606,0.022641625762424608
2013-04-19,-0.040535827721440265,-0.09581525020618067,0.033472682368388594,-0.11043380138409534,-0.004040405644838063,-0.06820839370490303,-0.016579148950868643,-0.036995355108162334,-0.010857966464433691,-0.0015659196019521778,0.020930135216540507,-0.047083887694978004,0.08916145891982115,-0.00806564761583323,0.012352970355409802,-0.0756830469011079,-0.049449327742637966,-0.0034425211298966113,-0.015956403483622438,-0.017456784636295318,0.007394817750519456,0.02101229580639588,-0.011325068509485687,-0.021128211889580372,-0.021374164326773915
2013-04-26,0.0646875104580051,0.06606088584231769,0.06565080276700733,0.02682810863851017,0.06656079467167925,0.008519916397625454,0.01713950722428522,0.034339302510441434,0.01974755434112675,-0.0168601861991976,0.007428911837681668,-0.02139342291786303,0.06808623584666715,-0.03292931788069794,0.0019360543245162472,0.020929035239184643,0.05149259705600785,0.009533865843484113,0.04511343025569899,0.006269691622510933,0.005727975189269384,0.01163699949774811,0.026790367075623822,0.01759569771184324,0.017205253954526458
2013-05-03,0.033727921692761204,0.07563769102545956,0.05209470875537834,-0.007188541302114233,0.3101548620764569,0.020986814048452842,0.014276694985807406,-0.02716611062656211,0.07102812575300166,-0.026380987048346894,0.0073744523019664806,0.012635171694285456,0.06337839099763792,0.008066881077445647,0.05380294144165184,0.016078798741677537,0.026798517120420823,0.002653947708644638,0.004382927593233591,0.022694814176639662,0.014911859615325923,0.029450229404974094,0.01723709383147099,0.019587478290524103,0.02013422789691608
2013-05-10,0.04717499826909389,0.013219645333048478,-0.02417707323252078,0.06614474972545271,0.09278177201374645,0.11651294107710224,0.028850774677054214,0.028801243137807235,-0.004410400702741667,-0.0030964650239067868,0.00011621312390733675,0.021393261524223054,0.34156578580550345,0.0005356785432821515,0.039995135973306735,0.014515694547664751,0.018679223160978937,0.0014270488635365459,0.0021848978898340583,0.008226115756887087,-0.021639442666582943,0.007713614501717009,-0.006034297899977594,0.012561910372693228,0.01187156489782985
2013-05-17,0.022442344976318154,-0.0444878571269033,0.0715453711976576,0.010804938403738699,0.029927450646888048,0.04429132015832984,0.010674331630247565,0.06599257553834362,0.03387251161424102,0.028253914263464876,0.026806171118643852,0.023504873598527112,0.17565536328287276,0.002138743566752991,0.032359515275801165,0.024159518372580853,-0.010778001153847264,-0.013014114353210753,0.030227379185017392,0.017812364418250473,0.013656721905914349,0.03219961930190293,0.019114529706878648,0.021372514665468245,0.020460138909382745
2013-05-24,-0.017375635167553354,0.027073351637041172,-0.017356790268632932,-0.009631335494581327,-0.004926113418270593,0.024455661703366573,-0.01956725219072434,0.025671657693166587,-0.022574553127969955,-0.0319912050105105,-0.007032683719828855,-0.030699875078029265,0.059196443072226934,-0.018601495798539636,-0.04024098830224376,0.0029792354385197424,-0.016792998926546156,-0.007217757041307922,0.011783618215449902,-0.0025097130232850096,-0.04798899477380078,-0.051461886863982405,-0.0020675822231853696,-0.00981233702719246,-0.01077467059107843
2013-05-31,-0.004825710347524017,0.010236284089719893,0.018216697835300392,0.10115842173981407,-0.012422567093584021,0.007735025938853389,0.028814780055616013,0.01718285962585985,-0.012884161722543136,-0.018266922797887213,-0.030879958777691594,0.028102964138988076,0.006980049268544608,-0.04907600835655474,-0.0024076045109063847,-0.008964466796126199,-0.004767369016886434,-0.032470598226439974,-0.04250268153162027,-0.011648253020589755,-0.013218521372634552,-0.08465654549457698,-0.0141563762084378,-0.011315058963059624,-0.011498925941549314
2013-06-07,-0.001383505600724499,-0.017767481329875958,0.021822737590238582,-0.011730324669090927,-0.022756965171033726,0.07977929714705809,0.010811840246010071,-0.005879040056195715,0.010053582694087687,-0.01268368955154614,0.00863445223131066,0.028093491261037596,0.04284951400714631,0.013061116704351944,0.009720648867905557,0.022891876653220372,-0.013493712676383938,0.01971392759723162,0.008627980041121946,0.01077418632459124,0.041191853588047896,0.003814551988671292,0.004106258659498364,0.008225180139853109,0.007721205981390248
2013-06-14,-0.006944244171831641,-0.026978837802931754,-0.03625297348107142,0.0138663309600991,0.007643341883944581,0.008658093401104404,-0.010023127363154746,-0.021229973572728093,0.005487087015148324,-0.008417862251627124,0.0,-0.01045647636799715,-0.017199223338872072,0.012892632330306466,-0.005345506069150272,-0.014352207143634136,-0.009257480030205885,-0.019313035947442173,0.0037909990524972134,-0.00955911092457384,0.011733010804771609,-0.013563482484592115,0.03188294234728753,-0.009879047474422694,-0.010183246661607945
2013-06-21,0.004866500239166194,-0.03924386775090527,-0.033400654105534576,-0.005602232663917129,0.015113623287089218,0.08557347399556842,-0.015715044003404222,-0.022267417100336768,-0.007935292966370463,-0.04198319879131921,-0.020344665172195173,-0.002301991503052089,-0.007505692860561412,-0.040926402703610296,0.0067087207884927785,0.0011288861272771282,-0.00898267057742757,-0.01833180523625981,-0.021398333432822342,-0.012218289424800554,-0.01771484101360038,-0.06152512037295498,-0.02273152044619016,-0.02023193845485908,-0.021310667675756494
2013-06-28,-0.02670576273307259,-0.04190553707049438,0.03746232824232406,0.0,0.01980260859668314,0.030466379854341172,-0.004101647247082858,0.015847615223861636,0.01794390578255409,-0.01595537815782659,0.03147074716566147,0.01571572716697892,0.07552756549032699,0.02662247570249761,-0.0006359705735261596,-0.007304319528043877,-0.007608036916276209,0.01324361163600794,0.017516772216505768,0.009675984671990469,0.039426675055336445,0.0564653899656667,-0.0008679125254200707,0.00845088974244898,0.00865977958569404
2013-07-05,0.01414431011744038,0.05134089514880492,-0.009600554931908634,0.037542304215102566,-0.0024539280848285233,-0.0013967092702180583,0.026799919810055084,0.029743053977202012,0.04305416150607526,0.029290370512942296,0.02314046282266551,0.02906676823897319,0.11205379506761197,0.012073690916581562,0.014792780954385036,0.0021540075278602524,-0.00425235560761811,0.009619064432761018,0.010705452939108996,0.013412761936181728,-0.019206265853829788,-0.027374137480156255,0.004591787511920286,0.016077884837315953,0.015817896517140582
2013-07-12,0.027702836449476118,0.021542678248991576,0.041791854276190456,0.0036007279902642952,0.05961240036070287,-0.12014426531057916,0.018614839857116806,0.01798860669588269,-0.0003665100256112122,0.017053872553109233,0.02384039468451101,0.07306552896605893,0.07852349870281145,0.01620985064128364,0.03249425456817459,0.022128349932499628,0.0594359192932556,0.03166963168276738,0.041193835465254416,0.019787081037164193,0.049784236008519674,0.028567123979573398,0.012028647052684364,0.027169879295256643,0.029167986099309855
2013-07-19,-0.027702836449476076,-0.0036639094981307917,-0.12750175099980188,-0.028647917512119467,-0.0694890139722325,0.07876889724639556,0.015083742866023214,0.021416778319289686,-0.004203842141689327,-0.0166587903729685,0.02458693227008742,-0.0075720340920848155,-0.08194337732780342,0.0,-0.029019442872517426,0.03960939911952949,-0.010644327529244704,0.00577969106431798,0.013729694824352654,0.018773765939024138,0.011244542474363503,0.009785951502022135,0.0004271045088417733,0.0098613887229477,0.007057583673899604
2013-07-26,-0.00281317289877339,0.03705061246711746,0.0069820651205999,-0.02867656744907629,-0.05351602287743918,-0.08667997857171922,-0.013207144241705033,-0.0019602202202763097,0.01712292532299013,0.05310984375219072,0.0064842909657574395,0.021969631149989316,0.07800961747560049,-0.005881582629231311,-0.012626585212946118,-0.0028357595832568926,-0.04281859299981841,-0.001024470433054234,-0.01278595612743292,-0.004000822573173931,-0.011959203748493108,-0.024496717375013133,0.015753675468575888,-0.0003548053778619049,-0.0002600326325301049
2013-08-02,0.03867894523100362,0.04771078153263417,0.008502490636094154,0.019120154989138945,-0.005249350958782499,0.06978631549430556,0.004082361215027516,0.007819456842265305,-0.048790112089056654,0.009697986277432041,0.01666530492691048,-0.025317008579103756,0.06442251822065212,0.004763657330145272,0.023685036000834693,0.0020259990133556127,0.02693056917929405,0.009569231567625522,0.023736288497901516,-0.030418807168111982,0.046433702483731,-0.030526587541273097,0.010948230317883787,0.010821570175247715,0.010595996712331813
2013-08-09,-0.018462271376915966,-0.01106410499469054,0.025082495717593935,-0.017761662083052566,-0.04027386046153044,0.03565320524452206,-0.00946581592355602,-0.03549633173126011,-0.023034674139619175,0.00555248481145861,-0.02174112543798005,-0.02311106577118305,0.10318423826778486,-0.02749166575371349,-0.017986316175856932,-0.018386152729506958,0.002488379904116934,-0.01771883222470064,-0.0292351020556211,-0.006579053245971833,-0.019288573066902574,0.005821544799442117,0.006214581580003009,-0.009639562592165012,-0.0107319563374398
2013-08-16,0.04717882335588985,0.10016974465903822,-0.02088690465642354,-0.015873294665937024,0.002735977141819197,0.0014287038998312001,-0.012675325900701907,-0.02281868794210068,-0.03601547412505697,-0.015557791612736363,-0.032908809682809896,-0.04274975696111421,-0.07461079136354909,-0.01797713163433385,-0.03834898303013021,-0.012448460370777717,0.007661972545320767,-0.03695485928754608,-0.03278966440702973,-0.03146438654915582,-0.04881935662662286,-0.08458974739149348,-0.026534594002736854,-0.020768166069827305,-0.02126607165255452
2013-08-23,-0.010228050668168759,-0.0026116005197787,0.08871342809076758,0.01342690766155494,-0.0027359771418190757,-0.010764379732549935,-0.008452851897683262,-0.01837019383363217,0.033901454991078515,-0.004550583195510628,-0.0032941981727023944,0.01805797209015742,0.13078108247293205,0.00321340937815314,0.01540153896876767,-0.0071232424703159885,-0.0150253935372465,-0.009081945152682557,0.010401100870558184,-0.004446672740152981,-0.009048470634231595,0.04816390867785604,0.006931803597133639,0.004752694575043803,0.0046214493274975834
2013-08-30,-0.014136253061564992,-0.02793017966609252,-0.03962400883113539,0.04705150539548615,-0.10993721464617172,-0.02114562302812685,-0.027053807046423642,-0.03481151138054405,-0.02647788606740906,-0.02345795838727573,-0.02288210277841038,-0.03163190898539595,0.043290583194225976,-0.01350607792275442,-0.027152041169007542,-0.027282203144941328,-0.016223501516100875,-0.006283213998955037,-0.010669168244706368,-0.004121749465413751,-0.004809025775953014,-0.00032550101924464804,-0.011096614848374611,-0.017986183636435896,-0.018523391693812327
2013-09-06,0.008774468806096695,0.022325989064510426,-0.06974153264342413,0.0012977579863753406,0.0877755980157595,0.11737374640018344,0.005737862114839876,0.03938872426285305,0.012817248802523743,0.019458942390902643,0.00864286435835389,0.051602907202717284,-0.01208461983641988,-0.01249271282051718,0.03786212339269155,0.0008638179778082385,0.01024553389969666,-0.005358554332375704,0.0219263154518592,0.0010323087001883413,-0.004365242238097074,-0.009977883392616496,0.011150305682589809,0.014499178430891147,0.013503324354769452
2013-09-13,0.05999211590972526,-0.06921949679882951,0.05860218583646646,0.011089482405171441,0.07029920618041315,0.05977620585886114,0.014907110956228743,0.0005698105982272046,0.06746352350557762,0.016275983142021208,0.016047484586921856,0.006938603521920479,-0.008601276889357305,0.026873369375786098,0.010731347550085216,0.026418385167133015,0.04249450982037841,0.024091182941757733,0.023166601689888395,0.013094221902992175,-0.00992274281661319,0.015172820300781823,0.019784514352805496,0.019620656978791184,0.019634717062892607
2013-09-20,-0.0006333752326653789,0.00538471843183177,-0.0072925296124354815,0.07114819560683047,0.0,0.06164071415552754,0.037681614679411564,0.003985832628415295,0.050703238756336914,0.012313656988921614,0.012454485309205983,0.05999262119282715,0.1024021387093063,-0.0002918367319229929,0.01566839466503972,0.01729752430079478,-0.02631714794418899,0.019575959104909627,0.007745796422799264,0.0029370822429318467,0.018385631858848662,0.03139958601394935,0.010404625170691332,0.013037398384566457,0.012902291339460003
2013-09-27,-0.013388756129106715,0.03229200042122265,0.014532403149140045,0.025618089573551724,0.007802373027027499,0.02238273065107954,-0.02620990463620466,-0.010663055110789743,-0.02950067498315099,-0.06571391824974733,-0.03344787744943686,-0.0010437557910145238,0.0401347697014508,-0.00966423695321655,-0.03003312608899121,0.0016647166028514648,-0.011273099470374316,-0.01957595910490974,-0.01900287851574908,-0.020050872091386725,-0.007713024502167157,-0.00866780139644461,-0.015481276035957656,-0.01065851443298225,-0.010677261409506308
2013-10-04,0.0006417461732440919,0.0005801417033879576,0.018168767717781847,0.018562124051718098,0.012870239649365203,0.047112976326949295,-0.009623858018205747,0.015537824556691162,-0.013402311373416905,-0.042886813940452385,0.006664878632674892,0.009542612385120147,-0.05336325801839994,-0.006791659769333938,-0.004620437157912924,0.0,0.004762161957684861,-0.021202278682201762,-0.011122794221137702,-0.006696742673500272,-0.005259139347304428,-0.021275545232467833,0.012848833629684045,-0.00011834905443307122,-0.0007391529643941745
2013-10-11,-0.02139480620330188,0.020044571478864237,0.007352052913293698,-0.004839357443548707,-0.020672612676392615,-0.09239068452749263,0.017947838284091258,-0.003042175497308489,0.00898920419346954,0.01028182431709321,0.02421510902778514,-0.025877291288015424,-0.012678141585495064,0.03092388540964947,-0.0004127817725343869,0.014447758653801965,0.016606923546804746,0.027369148092853134,0.012677186774399218,0.007272094734064949,0.026023333441140245,0.028844445202118124,0.002467983798247224,0.008078882696354343,0.007484462762866205
2013-10-18,0.03540792395131704,0.0321085582920658,0.024027525831921984,0.062023375621255705,-0.0815669204321398,0.011219598532841378,0.009966605983500562,0.0335202232060518,0.04202818550938304,0.013815840016224814,0.02407873403468373,0.05640583504549708,0.02596123106437039,0.01191683176455242,0.14832265832820504,0.04605430496331779,0.02698584779227369,0.011825463067795411,0.014901297141913369,0.0068763885825205,0.021659961255449164,0.018520313885942295,0.02619226818762049,0.02396765999629715,0.023959175716021835
2013-10-25,-0.036719527855398636,0.03299291960810235,0.021786126417137567,-0.009379473317076833,-0.05532708154952673,-0.02677949182660404,0.00051279965733772,-0.02858057899045194,0.012937137939495887,0.02195232775825768,0.005007832741477786,0.0996316475252867,-0.07787315293524302,0.016619359313754575,0.003740293811116834,0.01283323017957493,-0.02986660375249981,0.004874743690250815,-0.010253060713627781,0.004786027325689997,0.028439709646053548,0.024673824326604366,0.0023984924420950887,0.008905632769473468,0.008715148146325439
2013-11-01,0.001311603904081724,-0.011338757008791467,-0.005613411577839967,-0.020144758400411623,-0.009022609188974089,0.05856466309644366,-0.015153128265421145,-0.004939644215599922,-0.019393244511315712,-0.005542363067820578,0.013803682539723961,-0.012154226020406018,-0.04515135781209609,0.029401233470476042,0.01159514201760875,0.02518270790531924,-0.014017895011037682,0.012928878065787358,0.026944092407687446,0.02081236121944347,0.02516130446591803,-0.022517491560300116,-0.009224994042022828,0.001476232715460843,0.001062071883033149
2013-11-08,0.019468740258342037,0.0068402286019543625,0.061402531817482994,-0.008308103434323151,-0.012158193025532062,0.02970249661354747,0.00527797570863062,0.027239366754125645,-0.004377711627662031,0.004950504204209986,0.007256379778448433,-0.024504004763370647,-0.16175380320081836,-0.029969849137559054,-0.010777995440856671,0.019033883061268124,0.00774568826616534,0.011481823932319338,0.02607396126406744,0.038665319196768834,-0.011639820477590448,-0.06091427716875409,0.0032188334901771675,0.0061107912479439665,0.005078910034714829
2013-11-15,0.038453854704396065,0.008474351108541769,0.0015873802071089559,0.005845593555773397,0.06797298941907634,0.07189688628292487,0.0036179365658135275,0.016723638398835245,0.020556484330261155,0.017313912808609368,0.0036084238548501615,0.05243881136736832,-0.018288767234038657,0.0073655139203644675,0.017106259846031212,0.005530274467569199,-0.0059530044173397405,0.01603293012040271,0.014758278532255559,0.027022628198650575,0.016506335731399032,0.0016545300872958478,0.01838535766095123,0.01544800763463375,0.015450960434184011
2013-11-22,-0.05777766299785637,-0.009935545186512875,0.00039405013150233876,-0.029805400147579132,-0.04679218720457015,0.0368263046383958,0.005658902408759835,0.046122292710340476,0.000593686413532782,0.00430324129952136,0.01602677281671895,0.00846957593166782,-0.10967641760926625,-0.00028216784119128324,-0.0016171260149218413,-0.004421798963919661,-0.010323031698410451,0.007420013976993608,0.007374832394967032,-0.0027329573507883223,-0.02260882366867099,-0.04651216207099597,-0.001815323548423692,0.0042114606041299225,0.0036525522235185777
2013-11-29,0.02729221774117665,0.06745051269423678,0.014795563732883302,0.0324914609947794,0.08601292917767933,0.044085700719988116,-0.0036832480640411297,-0.004185388607543848,0.00660781366274291,-0.019911733318955998,-0.006213376609352043,0.055659150962867804,0.04746327556648121,-0.005946874774625553,0.026490032522447953,-0.015631452204859172,0.020540771524254126,0.014923723756716075,0.0017554714109399134,-0.016234365385949957,-0.015673287215330962,-0.03112348318416684,-0.002452451459535397,0.0010504929578230217,0.0005816526686083923
2013-12-06,-0.008368403261499128,0.007078650826314622,0.006013816342604575,0.0486519744842574,0.005479460395805221,0.05576180283842944,0.0011150126070626585,-0.020481255838261603,-0.00784535488184074,0.00813105612464893,-0.0023267717361327486,-0.017090486660631975,0.07621582411564276,-0.019501545546604455,0.009655209992077972,0.010448166480402773,0.010581961174640794,-0.0074917052917450044,-0.02723502694216713,0.022947937587990574,0.0004734757744675532,-0.01493509814000887,-0.0015151227690006614,-0.00033115710864610546,-0.0003988439326010308
2013-12-13,-0.029520375741803665,-0.010032450348162868,-0.04451069471607539,-0.028293267322725493,0.008163302695052716,0.03393155285284842,-0.022539148392979942,0.0019604043980267698,0.026832442722760214,-0.02479623230511984,-0.03326641569664282,-0.007028126032826515,0.07223937811463879,-0.019889160097380544,-0.008523408170321137,-0.00371896893875895,0.0064122296597557095,-0.02354290940213879,-0.034590940254424496,-0.003560480375118752,-0.022949234045518626,-0.022921487335123256,-0.009691149832879411,-0.015764002525688617,-0.016629774987975434
2013-12-20,0.04364125675731186,-0.009805562564493706,0.002993371227719424,0.12816578589478383,0.0,-0.04022668062673399,0.013411338714818595,0.02687418416414181,0.04068299049113321,0.016267171390507176,0.008068278507820575,0.04568215589225722,-0.03032312885161305,0.01320612957969148,0.036859852634273826,0.027247577154195905,0.03292110733120864,-0.008359648627873603,0.005244159673952759,0.034747170201429076,0.02519107361908913,-0.014951477951541127,0.026134289185573995,0.024598760183192823,0.023932310214495992
2013-12-27,0.004451704790672851,0.019962531963489055,0.013227376815747784,0.021642447583792832,0.024097528503317263,-0.029757450561421983,0.02054868142703233,0.007596540972108837,0.016987180154856337,0.020700119361107702,0.002818881791269922,-0.01029655130968734,0.05355278369382212,0.025331928294085565,0.016025338388217805,0.017032374075533072,0.021580372040616698,0.013342450442601565,0.0,0.028275113371837773,-0.0014158322416094457,0.0016933437346975196,0.019181044023687702,0.012534150999772254,0.012613196801036917
2014-01-03,-0.005727338250440611,-0.03471516733869479,-0.01024268841045094,0.0013247102665217073,0.05657035905723801,-0.025889526077844265,-0.0036507261817093403,0.015423527997767639,0.006759727548909319,-0.002931297475964513,-0.005428115992813031,-0.004128225437916599,-0.01037658194532551,-0.010860011414154437,-0.012053613408213877,-0.012656138442399741,-0.01162228474635069,0.002291207958232743,-0.010516703501796329,-0.01989935946539861,-0.0040218745044685094,-0.002823404638069102,-0.0025415440734797177,-0.005235227800697603,-0.005461847149692692
2014-01-10,0.003822190133918423,-0.014973422898850727,-0.023853060301668002,0.008478745485867472,0.04162169298672944,0.12280393033765487,-0.022362662900727137,-0.002902343130360922,-0.00013574490946270058,0.01611253050927469,0.030978776856274287,0.0030726087260392566,-0.026010632625676718,-0.01691643027515336,0.022531534995602443,-0.019104024716191926,0.007652399667256516,-0.0077862314652739385,0.0047634135098750955,0.010098559307967981,0.03368356074955942,0.044787489991527846,0.021437352102634637,0.006811181366682402,0.005988465652150245
2014-01-17,0.016393627694258093,0.01439994686714357,0.00938962996431833,0.0519124395681731,0.0023951513627289223,-0.05772910437633273,0.0008694008000506822,-0.006517668509129908,0.04876236686997826,0.06034119758745339,0.0033722156971833675,0.00489169516183185,0.15417018712029745,0.0023767008398630977,0.01784587439508512,-0.014195481219349257,0.016736291962850515,-0.023990933951972923,-0.013325312395811232,-0.013621782793302777,0.004688732159492388,0.001980510805183214,-0.00037727674871379177,-0.002718887458454131,-0.001994010010618468
2014-01-24,-0.027259979318645572,0.009938183417018617,0.011750537072100676,-0.02983126444797215,-0.18615660326555836,0.023842234034791427,-0.02873965585931466,-0.05336977022295603,-0.04822002628440278,-0.01903431811646666,-0.04794382292035442,-0.030515198116954655,0.026640446361775476,-0.00834301276813965,-0.023480311374383046,-0.06328532558831192,-0.05936061361405696,-0.023505939750153682,-0.036428499400781106,-0.044438285534504046,-0.006868558332879692,0.0059191074270335,-0.04217902484539777,-0.026205949013686815,-0.026681133899325943
2014-01-31,0.008957244128792426,-0.0869398318262427,0.027596600542824444,0.0027485453218449186,-0.011594321563201145,0.00522191597915134,-0.0018799440495039924,0.0048891982350911896,-0.026656966454174723,-0.0020343718058843494,-0.02390081192597502,-0.07751534547655628,0.03826197869750461,-0.0029971478213837474,0.04959367469543052,0.007188611721574408,0.0860147703875835,0.00348771598856924,0.002049146283814515,-0.028770401041169895,0.05443011621481875,0.03514082211487821,-0.017879490577593932,-0.00397715082619771,-0.004310295981435309
2014-02-07,0.01076949449171189,0.04337367799975857,-0.034411967898258226,0.03471261824714892,0.011594321563201254,0.06184947985866835,0.009009490854521459,0.0225049460341273,0.029049915492402194,-0.014923133677456587,0.01759002790412198,0.006641096523794845,0.027832425914110875,-0.031090758970454466,-0.0029935987813004146,0.002384894019762118,0.010170797105548447,-0.012531096899479547,0.014841297441782525,-0.010234930677474871,-0.01446272630624319,-0.003875990322592869,0.018588000013925556,0.00838312858215898,0.008062404527610848
2014-02-14,0.1209288429741694,0.045717936791312364,0.0285811966786081,0.026343133989902293,0.061471871355544515,0.022989199011342627,0.020566697531641025,0.026663488614527064,0.0206499833410661,0.027464545178390268,0.029761974491071444,-0.010383877013826712,0.06083586882592281,0.025975949554846698,0.021309646640453976,0.021599022519263204,0.017553499691495347,0.027284975164000087,0.020602005536755404,0.0382310543551471,0.02893372550518733,-0.000527135318735697,0.02141230902826754,0.023866942134308015,0.02289098346411309
2014-02-21,0.039950693358271665,-0.035056681403488665,0.016994947254502252,0.008059830537061888,0.0,0.0,-0.015517750249869604,-0.009329351339413006,-0.011750466034019946,0.06707232601509688,-0.006288424387997652,-0.030082850588832026,0.05577300792875473,-0.010614345672994284,0.0008227612520743999,-0.02287404718043625,0.009791786646870214,-0.03586420762014192,-0.0253842082824471,0.00972819764083455,-0.007641230324745746,-0.0014079185422115653,-0.013494820551600364,-0.0007063464213511214,-0.0012952832268843147
2014-02-28,-0.009541562796678307,0.0018828241107056523,0.008651382485085903,0.05240242288028324,0.005405413342211417,-0.03613124219193395,0.022712353696806502,-0.013808291851276163,0.011484734667384764,0.028070059971687995,0.006534531723529939,0.04328753133067589,0.15528148198434558,-0.02688269475120095,0.009803983883472,0.021028439206044258,-0.005450976759233706,0.021378044573526524,0.031395335090811376,0.012964111954050239,-0.004778246497088964,0.03393705471622454,0.01779986257679725,0.012966648119618614,0.01255527030743595
2014-03-07,-0.001088749305441919,0.007949803587736603,-0.010760007430272413,0.01687506508788355,0.06268370408331066,0.0094630541289573,0.05780598001043006,0.04440607803904833,-0.0016831778304101006,-0.017259342656941637,0.012942456732038046,0.027134774551845663,0.005702367099516457,0.018924216971735585,-0.0007076200127761025,0.025582558736876062,0.0008247397563290361,0.004823435304153779,-0.028660282666749203,-0.013385470621433625,0.0044762573362394685,-0.007690696762286147,0.01032912613092999,0.010519569959719975,0.009947981799995476
2014-03-14,-0.029852815317203987,-0.010899306920178462,-0.005291280070801049,-0.0011162633870851206,-0.025642467455926174,-0.019016677115857195,-0.0013051313747182481,-0.04475800079362589,-0.021464816093522784,0.004767583755654341,-0.005479948402144859,0.00450521715231656,-0.06389698675253748,-0.0015378397200452873,-0.035177346164877214,-0.03981793881257525,-0.01725293796189929,-0.0040305534323017205,-0.00044041640556828274,-0.01613093378705648,0.026444757631889866,0.010919776778554295,0.005174593408546592,-0.019307747658712102,-0.019849184406554143
2014-03-21,0.0396088068111872,0.015469888212603186,0.06321180279889557,0.02354373316153743,0.04817155900180759,-0.012600013790997294,0.021719757547663844,0.057637646487955885,0.011708201204548595,-0.018688772336173404,0.033064887400990936,-0.03573560322743135,-0.009046322125396845,0.05421335162497693,0.008693431197569611,0.01148314508994896,0.020749927214023436,0.02420618873719343,0.0033437761220990376,0.008946750735794953,0.003282851296329822,-0.011949616200947517,0.008840884813275217,0.012708719403072312,0.013696228814690603
2014-03-28,-0.035129726408740895,0.007460093590523418,0.003479361467564923,0.0032808697241171973,-0.04040949940047514,-0.07684260800991818,-0.01342840262404858,-0.0021628474207785915,-0.051818834381799,-0.0029468683324605995,0.015617688512775443,-0.0639213065765564,-0.07491145855747154,0.022200195782723874,-0.05462477660879233,0.01872119499823714,0.020327792448022422,-0.001183358265776449,-0.019247492844971275,0.03531422852927137,0.001585190336399633,0.015337950408295612,-0.02730252275744462,-0.0038204126002868897,-0.004779649165984365
2014-04-04,0.0138699321254662,-0.009432179005820282,-0.010726380435499259,-0.036696796900556015,0.03295611526597722,0.030121639960855883,0.002990769283616648,0.0024448359983135818,-0.020915936920867538,0.024011138515434505,0.010007160585704653,-0.04625117378570376,-0.0006593963952312923,0.013594132904834477,-0.027826835436541596,0.005395017807570201,0.02758672847341291,0.016958677573447087,-0.009086106939941753,-0.00348659636995019,0.0030567678618839337,0.021912869156812387,0.0009272461139150504,0.004893883175692757,0.004013195122524161
2014-04-11,-0.0016541475517517174,-0.02322672633056732,-0.016692941732833564,-0.05436418180118458,-0.09406410467377747,-0.06637086172423455,-0.017915826033093104,-0.07840012103922006,-0.05477102343309748,-0.00953530159473196,-0.015874119381709538,-0.03551486030085309,-0.040629693043787864,0.007415899788207029,-0.013831962331296932,-0.022935917507448125,-0.0070722261731673,-0.010532699729185269,0.012840280522866942,-0.0065944312256009,0.001472474243302429,0.021766501341399697,-0.019184731980865875,-0.0265837667038849,-0.026843762487291617
2014-04-18,0.02399199071196032,0.010204726442112401,0.020197795060588976,0.03952961688921278,0.010899279836871943,0.12360290361591514,0.04404443332140923,-0.0014473792274455688,0.0559736103431252,0.03331394453458014,0.02134588434476823,0.04141081635386446,-0.0281680248930519,0.02358353431141377,0.01032287114736741,0.0434772562925755,0.019382128806175125,0.015049693570598117,0.012589959545515306,0.037540950317277624,0.015020624954457724,0.0027482928749433108,0.03755381967981304,0.02653031719348994,0.026715079324304402
2014-04-25,0.009118140454075132,0.08575077560546711,-0.002502771483515454,0.02353466825682568,0.09309045465413947,0.05492547934116239,0.000628846352172946,0.008654913309674035,-0.04434461106340028,-0.03245906917773802,0.008352291653272257,-0.067079940276026,0.008694122535295659,-0.043960125995420284,-0.03796268096561307,0.0015043175645934434,0.017926766528276447,0.012285649611465438,0.013216163439287412,-9.970130208516142e-05,0.011119316580512358,0.003867129161584436,-0.01914168381862937,-0.0005366703868098571,-0.0007778186789924798
2014-05-02,-0.016146869906385475,0.0354516690752935,-0.005527389651658901,0.030489384329128906,0.017136207371038194,0.0407267989812346,0.006500858661924593,-0.002156573393258131,0.027223958510997355,0.009865940933034435,-0.0048220830059505105,0.01366395392032458,0.053864484485764884,0.03251872601965796,0.020379651996692717,0.0030030853689948633,0.003051540239151902,0.006339191747974416,0.001216984004518145,0.015809486239460328,0.003271188000020565,0.014687568495076839,0.012598043433748313,0.009456558894900102,0.009475194695633817
2014-05-09,-0.020834218758984172,-0.006381641397574314,-0.0037864478234239927,0.04770019101234305,-0.06259865811411938,0.01994422286802889,-0.005872467422553949,-0.028654257232321297,0.030780606950936276,0.004728215289771079,0.015982827947292895,-0.05255685496246369,-0.14599724642059342,0.022478805975931795,-0.013673069610149398,-0.00979287553035563,0.0004761656498154221,0.007182893114952573,0.0020816789137993452,0.006177210863274685,-0.010979771799112033,0.03281011412040379,-0.006893770792262663,-0.0005319033657013286,-0.0014150550465254809
2014-05-16,-0.004998422894613393,0.02023635494934174,0.014337176373223943,0.015748679884969086,0.03802742041588791,-0.03064346739157804,-0.0037765248133906607,-0.013045249718484152,-0.0028669903154361046,-0.009052119053161575,-0.0032756557174397826,0.018510869061321714,0.049766825351979335,0.008199158967090704,0.003185073330195403,0.009418099559232772,0.009190577074756286,-0.028040766369134273,0.004962293126394329,-0.011939039748930333,-0.0033072527432541536,0.013114658595622405,0.006893770792262791,0.0004784258770375026,-0.0003301059693526316
2014-05-23,0.03367811057953244,0.027435890559890156,0.007254564473279653,0.029779965055881232,0.0,0.04873524007623088,-0.0004730549463566432,0.022626706725624442,0.010714056670862816,0.024717616992646005,0.01091425569067982,0.047685869283909804,0.07896588982384181,-0.03941665912969078,0.0650352577924471,-0.006017188594634335,-0.019042899768079,-0.018347004006798492,-0.005812079762196409,0.005740477075055603,-0.00145013590204566,-0.011252560964009476,-0.0005344177989138571,0.012156982000238337,0.011999987241506468
2014-05-30,0.02720903832073346,0.030263778946046375,0.020233074139616714,0.0016994234680099225,-0.004987536766390735,0.04507197665519846,0.012071897717318113,0.018892582720120395,0.012930743442688247,0.001002516922191032,0.004742271484585739,0.0009922768443311285,0.002264653009836678,0.004237845073180909,0.013827517678401204,0.010506616991218017,-0.017453541845642448,0.015225784912641914,0.009352013425503122,-0.007827168230435336,0.016761685159904782,-0.020041064171627796,0.009955461624041363,0.012166190888751375,0.01204999656193312
2014-06-06,0.0015775606151301267,0.019662909391584382,0.013103388986033748,0.013493125839504424,0.014888598400041446,0.03268826578959982,0.002412527497022663,0.024881175522162156,-0.008554745489086649,-0.0038496583132511257,0.01681052884931234,0.053327695903568895,0.0019234219015925634,-0.01276779676508186,-0.00987995370494025,0.014452513613474167,0.0565709282109714,0.005714875843099204,0.018869514818930695,0.010587632007248722,0.0008210480712696387,0.013352988653016602,0.02308329639623305,0.013915552874193155,0.013359315168568486
2014-06-13,0.02644700367001568,-0.010291445761680867,-0.006044937700050196,-0.0029362831593183008,0.05277009909441469,0.053710884802504605,-0.016537020331135927,0.0012280246949968822,-0.008060848057521042,-0.01231747524226768,-0.006320031741413691,-0.01036689966275977,-0.00844213452345147,0.0002856145182845781,-0.010085540911458123,-0.0051641004969018535,-0.01312007818918283,-0.025314778796421248,-0.025094186150094,0.010280885755879736,-0.006796368683889554,-0.014302739362144644,-0.023592599023759778,-0.006418448852703607,-0.006835474066897989
2014-06-20,-0.031715998069989156,-0.004061801120139615,0.010854780859462114,0.006197961286391181,-0.042966108164434,0.021581235101677393,0.0015792560863310263,0.008901413633643005,-0.00855584115403054,0.05177721982094205,0.02637372507673022,-0.0063646729450533065,0.10638215579176348,0.010224222161845492,0.010950846360653403,0.005622773202392594,0.024151504849695804,0.005299535446045922,0.0005199702427563132,0.011430003930920068,0.03262970390830503,0.0037919784717530417,0.004400058918579922,0.014060891003458165,0.013701037727246186
2014-06-27,-0.029484520148615155,0.011701621829204482,0.013583692388105082,-0.008841635870968262,0.0024361105434864867,-0.010732431004491033,0.004565872976820918,-0.0003477591636783128,-0.0010025901812651204,0.01710271411042551,-0.002663257416892145,0.0011406991111013662,0.04041945870875123,0.0005650101272180999,0.033278175090519134,-0.020225227906937576,-0.0055004070230643635,-0.0045024785679502865,0.0011263102456656952,-0.02555733822469669,0.015973429661364204,-0.012376992871936795,-0.00159095816734306,-0.0006122962862855369,-0.0009735561183546749
2014-07-04,0.025249603781700932,0.02204240406136188,-0.010707979283478062,0.05805069106113508,0.03114015426890062,0.06808280790275353,0.015431709362987414,-0.0014120061605250244,0.03396343883762297,-0.0006345368524610162,0.004087014217510108,0.039034644587006825,-0.04190147439127002,0.012070058701882987,0.012538699316805856,0.016138451840125558,0.0209230405650603,0.005426755697381914,0.007418665939790115,0.013543030306680994,-0.033833648084749667,-0.011401332908013295,0.010558411969788066,0.012080304365981797,0.012406393202616581
2014-07-11,0.010554214955329483,0.012576099008670709,0.00691351243098714,-0.026689632856626358,0.030199767657345503,-0.027959129033707817,-0.005195205329199116,-0.022154115100506338,0.0022605779135068836,-0.003494639023534932,-0.0030400661002898547,0.02548071536904723,-0.049721875118188444,0.014818384658498994,-0.010900923191976402,-0.011608282466118008,-0.010133840455289901,0.014026976678804344,0.017193896994954966,-0.008319761767317267,0.007607338607455828,0.014430366872629705,-0.012911333168363797,-0.008054680735106344,-0.009041271009171676
2014-07-18,-0.03254473695067579,-0.00833127370086377,0.059939226877837135,0.024292811359734264,-0.13189819964718108,0.010614350460491284,-0.0027247387417339082,0.042626818059252544,0.01463927799924468,0.00997550286687548,-0.03190252916320923,0.03535828411319134,0.008627263656728404,0.011400173566774223,0.030981907760034053,-0.0033957734975829904,0.008211455068651074,0.0035086401750596247,-0.0022908389198097114,0.009683674348600145,-0.001922031578962015,0.023130610658218656,0.008927301466787512,0.005579566454119044,0.005398184140693239
2014-07-25,-0.03588587561665808,0.033735225131473784,-0.0042603964239751645,-0.07013648119193094,-0.01844582840702894,0.008111439588248524,-0.005706896795234302,0.013306282872285958,-0.02496891235098497,0.004872210007603173,0.0030405624685957543,-0.10160048634929315,0.01600611342449608,-0.017570848577165257,-0.011685661798211977,-0.0256469741762344,-0.049493945120600416,-0.014635146113016386,-0.001615019281647571,0.004370514921773152,-0.0033462599648704234,0.0029509382417164175,-0.016938458494682486,5.0527477543689514e-05,6.065628684994475e-05
2014-08-01,-0.005636866137658097,-0.01589289374520899,-0.03755021576826232,0.007409677424956224,0.054347147040270695,-0.07226831765813214,-0.013576664358102931,-0.043820524131529766,-0.013877823880672806,-0.04982533938345598,-0.02188098260905545,-0.05373126179691052,0.04247200719131878,-0.0059266193084791885,-0.04179239371898426,-0.017208411164673625,-0.04217425507341233,-0.03250904408396752,0.0028032262441943243,-0.043377242647983205,-0.04817071785166772,0.0015499803605374587,-0.01785428424434073,-0.026756133494183508,-0.027254192487279255
2014-08-08,0.07143961390142017,-0.009602965621514956,0.007901804849754624,-0.0001420628038896537,0.03708703367880692,-0.034356183197715134,0.03950182213284759,-0.0024819211942688118,-0.006394141588362296,0.004931983423069553,0.011742686800161354,0.031227521716797383,0.06175620429167268,-0.024643100725145417,0.007537761943437008,0.012154684805807356,0.027086923582521485,0.02181542039829392,0.01080033056953858,0.009469494679262452,0.01722424696292196,-0.010704077910350513,0.005211377104177562,0.0038369428390368603,0.003339580789908997
2014-08-15,0.0021030814377431544,0.033627131078763924,0.03614432344598183,0.060064824511679424,0.0024242990980936773,0.0471401146526617,0.025940246290173285,0.007251005783072301,0.0006202107057276466,0.005717551519562666,0.000890134782252305,0.051761893825264645,0.05442985142369734,0.007802479508748345,0.009934337446562747,-0.0007795798977818949,0.023539855538159203,-0.010365782528633927,-0.004963827303958267,-0.00020208234956198073,0.009695982465574368,0.034424349535313856,0.005261358301420465,0.01275222275525204,0.012077433220323038
2014-08-22,0.006512200066333289,0.03352028983164509,0.01423184188811847,0.018808465914726354,0.02864154825371911,0.055587199365101675,0.010441086235333916,0.030200226541605497,0.02768314282485353,0.024035123935058342,0.02563819231030305,-0.006133285443206272,-0.02016290089385933,-0.006931941669272216,0.015014078016969738,0.019695548130478035,0.014738421659376026,0.02446156021164352,0.022681028684975048,-0.005366162577122937,0.012988809294840494,0.01247702509686408,0.009065590472706936,0.017574292214101662,0.01690939404284951
2014-08-29,0.019206568817040248,0.011578982989359466,0.00618203103505578,0.07432349642291153,-0.019002928829705428,-0.02094521693145172,0.010989121575595165,0.016279767274209534,-0.01665896248250711,0.019702088290841566,0.006092014648602464,0.022218796762004306,0.0490904628534429,0.01324443693964783,-0.017329558197355745,-0.006522224688144356,0.016268183482875197,-0.0030415455641398664,-0.0017330270264058157,0.009698232499651146,0.01578580278010721,0.02168990576266243,0.006023283916206842,0.007601571169744765,0.007500452586205871
2014-09-05,0.02638435275991534,-0.0350459789665338,0.010510657857715832,0.06815633321430846,-0.0048076968839094155,0.01037591877624431,0.005956775585560411,0.007707617009923627,0.007920642313552655,0.018085820609318983,0.006629917046187663,0.02141837768018271,0.028114230689692953,0.00542018985641793,0.026133991449390326,0.004608163704448843,-0.004871276643072861,0.02627412186808599,0.04781435273297513,-0.0020127365844135763,-0.005397718601415296,0.010890355118317107,0.01257629778898068,0.001990915044719083,0.0021639895297418743
2014-09-12,-0.0434967078014215,0.02681726476176287,0.017060966685927097,-0.0003416443415250332,-0.046864322323247595,-0.04374846950328153,-0.007123238240568524,0.002001398639128259,-0.000793733003634428,0.008462109947459839,0.0015312963395156015,-0.04484423924371422,0.0065039040876449655,-0.018664626796065845,-0.02178190901052591,-0.008851221433416533,-0.032967584118452915,-0.022704198416913443,-0.012996486321025125,-0.035688226218685705,-0.03979290381424575,-0.07710746079271802,-0.00704065715570727,-0.009893639315610946,-0.011103812513916997
2014-09-19,-0.0020942137755340638,-0.006909767901480925,0.017406700957482958,0.017775125127507285,-0.03861486077934672,0.003166608830968905,0.024996808775070035,0.017830985169836208,0.010271861676089447,0.019120559927261253,0.03208613642836434,0.0003924616550969354,-0.07386551297826152,0.027727268117979754,0.03444852143067786,0.024514554031143262,-0.02419097417448142,0.01402257373382547,0.008973045988772932,0.013893551266580957,0.010991694138778084,0.004574739309808602,0.014256460552490562,0.012516898854019682,0.012442782272471925
2014-09-26,-0.028170463222949475,-0.0020819396613543655,-0.02363559912025495,-0.018120963318500154,-0.0566953551490056,0.06724182888870957,-0.013465358506687793,-0.009041010180939939,-0.02013194086285028,-0.015908399168927796,-0.008275750007676455,-0.02478243448430149,-0.050295203269657085,-0.005370662230207279,-0.02933254267024897,-0.025425286534048765,-0.0209971351093033,-0.004565271436660885,-0.007617902145091642,-0.017555087588868045,-0.018029888204018057,-0.006790864724319313,-0.007215803396783434,-0.014049524993572914,-0.013798527992358974
2014-10-03,-0.017401713993673077,-0.011279410107615934,-0.006918965864549445,-0.0471516624182718,-0.05715835929975083,0.003246404131093229,0.005895533258406047,0.0024123872305610284,0.00023636921325819016,0.002897557442322479,-0.018565199510450527,-0.0014552487094013405,0.03431910885305379,0.0022644872231550504,-0.0028106079508122468,-0.009014340821816746,-0.030239589108268048,0.010792439272078206,0.012270905606774898,-0.015949454652855025,0.00841869801071379,-0.005242489668324792,-0.05457054322677186,-0.006997618629709663,-0.00756819466171248
2014-10-10,-0.07871759265406038,0.011080731859159998,-0.04572497612035028,-0.15674960969894391,-0.22314356884498723,-0.19991792090636454,-0.019837076656773246,-0.029963386134564916,-0.03362649121962031,-0.023418198279425925,-0.03780247473584661,-0.03580084772898709,-0.07440643066238453,-0.014505671005928865,-0.054435893759549055,-0.045508001551993436,-0.04472709784729698,0.012467264375718802,0.01414122002297324,-0.025011813525954833,-0.006387972698651581,0.05726465871111817,-0.03857734530591105,-0.030902103828338134,-0.03189198560299361
2014-10-17,0.03326819451391688,-0.030849149045282173,-0.009126545739853314,0.07801409016713594,0.0,0.03465681598812541,0.002410093129984931,-0.040452086869213824,0.004963338584464924,-0.024778290617519117,-0.025310289398798105,-0.02520334418460731,-0.04061801451864429,-0.004975767083470633,-0.05978625924289566,0.022408554817688345,0.027995971491076015,-0.05500383048982062,-0.03352673081105702,-0.004266883204774994,0.006599830549703455,0.007791596398221522,0.027280455645859535,-0.010923459301119962,-0.010213933670145161
2014-10-24,0.059070136809830476,0.07445893496394952,0.05571860987206182,0.059136968992612615,-0.01481507139420387,0.07658753005613692,0.016709836807603868,0.044204343826824456,0.03566697888359825,0.05396639474602509,0.043905503531758566,-0.05615156835215531,0.03354398983935549,-0.0061811200311499125,0.04839223105598202,0.032504108456513345,0.04515097882917686,0.03030520710065218,0.045403391294596335,0.03532945772735106,0.0426838705336633,0.027382958189724603,0.028671882804994272,0.04136723166780375,0.040417382184735964
2014-10-31,0.0557745538802234,0.02607784556757473,0.017619806349875023,0.05236162639171107,0.04380258071909079,0.06331060422078333,0.005437198773908517,0.029192059858248114,0.12303637592735439,0.004230266265527285,0.04410161545410341,0.06212759030720157,0.027090974682168794,0.028237206166164812,0.03397612263243678,0.006608377487581908,0.019617369684484454,-0.0014412740941899837,0.02221371363307979,0.023223039559234788,0.018733433460182854,0.03215259131297381,-0.013637270866513004,0.02627696230319871,0.02685326317845176
2014-11-07,0.012713164373336788,0.013635254022441088,0.0361850886197635,-0.014128314825250881,-0.007168482740163348,-0.002421036707295468,0.0243166430064461,0.01623594855031207,0.044554527995745496,0.004062153158157733,0.0038891136360201107,-0.018503120554509495,-0.006225402112250091,0.0020066745513255043,-0.02867059896788039,0.022980630991201567,0.003445286404905574,0.03225208508513957,0.03202312376363441,0.005952327017433465,0.04401767292035573,0.00425536129734037,0.00538231524079038,0.008296326471485078,0.006849457662848928
2014-11-14,0.0,0.04633641968279786,0.01831914879046791,0.045739161588264576,-0.06310073626966535,-0.011884738194597023,0.013212267247233001,-0.01954858533647594,-0.012400081982058034,0.01814906583988911,-0.0003697034802758555,0.08914902177431795,0.07411989159438295,0.02796431381590778,0.006088504522357366,0.0018912593898017566,-0.004135770379289657,0.05182692766057436,0.008169444231273876,-0.015651603689913026,-0.02788451944282554,0.007758210167648823,-0.00641484280389431,0.0044164293538525,0.003880361847875275
2014-11-21,0.037029461479769044,0.019857738974381423,-0.026516049320289243,0.013279534571302846,0.05949713217208115,0.05021978365626288,0.008076100776400754,0.002816000911163634,0.021390136596575127,0.00044589667057614874,0.0037145217636398538,0.01456605293063415,-0.063436062449546,-0.01742152125955204,-0.016892912992127574,0.019832487063475453,0.0491940270935779,0.020166072637102267,0.00891470572577229,0.01792655886497496,0.01838702618520132,0.021544707355491504,0.03658585641602871,0.01187579080800188,0.011542027872669162
2014-11-28,0.0251095511449515,0.020901472264460264,-0.003549199867344797,0.03475074603376718,0.007194268847012065,0.04698378583112462,0.01347395378234576,-0.004808638043196518,0.015495576503231816,0.011219443786320579,0.0036090595592300555,0.01790677354411419,0.0071413739883265425,0.002830446002563841,0.005826681432264775,-0.01869917532975558,-0.056522999334941114,0.03357088787097863,0.017030815716992616,-0.06695865945739547,0.013294346065294737,0.012843543325957859,-0.01676147521368505,0.0025129323171216057,0.001965626179913172
2014-12-05,0.00475723114307373,-0.03360331708876103,0.012678043194851754,0.107403441953235,-0.047715427099740845,0.014909247781975107,0.013294716087499532,0.04135384045522221,0.0197882149249747,0.05330948784315046,0.0023989530492433842,-0.07991715106033016,-0.0889465118765857,-0.04155218777246947,-0.03899648163076134,-0.018286260703925836,-0.018256938494212428,-0.03428025037997225,0.007919952458091456,0.03558645163004394,-0.014084739176547133,0.004469828934064865,0.013990907905300576,0.003853437277366613,0.0037703111151760164
2014-12-12,-0.07079073690407296,-0.0469093400865059,-0.030829376781915847,-0.047156946850671816,-0.05406726110629512,-0.07067775884544024,-0.0284059347421854,-0.043350803085027596,-0.02526456582621055,-0.03253461154913354,-0.038325221353953935,-0.017130836871751497,-0.07763173346664076,-0.05387087929525945,-0.012519177894517237,-0.04401518098840647,-0.08754538398217376,-0.0036920566567002727,-0.038207574940876864,-0.08007804654351247,-0.02081132224701724,0.030218951993783914,-0.045891359869051934,-0.034780219430496244,-0.03582802697863584
2014-12-19,0.03945572515671993,0.01851013908587916,0.015009135696423412,0.013133758519568396,0.01964697897707497,0.014308910572435404,0.03422917056800278,0.03099420996308538,0.01886517134295608,0.040160435164485524,0.010668001464955992,-0.024440483296172,0.05767624313933369,0.042015170774311654,-0.002822648579927372,0.03827810870726162,0.013281413820422201,0.015979463967579967,0.027822105317654226,0.07815766778656207,0.04897450994827462,0.003142024906432095,0.049897870330691534,0.03314382268540532,0.033551039959320954
2014-12-26,0.008290780818232707,0.019577866974156023,0.00460515348134935,0.00468215640045089,0.030653803054277156,0.014678471794849969,-0.0013864942470002593,0.009961388770013435,0.01873987688181961,-0.028155527066339708,-0.004653560339486545,0.030183431337433578,0.03816077516180098,0.018609393287715482,0.04047428695099095,0.006225507839623936,0.027106991374090075,0.020341344693441635,0.011710951256100263,-0.004602933927774761,0.031792304612803066,0.0037838418545756984,0.016623917125673265,0.009253610058145697,0.008712864850678018
2015-01-02,-0.02259452044963737,-0.04174006398889214,-0.0236693199695566,-0.005281154592646429,0.00751882500082888,-0.007168198393458567,-0.014508492904000189,0.005452423410335088,-0.006019253742770564,-0.004698862568106757,-0.005152887856703515,-0.0018458616399307183,-0.038069517272847034,-0.008818616270707862,-0.02235258087122087,-0.02832575581273369,-0.025255159107539803,-0.011689656017577583,-0.012840275949443878,-0.004084701927468536,-0.024077118466638403,0.002081227394201855,-0.017393240676468583,-0.014545485149266943,-0.014743594640800555
2015-01-09,-0.0094834318510031,0.0242175110949062,0.009153391200967044,0.04693729698889781,-0.015094611283339871,-0.03573956815977714,0.002009129073713806,-0.05172289420518754,-0.017087028437150806,-0.0018573082494299654,0.004010161003477951,-0.038290200310804066,-0.059411382681868935,0.004720715104801558,-0.05598065519168131,-0.04197008744826113,-0.047131245448829004,0.03937783104548814,0.01200323282899286,-0.007895375689747599,-0.00046865126800977767,0.03247542870254066,-0.02572240463625462,-0.005761115498499768,-0.006526886398334386
2015-01-16,0.0010023868602639025,-0.055243407191925935,-0.020336499566510065,-0.01034893336731324,-0.09569047986695073,-0.14548910633164006,-0.0017409573161770468,-0.05918306065989678,-0.021650681286661033,0.010667952556600163,-0.008613139580690118,-0.02106707097975617,-0.06802212438465623,0.011904476756413436,0.01926540648657826,-0.018480250750822505,-0.036037014343752546,-0.029300502693622908,-0.025439206687510783,-0.010697336703735528,0.014707223748135063,0.05886925570912403,-0.024943317366220637,-0.012909881057785746,-0.012494541065562668
2015-01-23,0.03688632826805947,0.06386596433988027,0.020125182637481566,0.02998384457878798,0.024794634182998078,0.0654218975588197,-0.0006034364553253107,0.013320714551873378,0.01301573952835653,0.020307447957823854,-0.017844004778921098,0.0718230409374637,0.04169386255055488,-0.012803898016128799,0.059861437646980306,0.03703361289781074,0.020653267965292852,0.019854621266309425,0.016538519618890263,-0.0025273849899528473,0.011575821109376577,-0.012892524833626589,0.022492859573320544,0.01642935013303524,0.015916874246918046
2015-01-30,-0.07570607855534038,0.03633002579560798,-0.1551407446960869,-0.039078691838985796,0.047817828912186486,-0.05581005969305736,-0.03556318856379642,-0.041424910243464515,-0.01317280631969012,-0.0018039586550708025,-0.02036271688929245,0.12654052619538358,0.011410580794410324,-0.013576639565214791,-0.00815188606738497,-0.024396679351255324,-0.0681507039723792,-0.04069930944747803,0.006595548323087,-0.038925697374718946,-0.0021944897722033932,-0.015498930561185368,-0.04658040302373726,-0.02730039151231526,-0.02808820457631138
2015-02-06,0.06062437389461518,0.01893317671779401,0.04855453564920216,0.01791781159725648,0.16465673714739468,-0.012375412527179374,0.04264639627283361,0.06254839636398102,0.04791009364514256,-0.023040973773101315,0.009540983457138951,0.05421127425180587,0.06539776740798581,0.057546573429712436,-0.006850683553710768,0.026029625195876364,0.03971647776898083,0.027277890472860906,0.07174906921297045,0.05311345893720165,-0.031996503983601605,-0.048903989637207254,0.03791560510748018,0.03012565291693416,0.02986548510424625
2015-02-13,0.08950026044876895,0.06628187409872355,0.033846379798366806,0.0503618781286332,0.03883987303395867,0.09684982703080311,-0.012327614280991737,0.030284524548444935,0.010046189260414508,0.009955887877191377,-0.014746789263352081,0.01997123029361794,-0.0645630653009267,-0.006040781792108459,0.03185391118694006,0.025368568337812425,0.022811800427159194,-0.01755857003711437,-0.008420025437495626,0.02023112009859703,-0.020820440845213378,-0.0016843759746795791,0.01300849873315135,0.020370416490298613,0.019998460527117463
2015-02-20,0.001343708612099575,0.018863881097664344,0.006863822133610327,0.017191295814361587,-0.028987585848123526,0.005635368548608267,0.0025584400001080767,0.0021764204392593304,0.01242122570026412,0.01853498938348865,0.013379504826970277,0.004781324930969556,0.06341218946429249,-0.016874993582802436,-0.017128151389492384,0.011533604275608785,-0.00813853257678256,-0.017753694431612923,0.002987167208238951,-0.037649525829959916,0.01892803367611243,0.01198709793021057,0.018892110391075502,0.0069351021491803055,0.006327162079906648
2015-02-27,-0.008769590536115566,-0.008063166896938683,-0.00022830520701822498,0.13002257580626,0.016207795195103535,-0.043387823160283535,-0.008847506719046373,0.024447901246603218,-0.006209688109303128,-0.02407807472265326,0.022193305091172625,-0.009164586909717205,-0.0655246991275838,0.01398610189787468,0.037725362039351645,0.030471077381012093,-0.018406058758699727,-0.00439876277093117,-0.003939333464490161,-0.015465742019717801,-0.013188215979602331,-0.012116969865273055,-0.010964057086937701,-0.0027489672917099645,-0.0027522313856432573
2015-03-06,0.021969053818602886,-0.01458510311153277,-0.03457027302857497,0.0021133187289857163,-0.06303905005164281,-0.07338079908265929,-0.014554938451638877,-0.0063847271982936105,-0.0072875046463667294,-0.025401305801672713,-0.02369070725137833,-0.0001841491539084713,-0.047640049864237574,-0.031748714092673755,0.018088880530841157,-0.02217537616945487,-0.03485896346935754,-0.01609439925329543,0.0174037004443074,-0.033418974776345284,-0.04710022140664735,-0.04631595320198771,-0.007111636804801546,-0.015114436121538769,-0.015920786764270077
2015-03-13,0.0066298144444680365,-0.02406291053711986,-0.023406756319616587,-0.022856815488318864,-0.059982730729773545,0.0076897521092369634,-0.009057953433430955,0.0018049582397682193,-0.01613154955186189,0.021403253657676966,-0.009030753326317389,-0.025338727455688815,-0.027186926939507555,-0.02174028439739474,-0.035353226301509465,-0.015062069525847138,-0.01042075412852284,-0.00240150553564223,-0.0017406590238946752,-0.020767680743970875,0.019166682978254832,0.01883764883700555,-0.019913465354095734,-0.008080650388982258,-0.008660214139809948
2015-03-20,0.033358361078833894,0.01851851768666348,0.03560799676624341,0.06716157608194068,0.018018488472779662,-0.001393789049830235,0.010777289520116909,0.012220131254526383,0.017245019461033587,0.0853889131135074,0.03164757927465527,0.02112031702779233,0.048618485746252015,0.01424497682425785,0.021379212493769995,0.01427439171558506,0.02443692317066907,0.016229124251729843,0.02193111465074045,0.007956616813582748,0.05209322986860739,0.0533377661439682,-0.015302337103152869,0.026461328346662327,0.026290205884011996
2015-03-27,-0.09326697070587978,-0.02127351020858123,-0.045565360600915414,-0.038857914234154536,-0.028987509324886983,-0.07228590398825635,-0.011333128003718674,-0.03627769321615093,-0.028133336940134004,-0.033937541664037556,-0.02032185716309094,-0.021174258291534003,-0.0683151464763951,-0.014550062891729892,-0.013184905939948297,-0.0214888057539558,-0.018899238433451128,-0.02296695163164655,-0.013991199327889137,-0.011420383734637178,-0.023386714452847693,-0.0172079971846621,-0.01454094871788957,-0.022445100206144136,-0.02258609884351382
2015-04-03,-0.015081194893287278,0.0166560295889748,-0.016737169997638014,-0.02519595887211176,-0.011090675941079016,0.0018722626419268927,-0.002296065260300371,0.022782423063819304,-0.0038213305912487274,-0.0323191865788919,-0.007001184477519872,0.004550262217262825,0.031917573819633775,0.011536155507591114,-0.029560055171673275,0.0032129408470971937,0.007128854029602245,-0.0076511474019626425,0.007679763624872849,0.008577546944147916,0.011618652521099452,0.0006427728866071932,0.017407409545489517,0.0033968125590938814,0.002877894531485438
2015-04-10,0.07762990772949296,0.01410333063695138,0.03487746139305633,0.014295192111415304,0.02568946138842333,0.04713208401183465,-0.00041801407355724474,0.019309746948904274,0.01595379654934012,0.036928923419392225,0.023997142203077155,0.027555086731866654,0.09911074420646722,0.008018815747383981,0.013267962029214755,0.13378172236105917,0.028988153120036546,-0.0009907179946007016,-0.0132106106384163,0.014836023377492116,0.0014307665159949989,-0.02129674536548105,0.0007358053206373533,0.017288004972059876,0.016838934269007736
2015-04-17,-0.024913222642156882,-0.01866225534225279,-0.002400084728472329,-0.039977977209545455,-0.06744130691148793,0.0,-0.01970509276915362,0.018308198604403303,-0.027817612141974597,-0.019810744619260617,-0.024599329756454565,-0.01870247841564376,-0.01968031350104225,-0.007965582847908857,-0.02922667574951242,-0.04520129619427256,0.016452218881097457,-0.03494984732753063,-0.03446874360993073,0.01588505277944584,-0.016823088375889795,-0.012281384086209383,-0.015732733934257025,-0.010000171110239008,-0.009982836464490254
2015-04-24,-0.007686930525068458,0.04337407862433626,0.13990857291084058,-0.019474822088866094,-0.11488026715917551,0.04125022191561226,0.009830691446293989,-0.0038266959603040916,0.0448564040113665,-0.012356931556200861,0.014951095768576736,0.16988069942228937,0.0547618121076242,0.04510643078065062,0.07400338345228336,-0.016651423378684006,0.01572582713408342,0.02485569725440823,0.0242587276626642,0.00046012627265979713,0.01825220308398498,0.007940551035528218,0.016549592945053607,0.017636301406345343,0.017390836602460866
2015-05-01,0.03216000190417861,-0.010261043856429548,0.01636812634886393,0.027241174299297583,0.004338397559886872,-0.007217626315576082,0.00889831960727881,0.01600534654019003,-0.025667774585425747,0.021286029183298378,-0.009443020685850076,-0.05123416469474341,0.03420216733893689,0.01198313596127955,-0.04001178599332494,0.01885104984113562,0.03221789864485675,-0.015653196589023227,-0.015870681961790315,0.021386431996345538,-0.030641124567868314,-0.048618370859832574,0.002365262073057666,-0.004403667646685541,-0.004448633400754257
2015-05-08,-0.08817066113226518,-0.006199555546230396,-0.01887816346061114,0.004306611716655092,0.0,-0.06446963578917754,0.033945707808268034,0.029126853091002464,0.05473120209135437,0.001913158502547944,0.013293873131759318,0.02526520758291765,0.04574544344376392,-0.021436785168452033,-0.004017663609297394,0.0018289610296074882,-0.000687318800875637,0.005400200079838045,0.0033645373574257083,0.0015741019911359288,-0.006597884873830902,0.01022533215337894,-0.014193736115729052,0.004262020107862099,0.003697607105137677
2015-05-15,0.022312866134967257,0.008971030623437482,0.011452457086156878,0.036150162925208965,0.004319657140621676,-0.031772446694024445,-0.020779458930423555,0.005937597489360076,0.003186882698648189,0.0019653760035502964,0.008146469497431948,-0.017890670749485214,0.050396847551528255,0.018818682731858823,-0.004491524734116074,-0.0032946372199054914,0.012746624749578354,0.00900047646529029,-0.007223545245076467,-0.010363702209491945,0.00914685650389965,0.003458603619154061,0.0113386529269577,0.003867273911897554,0.003128168903525456
2015-05-22,-0.01625564723883543,0.028856622076898736,-0.022936036512240802,0.03662491930974291,-0.017391726485559075,0.03727597250360777,-0.004553850427624432,0.008915830211489397,0.0007186975065981348,0.019022117919244998,-0.002064226642123055,0.0038190366846841874,-0.004470640404707042,0.011008087312048354,0.014587044498823476,0.01492265369670053,0.002258873189619636,-0.04359157503872101,-0.00797203346498335,-0.009547613088182296,0.0008808402302422183,-0.0216384960306043,-0.00319138731887224,0.002585421939353047,0.0015675421831955873
2015-05-29,0.05910114486465326,-0.017198252781693103,-0.0008526634305920497,0.11004646365454963,0.0,0.021716335507515564,-0.011126721674407772,-0.01043502358140142,-0.013594433793339276,0.06007040219056935,-0.012010963959816316,0.0037345664830455956,0.012316333825901787,-0.004909703405375067,-0.01673022300598922,-0.01492265369670055,-0.03806151218980121,-0.021182243582536585,-0.007615306322125888,-0.015374086094384953,0.008726122875288104,-0.008503292132752117,0.006942369293570536,-0.008723448485896778,-0.008820365079976883
2015-06-05,0.005856899542005542,-0.012590830798673916,-0.015484757592464532,-0.029192158256541634,0.021692804415423084,-0.04916612892752384,-0.015788356831559654,0.02462587481734972,-0.004523461920841593,-0.009934987294366558,-0.015598990897846414,-0.00532601041254138,-0.006640797994797424,0.0008684210008901218,0.007690635342422097,0.000732936974675906,0.008519899011138077,-0.016426189045144864,-0.027083569807070548,-0.010856583745142546,-0.035506706514776366,-0.03549342374064381,-0.006267580507729117,-0.006509767807701175,-0.006932909644277941
2015-06-12,-0.05304414893701347,-0.011570675425611292,-0.0036909335238760944,-0.02349920990900155,-0.008620735070485731,-0.05647277735785408,-0.0033446125547295334,0.012235664156105669,0.013943314159923052,0.07506760303683699,-0.0024370228955686436,0.006932255148397175,0.006202194140032877,0.0023112580872138955,-0.0037556564629536286,0.0036577978979776076,0.020702081665775546,-0.00866069009942909,0.0,-0.0030898310343948155,0.004747344201264477,0.0022099200199663036,0.014720573275984401,0.0011433920775632098,0.0006114390366372094
2015-06-19,0.03536850891250613,-0.004492314790672423,0.0028232555136947983,0.019902089595959984,0.11054186959928863,-0.0266146479322596,0.004764548943841504,-0.0024938220745269585,-0.009273727256861514,-0.01894122799989835,0.015236648981555087,0.011562961107315878,0.04607206444007226,0.009764552857398093,0.018190821519827625,0.002978209440734434,-0.00376367247934834,0.004270966558574513,0.01089277630746148,0.014063866041181736,0.01718319175538243,0.011412266630653343,-0.0014621323110040397,0.008654523965309172,0.0075545101051144965
2015-06-26,-0.05305162056556693,0.0011840821258897879,-0.018388803346608612,-0.05568976079687565,-0.0435712071392544,-0.2188615264307962,-0.008406460501507942,0.012697885196760784,0.0008729975516996034,0.038228688586182696,-0.002205852488633961,0.0072851067048542335,0.01729643826578817,0.03178467316840585,-0.00803200848284066,-0.0055216451265172025,-0.008030076408403582,-0.008560058017947236,-0.0160943045504362,-0.015969797678403935,-0.022639462143418766,-0.03493594927686563,-0.011611858584077405,-0.004707116871262651,-0.0040365912130882866
2015-07-03,-0.015549528402450979,-0.002448614249492971,-0.01918439004477391,0.018256744781125673,0.024001129208062993,-0.030469884800875126,-0.01724615682256919,-0.01444278305770249,-0.007445944818894724,0.0033726414727904834,-0.012116071794116348,-0.0008906376234818384,0.0472753234131491,-0.010856207078498497,-0.010396314789819497,-0.01150943558047617,-0.028506832719624352,-0.0036115324624259,-0.01216992171719491,-0.008622819277642217,0.015282807151292013,-0.0022619694270701357,-0.02229000106379375,-0.012035027763714361,-0.011827980911053552
2015-07-10,-0.033361041528112416,-0.025309670884455283,0.004718350298109176,-0.058338984957327006,-0.25527479872587083,-0.08192362307573578,0.016888366022426517,-0.006985138580375807,0.0026340034068720462,0.024653178084108378,0.011011526771885147,0.013163800088117742,-0.07745394679198273,-0.013143206393724306,0.015895986576780784,-0.019227984813184596,-0.026783543760689022,0.017381964436781288,0.04536619191225563,-0.011127379604546888,0.014069489629115781,0.03734301615970049,-0.012951318274752864,0.0008197146691447366,-7.700298734244507e-05
2015-07-17,0.016072625431554216,0.050148775294402245,0.04407178051613138,0.028996422066609313,-0.09072889416366131,0.13552151606880655,0.029267694248314505,0.03170676647871524,0.03532299269386073,-0.010474410025519899,0.005511291205666531,0.08531694157269276,0.05812694621606874,0.010336273131616648,0.2295712171298592,0.03625906552017798,0.021411236119753804,0.003685905759843861,0.013639887501252168,0.004731652533229674,0.019582085282551193,-0.02131615387573215,-0.0030721263078407803,0.023813101802272727,0.02380159051204457
2015-07-24,-0.032922688289643204,-0.0403013317247099,-0.014693166833257927,-0.039526326484121604,-0.06939199781065296,-0.09263000880160895,-0.01844828273757305,-0.0043440925571829265,0.053830101569329956,-0.03080116005870754,-0.009336425744149234,0.09174476285611256,-0.03425817541844371,-0.020780105544417178,-0.06625344071732647,-0.05625195019439995,-0.08871844533497188,-0.024971938116423887,0.0021406358552057327,-0.03285403443531329,-0.013304953081535478,0.0076965546721813475,-0.03504802725395351,-0.021309907473469305,-0.022343655546952373
2015-07-31,0.0269254538640068,-0.02603899311100368,0.01640786817623986,-0.02633988974556857,0.1446963750086939,0.009226665576512454,0.010493462000075317,-0.005530005545401061,0.007193340296952225,-0.0024814076053312002,0.010634007344938008,0.012631910912259365,0.002784272889909997,0.013038070887845914,0.004160575043263985,0.013500909073170794,0.032705214414445474,0.005572849803981647,0.002135370184827053,-0.009173907325530608,0.02814862588521435,0.022597470904462784,0.010214777638897037,0.011947578868609613,0.011564724767179298
2015-08-07,0.14139562556016558,-0.044306798664300054,0.00085634441098371,-0.020913909386658734,0.07964404916985723,-0.0037889420380446907,0.005658595799644577,-0.007028548726516811,-0.01511235325210423,-0.026863555094921478,-0.013664529379989548,-0.025559361576552662,-0.09301712353666818,-0.015373995118107825,0.010424754914370607,-0.011948405831338178,-0.017188567001789844,-0.0033889497450089573,-0.0002755276684201642,-0.030507461132998258,0.016965559231415465,-0.00782827884235882,-0.008711518614119909,-0.01218797308098634,-0.012565313705246514
2015-08-14,0.024076519147436335,0.003801598892750799,0.005547158815475572,-0.004826146350092283,-0.1273984351479656,-0.08425399443019992,-0.006850269287611471,-0.0023539206469996477,0.0017719861736677977,0.02574127470260259,-0.0004045683084528682,0.016886192067604666,0.0026355170560445813,-0.00468772366123311,0.03690874285585518,0.011181816044169004,0.01540660343910033,0.015735689531519118,0.008443630815893952,0.029031520981149347,0.018886167903004996,-0.0010296065141182534,0.007396588559485871,0.007043925534659108,0.006701680996035428
2015-08-21,-0.08784586014967306,-0.09207273906815812,-0.08074819762337213,-0.09011690171283691,-0.033152241530607175,-0.15405252024624086,-0.06035290471377251,-0.06527515874070708,-0.041681784342473056,0.007362295892120434,-0.025823751342182184,-0.07225438097161062,-0.052256889412176516,-0.019873654415569222,-0.06803280375368957,-0.058828974516773797,-0.04548301263340697,-0.08412680292033334,-0.04982109968826207,-0.0828432962655592,-0.019259719570222513,0.0071870887796269154,-0.04834748503612404,-0.056933396450237865,-0.059415430611851776
2015-08-28,0.057029242201617154,0.06877834247818558,0.01977063299726281,0.13548084617880043,0.03857230374689308,0.09387012823008589,0.011261077919003274,0.008298271901194794,0.017682525268213328,-0.015980029765637446,-0.004089238180028619,0.04650806826829909,0.07394071286721789,-0.0026995085034654553,0.02402501439579193,0.02291543691062737,0.01258676357420022,-0.024339591367348975,0.006882956265904329,0.039951159506838044,-0.041558079564525036,-0.05004759868915736,-0.022533735667888743,0.007302762257833532,0.009081410991922835
2015-09-04,-0.044072335216670026,-0.036129104840440227,-0.03050841796793862,-0.05202749156029496,-0.01634912206919231,0.052482964377026736,-0.04597995817859259,-0.0418749356427052,-0.04661200975842319,-0.03510791403784654,-0.04140463080087745,-0.03738839542955879,-0.026713803493571928,-0.02217279526631698,-0.047702525098464246,-0.04720156061407757,-0.03824666084829645,-0.016301108138921085,-0.010559347155788518,-0.035386349757062396,-0.07333801864835279,-0.05788193211526484,-0.038792724600287175,-0.03414726473738912,-0.034606250138054837
2015-09-11,0.04054635191124994,0.04421703818459363,0.020212210263052897,0.07877824953127324,0.09929818741780422,-0.001189761905824062,0.013256358747720728,0.017088900451535636,0.022871086298120725,0.018258522756143404,0.017586057142280866,0.059213722454347445,0.03377196373228146,0.004902383246371435,0.041025554463153084,0.03881988513420189,-0.006450833168295219,0.011825338768351146,0.01838907249083775,0.0031689975101057513,0.012915794276009624,0.022378845796969606,0.03229983353567082,0.021319745493680604,0.020519683317875657
2015-09-18,0.027864295072298168,-0.006676697560476881,0.0,-0.02385529599729419,-0.0721962839099094,-0.08053880164131914,-0.01743038718299643,-0.02623632037537006,-0.013803057321322743,0.07861216654225159,0.00493815823318767,0.020230674455972184,0.040642917598509416,-0.00520935737296598,0.00853952588076599,0.002879594097938692,-0.010658044708363493,-0.020470718084034025,0.005373066758525169,-0.00013757751623484217,0.014911953876907006,0.06993714639894437,0.0034302903195178843,-0.0013936526213759709,-0.001541188273179044
2015-09-25,0.013646193337991821,0.011045366337387397,0.010523654050027711,-0.006684112873498073,-0.08944504059368717,-0.03880788219924882,0.004174028435275671,0.008659259141874494,0.012813526720687559,-0.05135884461702812,-0.02592515503826206,-0.030081868011514173,-0.014337590367510136,-0.00678166713595431,-0.031930226561288355,0.004827130153387372,-0.10063987846897232,0.006922272521904616,0.026031644318938067,0.007538795660966224,0.013476426835752696,0.004296037309592485,-0.04086951175849072,-0.013391899352632908,-0.013724835887826463
2015-10-02,0.049173180431304225,-0.03847877762043289,0.036424942502878394,-0.027274312235467103,0.0678225974815977,0.06491562551119537,0.0014645429103441836,-0.0036051563912562344,-0.00028295298321172015,0.04033636188654641,0.03169065374881798,0.015689387276265822,-0.03703238370346416,0.009542878664040097,0.02596607398930567,0.02183090474757379,0.011019349047392565,0.01864004506799195,0.0021278487718969885,0.03554799540833711,-0.0007104018577947645,0.008536597167943822,0.021855926757831424,0.011087191091114404,0.010312513048480503
2015-10-09,0.049941165567043005,0.015641084648096402,0.03323546249032024,-0.05345917799041638,0.06862850240082966,0.13227379897676672,0.02434874104402414,0.0182504716883054,0.04577371776603388,-0.015893476737358008,0.015214067337545174,0.013540649598333341,-0.11493435145593765,0.03406063222759831,0.021458179046943932,0.097199839059258,0.08179743760091882,0.025975280216521048,0.054110357130139036,0.043580684877568644,0.025153121591900886,0.014983609369310766,0.05194758254891658,0.03194557516008666,0.03203805273698566
2015-10-16,0.06640765354945556,-0.00967928452461976,0.008454480356155735,0.034964650039183115,-0.01025649013484849,0.018549152227959654,0.005846207551912254,0.008041222477768757,0.026938245707145578,-0.055247597726821036,0.029649466512501978,0.05577011770149837,0.028235001643743637,0.02060698872156536,0.035245272957392285,0.03190441872561767,-0.02298305721322411,-0.12438374666952658,-0.012482474422545822,0.039821993358917174,0.02550063695464387,0.0005772262770811904,0.007153271710462767,0.0095898636322772,0.009002022600318505
2015-10-23,0.025864600726992006,0.0699049796791362,0.10689625287649888,0.06792955356501128,0.13030453022041663,-0.07053830739719635,0.029237336233673278,0.022803947568268142,0.013980951905671326,-0.04005044963553515,0.020851930761493945,0.04834286849081176,-0.08222930313303806,-0.002663736221593183,0.03394811051845181,0.018122922376626285,0.040388232430153145,-0.010069164415380617,0.023912764634663918,0.006043888455391017,0.008644870006635153,-0.011903091758639244,0.020979068416820824,0.020644386830893275,0.020466759958482062
2015-10-30,-0.0077246945864183295,0.003521215892796197,-0.004359595898563469,-0.0510578110859623,-0.04157649808838032,-0.04024236511409091,-0.012856236147223699,0.005931737547058929,0.006595431504081012,0.04078599231843232,0.00715208195511589,0.04387893807258285,-0.010384213608927991,-0.006840286178339109,0.0247966234875066,-0.020195280222551005,0.017134283537346726,-0.01834889191867431,0.015166377933256394,-0.0028962551741370623,-0.018338479455839912,-0.054156721244540657,-0.005923540561465899,0.0020217910174662097,0.002026812552869576
2015-11-06,0.10624163522611799,0.017240930882465377,0.04240119739238694,0.051751858045179074,0.014051851794160866,-0.006664577541156225,0.002276465471058771,0.06346814412355418,0.014968747267818659,-0.01370124890710854,0.00877075586096555,0.052094163640535755,0.11590739575629552,-0.010499561310824012,0.032304743266064986,0.03399339674114604,0.011578251745587355,0.02654827694542991,-0.003610931717923585,0.020693199863342136,-0.0379203192999496,-0.04839399566479853,0.022166878983735303,0.010096669000960444,0.009496090787713083
2015-11-13,-0.057065305435606145,-0.07475624640125886,-0.03860912053150651,-0.0982143862562329,-0.07733324296778119,-0.09227522101673026,-0.032579533390658465,-0.043284058674121134,-0.0063645289202078,-0.005054211083104359,-0.020218658046898645,-0.026151444029615143,-0.1146516737353389,-0.02596786660412607,-0.02867670241644544,0.011960738618232424,-0.058704884560564705,-0.04097767597077803,-0.022354853633639028,-0.06972687841144544,0.015958596200790345,-0.04714482872125124,-0.000616521776713045,-0.03636067940345113,-0.036954946593409976
2015-11-20,0.05577089176415235,0.06011135522761743,0.03194576887027842,0.07267310218591028,0.10937256524294453,0.028263443046776828,0.03477768084945323,0.02975424495839442,0.026280890881114356,0.060010668222728186,0.03304270111537496,0.03982828171135595,0.06003669016485871,0.04093380114002245,0.04869554416132137,0.012471226139369651,0.021454259496225207,0.06268651522404198,0.059556734296188296,0.021407975316839162,0.00585790891743413,0.057740504214403104,0.013476283749475288,0.03287901415286619,0.03216547060433006
2015-11-27,0.0,-0.01256826092736748,-0.0048093867371049965,0.028390753044706313,0.04836102606174727,0.008389996451918636,-0.014746266828353777,-0.0054934029200614945,-0.00437411924616262,-0.009754956933666974,-0.0010738402938855385,0.007169913726874607,0.05138200089441992,-0.0026772070710694863,-0.006494683936947464,-0.009832713980281325,0.0011237399840487736,-0.0030007470366742025,0.002938297028711549,0.017886606639803425,-0.008776373151008302,0.024348512035886897,-0.009958619622530356,0.0011936066775429831,0.00044992704779051913
2015-12-04,0.0724909950013916,0.010302511027686603,0.03605639755493748,0.1263926695429867,-0.02169280441542303,-0.0038636629461945436,0.013647741179175027,0.010662343629735194,0.006989231570126402,0.034889333803212984,0.005649374626261044,-0.0009212640765683509,-0.005324788587598138,0.01595708734434035,0.009334734451004358,0.004272602899565485,-0.01756436397402132,0.004493465733727129,0.019493186358336783,-0.02961054338657745,-0.012455210194729435,0.00725327835582393,-0.02588608157786371,0.00028633732264714653,0.0007555760873730559
2015-12-11,-0.03804798742737603,-0.05039615133976815,-0.0336488129140731,-0.021509477049630507,0.034486144168593025,-0.09892956178201102,-0.046261844017258615,-0.05791290174422286,-0.054834910515747654,-0.03920217777631774,-0.01241267298723635,-0.04950775298345506,-0.05974062186256457,-0.02794432914808865,-0.03764740408300629,-0.0075721179913983755,-0.0672283767105113,-0.005041294591640688,-0.04149641890637101,-0.05902495356192402,-0.007465903909462005,-0.006936453053467421,-0.04620911148985546,-0.03762281300325235,-0.03865919412890574
2015-12-18,-0.010830953273866637,-0.06525717118609195,0.0012940010527912268,-0.026579465607535296,0.03742646943278032,0.022536249814283715,-0.006003703303374191,0.005137802452663781,0.0027558635402069676,0.017613100069301158,0.00265217632136206,0.036790478324157425,0.06008778877424081,0.012880149887514873,0.008532045507901544,0.008113003202835546,-0.004902876195086025,-0.00862844567990324,-0.014604780210060285,0.03878609468780577,0.0471214805331629,0.03176325950137976,-0.03655750525823684,-0.0033222560241429853,-0.003394767822229346
2015-12-25,0.03154421560006891,0.018686689971237243,0.028052516199396162,0.04272585843822016,0.17549559838887688,0.008321575562691507,0.03310605763261489,0.03359069948259691,0.02510146656081207,0.012659726503093252,0.01721210902621143,-0.00203480488049532,0.00047715779440943854,0.03106030928735321,0.011808083713729814,0.018000627156755072,0.06352052217963672,0.033091280314602955,0.025357856241434502,0.026181100630213703,0.01766678222449,0.026914082027813934,0.029027115268556895,0.027904013642541543,0.027268083442415776
2016-01-01,-0.006350801366807312,-0.02597575502385921,-0.0034183401564038063,-0.008028163834265746,-0.017271652511608816,-0.022347043029312803,-0.013913706612914611,-0.00859538310100884,-0.009114043425169624,-0.01869426740250058,-0.009688081607666073,0.019572107052759455,0.040126155486471436,-0.007239024269604053,0.015766203133376597,0.010325659749238249,-0.020679264908281255,0.007696610753404206,-0.0015469439397108838,-0.01754870962539212,-0.0003848227917236273,0.014808493820595764,-0.020396276679047438,-0.00883867419355933,-0.008307156108529506
2016-01-08,-0.10650771009277163,-0.08213470919706264,-0.0584531442842576,-0.12417638657391006,-0.29350611184224323,-0.06040398117329125,-0.028499770613070286,-0.10724256591981783,-0.06210818654930317,-0.03637649383793982,-0.04540769269723621,-0.10741910470095607,-0.12882251676666046,-0.007064524019767892,-0.06244883328124633,-0.09066618933155354,-0.0711917929812885,0.03588986291917336,-0.05990119780427494,-0.0427211642654317,0.012245391285638152,0.0008815264376437537,-0.04545114728315442,-0.06040419503387528,-0.0614973546262648
2016-01-15,-0.08888461297360299,0.0017514803293740785,-0.025939919845810996,-0.06634995326017334,-0.05277009909441463,-0.18487567436477548,-0.017212689127877365,-0.03242792974751239,-0.014511813484017049,-0.00012267117335233355,-0.011887798744676154,-0.0626590624052848,-0.028896904698257266,0.013327726161499166,-0.028335869278331628,0.0014053061940109712,-0.04310933760525317,-0.02566456078427067,-0.011371672316775947,0.037963025343187934,0.0008555187049800972,-0.0263386946984687,-0.004711854392397899,-0.02164792991848006,-0.021934664428090153
2016-01-22,0.04824560503213754,0.04322019316367854,0.0251752945912045,0.03714461098992152,-0.004938276989193394,-0.0009028415482710779,0.007109608308610954,-0.0015792922768182011,0.012038853494747977,0.015148045511848483,-0.002581163614713825,0.04492592822726945,-0.011974472501019219,0.0332735042477423,0.04804678893100466,-0.008813692820690583,0.01837026586705709,0.012196903263706645,0.021705192285518853,-0.01310411578242546,0.012649750248312958,0.021333016507523856,0.007161741408958389,0.014326326979385861,0.014031629679692091
2016-01-29,0.029098191465177472,-0.04106002690117154,0.0521629669747309,0.0712872592106375,0.08535988006789284,-0.0036198055657239397,0.02126168096703928,0.043802971370966566,0.024323485969348958,-0.04184318446527787,0.07648246862295448,-0.01585322314976821,-0.057666732185927445,0.02584404560201467,0.021091672964930006,0.029998683560469606,0.02045215094519257,0.05689232421178317,-0.016862874686156874,0.016578449815746767,0.04682281342570633,-0.0851478660424733,0.01928458152139575,0.016657004689122172,0.017332772069165978
2016-02-05,-0.1027465261908629,-0.0292912071037707,-0.0937500809472044,-0.0408346557048505,-0.10536052769916847,-0.0027234568080243588,-0.02504720094363271,-0.029853014453455794,-0.040408482179451144,-0.062332777341820474,-0.03805705372181441,-0.15616575759736986,-0.16202680838099523,0.02248514970761176,-0.07865573130455093,-0.019431320520012126,0.060473436577985554,0.009598102166427605,-0.04833063902066029,0.028242653640207414,0.016865292636835692,0.027956000159377655,0.04974206821111469,-0.030238071920854766,-0.03151327352602745
2016-02-12,-0.02684229691924131,-0.00031878337028513746,0.006755069080927186,-0.05360822493501856,-0.07878086403518067,-0.09331232124031072,0.011860561898323362,-0.0045124517999122395,-0.015778950206794172,-0.0349646050265941,0.012651265756954156,0.009809710453512477,-0.07374853430166096,-0.011179414314455089,0.004437696266507354,-0.009859749619018525,-0.045958451436293686,-0.01231430567854998,0.0345581344096635,0.020828017835241137,-0.01722339996232558,-0.14867345960113876,-0.01215726934065317,-0.007047513418041683,-0.008155298822788745
2016-02-19,0.1680998814634794,0.021576249498927537,0.032957695851785054,0.05602068633133062,0.04278723427849394,0.1077527510986257,0.023001906429225696,0.005723938662111889,0.017610372536640707,0.018627213029636845,0.029942043179915227,0.05341105923477641,0.09793099716076979,0.0027382445861414907,0.02130228828318324,0.02653826628817367,0.03531498401502113,-0.023235550346102758,0.00033629541385495033,0.017979083696382434,0.027207940428210762,0.08455716109002973,-0.0050207204317621,0.028366927276599195,0.02802518296158972
2016-02-26,0.03992816348496474,0.009017885219529929,-0.010085515605363608,0.033924835178447424,0.0804453504445901,-0.042092355043725715,0.006616711314916746,-0.004854340949919484,0.016637520261115157,0.013542526425822042,0.01543379032436645,0.03730257596272996,0.1333362433344284,0.015197187263701888,0.003801152969479448,0.02098301056635992,0.021922609240943452,0.02820965188031038,0.00656914637230117,-0.00913219515601542,-0.012104524804340712,0.07011874543191221,-0.0006777081167860566,0.015965745719770635,0.01566061496380586
2016-03-04,0.030728524136448207,0.06104329500916553,0.014129262194776672,0.09284148915631253,0.1353413318323104,0.10461288729206372,0.04484061469623542,0.04269731892774199,0.01595851957129714,0.0,0.006783250999694348,0.0352310674819657,0.054692004124193005,0.021317147988682717,0.007367286310768537,0.03541980595992483,0.08551463302102304,0.004051641140854007,0.008116932635956543,0.00658339846690784,0.015608002209139129,0.04148938223135734,0.05959062738740017,0.02700418458705072,0.026313278357407474
2016-03-11,-0.01018986497283246,-0.007307308205249528,0.01979167554967633,0.018720141437434057,0.06136898709475669,-0.04212073205430563,0.019238212473261455,-0.011894188047287972,-0.031198690688371958,0.014165460905647777,0.01129731884998718,-0.009661597954151774,0.03162739518283468,0.011272750982496771,0.019864003574849652,-0.0039475642055935385,-0.0005490086807112132,0.013198298131952425,0.011923807171183387,-0.0012155081659554574,0.013298327410511086,0.005424051603497942,0.021101549473744187,0.011557581122649525,0.011038877913645969
2016-03-18,0.04816916007103218,0.03516527073183178,0.007882906268140217,0.027667173076053146,0.15074355185851568,-0.022193513208183913,0.01067871806607039,0.019029157764222704,0.029573505054981398,-0.05083548132265531,-0.0019512777517988315,-0.03125892377783058,0.11479062071307337,0.005200251993863961,0.014050767543510081,0.018936268902021356,0.03601879796558102,-0.0032800528492353204,0.002876824451703984,0.024161064554894394,0.022875444024306062,0.00882635341962841,0.015804708792093853,0.013102218301455228,0.013453878650472453
2016-03-25,0.019622612830758175,-0.0023629528297760783,0.013370494342309294,0.003338857537727599,-0.04896086365247957,-0.05916693569771982,-0.01452537686750093,-0.016672965351629813,0.0048674329770604435,0.002393722650180638,0.007506365356977189,0.054408421340156284,-0.02167339707628098,0.008264601166661018,-0.0007547724413524686,0.0061259026006477545,-0.00238744083686109,0.015561765306326717,-0.011294073683638831,-0.0026166670895678553,-0.0001686943307438962,-0.002684558233601986,-0.010150915699502959,-0.006183844139662745,-0.006677332302523734
2016-04-01,0.047297730195594634,0.04006832190018336,0.024778074309739283,0.030890541393303453,0.0142351025356305,0.049243675661580756,0.02592602240810669,0.006535769348250246,0.04548329385410929,0.031827605606788704,0.00809218721432062,0.026325111533824667,0.04229791120808981,0.0043629299388122465,0.01945598909641109,0.02601663332291588,0.019726871777706222,0.015467312298131244,0.044052518409027956,-0.012219820580246626,0.0019394474602251188,0.03232749897955619,0.03084217580215243,0.018535343369159914,0.017933115642854863
2016-04-08,-0.013647462968110683,-0.012165775260129876,-0.020911942012296285,-0.010511035235950523,-0.03231876081561258,-0.028507703676766385,-0.019168540675018067,-0.02884913596916837,0.005654953981206757,0.013125440738531918,-0.0008243026682395252,-0.0065376043363428935,0.05119442591366987,0.0021645521244378096,-0.013341005161976446,-0.036355749742849504,-0.03229063069640735,-0.01458590239259628,-0.04260103295903758,0.0030087309056370786,-0.016134649689203508,0.0018778355406835322,-0.025843033773354077,-0.011764244338662902,-0.012222351891024424
2016-04-15,0.040395566031288285,0.010892131046062061,0.022350678552166263,-0.004235818746771776,-0.014706133209623379,-0.002802506986625966,0.01680120668089619,0.06908538044191707,0.025933125110266162,0.015207816622304823,0.009850293048100292,0.05128575285775971,0.017599221422789073,-0.0005197263203870146,0.026673160250484527,0.00776442828972829,0.0628137825430685,0.014585902392596248,0.009973404510202472,0.020930822151717127,0.005293438151148782,0.007476436496866924,0.03517114332868068,0.015912059235429394,0.016050420614330454
2016-04-22,-0.023434206529746107,-0.03870007145096712,-0.07207841700733547,-0.033748758233532204,0.3905394426210146,-0.0028103831100965474,0.018373245707979845,0.033378693745912624,-0.012187512180260112,0.029997224077669006,0.0280999663250607,-0.008649055675289044,-0.0029904933495469976,-0.010712155371730378,-0.055661937939211724,-0.008738884899431709,-0.0010911681532254137,-0.004935036383185127,-0.0214468307250347,0.029683436391751965,-0.02579159720762792,-0.022306640060974298,0.027975076629035197,0.005710813084516833,0.005201014288147768
2016-04-29,-0.020613746116960773,-0.11989059321806841,-0.03758393316509355,-0.030939884613044935,-0.11684364323664158,0.008407474006547464,-0.004321176110577574,-0.012109982015594907,-0.02392139421253315,-0.029997224077668905,-0.011002378290121267,0.06109283196586038,-0.05254900997000989,0.01950911906783893,-0.0413572826436812,-0.00032584591156484065,-0.007690396626315399,-0.027289917083943852,-0.009058259728835926,0.009890250044462255,0.02706817602434856,0.0167042787164906,-0.01822221255517636,-0.012714144849934368,-0.012644280626898142
2016-05-06,-0.00564478839003323,-0.004870470648084045,0.01037304634485356,-0.02684054279501492,0.03596518026609185,-0.07332124305379224,-0.005929011767004513,-0.025642259037783995,0.006194932857285352,-0.012388853910207798,0.005870953082840379,0.02153745005948294,-0.11348820041336392,0.004369598041862067,0.02414518312382129,-0.020700121718141087,-0.057733926377214105,0.02042686022793534,-0.011474042115714076,0.0012438717519169895,0.007709789025166332,0.06979537965211749,-0.02727081454715142,-0.002960473703340859,-0.003958901535866008
2016-05-13,0.14835234129987532,-0.02401387978653547,0.01360042334450247,-0.013052831015988583,-0.00272108746636384,-0.043996934718913396,-0.022516868686173606,-0.006514738844253742,-0.009747733445520544,0.02958136664283988,0.007247147770982109,0.0519963676895634,-0.03465106791713074,0.004095170840241461,-0.00048283198624236536,-0.016064838811535375,-0.04588371758753345,-0.04241836848089725,-0.013336765984504659,0.010062309010240507,0.01897656735728785,-0.02477096851733876,-0.020685139980082166,-0.004677799366500793,-0.0051318577639383025
2016-05-20,0.07857684585230648,0.05061916150011302,-0.0020763902101349095,0.04659481901297029,0.05306279461537377,0.12195844192471281,0.003036459919143043,0.03705028185204433,0.010873371516567584,-0.02011455451326384,-0.0010199388035448736,-0.010079903120206889,0.0592381316307449,-0.018041393702713775,-0.0043138559990093086,-0.0027028556256840533,-0.0028589497382805334,0.07302966242898688,-0.0126047163133233,0.012107675209357958,-0.011912368920467417,-0.04590306147849812,-0.01693424479564297,0.003559022478520207,0.0027861352239352145
2016-05-27,0.03739661180819272,0.052474304555256826,0.03303195829958809,0.043802373120217286,0.17280180529260541,0.1308660357262316,0.010660064690370927,0.029783295027396156,0.02529874269904786,0.002403070266240993,0.0037215946107072356,0.01334258061046944,0.01245166427264444,0.01394622286247241,0.03524491668687683,0.018767694437219474,0.02947456543441463,0.012658767092672068,0.043808392399091525,0.00300438150609487,0.011596252349043136,0.010448365781073415,0.006248294141826204,0.02285272693710649,0.0225187595069829
2016-06-03,0.012557483925331351,-0.02451340440534823,-0.010181898172856899,0.058650588423703194,-0.10054124516960895,0.04370984836070141,-0.015536933658850779,-0.012147342377440497,0.0035087784146303406,0.0017322452675428328,0.01492447795366485,0.0185012974175287,-0.01832509233600847,0.005626562997192312,-0.015828183284837958,-0.005994134113741867,0.041910827472321666,0.00169466737755485,0.01748786046151805,-0.01838835281602084,0.01622316151941239,0.029165011791285483,0.002010695131018152,0.00018964634876225415,3.326396362768842e-05
2016-06-10,-0.006042417922337375,0.009250593858522135,-0.006003415463052557,-0.010761426174935694,0.03774040439905826,-0.05761592616207174,0.004383146858780129,-0.012453415903543315,0.0029973618447021125,-0.01569821110680629,0.019416249719607804,-0.010571998868662093,-0.0009136347874236846,0.028163974349391174,-0.0036349690400033336,0.003334409846756166,0.013106709859217396,0.0038029883354118517,0.0206149638999636,0.01805529270566747,0.0165288532779782,0.011431703779187523,0.031167707596103388,-0.0009990308549052336,-0.001458721887543974
2016-06-17,0.01119219572217851,-0.036056996023175,-0.026573905824236098,-0.027279859928139732,0.19687562827082664,0.00493005860743501,-0.00729231745782392,-0.02473970742901483,-0.04059827937790495,-0.0012176509664033686,-0.013161899638051087,-0.01617672606302353,-0.015290688342392406,0.00986932109646683,-0.04027158665221445,0.026017586485606887,-0.0013162134713631483,-0.0026748994438633286,0.006564633532792176,0.008190135300182418,0.010203636581447907,0.028829218445984257,-0.014435974603145775,-0.011856422040634784,-0.011926403959054829
2016-06-24,-0.02141762506018818,-0.020452795049358853,-0.006002415867189079,-0.04779064204741112,-0.07498582694721129,0.07953804615592724,-0.007274236931067105,-0.04398479789390952,-0.025521180933871075,0.006343439440113308,0.0012982875778988706,-0.010573922783358884,-0.10935459089732352,0.01921049900978499,-0.027422688333037067,-0.025821095852996644,-0.038941718833172816,0.014135429808891167,-0.0021188077338634742,-0.014768862306421243,-0.010445709117770175,-0.0239891596330051,-0.016278160729938578,-0.016009572560771675,-0.016458381347570616
2016-07-01,0.020132664745406023,0.02630988551247168,0.026340891710915408,0.03631451726054778,0.038195608145287566,-0.05524548441306489,0.02996663612972869,0.035225676423661666,-0.007623792133641509,0.060300001715911725,0.04778852568952639,0.03751558798391199,0.11412343508532716,0.04589562095749152,0.035906203340039154,0.05449123080012493,0.04576661136538105,0.011742764023071471,0.0035290496051235704,0.04858205559882258,0.046787875629878725,0.04991271794816862,0.02771994059495538,0.03233865307876919,0.03166168750613712
2016-07-08,0.08599306630904001,0.008204822648985565,0.02203821493356976,0.0059477911074862005,0.0058996695694326345,0.009554162215918755,-0.002155786911360182,0.009262018798620573,0.02571411017916503,0.008953089092778463,0.01278007095202642,0.02736173602050339,0.0012924393119373913,-0.005213526954922857,0.010546106401716453,0.02229619456139274,0.01196230822757672,0.01404718275637379,0.05804796492492023,-0.003202097010055467,0.0015405776681601219,-0.00764039238580257,0.011835588118031651,0.012921016161191188,0.01273388675193674
2016-07-15,0.03573513840366155,0.021488658494619593,0.026416725564427767,0.038069795736074816,0.007812532460724927,0.03961692445561867,0.016021386568684147,0.03730293857155086,0.024302997980499178,0.0070050762400852866,0.001219874558987813,-0.014001951133855474,0.016561041118348198,0.006549901564469492,0.02456424642419524,0.020898175293375332,0.04213902798664667,-0.0023047554266059003,0.005845944144367889,0.016750333701080117,-0.018252114080008652,0.011569762326924601,0.03637024622277605,0.0148436944956579,0.01483846403615155
2016-07-22,0.03669999787890567,-0.001215378060954769,0.052065728309472724,-0.009288533930415552,0.12767776947669038,0.0,-0.009429777570870252,-0.0021837101826976094,0.020353312939432065,0.01693396731528064,0.01636968802492192,0.012727339949499279,0.008448816006540589,0.005116506731113192,0.0316434045573015,-0.025255773488915705,-0.006904601270016412,-0.001630389776526167,0.006349383354394036,-0.011738161540465952,0.017328052313884977,0.028987713707983486,-0.010899895009023558,0.006511715410730548,0.006129022570202589
2016-07-29,0.04348870028253024,0.05472859925385694,0.001942706216362097,0.014363567271367976,0.16097663823233596,0.045411573922170954,-0.0022847783622937986,-0.0010939949116658288,-0.023551256695230754,0.015807418504180604,0.0015980259000217688,0.018555091165325176,0.05479867353326973,0.004166411412652787,0.04135690904684113,-0.029115702210452597,0.04169840598521253,-0.007916960125796254,-0.0014937518355449052,-0.055326536832879795,-0.011778832310008657,0.007338036714153112,-0.009904627172208068,-0.0005525917524139389,-0.0006576469602687781
2016-08-05,0.01908143466259841,0.03629918578321008,0.02233156541412533,0.04903114355318872,-0.037123787138089274,0.05521583995840299,0.009519867928061908,0.03577592241640582,0.026425407069984926,-0.016175377745096926,-0.00793659866150199,0.009404680919242245,-0.02048181679960434,-0.0030073978779287113,0.01950920177780899,0.004485594573599669,-0.00241936459294216,0.010768192488806822,0.0028663769013176944,-0.015750527994432356,-0.018090419677919904,-0.02676699727998701,0.0014574413209097715,0.004870022765799179,0.004255754344781532
2016-08-12,0.07988427195406453,0.006491723155079,-0.000345000610809555,0.013719531848107761,0.017991472428289856,0.02784551783704826,0.014112156747907193,-0.014891753039570507,-0.0014983566970200595,-0.010214399454474478,-0.008243846251156707,0.008553578835240274,-0.019401865884184386,0.00277651565718984,0.0001486016629227464,-0.0012796279821458507,0.005315263137566356,0.008583217469473112,0.010643069539099428,0.011798319372731533,0.006329581199616872,0.025592958094914374,0.0005142219565983285,0.0012825935462267234,0.00054039534705581
2016-08-19,-0.012450750148999172,0.010848943859361653,0.0006750454547148227,0.014162662596408922,0.12420120818932619,0.08472028218872728,0.006948446177748678,0.008233418883825947,0.0073415494067780055,-0.014566279818007836,-0.020497815301738297,-0.01993691508392763,-0.002707436929393932,-0.053874721314889275,-0.009211299332012656,0.0003200320810803406,0.010069769023776378,-0.01472430789299625,-0.0060522578238199985,-0.0005696262137650271,-0.013578510474603218,-0.027165413334793328,0.0483944020659404,0.0003663881264829006,-8.238778818661723e-05
2016-08-26,-0.0018596853521815804,-0.022377485945842313,0.007090250301078894,0.01266733499504948,0.006540270646162508,0.015873620221162787,-0.005663038983422331,0.0054510003838732874,0.001242130335680166,-0.010425501234775402,-0.007365011725191139,0.0153182714353269,-0.0225182864605401,-0.00807952471950808,-0.00807363005904636,-0.0006397109972542724,-0.01417433085048918,-0.023203478307708372,-0.02464371048745361,-0.006054340922075542,-0.021040387378944276,-0.0063141614447599515,-0.006056152042659906,-0.005736552357260265,-0.006813894599991987
2016-09-02,0.00802820789716224,0.007360032714538451,-0.006222929266178775,-0.023125922192492033,-0.021081129073239075,0.011442221779136987,0.018819813484881136,0.018996831983999873,0.01759264482821316,-0.017925582747978765,0.0023494277867231513,0.004463389173167592,-0.1064268200740604,0.006615074536680005,0.004591008584886572,0.0019191571570037096,-0.011804033335645536,0.01893674892746359,-0.03697041861210151,0.0017167229125428331,0.012339044206213822,0.012066954130821464,0.013210899892735372,0.004958413273772631,0.00503100212561213
2016-09-09,-0.049334033311237785,-0.04363738336120875,-0.025642514780318624,-0.07389058370337694,-0.24128312917734004,0.006565018204833045,-0.027579646434257525,-0.012524549967832421,-0.008204009925283274,0.017925582747978817,-0.00917723653961989,-0.01605175248211931,-0.016877335740256915,-0.03074857044202372,-0.010584431063549973,-0.038441225608063255,-0.011078417741848642,-0.030814788915902308,-0.04717791126974477,-0.006656322824407504,-0.018607461998120425,-0.03922015662616628,-0.043988940889526845,-0.02358538724407618,-0.024222384171594724
2016-09-16,0.05427964564274275,0.10824564319765831,0.018333245792410052,0.06604070036379316,0.025105936493528214,0.03908339218630527,-0.011041504814414802,-0.012530988348450069,0.009057323914053065,0.007132170725112068,0.00016928946103452453,0.023892021623751432,0.05468128927758693,0.012263888894742022,0.011963781926925193,-0.0066100751479265625,0.01547504483696848,0.035905346031483674,0.010889951495853981,-0.03289370751989917,0.020149637690499607,-0.007622618484257685,0.0022970551227519606,0.00546055596244285,0.0053198782092784705
2016-09-23,0.03302588889340573,-0.019418110049243403,0.003138831531996744,-0.027170219281975164,0.07940677519781335,0.0,-6.892525795115744e-05,0.021492915267788397,0.005710698519755957,0.029509198233854,0.004724376927372973,0.034378835157976524,0.009931092055173143,0.026511517884146244,0.021068198744845855,0.007051118085774265,0.0047418566970759005,-0.0071615550300578,0.0011804041973561778,-0.0069259990825837996,0.027434122758945242,0.04292415453839839,-0.007163739587966423,0.012204636667190075,0.01186394954196854
2016-09-30,0.05350783403755617,0.003012048578275269,0.0029559921851935447,0.03461741848732334,0.053504536930407826,0.017016993028520406,-0.003661860429757743,-0.009862329376114596,0.0019363388763693626,-0.011151117027247314,-0.005740035248567315,0.038420923000265755,-0.016623282018691187,-0.01636406031598649,-0.013465157571469932,-0.009074412366073687,0.07397841864180926,-0.0031842714014982724,-0.00013133726760030775,0.044873357233108604,-0.035576276675309604,-0.021565926514957916,0.03357936319112219,0.0014340648517504819,0.0016524865089707571
2016-10-07,-0.02467451142191221,0.008894273053418366,0.0034663522393549914,0.009748269617996092,-0.023427110812955985,-0.009607312137972267,0.00034605385173422723,0.02981288446353536,0.002174155864432956,0.02254472427752827,0.009352771411149477,0.00252869370625826,-0.03704499957162221,-0.027735755424431158,-0.004175132940509939,-0.018398992054964185,-0.0033854646824682624,-0.04858221957907187,-0.016661261562478952,-0.006205879746401679,-0.0047528169142113845,-0.07251463088272607,-0.01652262165466943,-0.005842360488290074,-0.006723762325701738
2016-10-14,-0.01294809459636967,0.03081964214502426,-0.006596503132946721,-0.023933813157502367,0.0,-0.02763569070423401,-0.0023554676652510374,-0.00870037802107668,-0.0052019062886755445,-0.03495648508175924,-0.014189241732897297,-0.01981553162905382,-0.0005087136423128579,0.008964280341254866,0.0048464827383343945,-0.006555007712476159,-0.00908380102975695,-0.0036451233455276045,0.0010660460850099997,-0.002308448792379908,0.018635613407771326,-0.0015829563712673029,-0.01415125133107142,-0.008968881074623215,-0.009685807427145643
2016-10-21,0.023216912282235304,-0.008794827541143711,0.03826949851819816,0.01650142477829139,-0.03466813187125817,-0.011153622572878334,-0.004030769059586343,0.014263826455477266,-0.0012132938776525215,-0.01295066755622529,-0.03567462628341084,-0.004835668793483033,0.018053862866578483,-0.045112755061161657,0.02389800305996995,0.0031101200075190653,-0.006614047515250698,-0.001608805430554936,-0.007889558094001593,0.0009238698496839396,-0.002583050290443865,0.015293797814790018,0.022780789288178248,0.0040275004436014184,0.0038276433776732043
2016-10-28,0.04374324359270257,-0.025009785423503416,0.0035136353537224283,-0.020861662849133666,0.09920662651787582,0.015231957211605696,0.0027816004582869895,0.009011656865183222,-0.0015801531870106753,-0.04870744103885421,0.016523335721041452,-0.053507044044055305,-0.000599866571279782,-0.02648807465256583,-0.005475597800527798,0.00824721570599924,-0.02878979800144097,0.023857222382843046,0.005288707629936456,-0.021470901945800508,0.016196455535499445,-0.029509372732140524,-0.020564003757105036,-0.006752252476727561,-0.006912626784100187
2016-11-04,-0.04329922520104687,-0.03873939578008002,-0.01956552286912735,0.016514696913043008,-0.09309040529768935,-0.030699168513157477,-0.007318402156108235,-0.0197269866581018,-0.022881690049981918,-0.027752878374477853,-0.001909168409376846,-0.027780919215094,-0.04820019948386997,-0.00027391595505370665,-0.04806440225569862,-0.0270566282194514,-0.01889458845033053,-0.01192976968247999,-0.04844491108363159,-0.014375422440259824,-0.020489921435088463,-0.036444802105329986,-0.025352771849971603,-0.0189515456147748,-0.019579920740689993
2016-11-11,0.26383180836239567,-0.0037742468572281394,0.005266202015161967,-0.027260171595126673,0.019623288459903326,0.05765787048729749,0.09324121225274476,0.12379912971646555,0.018737830286318136,0.07554797865890102,0.02877144576467779,-0.021472469974790107,-0.010550836468842662,0.0002739159550536125,-0.012042304540163147,0.0767918394224457,0.12221412220196459,0.029491592795717225,0.048843632299010134,0.03363400539413423,-0.08149157876309887,-0.05717618892705514,0.02883804801976221,0.037042245259949584,0.037311115374576376
2016-11-18,0.05946720520384116,0.014920965020272604,0.02901776660373365,0.0036939124718986713,0.2638579125508168,0.08356277803674743,0.00527539174868529,0.013212393591484597,-0.010927390452428026,-0.012958634561711998,-0.019715873636249433,0.028217456312187347,-0.01895233531946747,0.0283536339040481,0.005452796704740612,-0.0013029611513461264,-0.007229487948106323,-0.03849670127227607,0.0066727947940826565,-0.00456236987568288,0.004832289466850568,0.015644113043025463,-0.0177208752581325,0.00956494482931793,0.00802974703817971
2016-11-25,0.010028576567918217,0.015596439192011617,0.002978048385640956,0.04982020806044531,0.006865063336545291,0.04678021289653751,0.0027220773668829605,0.014309752117705295,-0.008574446904483838,-0.10366636513004601,-0.010719330576892342,0.02623927685181238,0.06096150163715014,0.04299195456298906,0.005474952574007448,0.02479549146040839,0.03688962117421399,0.03849670127227601,0.010058410123651607,0.021346228903331394,0.013492687166336422,0.0023971556199069467,0.028103349888250116,0.013726890639908871,0.014311236944799433
2016-12-02,-0.06255820275105695,-0.017051171248369173,-0.0213733845961222,-0.07352895232798196,-0.027747528381711725,-0.0688860485714968,0.007620446513459591,0.034535542618991236,-0.05660818024181844,-0.02061039460208204,-0.019196737076454078,-0.052658705063904514,-0.08033515721846493,-0.015420132926255572,-0.020419028071859874,-0.003185946714189253,-0.007017169089881926,-0.004925634287590793,0.001381486034959108,-0.0009183282497484507,-0.0030542243059576914,0.002232657638538125,0.004189769938301144,-0.008340929088524348,-0.009715712703308782
2016-12-09,0.03739280918988659,0.036188708189337886,0.044884678867505426,0.08668126940425305,0.19243055363841205,0.08709993343236465,0.033742607285657956,0.04657053498376892,0.04417641744384992,0.002065138796534025,0.002676221164387032,0.03753921018742171,0.05734213881519584,0.04482319506908765,0.057185353114764054,0.013942398286360784,0.004090638575708293,-0.004219319736082816,0.048824792455392514,0.022268155207297503,0.018016857423647285,0.04500543233261646,0.04194260057369093,0.03061702271432019,0.030365303690182397
2016-12-16,0.08943165999714832,0.01757194807866967,0.005311180252809288,0.0019524725406522968,0.030478520586304913,-0.011283104127962426,-0.0006067963598422091,-0.006454390624752155,-0.010032600209621455,0.0773980466377604,0.03173758069456772,-0.01426878900116539,0.05225805190388083,0.03144688074650606,0.0004819185512046237,-0.0009443994590156347,-0.03136724291294634,0.012760634181565353,0.0044354821603308295,0.024199202612900515,0.020477233262864616,-0.007489523680043447,-0.011606696640580906,-0.0006340957160395752,-0.0006463436146477855
2016-12-23,0.08921666326700592,0.004731323902277343,0.01497538355767921,0.019536634795729244,0.08278106113278826,0.1375931288781851,0.0033931977193326496,0.024537444914906715,-0.00255576342443712,0.006526082265109038,0.0006900021725337602,0.0037145078588052775,0.05219663619220204,0.02511958443916138,-0.0025225130164535253,0.011583632718791582,0.018620214068749433,-0.02049658941403138,0.010357433355525617,-0.005168291861614876,0.002771871615115206,0.005050128906486937,-0.04082551219176786,0.002972888083060413,0.0025299207043691227
2016-12-30,-0.028082669436584887,-0.00602553394009885,-0.017547134676027372,-0.028827336970432552,-0.020943153801097306,-0.05933571807972856,-0.01425556626937363,-0.008769458161953429,-0.0016652061381454597,-0.003257657165313258,-0.006488562810523311,-0.014194571354484072,0.0016392446263578018,-0.004691681367016806,-0.019184990007081477,-0.008821728738762616,-0.016893384931596898,-0.006057456053257207,-0.01222895303463358,-0.004972752532641132,0.0019270569700208984,0.02144454123468982,-0.003407310470315269,-0.009705502691042046,-0.011086974233945493
2017-01-06,-0.0346962769587537,0.017884175639190404,0.011201876879612127,-0.001018944474782147,-0.0017652659392829772,0.005459582287142286,0.0026349347968111047,0.0035461609945353573,0.052312266295414425,0.028415912760913722,0.009416221018685752,0.05968675902135346,0.06923926389171534,-0.013534929203895828,0.040508539537006436,0.00031646880056368726,0.0032294603095237794,-0.012519974077576712,0.016845759804441633,-0.01969185762386834,-0.006803568829320601,0.022456268356959654,-0.008483768922018858,0.016329371180439905,0.016896552101804352
2017-01-13,0.0031953589464228187,0.0095381331183167,-0.002230386520816047,0.02162327852816442,-0.06760562659703986,0.006331875840698469,-0.009283579489955878,0.006712510485707903,-0.012731628278702941,0.022605279873969663,-0.0147251970442358,0.026223790032294303,0.03745407459213822,-0.00875049533408132,0.00691947474802064,-0.00794035799330484,0.01535872496094203,-0.016693020973600207,-0.005975387224616561,-0.024593526588366645,0.003365728553043027,-0.026498382131644002,0.007544725347028077,-0.000704397626259227,-0.001028244081040538
2017-01-20,0.005591964110376673,0.008032017784995118,0.0006376930546348719,0.05723832113353323,-0.08169813420924954,-0.009968402226121295,-0.010493326419005685,-0.03557362554008726,0.00822059534112899,-0.007652084016284021,-0.003934402797178129,-0.010840007466304067,0.028935780115636238,0.011891845615370931,-0.0033389837256429028,-0.026823537479025154,0.009320869299567653,0.0007442480589068667,0.014597603054563178,-0.005341323529480936,0.0017623314395716386,0.0014991548264024475,0.002644264335943551,-0.0013664141127898589,-0.0014649675494284393
2017-01-27,0.0719560970025292,0.01611925957205792,0.04731668254106659,0.07377490569129655,0.09016878745422897,0.08758052901291305,0.02581694893078204,0.038222376340903794,0.023308589083780033,-0.018792661035860945,-0.006768334266341555,0.0333831039926,0.03303630044339716,0.013419859077517181,0.020153557391191044,-0.017178756623531546,0.0455729036541869,-0.022885444097163792,-0.013362463773164697,-0.00443410731852111,0.017537709833948922,-0.012358691084726564,0.02365502993261062,0.009786924102201423,0.010240949253856747
2017-02-03,0.023083527482917837,0.05682120621766221,-0.03244507120117031,0.002185156021387912,0.13727318592069848,0.025943299456516505,-0.0028019233791151408,0.002871801231332548,0.027202407211112088,0.024245810614479113,0.002290492517884869,-0.03107240790626749,-0.006425012470219655,-0.018256196870612158,-0.029909369453689185,-0.01038368954336708,-0.059413197369051096,0.012712306835798897,0.0379002097218099,-0.02330780303294304,0.023129680268217396,0.0054364041951932805,-0.022974074812501553,0.001614627399062518,0.0011889875772318986
2017-02-10,-0.006667139951713988,0.02760448544508899,0.005012520715572544,-0.0031085410623697186,0.10388885812775571,-0.022611206199372506,0.0004268459652002371,-0.002066482366210766,-0.0020932216351122403,0.007225332670019462,0.013981434969465776,0.021079704933448313,0.06879928717816064,0.0031461957431669664,0.01778945167302922,0.0006730725152463935,0.0319665671620821,0.02259960065817986,0.024317531896381674,-0.003182363303510357,0.010093257431074806,0.0067021982719839175,-0.010611772620661528,0.009417590098912269,0.008098058656715748
2017-02-17,-0.05788331518518515,0.026883113970601412,0.01568491010851647,0.023514181916767612,-0.033698419481746726,-0.02953801783562439,0.027423769159182626,0.036453889881918805,0.019899015933359344,0.03958352068529517,0.03092918761185936,0.02105871467363477,0.011081200768698342,0.002413496573009766,0.013917041164819692,0.021634716287494322,0.026031425664576557,0.01965266482851804,0.022193759759983722,-0.009252253889881745,0.01101733060636474,0.0007589965209170697,0.010186449043859415,0.01534516696052293,0.015024007171105502
2017-02-24,-0.054050650708676484,0.006902387763533852,0.0,-0.0001901517490676466,0.0726925269295227,-0.004722068639665124,0.009740587978801963,0.0011077930060434866,0.011029718063075995,0.03038366319277022,0.03863585982095437,0.00020112630799900064,-0.05757120405503327,0.020993243469456007,0.0014875237867441196,0.0020000974679457192,-0.03468653511943729,0.04261397105643494,0.009620513900446031,-0.0083521389530245,0.039446962955141135,0.06090974223575171,0.005858834882762396,0.0069941801747917315,0.006858213076555815
2017-03-03,-0.030318671125467163,0.022573679682249218,-0.005742278526394826,0.037094129999635586,-0.08033785331684679,0.09554478720984666,0.031572391410343306,0.026976880475514484,0.004063044442548073,0.010920995722049251,0.008599604083925098,0.005474515588405678,-0.02135477510831183,-0.008296738915020746,0.0014967438545134262,-0.002321296984754526,-0.0037774724082828013,-0.03314495517657348,-0.04198199173015913,0.016876809202451094,-0.001222092241057667,-0.0070181382355087385,0.0023292261096942283,0.007071517953710532,0.006643603632693731
2017-03-10,0.006985817228581467,-0.0045892250296713614,0.010528002869836321,0.036120670467677696,0.06535362432232875,-0.015369484144066636,-0.003992459369219222,-0.016515268973981326,0.010531104104265205,0.00689915148833142,0.01936065232267884,0.0030311621726441932,-0.031824358788907554,0.008060648652229456,0.01441713312496972,0.005297893020676077,-0.02998699287436565,0.008325455724115794,-0.02914162005625826,-0.010361519886755616,-0.005673914107839507,-0.05010612014619564,-0.005542781432486916,-0.0030668156321240966,-0.004424161311094652
2017-03-17,0.06776808700061322,0.00609084848710697,-0.0009246227321866721,-0.018581001371035924,-0.030659341712810866,0.024324025654422442,-0.012421024467392827,-0.006594565947210752,0.005667143340913189,-0.004753038570336989,0.01455194458184198,-0.0001759696527600232,0.07053728887143226,0.006120534916895442,0.012643080400580776,-0.013297850418224214,0.006478607707119227,-0.003000091378732306,0.014647584136297548,0.004767598481288225,0.0013063794475299763,0.01663556384789806,0.011646248323128338,0.001560512386865079,0.0023784816995500503
2017-03-24,0.013112099494938868,0.004632271528622911,0.0016946849619203306,-0.010042017149492783,0.01544716565894004,0.09707061042830548,-0.02436575693440794,-0.038101014664872764,-0.011703264800409162,0.002617112882086686,-0.020352605205709414,-0.007892118317679483,0.006328015429458445,-0.022067510135856453,-0.043614330980694525,-0.00536912178527142,-0.008213186466728535,-0.004014940232319436,-0.010724566825536033,-0.009434895197837325,0.019542165330126697,0.034906796352824405,-0.016274059277136266,-0.013464077341556547,-0.014514592181788372
2017-03-31,0.013493809889964629,0.021246055961006306,0.013451593881351313,-4.5610490240945636e-05,0.0601951878146004,0.016396684262920156,-0.011809113247009779,0.006281067953516896,-0.0035946068459846055,-0.0008319702640621768,-0.007439129559517254,0.04726801314572415,0.055937417913115704,-0.003123751776334302,0.01504547273808604,0.0026878727443144404,0.006597465197997271,0.034868670840876054,0.010008779137890358,0.00955686458339129,-0.03392763002818738,0.016371565059634576,0.018637547291328094,0.008006976431198186,0.007963154421046729
2017-04-07,-0.08224063771960047,-0.002230238398426979,-0.0027367896833737295,-0.003247956624152575,-0.07342090225334959,-0.013236134079903643,-0.003064412918497655,-0.013349440238996067,-0.001463798302606311,0.014283461982534135,0.002966210205635861,0.009363381291841352,0.08351379323861424,-0.007623219261568291,-0.006746095238546148,0.006355629817083094,0.02932017950749778,0.011312251393154529,0.01732192660145389,0.0091037511088253,0.004352942570853491,0.020129326062501413,0.002105902264808487,-0.002293376054997167,-0.003043468214084032
2017-04-14,-0.04944318026593526,-0.016105074250451535,-0.011176652826781484,-0.032267345786990614,-0.0937581301892502,-0.06444496949854131,-0.019874871553825703,-0.02087059088547257,0.0014637983026063019,0.006541933144781621,0.0005601608760853799,-0.011474892937754064,0.004814229828844187,-0.007667001646503237,-0.0022824699636106757,-0.014441960233407238,-0.02566155825027777,0.0034229684415223198,-0.010487441970445665,-0.013013109381729992,0.014170595100435515,0.008131771561570128,-0.011679109680083951,-0.011503161646026093,-0.011352515864966281
2017-04-21,0.06280913715501882,0.008612633460977636,0.022079092524668182,0.02956035619442823,0.054537383177709696,0.021458351218236003,0.0031259243341198776,0.0014205873110997235,0.025331913510595258,-0.04757385066617499,-0.02618151913226432,0.015545332784700123,0.00524935095878255,-0.008726945091424894,0.022094544676207792,-0.0003378586391857616,0.02129127279456622,0.024176003565307254,0.011366371538438379,-0.012317324911911417,0.017059324234350016,0.011328604353356956,0.017802406398567398,0.008906162214285595,0.008440199704263796
2017-04-28,0.025440949167413,0.009652973202198769,0.030552440896858872,0.014368260599215879,0.02281469210713834,0.012730011995101913,0.010955030106630482,0.028920205619070778,0.0007680183528599232,0.002073494580010178,0.01394615021662774,0.029022873256397894,0.027338838065024764,-0.007541599839043886,0.07356388166410169,-0.019133210186921577,0.0808253903175264,0.003197413538769727,0.03876538516497854,0.011827022127051754,0.004051019445444726,-0.03087347101515348,0.04416845454269052,0.014767560824517011,0.015005916852984864
2017-05-05,-0.004227501796438639,0.03629785937264527,0.007857363634371436,0.025221490354910416,-0.26635724351330636,0.018973186551685922,0.008078150382180144,0.0,0.009491816609919861,0.00546890908720599,0.0003240834899749072,0.009854102124695358,-0.01838034427874311,-0.027370778055888022,0.0274819252798681,0.007902579216802845,-0.02595510952221313,0.017405682927859076,0.014984427243066631,0.004521756303819162,0.00574892405959155,-0.010691926317447857,0.03537234354853491,0.006781357905840014,0.006309258712225825
2017-05-12,0.20812653701965392,0.050938405494246004,-0.009026644744101014,0.041138277499248796,0.09984983698315911,0.02555717355468699,-0.019584071665871235,-0.0009202793074220172,0.006925751579991905,-0.02208435901010443,0.0010518474073152775,0.028701534133005115,0.052004831382771115,-0.0018172367088647166,0.005101366363749694,-0.03305202230651089,0.010681296349347,-0.0037108534054144464,-0.01058572046024356,0.015839525037970353,0.009041227795880898,0.028946678831254895,0.001852327967227199,-0.0030081704474153397,-0.003503053282336662
2017-05-19,0.06253686323820817,-0.019667370999918665,-0.004426085260433933,-0.007913869507209698,0.013233507462284569,-0.0391241020300477,-0.0004899671087403243,-0.0249282034527487,-0.0009266933325617948,-0.0302569618194298,0.02681290456696319,-0.0015719528528263325,-0.04399422016308488,-0.0065160747472428945,-0.0005132269784509658,-0.007812744160002926,0.016934777211423422,0.03962188868274602,0.004437303624306519,-0.007538817647380675,0.012754806669039897,0.019160723217798558,-0.003784898688438472,-0.0028077935091316676,-0.0038427170696693326
2017-05-26,0.04204488543974172,0.0035873436478228663,0.03298474918751101,0.029919873998167194,-0.03659487770244184,0.06741013979976235,0.014897043127538976,0.006817992242251524,0.023404804029351904,0.0032080710611391934,0.0059795267253449,0.036759763086461075,0.04500974143744572,-0.003143450938606598,0.039657936564567946,-0.02162229575630556,0.03104668511430997,-0.008158035326564575,0.035597946847036245,-0.004648971376278063,0.03164418173965546,-0.009741103370035009,0.020981196896592256,0.014166416900739961,0.014211696100245667
2017-06-02,0.012610520593010875,0.011906999456751296,0.02540358151119705,0.053750531791559336,-0.00913251856049572,0.04757318993368744,0.0036146244093837104,-0.03238412186144075,0.01551260108475835,0.026300556618000296,0.024592404305869,0.0109363199984933,0.04424850355363922,0.01948376644393593,0.002865170066557958,0.01554329350085947,0.0027408719023196038,0.01889105524714363,0.017334253666890186,-0.025459271645662456,0.014113615539415102,0.01722270123862055,0.034628508098793344,0.01012605065197248,0.009578044853408324
2017-06-09,0.04065493555943171,-0.04251206525540409,-0.02027038771375942,-0.04495918827701119,0.11920914673610436,-0.019738283202595634,0.02206522532488894,0.05095446657927073,-0.01667501421158021,0.011292186515449587,0.01108556289979696,-0.028636092745579742,0.050127332152073274,-0.002060075150847901,-0.026448039091243488,0.002149496301390321,-0.00028287973152503725,-0.0025150281467883244,-0.0032658434989625996,0.03254658869709941,-0.017459494456008993,-0.004617945002714023,0.0026322230369412707,-0.003117359731646384,-0.0029974518408077563
2017-06-16,0.013412079962410851,-0.0460853852277033,-0.004561228051456682,-0.025319355410739142,-0.07085595170210938,-0.024480342634034903,0.0028195256787380265,-0.009010056244609058,-0.004133273686962886,0.01031204624404654,0.021213442753599706,0.009562563763235967,0.03864793619683742,0.004372699115230786,-0.011925105879255833,0.04563688826039301,0.01573609530641783,-0.054067369473961846,-0.07641284118093201,0.016423182187940963,0.018369673645577882,0.028850998969146894,-0.0013963161120936693,0.0016965249201074876,0.0005672787514136425
2017-06-23,0.014470764172178952,0.027795792460267952,0.017138007171199787,0.03742827472406032,0.21401110981490745,0.06074271267693765,-0.01930764470710511,0.007859381322024793,0.014862085781807493,0.024251936281304814,0.015363234561409533,0.016099137954658532,0.03192958301209631,-0.026265788022049128,0.02825304380000092,-0.05056705313864382,-0.0329723167484885,-0.005330368234657573,-0.061578993897054506,-0.022774953734769888,0.002098121802877572,0.02391828900867604,-0.023810479633123435,0.0020172850992839116,0.002114421149661668
2017-06-30,-0.06215335131333567,-0.015570267186769607,-0.03254209774784521,-0.051066049707909,-0.12699973282527766,-0.06074271267693771,0.012775324051870617,0.050948085963171276,-0.019011906746065836,-0.0191353583637884,-0.030815129170545078,-0.03625618924094031,-0.058643003955370164,-0.005813870042800997,-0.05890728321523004,-0.020521019742026653,0.031670471143606264,0.011161281894594517,0.017662445787814743,-0.010841422937790642,-0.021252181202735632,-0.033888348602085415,-0.0018843969854009277,-0.0054854936021397896,-0.0061254922226571
2017-07-07,0.015103742067031729,0.0011100225199840304,0.007660246585933844,0.02780132469650162,0.0681378161491888,0.011322007029391064,0.010396289349756005,0.031937671290643524,0.001491597023625026,-0.00012182328006924011,0.001887764927299153,0.011054339951112883,-0.14366046299967375,-0.002912745446522187,0.011900844042058803,-0.032358189605729115,-0.005037674739526712,-0.004634972225015771,-0.03706919585592333,-0.006337329445942768,0.002494251241164312,-0.02639744089804536,0.003839950795105577,0.0012813340719012528,0.0007301172781857442
2017-07-14,0.11684386284723695,0.0331528214206471,0.04668999804389721,0.04356604248023319,0.04106151797647209,0.051309865027488674,-0.009806004215177539,-0.017195889130098393,0.031545921247561025,0.02472544872591313,0.0004528446617010252,0.02327718171492967,0.04543684459690177,-0.01856008528176338,0.037653255629304855,0.023806014803838912,0.01715464931657758,0.013318561969792826,-0.00722899805502752,0.013127068016302264,0.008364699346820822,0.011592347974191118,0.009350669966652318,0.01414907548957338,0.013958845628734246
2017-07-21,0.018916953557197854,0.008218739914697544,0.013781959986155994,0.011203730500749581,-0.0028776970634790907,0.006896604008619584,0.010973937954206493,-0.014851980987476131,0.027172902300141504,0.003668650347169107,0.020231304343511097,0.023537709190031616,0.0018897634081009478,0.005768820457909371,0.017181759275041366,-0.03302637613741756,-0.01305348677300294,-0.002492369054333603,-0.016873323174726593,-0.014374561708834475,0.01894967310783297,0.0024376992967102395,0.0031964894562929755,0.005361091878321102,0.005381412259641674
2017-07-28,-0.02231752387755464,-0.005137074396501012,-0.010215985253050583,-0.010884450210405284,0.005030531270943237,-0.08914353948511582,0.015405434051978972,0.004281776803765035,-0.0045281900612285896,-0.01859871423271377,-0.025903417595812817,-0.005504250004373258,0.020107053623442915,0.06597520385590819,-0.036384082347390614,-0.01477465468558298,0.06808557602862027,0.04694389029518463,0.016154126379943103,-0.006511067195475576,0.0051814158203611505,-0.011700773474905926,-0.01857755682826206,0.00012139942975713048,-0.0001779467849010327
2017-08-04,0.017008701749755436,0.04505634053089246,-0.0049411554582126545,-0.004804168267989298,-0.06134171980131245,-0.04756156796489877,0.03345699825948202,0.025739698872834088,0.017397040943619362,-0.009552178253883747,0.010036566071913246,-0.032339560747089394,0.0631442396012021,-0.01472303430948014,-0.013171548322780514,0.009744937179847837,0.002188506833113431,0.008359976730363492,0.022953995624433395,0.007633681935608556,0.011169685274196145,-0.00513625128069286,-0.016082029372420672,0.002023054099238226,0.0019115169303198177
2017-08-11,-0.0696511539199497,0.010864733459004098,-0.0024799381309553578,-0.020270712070687882,-0.07024586252380421,0.0032183294109763933,-0.025785372199332936,-0.024207250325406018,-0.007961263809307157,-0.00783555854169587,-0.0006007655776758273,-0.020035745061344215,0.0026861081982716387,-0.008624242768239011,-0.016739255322413975,-0.022754904158521515,-0.013204362648186009,0.005275634754268967,0.0013411078098844505,-0.015604365589678247,0.002925669561299686,-0.020109114903853004,-0.021041677048085527,-0.013386746763433781,-0.014440643651571635
2017-08-18,0.03490546167611284,0.00012697964668634704,0.005176214576544298,0.02107314224085887,0.01138226488339987,0.08122291509022948,0.012581640941402643,-0.007465997733566259,0.025499651974023037,-0.05158499010535322,-0.00353745278399763,-0.009883529481331923,-0.029520252284969208,-0.01934589575370325,-0.0042128319769608406,-0.026132276904617235,0.009437105011974999,-0.013649963181764637,0.005933753829891358,-0.02027814271779271,0.01851231727173732,0.003545395667250478,0.03742653228772917,-0.005792784392211956,-0.006480581706045192
2017-08-25,0.015082352343644502,0.014873361534596957,0.0045419925874138805,-0.015274396287228249,0.004838752921263103,-0.0029668241541537647,0.011423623635957917,0.012593952308888852,0.00816099215660025,0.022072126173080776,-0.0008480692904709502,-0.013878232106851764,0.001696597619712836,0.016454477639031503,0.004653527786716199,-0.002447009244540052,0.012474658280916795,-0.008610714826379583,-0.029918653575182575,0.0010431043758757168,0.007671583660448122,0.017816027069091758,0.0009063932243557746,0.007593272730428584,0.007188955764351529
2017-09-01,0.03979379984283556,0.025872692768370197,0.015263235406505636,0.028658201666468514,0.05934600484180724,0.07349437583561855,0.006271991355487687,-0.0020697678138545724,0.005307452925962324,0.016239581419078917,-0.004947861430844482,0.034305197636344584,0.020897758831030542,-0.013515286521780853,0.022832399665193008,0.026195195636350536,0.025083615385980966,-0.003312179378830258,0.03727585789193446,-0.001957425922885561,0.0003992432156342595,0.02404123082961081,-0.010552173356904778,0.013322845968670559,0.013619203650415595
2017-09-08,-0.040526752524119296,-0.03359704638039199,0.0005407573422854012,-0.03470275507423882,-0.07393299792524197,-0.004611731510305881,-0.029365138301605767,-0.03642424125882869,0.005088239261610046,0.03485052837856204,-0.00038188413608236215,-0.012704958623138472,-0.03434793490654754,-0.0517429123368025,-0.011175695000096374,-0.05393458450115082,-0.0038967657767428844,0.006486398136084561,-0.005894165107242747,0.028961792023659692,-0.012733807790874503,0.013482673000551514,0.016852545203446104,-0.005096988666173269,-0.0061240282473121535
2017-09-15,0.09559365531740027,0.007849135276312737,0.017817931188437344,0.02603950248958191,0.02180146524380943,0.06559751976564154,0.024706506675758747,0.03555117075537831,0.008296382575379008,-0.0058056006711001956,0.0261479239940239,0.021396988226168936,0.10077519847505843,0.04155246296440206,-0.006522031418679653,0.014549425156175222,0.02968593223172121,0.018837653863297072,0.031227940603546632,0.01573434971346095,0.0122677321880365,-0.0013399429564529925,0.013199228950011825,0.01547966010439231,0.01564026573544421
2017-09-22,-0.006182188584045406,-0.05126726396934336,-0.012022196677124447,-0.042111901630425524,0.060436647334129706,0.04016339436753457,0.010891614072249122,0.03443679981786192,0.002466028431828698,0.01767402244287761,-0.023022477853773947,-0.03264119009020362,-0.07862854465983304,0.03937599001248297,0.008485178689046049,0.038529467074240945,0.02489940254331945,-0.010630953015094643,-0.006242708268920819,-0.0018750285990190903,-0.02516584893233788,-0.049622071683913145,0.024870827532370098,0.0010027485983827328,0.0007956062964223747
2017-09-29,-0.0012853182380156152,0.014575327530226433,0.0010746218559414007,0.013699812010073495,-0.04223277796423998,0.08652632228056537,0.007996135940183911,0.007144628472085086,-0.003036089436998402,0.019239278625818815,-0.010558727709026956,0.006522499432242529,-0.02886692736260942,0.014918235664475914,0.03178182588770264,-0.028136733610174297,0.002247887697116581,-0.01763217305459793,0.018429680979091773,0.025449122413797584,0.0012975849907413258,-0.009629200028586627,0.015432614982718154,0.007150525618378194,0.006826617525465681
2017-10-06,0.014052715820686554,0.00762709213642838,0.020068404422830633,0.013107238321195272,0.0369556719219999,0.00860755380761315,0.022172103699691862,0.020483655380576473,0.01405884081653154,0.017843150068940623,0.024390759045499387,0.028942043698953625,0.045223903764479476,0.0016381138098086933,0.02025123157923347,0.008647417989004594,0.01764444804679885,0.010945475769593066,-0.0448142786000959,-0.003299014118978643,0.006257899701523391,-0.02784579226516407,0.015761428919427136,0.012420781559322153,0.011825666541539818
2017-10-13,0.07074197589051207,0.010823255094354165,0.019415708164565327,0.008993059213768837,0.07216249962705688,0.018234626792370087,-0.0003201577431180359,-0.010997219374225679,0.017921549118728928,-0.006105231013271549,0.02380977283338384,0.013410340315969615,-0.00367746981256237,-0.07784228093286967,0.014219475894174357,-0.05954890729521254,0.029345504645540792,0.09208333735231772,0.017416844722635764,0.008530358932222055,0.02067031301827406,-0.002196930215199589,0.0017600147890942024,0.0022777562573395994,0.0015050835766228779
2017-10-20,0.011800894757597104,-0.004724772763164504,0.01689078050292025,-0.015115810701518613,-0.02925644534730247,0.02686373933356321,0.008873351812375406,0.037369357335600505,-0.010267770934728745,0.007826130598310483,0.042828109630783026,-0.020173389632836526,-0.0298879042097854,-0.0044918079034995465,-0.0027819850359262818,0.03632087218825137,0.01090766972437944,0.009421888965971511,0.005739099656578175,0.00845834322648981,0.02369614746630033,-0.0004398747262796889,0.006517985296550486,0.0084365694649943,0.008595375249110112
2017-10-27,0.024878674248482828,0.04260002054212826,0.06151230785891138,0.03484304191282488,-0.15390935546283901,-0.015786593008269068,-0.0023832702571524277,0.0224572005626644,0.019884714769469375,-0.03939928805093097,-0.004363338002766428,0.11341117029693563,-0.07279818547389434,-0.0451808755722145,0.02805835230824853,-0.1364731179511252,0.04793418525755023,0.008313784554714088,0.009964158187209861,0.007193275592349497,0.010838430181130706,-0.014926793425874742,0.034334789793958376,0.0023309830073613516,0.0022729991046303065
2017-11-03,0.033275013318609166,0.056340035261247104,0.003930120596786017,0.07878227213766403,-0.06273836381236347,0.06767005148517627,-0.007023878519048142,-0.0035435811836215473,0.014927520816000761,-0.0041822132982694445,-0.012062536042362099,0.009626997294316987,-0.04715684054251033,-0.019920520358366615,0.015665123390656625,-0.03176407448333617,-0.008599728490992296,0.01698121639009734,0.02469577712004693,-0.006351349276342711,-0.02068175376786489,0.014633587940786223,-0.0043300061657863655,0.0028673324543012323,0.002619516763823719
2017-11-10,0.03507666657155676,0.01608969107594172,-0.0032144215809035595,-0.03219782767979602,0.012511364507541018,0.024184684787504518,-0.019356375330544337,-0.03921675482995847,0.0046586960656827955,-0.002638056986002004,-0.0037196741232597254,0.012293679093726709,-0.010179388471242844,0.027252778188853966,-0.005577517756745722,0.017229062473917672,-0.0010985223142364448,0.013731986599512637,0.02913168685353854,0.006322869769797943,0.01630902020977627,0.01240755945420842,0.005274645414618531,-0.0013938915694286789,-0.0021430913036690658
2017-11-17,-0.0223632500337619,-0.026218315284192065,-0.012673041442860421,0.025708281465565364,0.01060079571597663,0.03035214963867099,-0.014366618692984837,0.006439828789713338,-0.016814146049161722,0.00148133729121937,-0.011240716422858664,0.004017292287246276,0.039031504865470794,0.008438984694436068,-0.007942199409105516,-0.11796612311055132,-0.0025674289127425713,0.06956497538292504,0.0007433107011023606,-0.03309513890771705,0.005655782104314314,-0.00235162061151042,0.015790329361086028,-0.000891695940076877,-0.0013368925870375155
2017-11-24,0.026844852680046678,0.027934216978939164,0.010382844080649392,0.0379665020329732,0.0,0.07348858861235605,0.007154304128868653,0.0018325414134965998,0.019388350227199924,0.013659473776232686,7.250278266170239e-05,0.04847486449810263,0.0015858582220915005,0.00865557844296008,0.019719619922132933,-0.0010988227597322226,0.009213601503975892,-0.00875904449187709,0.0037356985379749367,0.014598402168645106,0.006248517376567025,0.004404687135130951,0.014760363904233912,0.009648631033989519,0.009098150343445147
2017-12-01,-0.09306358749380073,-0.02265811374009089,0.011939188418316996,-0.03907037515917723,-0.05881392477393669,-0.16817099266164376,0.06475782753725551,0.06373092946286553,-0.011136044345641642,0.015234764340088726,0.020278596412356447,-0.020142464562830163,-0.029001531815190388,0.04740715118054992,-0.030219594036778215,-0.017189177196314166,0.029616870387477165,0.007526845257773687,0.07577565961362136,0.02474660218871185,0.009186653577787977,-0.004404687135130896,-0.006628406245637786,0.015624934648176774,0.015177710454205432
2017-12-08,-0.031814435135614695,-0.009870471337468887,-0.001187703283225019,-0.043848066541017056,-0.07647653552704567,0.028640717318884,0.009616467369842178,0.010820201564616607,0.016747141296222304,0.013157109185217548,0.004348290609972974,-0.0003011909802022437,0.02766964171006994,0.006281961998941069,0.023438566589786717,-0.009553547113175133,0.016399747323562034,-0.002995266213415457,0.015756092412645525,-0.009631562726591315,0.009857451339659968,-0.02442797254660366,0.002127840555654359,0.003962232404662195,0.0035060557998552572
2017-12-15,0.0003657014480613867,0.02679704984935318,0.031462959154293674,0.02214543444983944,0.03460556768524743,-0.018923461300455642,0.006798242070521728,0.0019806694399994687,0.010776214306724142,0.001040740314803446,0.01321340043979777,0.014642739460778454,0.08605630860591044,0.0402885066104764,0.021326461851783534,0.0061920570746917415,0.019481012557191563,0.005783122686019502,0.024475945748953676,0.0044661193163200025,-0.003779749120749478,0.009305429673757942,-0.012026532301448841,0.008857660091225095,0.009126642553015272
2017-12-22,0.019182467204536844,0.005960211814335434,-0.015549363422708757,-0.006193794900496397,0.024004993355189363,0.03976470500320039,0.0007076037228691194,0.012266640140661384,-0.009977511835222615,-0.01713207561888986,-0.016562163046595565,-0.009184328070783301,-0.05460118445224338,0.018139515405853516,-0.002933282757831822,-0.018120406738672226,0.059930344086146635,0.011263896983046154,-0.03216236674242581,0.011257627549016784,-0.02485981228682649,-0.054332603798712506,0.02794815886114755,0.003745064636841417,0.0028101598374510447
2017-12-29,-0.009105943860893466,-0.03358414320265064,0.0003507055948401979,-0.020992602017676616,-0.024977305442505166,-0.07041874944983682,0.0015146317441982664,-0.004757624739567364,0.011733364885014492,-0.007196451282871527,-0.002858528306295018,0.0009495991645096092,-0.043522733710594536,-0.001541782355463932,-0.01456968522844303,0.004019363874528472,0.011681224229853265,0.005483589928359536,-0.0027362723639085137,-0.0039376031233513,0.010620393648460512,0.005818869038188039,0.005445166310763847,-0.0024327939549806856,-0.0036326606796450384
2018-01-05,0.10721928453488717,0.033527118956457734,0.030509557266244033,0.055717228873730866,0.14465608951611905,0.1077895332028323,0.016014739992382187,0.01820229971055018,0.04157228491589854,0.024675133259265382,0.014142201112675161,0.04976410704361957,0.01665831597716367,-0.019216776638680565,0.05259807833670153,0.060591284989853,0.02741680894778093,0.013877735623328764,0.00871976916855032,0.036508185634439715,-0.02910282543200506,-0.022198563656800435,0.04234127065007569,0.024284884539698567,0.025677200206246344
2018-01-12,0.03458542481068078,0.011871830388681013,0.01586162560657655,-0.02735699679973479,0.011715643622988247,-0.0675123894586708,0.04247689167335463,0.0391883831638485,0.0102953256354695,0.0047248201115588405,0.02817848063379111,0.06004156870630798,0.06018975423773737,-0.015593211213064484,0.01817150617684034,0.011796156894388312,0.05021151684156548,0.007363378201589396,0.021550353313779545,0.008837457313240545,-0.009204297204667587,-0.05283883418949337,0.01708103534805221,0.016324158979450946,0.015586153641050827
2018-01-19,0.03147556769881268,0.007706436304189688,0.004454527163072983,0.007914159805709293,0.04633089298546365,-0.0014024716136158298,0.014596023569164595,0.0030130274191692845,0.02150076773474691,-0.01727886023419984,0.01091744116313956,-0.008170057767464744,0.04022459055852165,0.008366175507676772,0.011301051597807523,-0.14301890734185804,0.005276306652655543,0.03621547994654458,0.0023429567147461657,-0.004236959234912154,-0.0010650459241407196,0.002195034353937935,-0.013925409518700126,0.00891966620717255,0.008598243434415856
2018-01-26,0.05586088766788258,-0.03972271937607195,0.04412334485522329,-0.06034524534040736,0.028192913240961216,0.021291970240074724,0.018307371353318835,0.028869111983925524,0.02907601985311691,0.018428041388045557,-0.013871611154658977,0.07974920367069298,-0.020697289533056586,0.016260380363819417,0.03780700427850788,-0.008027106411902662,-0.019854114212563667,0.03568790463790798,0.03384760618100757,0.021006014755318405,0.048929891294410936,0.021689430909129857,0.023263279192935343,0.021765067319179168,0.022020314308120674
2018-02-02,-0.04115092411888315,-0.0663478359875623,-0.02453875674057482,-0.06299007518804763,-0.03937516582633867,-0.06748892392930746,-0.03786433119852861,-0.0176934790044841,-0.043771856289433864,-0.0701582478255901,-0.05407507282278437,0.019703980104419646,0.0026216751874846207,0.006588786478312212,-0.0592864759539001,-0.03084927671677331,-0.05899104027257317,-0.036740629108672845,-0.04063109173426927,-0.051530284341036695,-0.011288211440820737,-0.03595842815912741,-0.06637093631914867,-0.039611485963628984,-0.039309492100227536
2018-02-09,-0.006185527831857453,-0.02174402924445474,-0.04001414808642057,8.500300088355426e-05,-0.09603328036123068,-0.010094992766090686,-0.06469150988949908,-0.037808009722027025,-0.03870175853317814,-0.0629141308157409,-0.061019456724761924,-0.06526833242246494,-0.10198842969875624,-0.05451965610844191,-0.06738284891140299,-0.045789334951252876,-0.054007260842567135,-0.0501453288858264,-0.05527205131943819,-0.09909827729975505,-0.05145546538809702,-0.05214870289280607,-0.03658497940800524,-0.05197204709296728,-0.05299951285947418
2018-02-16,0.0494299627232215,0.0975104967147675,0.047094763230074194,0.05530016520554148,0.04410565892994125,0.08987353863782706,0.03887330228921258,0.041301863970880925,0.048185294848456225,0.042728207609676154,0.027563515569427537,0.07828861049578657,0.07766584014587201,0.02978746749888474,0.045979554141561345,0.007335670937986429,0.04635841493234327,0.053012704811836286,0.06092459917410996,0.009979476097125569,0.05228890202442597,0.02137728458359863,0.0272541115769415,0.0434401759044111,0.042111888894057745
2018-02-23,0.009156182343914049,0.01764758034765692,0.022144470129383045,0.019180524921653865,0.020930023666256004,0.05114633952505397,-0.005067032414095191,0.022674448454717014,0.008824613780025055,-0.0027902149056506865,-0.00852274158111239,0.034805385556019405,0.04818106679443444,-0.011373017177700713,0.029315041668119084,-0.02967722167585664,0.03841115776977395,-0.12044693661956417,-0.00917778759222532,0.012851372285921963,0.0013446678243598951,-0.025046555095712037,0.013000346967259048,0.005841359150832146,0.0055041741405507175
2018-03-02,-0.038929997993784465,0.004037587026564604,-0.010796206331205422,-0.0112566899065153,-0.021776344085716888,0.053965420254904056,-0.007027983399602471,-0.03460430524720045,-0.01772739286360149,-0.019490086723329345,-0.018154048287877127,0.00016661209599632784,-0.04928450256577879,-0.01012725507203537,-0.03973899729502875,-0.025866720668225616,-0.10391835653317906,-0.04536721963453254,-0.0025319662280592174,-0.02587049592224339,-0.014935297457661482,-0.027577604871959694,-0.04058907590559224,-0.020706885355357817,-0.020612859274174018
2018-03-09,0.03648701646549814,0.021169211358117383,0.03682072939345538,0.011532701361310295,-0.009357840238311585,0.10578823058793023,0.05601544423909637,0.040808027132212044,0.030498243897884886,0.03035178469956456,0.03792993759829966,0.05109039623283253,-0.0240087945755482,0.019074066764112566,0.068356834769815,0.05644990159174162,0.07797031957291498,0.005380848376323512,-0.0039693533642456225,-0.013190487076439402,0.012741454192797992,0.011832243485016953,0.07432424023187119,0.03573680777851527,0.034805703666899244
2018-03-16,0.02077491537437159,-0.010949927919306024,-0.020300152037314632,0.004285769782859206,-0.01985387107967769,0.10411402478082041,-0.028484877033507994,-0.022272817686433712,0.00016032004728565045,0.010993440950161262,-0.0008973671796170596,-0.004577010152691652,-0.017949064981949408,-0.001350322459798398,-0.023022370507504268,-0.04308333639315472,-0.011375581096569243,0.0050592174954830794,-0.01447485156078886,0.007482731872790734,0.03945443285213274,0.008181537494542897,-0.03670773441615691,-0.012890782121638222,-0.01247991602936679
2018-03-23,-0.07246926378401695,-0.07631418647262828,-0.08168245251811253,-0.03528758592566983,-0.0760547513022074,-0.11109927342070224,-0.07263719550544787,-0.07582865020606634,-0.062372297504173266,-0.07385035635982796,-0.06633543433293197,-0.04964438927258897,-0.06362813287325589,-0.06417839347193294,-0.09991781171553313,-0.09063926024775218,-0.0809756202486483,-0.04296431964317222,-0.027434862719075404,-0.030135161293421194,-0.009671084406587923,-0.03716349363966261,-0.07933555507957972,-0.0607046692268558,-0.0613457182898889
2018-03-30,-0.005941168078237426,0.017071838533252802,0.04584724004690412,-0.028571669406479788,-0.05610754963602219,-0.038933161645273905,0.035825584447195094,0.02728563561009369,0.02214593126689781,0.03431640338800854,0.02408792623877704,-0.032773372762867375,-0.1249177428302654,0.02700954725328905,0.010263195240573713,0.030887614382258045,0.021189185436387873,0.04071919790799968,0.0411141123749528,0.02332298438786742,0.023790829392038464,0.04509480484289369,0.012201362353631161,0.019571014793959368,0.020122613655094428
2018-04-06,-0.07782514254422486,0.0035698316900565417,-0.011460081908835134,-0.02919363803571301,-0.04476846622705018,-0.07319369506776582,-0.02020470393843914,-0.0029763752294983442,-0.01618096888816871,-0.006743787672654256,-0.0003899820956840401,-0.029526389409190036,0.11746144930944076,-0.0005613897714353349,-0.026565989718612064,-0.03165305361472877,-0.03023956047995363,-0.025960928382495186,-0.024008464067886714,0.0034786916295392848,-0.0035571302111952847,0.010599539045100448,-0.007791915892354122,-0.0131199958164708,-0.013879264336721764
2018-04-13,0.07743639181219444,0.037018408794648856,0.03109710916025553,0.07599137169148085,0.032756321533160035,0.07491830117139489,0.007694473416497516,0.01103046481940673,0.025583325277537712,0.03666520141101988,0.019481004784306418,0.018025747755446988,0.0034687862699694745,0.004906949145982643,0.02550481902645966,0.03239452805613317,0.04939273616029293,-0.007758819876217312,0.02655223749762789,0.03890199387910747,-0.015667528949731193,-0.04422861731691846,0.02312750366719706,0.020691269219385373,0.019705007062396
2018-04-20,-0.012124990919764165,-0.05294188617868786,0.020417935263210132,-0.04057876038487757,0.0060240609595794805,-0.031310100661515114,0.01576345104974871,0.010551952209756464,0.02817097011828721,-0.008313725481300957,-0.03078597933088299,0.06539911645117602,-0.03420703960977424,-0.013465334896068572,0.03907078816717843,0.07495468107388245,0.024925550752671458,0.01109869705075107,0.024316964860443796,0.014792186085776635,0.003551059692949781,-0.027937581187002045,0.02792807192328294,0.005491498122475137,0.005196669838797594
2018-04-27,-0.01046058759203174,-0.020730130344416696,0.008594241322441616,-0.018473078303345304,0.10626100300003284,-0.06319609508943018,-0.014596641034653229,-0.01874466458728638,0.014467813501951707,0.04537540920393138,0.01263095437706185,0.029117157324302336,0.013143699056215936,-0.04815579948217137,-0.043510890757528176,-0.011064818712209813,-0.057269893682418596,0.0035574585811641917,0.015482131369592903,-0.015434693121426948,0.019523558944044447,0.03267620758496845,0.016781839211270307,-0.00018768220828739227,-8.613420372609898e-05
2018-05-04,0.054720172869044154,0.12444168172359571,-0.006911489105299725,-0.009755809796436737,0.01518564964774566,0.0012617818595931918,-0.008094306201696263,-0.008906089895022576,0.016918597212064058,-0.0537583951011241,-0.0323246914783721,0.005282963524535754,3.404995186638074e-05,-0.0276176486430358,0.018776484762224616,-0.019663875683121567,0.011336812393842457,0.0027457430217804777,-0.00709603972146429,-0.01150713930207953,0.0007924813035307058,0.06053581669338988,0.008706969461400796,-0.0020278194484800497,-0.0024337491360252902
2018-05-11,0.06270429118483267,0.029412720752219332,0.02634165642577301,0.05428656082877113,0.0577000400192972,0.08536360708000508,0.01853500997974371,0.04886477181923569,0.02815762250179967,0.050367771793136146,0.02426245745181365,0.013794789712154915,0.02342372147589506,0.004656164869460287,0.04863619967958183,0.03484705706753739,0.05638384196185029,-0.04229262913984019,0.005827838359064814,0.06547915411911903,-0.02062679557408119,0.016852591999819477,0.01960383086523263,0.02535089120065489,0.02385510275293464
2018-05-18,-0.03433117913209216,-0.012163618983951314,-0.009485347516876009,-0.03083460508926223,0.08421809504509359,0.029847259098936332,-0.01639052014989369,-0.024269251995778316,-0.012836004544687741,0.002252699833613331,-0.023859966998937655,-0.01796555983644725,-0.0839421635303796,-0.0074598411631423755,-0.031056094383550736,0.025026744073652008,0.005473755548661574,0.0031130169217322688,0.01621432281546292,0.0002463344239650916,-0.027051720749317058,-0.03583472682605129,0.012043872189148444,-0.005586724297418905,-0.0054221197295101775
2018-05-25,0.01410744259051475,0.012110259114452985,0.020543274158947723,0.05779152901451058,0.040698907205238215,0.13897165942698975,-0.009789697640675442,-0.004237783106034531,0.010336767934509586,0.008493307764700904,-0.015158503178428063,0.02247216879692012,0.007306564238354219,0.01424994131716153,0.013409562898508674,-0.022974250288128606,0.0008987160683824615,-0.014208190945667751,-0.0030202861827713203,-0.03237584443881788,0.037448827454909725,0.0467961529239277,-0.015602833790230045,0.0030176716313872645,0.0030767951500483342
2018-06-01,0.0329089263674235,0.008764460402009566,0.024404815337005097,0.024923462828213016,0.06157991542422638,-0.043474195495022745,-0.009938475201569466,-0.020634531081729426,-0.003280946446852802,0.024818973284459395,-0.0017305590894557536,0.019307529438083885,0.045463135602303494,-0.0012310445150438664,0.04590091337758278,-0.03689955085306079,-0.015063141540987394,0.006406428661773904,-0.006220195906090584,0.03887376523439309,0.00405542780528814,0.02002007245710897,0.004636233830969304,0.005313964927427516,0.00487176930593714
2018-06-08,0.01792698725333228,0.007645085951596097,0.008299648732820526,0.006338593448987511,0.05735132296241926,0.044125912637163804,0.019473100773273213,0.024692591141780205,0.029295682629512987,0.014392555485781352,0.022828460022018656,0.02553112187748117,0.08484450529821576,0.04103121021425632,-0.00201962113749481,-0.012129792684984745,0.011656750192905478,0.016373262026905217,0.0330793051118315,0.021399247509509268,-0.032440136388626015,-0.000517133548607548,0.017968341106688712,0.01663711756594306,0.01610942709100675
2018-06-15,0.011297820695141984,-0.015031351966533284,-0.014869348140160608,0.046430254784789925,0.06903659571674027,-0.05284605580125484,-0.021921088832174473,-0.029316026794061943,0.0026681556046951513,0.009250524933277156,-0.011756687224648494,0.018812529223536108,0.1200260929447936,-0.020304970655430375,0.02317745277856372,-0.037444378974554625,-0.03471864889335367,-0.00785417637688566,0.017320820128821985,-0.035800853538897226,0.01732382471933796,-0.008485825644367739,0.0026863756323316636,0.0006623601547384706,0.00022662995124228972
2018-06-22,-0.055456706039681156,-0.02097722224684814,0.002792388246280362,-0.02638693761373485,-0.033606146665413165,-0.01959671940934135,-0.014973830925859372,-0.020126919499272634,0.001700420946275335,-0.011111200784039644,0.001873958638297852,-0.00017483640035220377,-0.07097512432075084,-0.045041535712625425,0.008606415933322802,-0.018975658637380495,-0.06955520527996654,0.013292353274245768,0.01806835357445269,0.00888686263862298,0.02939925184110396,0.026599798095532923,-0.013316345480251816,-0.008661316490451198,-0.008954744496251771
2018-06-29,-0.05761567953883238,0.0010270944218603376,-0.018089100425498456,-0.06798685030940195,-0.05262665525920993,-0.08513440232036977,-0.012035557893964521,-0.014765624114283461,-0.021510517431332723,-0.00689044066840373,-0.01228612890482236,-0.009293110759184412,0.027552017793810543,0.013166530541426313,-0.03489633609711313,0.04201660912819463,-0.030988403937433174,0.009738058366082299,-0.010093380372605385,0.016452892670334937,0.016479607276533723,0.05981743234531634,6.286335362110326e-05,-0.012673684834156672,-0.013341362868666799
2018-07-06,0.04308556236738431,0.015332102833093445,0.025530639168704544,0.020558855494831493,0.08745607163661516,0.014952428055174676,0.004863608544449977,0.004075156177625278,0.01230608777947813,0.023854495004537603,0.03569930714819751,0.006351172463878566,-0.10456708906957339,0.017595753719867827,0.02266912897568363,0.0174803088615272,-0.0019181375642525898,-0.01339967183560743,0.0030577388893809603,-0.00484674628479635,0.01944687171091263,0.026911590164978044,0.036566457677123854,0.01514596543440426,0.015133005899877714
2018-07-13,0.008013333595194478,0.017717281107755296,0.0413439918159248,-0.20159550393945258,-0.005516419115763058,0.056960150490263706,0.017965235984356724,0.021861805420616935,0.038979795537545846,0.0262017045626451,0.0014304678672002894,0.05813770004600859,0.03176591964513835,-0.010928736708481039,0.041828492025856284,0.0028840865358994187,0.038678020256176886,0.03705221457905526,0.0324789450468001,0.011832671010824055,-0.004649691491440851,-0.027071519685761516,0.016685039795219868,0.015026954856485177,0.014921700849027547
2018-07-20,0.006277699113931101,0.0005748152107099954,0.007935512123612954,0.03813568962896765,0.01403743154014497,-0.023885481456403523,0.030022330045155095,0.04522017701840148,0.011197649007646441,-0.013918752938479105,-0.0006354011600193786,0.00036948626221352615,-0.016728994743526383,-0.018162084479451723,-0.0054447901785125265,-0.05703138815011067,-0.022206112352272225,0.004096215186937102,0.009880234928749237,-0.023192920711587732,0.0026513671954888503,0.012840388921856382,-0.0073406524702742774,0.0003218952229814201,0.00018561717895841906
2018-07-27,0.004493709721517869,-0.002405858302677392,0.013180979618121586,0.049711219431766616,0.13791573504873678,-0.01945372884772656,0.00592811090109895,0.041798955251314975,-0.0019878489930353145,0.08791497916132153,0.04429632514369563,0.001966471783694531,-0.05371644450261105,-0.0006429720474643043,0.04489951236856653,-0.004583758636785574,0.04109644850677908,0.0007946087388596889,0.004379866014460253,0.006367886798544028,-0.01774801436378727,-0.0268172073881573,0.005120184660105936,0.006202004305493041,0.0060455789059447465
2018-08-03,0.0003175162883995936,0.08532159172213666,0.003337750098000281,-0.014765996235907148,-0.024046082934920547,-0.02154244196956586,0.011502216421091145,0.009094294913334083,-0.006345262378873418,0.04037475617111652,0.003035918266563434,0.003307130195169695,0.1583527929435285,0.037573292647630555,-0.011826402413356798,0.006106978707833591,-0.028820392020754967,0.01654249744853865,0.010777062753796092,-0.021219826011042553,0.024666548208650912,0.03980519978066739,-0.008383149010098094,0.007716560919158755,0.007608936483701606
2018-08-10,0.010613774393493808,0.0012866186331398134,0.008846076683551148,-0.025952752280448965,0.030361837185892634,-0.027646225556291024,0.03141310334979851,-0.01168310517943121,-0.000643724907818583,0.016467208129191013,-0.009136130845239673,0.03397473155693057,0.020806290808228288,-0.000309949695946998,0.01152310606298607,-0.028562293473473287,-0.018875862785201845,0.012243591539530679,-0.00777645371546086,0.0004884136202323812,-0.0012865260508776078,-0.004897564222020886,-0.05907664042857454,-0.0015526624733491368,-0.0024922569362920725
2018-08-17,-0.03991645927153951,0.047291079888466946,-0.00927176452278254,-0.014045012447999886,0.036573790130741524,-0.08656886208888664,0.007281149371086846,-0.008329750849001567,0.012887708206461632,0.037275164866010034,0.02805438616184156,-0.002165332357211834,-0.1515473285881655,0.02358812353390672,-0.029706137366879985,-0.037499642419808514,0.02485037134858237,0.08162806210226217,0.02408224337987364,-0.014713791531912447,0.02450266747943446,0.054850533525424204,0.008043083319501921,0.006687527857892409,0.005929504696959367
2018-08-24,0.10608715043240181,-0.0065478434781062154,0.0075930549639127015,-0.0012913504484938798,0.1930544701729886,0.07344040195146943,-0.0007690265878709403,-0.000784602072480139,0.0201034603381262,0.0020822734890613907,0.010946002009964631,0.012234787824833495,0.05514512426996322,-0.01187739128761336,0.017043654958307092,0.01612948540055433,-0.0081426010013121,-0.030085348983233,0.024510927717013544,0.017229048692512183,-0.014200890218380209,-0.011459688361989177,0.0010891759530486757,0.008558077559497314,0.008580255807261987
2018-08-31,0.031151816692777244,0.05170253486903477,0.03561292781197468,0.04687448883326033,0.048432681668396746,0.0352682163783997,0.0035517459875594585,-0.0008722636446602797,0.01848278433727038,-0.001135619651767996,-0.002669319637156176,0.05479533356207421,-0.06779437325922867,-0.021679774831019707,-0.004010639246719034,0.03459475815377955,0.004619568789889117,0.009538197153753359,0.010446448367465002,0.006884258224938487,-0.00863980556954941,0.011609630709876658,0.01259482725218536,0.009691427117790426,0.009289922376467325
2018-09-07,-0.03192815505235987,-0.02820232539024453,-0.03736726690193365,0.06002602343451012,0.08415997703060245,-0.1576475202429097,0.025169235398762122,-0.0022714028964498515,-0.025441504279428668,0.012977857128811977,0.01933815573826222,-0.03059170152921254,-0.13623435865598466,0.005619698112260139,-0.04500636008365856,-0.042626746073109074,0.01763283022069587,-0.00031273554554696987,0.035107761520233934,0.02049428256311183,0.011689008365652521,-0.0048086797406316755,-0.020177509533164523,-0.009378457787041045,-0.010337543781777953
2018-09-14,0.016670222723448713,0.011412462949074414,0.046582859866885665,0.016037102085381637,0.17817375983312542,-0.012561960858638716,0.010827000556625617,-0.0071988654922252975,0.03188792356851426,-0.011842237477044054,0.015678873162318904,0.009239618793544012,0.11458693102344993,0.04504746653166085,0.0003310238207160568,0.03181539199192422,0.025017271082572904,-0.013023913702886502,-0.025502551605485233,0.013232317729291182,0.00896611541717914,0.00030140932253757633,0.012563094696626411,0.011340080097040609,0.011529298314460017
2018-09-21,-0.048093865545071994,-0.027997607138874447,0.007820008242538656,0.05604043171652941,-0.053354376536656305,0.009883402213082714,0.01899853046358441,0.03760970350443179,0.014838289750388488,0.0052801039243195146,0.024012526282354344,-0.02840708902664761,0.013124884185915823,0.005342928196541816,-0.004987019100544077,-0.04105185071196501,0.07624496848713415,0.013753991784198897,-0.0026378269704204348,0.026772328363584414,-0.016782986471900373,-0.01379769057842668,0.05881334005506501,0.00832542054070515,0.008463263157570112
2018-09-28,0.0645621624101397,0.03644962869752823,0.0009621543077078026,-0.0055371799800387495,-0.004199685333824159,0.010892461058483406,-0.029498508594234883,-0.04344171610593367,0.0002664078924998114,0.009174866524017186,-0.033520713859309825,0.0449231903970328,-0.12191649491204858,-0.005938374824429559,0.02939011506769228,-0.07505661950953242,-0.025189754970255634,-0.02096895338508634,0.000510885410917607,-0.0017617811972599133,-0.018678920598814878,-0.018179522708768398,-0.03526919904847658,-0.004359134713500177,-0.005369924403918694
2018-10-05,-0.04052253261052108,-0.006443876964787,-0.019780107854378344,-0.010184105209189573,-0.12171594435592303,-0.03716221376457813,0.02468010965359125,0.022629791793814087,-0.03202194816996197,0.06938400530541401,0.0067082870751473,-0.05825446456197312,-0.01070786330300922,0.012135631122808466,-0.03305693895347308,0.154783343532008,0.005362692364665879,-0.006409767081767836,-0.0708250464754217,0.0037566941049272367,0.028063515906320124,-0.03287244694573617,0.021602826212017392,-0.010024900738147732,-0.009797359836994292
2018-10-12,-0.09037901999491027,-0.009767029955298902,-0.023095015534246862,-0.04728683955416003,-0.03762784070754963,-0.025800086749570687,-0.05941785676399849,-0.069260879217262,-0.03714213127160112,-0.04027139976908858,-0.038323905417554725,-0.05495286779252492,-0.012175307439627539,-0.03294974005748011,-0.041336624219369164,-0.06747684900377734,-0.0761420321498421,0.01594766244639294,0.03648041272107784,-0.04751422069031536,-0.017616674766106826,-0.010336163613745971,-0.049935891053308104,-0.04211560727774438,-0.04191183814927116
2018-10-19,-0.07306005793251513,-0.012686600250014689,-0.008340009637770434,-0.02025077193665771,-0.1073028500070969,-0.048731652300330996,0.014545530401652535,0.008936175752476003,0.00014271375414761023,0.01294971731402849,0.03796458109091466,-0.013837776014408347,0.004703230891514915,0.01904252108804667,-0.013802363645415046,0.01929325838604004,-0.07232967084322138,0.024381297836429432,0.011913570994395835,0.007224103002723867,0.023920056265124456,0.045538201350192625,0.02284268923265206,0.0010858947329399021,0.00023492577031559246
2018-10-26,-0.14473328521253553,-0.013819801466199764,-0.015768761898007758,-0.06857654631681007,-0.2941839032938457,-0.1333547172285488,-0.05555893909372515,-0.04249948195665966,-0.01684583006148552,-0.05067265059511264,-0.015071909430331086,-0.07119273763393706,0.24113463306228308,-0.12216628711038457,-0.01958099184889824,-0.10571429638761196,-0.1322705280404409,0.018257511851691943,-0.05127713783267207,-0.055688506928280965,-0.020795802408315606,0.010492118082845022,0.03134582992891608,-0.040331267250580186,-0.040212067169601816
2018-11-02,0.08053524074221516,-0.041631546989323726,-0.0075075569372721205,0.03512492811033207,0.1375646797444892,0.13013602957139378,0.03990062476726265,0.046845287320057306,0.014701942585803972,0.0033780175424672726,0.026725677625020667,0.013735127802416758,0.045806847967101424,0.04798807992151878,-0.01137714835493998,-0.19586432575633958,0.08924703147861536,0.023967536125719974,0.05340848449780189,0.0554442901276206,-0.010294593523999916,0.010839174587459829,-0.03140857266354604,0.024423212126115045,0.023922771243904274
2018-11-09,-0.04399309073496912,-0.011130433374579621,0.03161632847305023,0.07930034845528873,0.03878339381367723,-0.030469739013702618,0.06130496109213984,0.026495915304342723,0.029257021134049384,0.049882416106372285,0.03258835115396555,0.027770038588898923,0.011766160614304908,0.005554306563866463,0.005147865834556523,-0.0795046396364019,0.008864547514679324,0.040798210215812813,0.0347770076575907,-0.0031803243942724034,0.04880410845317279,0.06617807500662529,0.010456012679798453,0.02135941770262906,0.021057905098512807
2018-11-16,-0.223787448775076,-0.05498871775594762,-0.007440058327232633,-0.005791091798682151,-0.017750566059544153,0.008402272441065489,-0.00557028742320119,-0.011749848933338934,-0.024605826372515342,0.01935606361947728,0.004462306492900854,-0.0720369970249607,0.01078302995123258,-0.013118758226932198,-0.008157453700384119,-0.06749545133519942,0.023748516137157494,-0.07748026227059626,-0.0286735525150153,-0.023901338908946808,0.021460513367346504,0.012159088500964619,-0.02152796939912948,-0.014614902626285063,-0.01621848834596599
2018-11-23,-0.12575176019211218,-0.11625318167958175,-0.04940460727610421,-0.03298627058295026,-0.06395789314730259,-0.08021153927691217,-0.05331711141278107,-0.03083708069067439,-0.053555920648558186,-0.008469396944013706,-0.0260929312848403,-0.059038938261024014,-0.08379645067116727,-0.031184819813750007,-0.03638470746582201,-0.057745045264094325,-0.06058632176502869,-0.026870183444066595,-0.0486040984677003,-0.044941246672287966,-0.017108769533529692,-0.0077072481450131064,-0.012027781907724765,-0.03903834962673558,-0.03863890719339577
2018-11-30,0.12065125982346775,0.035857291440126,0.07313048754928779,0.03214398122785384,0.09446547373810282,0.057646394090461316,0.05253846410271595,0.04168807157019212,0.06441145201291489,0.04985702297109725,0.03865470220637098,0.11799164845853065,0.07292787450402913,0.06206636738808097,0.07438880389072738,-0.009290313276559672,0.10358499860517449,0.026460621216787307,0.04972919609318631,0.05175657144846401,0.030653488059096377,0.035748000992933626,0.018145182743074056,0.04602798383711419,0.04733546468431722
2018-12-07,-0.10181113616919647,-0.05816035165584541,-0.05629410069849461,-0.03798940198041227,-0.09034600718539336,-0.08804876521650398,-0.06317093410156906,-0.07370009803117974,-0.03299929579675251,-0.043586263517963506,-0.010057343889382573,-0.036783009952082696,0.021145582287143482,-0.03584623458734474,-0.05851695188935286,-0.0675654499027793,-0.09357946574358096,-0.041307081672160434,-0.028151089942206945,-0.023673985011969812,0.006308785846387588,0.019170946119380236,-0.0406125767235382,-0.04481285862570134,-0.04713795041466005
2018-12-14,-0.007889769345445155,-0.018025961813588877,0.011477292942852796,0.10879763697274004,0.022358682849881753,-0.0319408713189264,-0.024107099175781136,-0.029474096751526787,-0.014842220372101448,-0.014633686585618484,-0.08934562430312278,-0.023111578408092442,0.021391436940783184,0.0026506657388897987,0.004889622718812397,0.012757366796964584,0.02572828936413968,-0.014483403310832373,-0.08246948625070605,-0.026890829622640004,-0.008898729669258535,-0.0190330150157144,0.02719383010061952,-0.011831326210164647,-0.01266209802315306
2018-12-21,-0.1224627888753841,-0.09336042561332747,-0.07641025170392247,-0.029223394634025186,-0.16163249839032962,-0.12041818409787708,-0.040301265000930536,-0.0629646349027012,-0.08356496587430479,-0.02268033056035465,-0.03761587163599553,-0.14470058882315748,-0.1342386477224683,-0.06528859913185125,-0.0592057999806407,0.00839191334956754,-0.05429940862439582,-0.05275581649349594,-0.062473665689197565,-0.10392107447277685,-0.040134787687346296,-0.027041407457897324,-0.019372265943167023,-0.073113635728531,-0.07312227713336905
2018-12-28,0.031003160181098378,0.035839555652937984,0.021751000027912557,0.034827976368587664,0.051234190746414505,0.04039969234462049,0.050647566116113395,0.027855088932438415,0.052362949240667915,0.04275789276859439,-0.006422534336314146,0.07046943915135291,0.04314964501365049,0.005284383447477939,0.054411621555639875,0.04912306027646717,0.04510720463302403,0.05579951733967858,0.037930630208092536,0.0007338258037814609,-0.008015543751408047,-0.01488109320338496,0.02068453689285024,0.028868562426669582,0.02820047985107634
2019-01-04,0.01882647337622712,-0.05236190417030228,0.015223659814631548,-0.0836934651061036,0.06411757424924201,0.035167748238992935,-0.034639009318232744,0.047178209426475486,0.020485728192445974,0.004020077201243758,0.004390612294517094,0.0637995025223172,-0.04967563339617145,0.06396726548027967,0.0295491711337655,0.09155026390939522,0.020019323031441737,0.01411893217066092,0.02057498402371662,0.04278553571577849,-0.00110059027547995,-0.01583757626876358,0.002045432080921338,0.018555455860575394,0.01841538616626462
2019-01-11,0.08875373425300781,0.026818954850395548,0.008499156924863327,0.07171299583748479,0.06470300388077681,0.09642181138063076,0.005568465000952861,-0.007776994107603613,0.03246355828135114,0.01316938527891214,0.014908318472848032,0.04053477550625118,0.08899776533868164,0.039141397572042214,-0.012695336021411001,0.08274990416897901,0.03035787849716633,0.014871677823569459,0.020492663904495383,0.007979556428724275,0.018263549741989245,0.045521121120352934,0.02259922095990431,0.025775322249153774,0.02508616749452901
2019-01-18,0.05299527959637404,0.029312188687564196,0.046656987238950225,0.04009244654988594,0.024367676880460123,-0.006966772377177453,0.04087702694895696,0.0457782025239735,0.003181758426634708,0.0035226999104787126,0.007218418704240492,0.03335278068146567,-0.13878620140499112,0.002911229180608075,0.0394476823492368,0.013333335562469807,0.039910498421208536,0.03001735540826596,0.01452528256625248,0.01755265622605911,0.002160304148136759,0.021869145841866323,0.0036134935967241564,0.028473105328399567,0.028272388367691362
2019-01-25,0.020311112220166787,0.005976152634117973,-0.005026182833398308,0.026932534299652505,0.054345916418023464,0.08570559922749539,-0.008496457299374482,-0.011539416869517037,0.0012270084321205565,-0.013992375123317915,-0.019002535522427113,-0.01522549968048665,-0.017420742241090904,-0.009737354243782501,-0.005242699715669445,0.01097725957241136,0.0019016895437681475,-0.00811628129688615,-0.021389421095635026,-0.01755265622605907,-0.010791079633910801,0.02568058816049602,-0.012201857784760848,-0.0025550644774062457,-0.0022303390970261367
2019-02-01,-0.10124097521434544,0.05404033585193304,-0.041825672882919544,-0.004226345014599209,0.1112256305326243,0.016293553478646562,0.031269248576266506,0.004727834837885152,0.010615830953933791,0.050209853152158486,0.045505984526590416,-0.02690046718567345,0.049809140831075266,-0.021761544629955124,0.015413797867112958,0.10656095630839361,-0.04444862860538163,-0.032287952892448776,0.005723369006676931,0.05691030526275685,0.020567967621993522,0.018116296216486662,0.04264387527620421,0.015975335673518987,0.01555338150231116
2019-02-08,0.02349006629348387,0.027371623725902895,0.027730418049402624,0.026810334302755978,-0.06141547053499391,-0.026095023057659032,-0.040336131803296905,-0.024558020657071526,0.0016400116794356508,-0.010728317115086435,-0.013503920416308808,-0.023650527821900108,-0.020744676544083365,-0.015113238041503796,-0.014624269145925317,-0.03800474698915714,-0.017803223281224592,0.018159269243581966,-0.009359467344900983,-0.014844226400513113,0.028768582097258865,0.011725385113668942,-0.027771433332582748,0.0015169917243152773,0.0004986152011035238
2019-02-15,0.06004899519864644,5.904597501858722e-05,0.023845303517970984,0.028311686778138376,0.026965086559964147,0.0846973111050723,0.021516771159716525,0.04050658262583786,0.03350378491391878,0.029200379802682183,0.029617606924457977,0.012346132887827918,0.006778777949099758,0.030658607472419944,0.015526657646017355,0.028142393229990695,0.05741718034541623,0.04510663257048043,0.041116573516504544,0.04918902785215404,0.00561260587015873,0.005167067438802515,0.04440321312310113,0.0251912606730767,0.024700977581626978
2019-02-22,0.011689237313238234,0.01485198498397769,0.02935518331467105,-0.01944804258098812,0.028311644993883254,0.013718352855891621,-0.016601509228590522,-0.00522452572295798,0.006602547499550699,0.012333543105202984,0.001611852930941963,0.014576583902308012,-0.043718287732887814,0.02207162191367457,-0.0027456188325216194,0.007897341089268237,0.018044845682995934,-0.0044101365594900865,-0.000832031057227262,0.009095304116876032,0.021979961211020527,-0.01680682975987195,0.029004646273499267,0.006361027337032747,0.006131124256201798
2019-03-01,-0.016331606380318706,0.01149626014705782,0.013959907859115482,-0.013655068559366835,-0.02831164499388316,-0.023530490846282552,0.006024120503915402,-0.005443597783335674,0.02438005329101751,0.038289975453136754,0.019339944848437016,0.024322394935251818,0.00027139678949648975,-0.01065050907466293,0.028221592979462105,0.04900575452359966,-0.00876304027869953,-0.016407185859459165,0.014458913021555077,0.01994725507019913,0.003628615561647236,-0.01913765795812634,-0.02995431719285769,0.0045749149066757104,0.003938286330376053
2019-03-08,-0.0378436621587591,-0.011843325158152167,-0.018113652253119318,-0.031887140331972263,-0.07313391696593241,-0.07307249111148181,-0.022050058004382353,-0.01369078940343683,-0.014285051158573078,-0.01674932922232089,-0.0020981744320698907,-0.030939177386506547,-0.036796116757997356,-0.02830039966100263,0.0012617453398359063,-0.06849048713385417,-0.04554039648759762,-0.00347793659515415,0.03747675013355244,-0.012452033509378782,0.006059763418569488,0.012887685746414836,0.011580497192543508,-0.021483045994071158,-0.021858629758871834
2019-03-15,0.1197875552917915,0.07362049199915514,0.04770787560326415,0.09421158610570475,0.0565272172687759,0.022766295823315155,0.027842302103050345,0.033788209042239295,0.053577946970901257,-0.02202436213561505,-0.003337566142558053,0.05495262597964011,-0.03113360620221092,0.023422045255799384,0.034469606850876355,0.03889935354490961,0.009999406205149329,0.013835360291723931,0.025054659697779022,0.014325646685321308,0.013370370681178348,0.03047657903780199,0.040307480652361824,0.029046791048922653,0.02853816812514859
2019-03-22,0.04429013106514417,0.026143589990030785,0.009787289065230607,0.016990197453143212,0.1242029089843647,0.051267822797747456,-0.01857482886919713,-0.06584694485783421,-0.015493110609943276,0.0345737193548306,-0.005027260421241692,0.03014790685005515,-0.04037888932264944,0.012957453563569213,0.014470794634639862,0.002005933060289095,-0.022101284991179637,-0.001423544480202324,0.01680985978971914,0.004108680426715669,0.01396820751997978,0.0068338212753466954,-0.037949598249612214,-0.007349615229291053,-0.007742981661372355
2019-03-29,0.011538608434996479,-0.005774618159709307,0.007574677940728135,0.027169074642238555,-0.03276455577646693,-0.006992131516279226,0.0016938841028160386,0.014627930414895612,0.020177653944367532,0.011315125654032426,0.020817727266690508,0.009014208099635258,0.05633488339935888,0.009290381897602734,-0.02580088438267398,0.0010014992413984905,0.043134154329206295,-0.007660491193246573,0.01909591814744494,0.003968097919519364,-0.0031501754284558856,-0.002830925340300364,0.0351112947913985,0.01150026752237273,0.011957297596611242
2019-04-05,0.061502306259911994,0.036443028600170034,0.016398525363544438,0.011801890461164135,0.12714344468265135,0.04702575004134679,0.021860958349205824,0.047135575044806366,0.009304373792880374,-0.02157822420739567,-0.02616374383610827,0.031251593032299636,-0.017663802538826608,0.031080502662800664,0.028942559271422832,0.0019998363744993027,0.03531294882968271,0.013241344756573247,0.01528666451598074,0.020700169661491276,-0.016901891912667662,-0.011144411563749268,0.0482138397481047,0.021329769350083547,0.02037390635908508
2019-04-12,-0.004935196016494265,0.00944764394504544,0.008802752490471586,0.041048035545225146,-0.03977294102609814,-0.030706594090548094,0.025152186657101547,0.05451217788114955,0.012543903517140754,-0.03143615296776359,-0.0014697220934909603,0.003141032677819427,-0.02675874576821681,0.016420231574291237,0.009268226690805724,-0.10636003944528086,0.005966415129291456,0.02724808646323689,-0.01607162407897694,-0.019216199492927927,0.004043017826245133,-0.003524519349643815,-0.023399973143759453,0.005495398268111723,0.005058473799242462
2019-04-19,-0.019718168794205102,0.024782128867255726,0.019810779096391187,0.0050027276382513634,-0.006122838295984716,0.03255169338037609,-0.002710699846931563,0.020030082471667234,0.0032518979471181865,-0.06600261949449623,0.011261339895696316,0.010057478993822352,0.020556763826587603,-0.005293361415230598,0.015209994844815935,0.038151995903999675,0.021224930098255917,0.01582522225328691,0.015827767406570124,0.0025918576248619395,-0.007837848104554897,-0.04315669145559142,0.00027653063895010803,-0.00048322280615723954,-0.0008188929157063281
2019-04-26,-0.04506917874836166,0.0021562643003276965,0.051499938343256335,-0.02610511887438938,0.0071994140160890055,-0.030411858640061108,0.01994359333964942,0.008862143067277653,0.01714749949359803,0.03973844181994633,0.02065502139896675,0.04666770402602286,-0.1502426372629904,-0.04306223428674579,0.028546240802959588,0.023256955560502886,-0.030669191405240902,-0.016120611475193693,-0.008128796755406464,-0.0079195309332735,0.012333501277079148,0.01759406777124684,-0.011933292951538898,0.011621117424605256,0.011924996971923974
2019-05-03,0.027251504082976837,0.035816573443107416,-0.007651308592706829,0.01692987284677067,0.012121366302098566,0.028797639451845405,0.02024007362852372,0.014311569762060175,-0.005477429381028632,-0.02500343779322232,0.011473437841529807,0.006046384028784005,0.08120017429826035,0.0006519529876124834,-0.07126730531227114,0.09274191678830572,0.00021557663880616127,0.00540287886421343,0.003275574337391617,-0.03824220313368897,0.0036448509698070687,0.025300963281456406,0.015033125216316206,0.0021109404592232943,0.0019573501829687544
2019-05-10,-0.08070740411275608,-0.06744573468849868,-0.013826443978721068,-0.03792763757033177,-0.009256037471366427,-0.10682335599952998,-0.04481364205657105,-0.0315818836368529,-0.008241875566453139,-0.005919547197346595,-0.021063920980429734,-0.03763254667967568,-0.06274428639117287,-0.002609416615651624,-0.01859054505844027,-0.03587406040294982,-0.05711578076759859,0.003631122042142719,0.012460515969876806,-0.00041909032697742485,-0.003384042881627668,0.014027980231217756,0.0034750671637130506,-0.02037395204130701,-0.022049821259407732
2019-05-17,-0.07558552345903448,-0.04237005555580175,0.01106160859561039,-0.04739464307389673,-0.01658887994890077,-0.07683746941861881,-0.027894796017278078,-0.015586055972394238,0.022350342045664773,0.0037857054603775402,-0.0031694908613475255,-0.011162757001071838,-0.12663659004357386,0.037813141148466956,0.0009757622762601771,-0.012916265812452863,-0.06755818282525997,-0.010356462559552151,0.005369628123329303,-0.008526393299193306,0.03696002178919918,0.04314665212941655,0.03999611973384314,-0.007875701655588681,-0.007618967345103139
2019-05-24,-0.07548009557418542,-0.05452878499792585,-0.014392356088757958,-0.12455820407672598,-0.03930796949018945,-0.05882387241405287,-0.007803288335719053,-0.0096156939522701,-0.008875679642524212,0.00670109567901921,0.00854910138474687,-0.02476640286767619,-0.10166596929683597,0.014671582352619915,-0.0261521339279351,-0.05657009732327881,0.001139574304810643,0.017786293047239436,-0.004236896194793993,-0.024132689164737535,0.021822513051877226,0.018934926232111016,-0.006050210803639168,-0.010762822183171983,-0.011773749715358757
2019-05-31,-0.06795044630164405,-0.022031988720966802,-0.020487153962731035,-0.016943956713043107,0.036029869565488724,-0.04174163420694487,-0.02139844753897917,-0.034778690023171924,-0.008087147802500135,-0.007304526500032599,-0.05705257056073969,-0.026797212861188965,-0.029114082093816683,-0.05379178592905371,-0.02860633709865293,-0.0010589256439491495,-0.025463915787454525,-0.01205235504472677,-0.03171454739017785,-0.04598042869009607,-0.01939675736265362,-0.004299984018419359,-0.0349072837795571,-0.026916833192784893,-0.026533792742947645
2019-06-07,0.071499663788324,0.0826268172464157,0.06054870703525109,0.08829888158411674,0.16755910769758126,0.04144715838816863,0.04161997150711896,0.029752989479839554,0.05264067203981758,0.0205734899523369,0.05488956120424226,0.016183170449282327,0.09934766111806881,0.0605862368194202,-0.035067713436804156,0.05562718475920587,0.038077416143067665,0.044537452070408635,0.06632918395343108,0.05243718260224877,0.03070265945658071,0.024446242450522446,0.10255967785259698,0.043991989050280775,0.0431254033288479
2019-06-14,-0.0059280325191394855,0.013529222178437578,0.00795878200256281,-0.033065238513355605,-0.06534103981417094,-0.03991491905083063,-0.003163220850856961,0.006027985617475729,-0.0022963553822003494,-0.057471768106428144,0.011053867624592305,0.03573886870522736,0.049697904496985836,-0.0043185485587815525,0.016643170991221506,0.024741491422995702,0.022012143348882247,0.027984900112963774,0.01604163696942972,-0.003088464717059544,0.01249572974616801,-0.011479685648606774,0.013209010720528333,0.005581669852877074,0.0047358195062741195
2019-06-21,0.04805240700365663,0.030856520605140915,0.033556759803927534,0.03940057722619177,-0.042387785344863295,0.017903494614634533,0.005104919199487904,-0.0034662448998266384,0.022035192544139617,0.033009258121292566,0.01417558457091308,0.02202174511300468,0.0317806758115438,0.003086634267309951,0.035334566818270303,0.024144025113083802,0.05102221146390729,0.018710673647712638,0.02272647889952989,0.04394285462418395,0.0028466220261888176,0.016513363552029883,-0.002865279311022383,0.02110557514262142,0.021750110874492485
2019-06-28,0.07896758758138926,-0.004335760894804227,-0.022220271877856218,0.04938263917789231,0.042717119404916785,0.14893844018560048,0.03319486128488579,0.021335118300259855,0.0006343858538869304,-0.0415472486620368,-0.019974628949355713,-0.009288007613939133,0.007185868022115626,0.03214303828631322,-0.038561659390662965,0.002868587322879751,0.017766021094426116,-0.005775338573530222,-0.007051204087583812,-0.013738090031576212,-0.0130452558948497,-0.02567028955340249,-0.006601815315802938,-0.00340743327209464,-0.0029530321465882554
2019-07-05,-0.024657628582432978,0.031383877692472056,0.02287717181633566,-0.01822939792649444,0.036532239140298524,0.02128013869872592,0.009710182452382345,0.02205800607122896,0.017761055104170965,0.0181567731430188,0.009219622297545424,0.025691194342279733,0.042235129100337866,0.02330194027548645,0.04502748974812745,0.0,-0.005886962942747694,0.01339519723050315,0.014985486101647509,-0.00654625349809563,0.015739821593421195,0.03246148865685737,0.008084737010602123,0.01846355281830695,0.01640242734407817
2019-07-12,0.04502928325638251,-0.00456410514838066,0.013335647102179708,0.009611706468239127,0.05286346198924626,0.12144039163406915,-0.005356919204423778,0.01582278101970823,0.020561621190548707,-0.04098069100073969,-0.0456291952183575,0.03444529005733353,0.050117159524310596,0.0007794353183566569,0.011123732950044015,-0.012458189177028215,0.020961014049821924,0.02312736951195351,0.04086847806665407,0.01951138248786652,0.0029745709027332295,0.006272884166257403,0.007627852418613064,0.00731069203960012,0.00778132086542786
2019-07-19,0.004940018464481076,-0.0034987650503521075,-0.016551175202472297,0.016024078458697525,-0.021303325134267238,0.02243802953050182,-0.03871269106042364,-0.015382462369777774,-0.006063221701720224,-0.013948314253051488,-0.03016014732284358,-0.02338422159579231,0.052072306761658534,-0.025889582186288743,-0.012112989215994992,-0.03234009546863342,-0.007849054495019384,-0.006126635608450886,0.007380348751524277,-0.03459898409513089,0.004779603510226473,-0.020262832453959594,-0.00294579199393871,-0.011642214803300176,-0.012406688048744998
2019-07-26,0.03860612275842134,0.025102944171834445,0.03396541152838405,0.036963771981738246,0.04540091773687148,0.04236746418359417,0.018900664705387236,0.023329834285756083,0.024524131831007323,0.013763664070526335,0.0032176860592078504,-0.010989053773655088,-0.1241359202383864,0.04063906649655759,0.09572386043153659,0.045750272551923765,-0.02459723329574965,-0.007756175822318311,-0.0004976206680228685,-0.002403207635695633,-0.002673549706145414,0.0009626436604011465,-0.011970197176606141,0.016155529027586938,0.016410278926185913
2019-08-02,-0.08260210314683859,-0.018068715210081642,-0.031918056899411296,-0.07731864092847851,-0.14459428842221844,-0.07451300664898403,-0.03505216625181891,-0.02871703447640796,-0.034729635879097435,0.03761361336779318,0.0025976882107529796,-0.06364369949590754,0.027252003952795062,0.0005854425681447299,-0.04006213193845214,-0.049742152075694074,-0.06512058018204488,-0.032554010029036795,-0.03203171909557497,-0.04176360361122364,0.010651836744516786,0.019418308291254148,-0.0682072849556395,-0.031585237272358686,-0.03149353036161282
2019-08-09,-0.04446274750632398,-0.0111709456645611,0.005899629080992388,-0.010103755788945266,0.14957885148353703,-0.0598309745498314,-0.018022966718620814,-0.02865404518037971,0.009145161172135034,0.011937249915294903,0.00737316171687941,-0.008626256488493706,0.002854929178705862,0.010770027151314653,-0.006221688187059537,-0.08883112729936989,-0.04231502088682302,-0.014658395355497728,0.005270685841128458,-0.012764105859411068,0.02369918136938487,0.04069004678828941,0.02244052477576912,-0.0034230661746291182,-0.004580706591461323
2019-08-16,0.034299199249929156,0.027045432603722632,-0.008215401754323042,-0.007097424597487531,-0.09215629006757692,0.04773424095543099,0.00336032696654082,-0.018578747395731073,-0.0031483671926201824,-0.023392139651616413,-0.005163260915838005,-0.00833854434390682,-0.0662731994304581,0.012372854127267654,-0.008183749201744995,-0.040139505846738685,-0.025021707128956284,0.05185759445160384,0.0005834155498225291,-0.024156902974685545,0.00483860864243536,0.015713233261019963,-0.016703851254603067,-0.009544184122067895,-0.010321520432723849
2019-08-23,0.017888586154296778,-0.018869468464343675,-0.020333364247051025,-0.006044545084912569,-0.05403156532114522,-0.013639933288329102,-0.012900791333002195,-0.015907458101404932,-0.016975515476265773,-0.00918080463771253,-0.028022836843350697,-0.02425171185003037,-0.03960275621516353,-0.004299157368182664,-0.021974439192459814,-0.0979302051265448,-0.020565471649286828,-0.01930200475560863,-0.0003280717575188158,-0.011930544289856026,0.019889937238141923,-0.011782085382764363,-0.02428763024556427,-0.013944620722957067,-0.014495144272481376
2019-08-30,0.03172370694623225,0.029658489252614093,0.03296182323008262,0.03789389478711617,0.06265369930922102,0.052374945117636115,0.03120806420650244,0.03557911080383319,0.03140267903354748,0.031106467572686963,0.012385256933637304,0.015128253564835511,0.06505577201340079,0.012557599180931021,0.03152837127790528,0.03452894562519714,0.04239890190266667,0.030479072410381874,0.07520636116231494,0.014562599167428063,-0.007194302403569441,0.02041638580938117,0.02959656464383632,0.026330992470581665,0.02748900566177545
2019-09-06,0.06438571645114587,0.02142252834860502,0.008954324899765205,0.03227131991987822,-0.028707060582643204,0.07856351002226991,0.006468352377747196,0.024723452616812695,0.02684607436939859,0.009514810193079381,-0.0011689317097582142,0.03170524408763181,0.008122568886240189,0.02768979562216819,0.013175824902087458,0.05425857236337083,0.03061891820913714,0.00410511620742469,0.030076851511774447,0.035151715742933354,0.004826723991099497,0.020227378629732815,0.0032240277902172115,0.01896758027695457,0.017696819671872456
2019-09-13,0.01824801028627888,0.0254175957326112,-0.012878850120768804,-0.005461466367201374,0.004244939210714418,0.03076544215656836,0.04245990833117214,0.06547594088759102,-0.04667412514239959,-0.028098169856089497,0.01984681023702658,0.00317469156839317,0.07514377581726098,0.044775864373156914,0.02756111174732175,0.07091497128939316,0.08645426985113241,0.023260789563589238,-0.03982706769852096,0.02382216487778214,-0.00752365451305151,-0.06650280916472212,0.013833800926044427,0.01014826042353764,0.009582249474685695
2019-09-20,-0.052178736575334055,-0.004673745804657848,0.015320280142008346,-0.011934829993975427,-0.02107425044111039,-0.026893024196707797,-0.026037112366322834,-0.011123512781625025,-0.01827384287603507,0.04642986271215521,0.006630211402995346,-0.024869894937214868,-0.018855326085418893,0.0,-0.008251529951432496,0.0032070445304439275,-0.04291709243471377,-0.0038395258996425296,-0.019161127915620604,-0.007738961036671299,0.03255527551623535,0.0377534946016685,0.010096478363439135,-0.004769763186184966,-0.0051070788425777456
2019-09-27,-0.005399711718238405,0.004993675687362117,-0.012339300647628636,-0.036250549462950095,-0.04526891532046273,-0.12900833654035618,-0.0032244808925124074,-0.009973507952076749,-0.0003446605692146978,-0.033171546883465575,-0.023439889278875435,-0.039049072461073586,0.006255926541198135,-0.012742345435010766,-0.003168063388770864,-0.03585436612640314,-0.012326156722737706,0.012487881233103827,-0.0014330854687469735,-0.008358868434334664,0.024247372109858497,0.0166399912650795,-0.013276142180589447,-0.009702175258663267,-0.010171649928156964
2019-10-04,0.05774374016004177,0.03674477279121452,0.002827265600288613,0.026244798653443084,0.010046885751315687,0.030539997361130045,0.0030322978720935534,-0.018708121485194025,0.011314823377876192,-0.03781574212578744,0.038592500271413796,0.008196047101100716,-0.045197306258134395,0.00213501361385038,-0.012302624680166947,-0.05339108081806609,-0.044832361706725526,-0.002451464374943261,0.019806341276440584,-0.03574623666668671,0.010024789617516435,0.01832706393507472,-0.02843493361529323,-0.0035604501392958814,-0.003307530904682204
2019-10-11,0.02185072581728043,0.03972697543298425,0.011231658540047552,-0.0018491622233309983,0.025188525968569752,0.012270050828258355,0.0,0.013173945239575643,0.006118306428848921,0.0014774628035907115,-0.017586079378095747,-0.004453295066921683,0.06870756502371078,0.020044692834984418,0.003914749754164422,0.0264837081143946,0.05902902474448676,0.01745026827227419,0.020126754599472604,0.00014506462888496985,-0.017490105113960628,-0.008518348601645591,0.042432143424020845,0.006535028547244329,0.006166566774626049
2019-10-18,0.023907068308650904,0.0008464208375351015,-0.016384962098857495,0.02050646759989928,0.04018983982216116,-0.036811030482888654,0.003262610521755203,0.037351037005136534,-0.007653498922230029,0.002581139008815092,-0.028029519012214395,0.014667447421502316,0.035896421387540824,0.023406664372125675,0.023333392906924818,0.01801868659907117,0.02566038394280757,-0.009190537394666893,0.01752058319523156,-0.020060672846441925,0.012726979682646461,0.009931062212328872,0.00789649680972493,0.005688122295856203,0.005348795410051839
2019-10-25,0.07116400424277604,0.04211879654769286,0.02387375331490833,0.010718978130656127,0.05466184174727354,0.09975467169026256,0.014457207114068836,0.044372548356959036,0.012105472263578415,0.014256911534222464,0.0050772079941657396,0.0021711056627956842,0.2445284275723248,-0.041396170946137505,0.015857097552384212,0.0044542191123710636,0.06673092593296343,-0.0008396397093478932,-0.021223513384849603,0.023967155136215546,0.018749343624441,-0.04588411087817105,-0.004043185929169945,0.012108426472193524,0.012099202362615073
2019-11-01,-0.00957969765162784,0.03678762836030806,0.02102408867061099,0.023090510072120044,0.0645194241440132,0.007260752720983266,0.01884862167867805,0.01394683375546483,0.017169697052315757,0.020745316989521794,0.021961991858783496,0.01695056950760703,-0.04621679624836354,0.0537961707332914,0.006268314675860337,0.14265657684726396,0.0334982762586963,-0.012000390829959637,0.0007865926243394425,0.005041439869679362,-0.004951237234685117,0.023260666247165517,0.01930000005490852,0.014941204465860678,0.014569649285602832
2019-11-08,0.025295624724825192,0.0197437290591381,0.015465641277712945,0.0551618539203231,0.039342008747980814,-0.024904552407191527,0.02507335327804645,0.019986377796853395,-0.010892310522637517,0.009024771244164877,0.013626207011464133,-0.003108473448882695,0.07330517111417072,0.01097925632232323,0.028476666678654405,0.10420372046552107,0.02508273027902026,0.015355254959195522,0.021814307929772573,0.0286583584740363,-0.05956478112868135,-0.08274918815922087,0.020906607013384534,0.009104355262547253,0.008496872075177837
2019-11-15,-0.017428794792818107,0.021373473578624628,0.027102422650068198,-0.0015967719928714407,0.06067325890367027,0.010958956642002037,-0.0071193682615018255,-0.006540702509346247,0.006134088922484971,0.002735984406374447,0.014481222984406645,-0.026319280304314678,0.04361577397077801,0.003042534645459383,0.018573293465430955,0.0,-0.019423639823541727,-0.004784390522010629,0.00343077412720944,-0.02257869348218923,0.041196739546719215,0.023827325942228725,0.03251973594619145,0.009182866845673068,0.00881303085047208
2019-11-22,0.032285995540458225,-0.015088924292811064,0.0008600837337975867,0.00640323798396596,0.015184956055269073,-0.039329588168430366,-0.008133463753100777,0.00968046356422934,-0.0016704464001931036,0.026244679912777635,0.022930697992849462,0.003575117378358969,-0.055851412311057856,-0.045314945517001,-0.030353794631284136,0.002600670584880094,-0.009889544979119806,0.004114043281722144,-0.014428757615162355,0.002598077920116176,0.00843378926544405,-0.004056462764055241,-0.023154606651964994,-0.002665858447176629,-0.0032644323416373554
2019-11-29,0.028099231198219245,0.02068003170381378,0.011894912566397698,0.004087745526730872,0.0,0.03512888801080837,0.010678677142928689,0.007389171428610652,0.02769575424820081,0.009848428046817908,0.0026944544924282325,0.03106390711119616,-0.009351795615843919,-0.009849766174720482,0.008022478236869586,-0.02454107663803335,0.005890143961873878,-0.002264238931541516,0.0016690695190902988,-0.018036849380803358,0.007218575627815067,0.010938006407510078,0.006324045626565043,0.010715599428519693,0.009818864927718185
2019-12-06,-0.021310886610579956,0.012863661028449491,0.002441285258102077,-0.0005061009489841697,0.012185972742524998,0.008801555660204581,0.010431096543001733,0.024589057538979067,-0.01276362351298107,0.019326132837054182,0.02080194901046135,-0.027701343926062185,0.017872941771068757,0.02169960786015532,0.026708637284344326,-0.015199087533301736,-0.013985168083149946,0.010252428240171956,-0.01634282716405736,0.020052920283033102,0.0024347272134037355,-0.009504712858264135,0.0009490721103512598,0.0017804821052778384,0.0015683216138172422
2019-12-13,0.05421372727814273,0.016268298255478188,0.01815376547063768,-0.0019954847018372203,0.037637530049443035,0.065997819242356,0.012322110160777994,0.013021983701458876,0.01617212396689175,0.015673890867945003,0.0070981088605153835,0.0053180472569023364,0.0648380504213981,0.0015696243482055331,0.005569226651628641,0.021391119207106464,0.019497417068004903,0.0042485603714939035,-0.010497512438266254,-0.004036214558685888,0.010862708064060974,-0.06281283084452119,0.01698149643195008,0.0077508890869108955,0.007249814201662106
2019-12-20,0.06640890806003433,0.015471213100172477,0.018465426528754,0.02136465371072268,0.07036899740723707,0.07268405453753429,0.004162255639956736,0.003138184247773819,0.015329676632639124,0.0858930892222769,0.03256620459620669,0.014410640207439271,0.12372097239621643,0.022995400904729436,0.0032243414232290464,-0.02681131157680934,0.013920534186400121,0.0,0.010090492174521312,0.010203286932451221,0.024018458525516758,0.021752445892980313,0.014531535205795284,0.015592925199285908,0.016407177956679665
2019-12-27,-0.010498966986427336,0.03640349845362742,0.00979903539094206,-0.007773371811801257,0.04495384892353445,-0.018884183554953114,-0.0007514561966696454,0.013749276059936503,0.007366559895406757,-0.006895128514023066,-0.0021246154395606165,0.04557308610857761,0.059325722172400404,0.00229641837674454,0.002528070957387672,0.013507542448362308,0.0047996560273374875,-0.005836217983793141,-0.0024449227399560487,-0.000715133320844073,-0.0008246175207098325,0.006940767827746255,0.0007070963284196356,0.006619076737029674,0.0058193479615422945
2020-01-03,-0.0033830937914848948,0.025987706440071364,-0.002141377403101659,-0.007420033616517762,0.05107668897501582,0.0092115483220951,0.00017683625282368003,0.0006331451558320037,0.0011081655823200144,0.0018989050636992234,-0.010136965328265078,0.0027611769675706375,0.02892383689743093,-0.004597917718049495,0.005065786404929402,0.06827732601639809,0.00107837500677192,-0.014317070113051705,-0.008125378347465522,0.006275909888996101,-0.00907125944295467,0.007261175453681893,-0.03353465028120508,-0.0013945983688198136,-0.0015969194377969198
2020-01-10,0.03435072599202831,0.042457373377663636,0.01700278080715855,-0.04881884014960228,-0.008887116879979154,0.03849400305683722,0.001943474345240313,-0.01654487322180744,0.021755298943880133,0.04619548734660446,0.005391753244857822,0.004358558997303381,0.07633214537806571,0.005018011746240967,0.04834510888704524,-0.025382162745768735,-0.015683989382712003,-0.012891382521874403,0.01871086550395309,-0.017065108689005248,0.013350705837021177,0.015211690538583298,0.018439709123311165,0.010183445505564747,0.009384395224720446
2020-01-17,0.020097686118779934,0.02670823537659028,0.035078523662829084,0.03148246521956361,0.055715764258793446,0.017318715276523428,0.01567389862463341,0.015532383665675437,0.0548734502331937,0.011384652310598117,0.0279389657828255,-0.009840277959215573,0.06546612069497476,-0.0049383814681468454,0.034770943086489654,0.011925052518367733,0.01821761698534829,-0.0122766960618986,0.024722543817876395,-0.008424289183995421,0.03964706935862329,0.04244365020872557,0.023725967748696897,0.01897685947434691,0.019491234122442358
2020-01-24,0.004802349126190896,-0.0013187546251699803,-0.012404777225162826,0.04808211399264508,-0.011453558029445645,0.0017326238340535434,-0.014615393209468556,-0.037225630231237705,0.0014647087041608842,-0.003660386726106826,-0.0057144752698522075,-0.0016530808942416058,0.10111647987070563,0.00312176554806635,-0.00906416559971447,-0.008503484208695008,-0.051371106737357015,-0.005145178568538263,0.018953915630036962,-0.033217793584687356,0.03991870986079892,0.006461496808835484,-0.019383086708244464,-0.00962603169990513,-0.010309429305739852
2020-01-31,-0.0577269159626837,-0.028035215399192678,0.030962606219486804,-0.05990732574800358,-0.06885098714907223,-0.0843076210036124,-0.010769267903664495,-0.005950590268809922,-0.02985580636160143,0.00408973130698543,0.0037015278126507475,0.07603984598313944,0.14134181628549838,-0.023122632816399348,-0.02303683179447251,0.06127750240090291,-0.06648769861726593,0.0010487796249552565,-0.01620088582683876,-0.06542321279267574,0.016844945204162274,-0.023741259693310438,-0.03321379126346476,-0.02164547227779462,-0.02145460564122785
2020-02-07,0.06214870076044468,0.03579458365088975,0.07718739712568433,0.032466280554032424,0.05646076181160826,0.06895499154901415,0.013058826257534763,0.0356954692004475,0.01877016571087096,0.04734355204206534,0.020083100069814834,0.03452397648112874,0.13964765255779912,0.021822953602103453,0.03182401377318577,0.030065467787760862,0.015261636916070648,0.016974451466708656,0.02830513435000586,-0.01051894025984536,0.004984119534962402,-0.009228662226736607,0.05287722583544583,0.03202427837792485,0.03119018438525534
2020-02-14,0.14135561469247132,0.015256704565495525,0.007908169707610638,0.00802532836696322,0.1063453853139019,0.02808305804538102,-0.0025540628658802527,0.0021118676253810585,0.0380102549283562,-0.0316306304924439,-0.011654996245190338,0.02638410260887304,0.06715268267437657,-0.005214955793614021,0.026433682698443265,0.0,0.03405407404390563,0.012290026060647321,0.014811400800861413,0.0008247504510683328,0.032773017441498326,0.05986191005575127,0.038832738487970614,0.01612483949186758,0.015638651650275292
2020-02-21,0.014661454365446499,-0.03730846957855581,-0.03442553453890726,-0.04265681214112827,-0.03739274551452999,-0.02615102262159627,0.011093436950927616,-0.012076104964418417,-0.0070626442802635536,0.006498144314308525,-0.001333195723015197,-0.01838929864813785,0.1188559866247904,0.007812423454192092,-0.023497295183633714,-0.04626008489725316,-0.005668661712766749,0.00583579189158182,0.011370971758141328,-0.025381136179377713,-0.0033450937626101477,-0.015119991428843061,-0.019502826304600006,-0.012278759054403347,-0.012626092362680055
2020-02-28,-0.08453860988398416,-0.13557346669209056,-0.09743498591114287,-0.11059208963837461,-0.15828834450386783,-0.08092046370079903,-0.10563674633595424,-0.1567186895666419,-0.1387377440787379,-0.11879559862598384,-0.1023966539375198,-0.10675198300310151,-0.2992320690597806,-0.09034203391587682,-0.10226731355660426,-0.11859987417829361,-0.09929757606832039,-0.09642383903524636,-0.1355438393696119,-0.13932231275655058,-0.08849577658001978,-0.15208648377968365,-0.1337273047424675,-0.1183454208417243,-0.1220622805812382
2020-03-06,-0.01503466014530089,0.0557409994385641,-0.002719397445434806,-0.011696096522506336,0.06614509274095526,-0.02095605517186723,-0.0017462199687524034,-0.07166656663727927,0.014203277638554094,0.11470409100571892,0.05462289975845983,0.009162900898805379,0.05176626918167664,0.05011434336127515,-0.033027634742798635,-0.14522391578952726,-0.02304176020875638,0.08497407085069161,0.10203280612979107,-0.07569447697702492,0.07270001012624142,-0.011560944619895062,-0.00482473947174187,0.0040421317126692995,0.006125007114764752
2020-03-13,-0.09951374403781925,-0.03901745906714867,-0.017103939056955248,-0.14012188728596364,-0.10150339671893958,-0.18003142492396543,-0.04762569111213848,-0.03934653183190296,-0.047372743925273963,-0.014884924999433835,-0.05603686011357369,-0.0630089566257711,-0.25228556613887204,-0.07163880109854791,-0.06493905848190337,-0.1801961136826868,-0.19760963607531484,-0.027062954577170104,-0.02956484146583338,-0.22398240919540544,-0.20444684833463922,-0.36622349645082347,-0.0694838247878046,-0.09937970519821625,-0.09203469877635535
2020-03-20,-0.1574708306233235,-0.1927435367438226,-0.14530179058242088,-0.1807653284087051,-0.10283272779633447,-0.1743981499768494,-0.1440020632419016,-0.21867865264122988,-0.1802424119564398,-0.12983804185742312,-0.11342685653110333,0.03365143867789099,-0.24572938492873617,-0.19194129305781316,-0.12815885272889868,-0.1856391718732092,-0.042437502565871324,0.0032750662469852522,-0.039992626407064163,-0.15214146537900575,-0.14450089308984454,-0.18968091581259236,-0.15405632348456613,-0.15718876269972257,-0.16227902025217159
2020-03-27,0.20565960665880684,0.07761037982398981,0.08610059241649111,0.18243412329927422,0.1620896767232321,0.18573177636015994,0.05491489458311482,0.08744058663229518,0.09560125903583572,0.09136599421809283,0.026909817135150765,0.028836633546986977,0.18489897277639705,0.047701535640481844,0.038610045711483215,0.155901864291226,0.09901610501477849,-0.03928022787707297,-0.021192467549757288,0.12096793450936695,0.19032945910514534,0.1583848746637455,0.10076297470108206,0.1021996692348848,0.09769670746182875
2020-04-03,-0.03552237682536954,-0.025883145709444434,0.02721485713816803,0.015356838352102267,-0.08955181624824587,-0.05337788779885929,-0.007374376012306687,-0.0705373076055308,-0.06198324043570969,0.040550630838429004,0.0856229770237393,0.0034098007413407285,-0.06911649719362227,-0.08311949963656418,-0.015942669911799108,-0.12420129705680626,0.08391608493368392,0.08649386783571514,0.015079402516155645,0.05936647172897409,-0.045467714832865075,-0.2880844523784795,-0.03162928647467495,-0.020853482903381827,-0.021002286720211944
2020-04-10,0.07516437159564487,0.10445294146904516,0.07094515215606997,0.08208314659226522,0.12746703974166212,0.11253997629736048,0.08334123744352814,0.2009843398103469,0.1343787137631169,0.04254451883496271,0.051282605510950326,0.06898555121512431,0.177078771376969,0.1356636729731525,0.09913003485120679,0.05913792190695313,0.08649535277969682,0.019231177931245742,0.03860081049599912,0.0952869118754151,0.10134607913486128,0.4180884916445875,0.15588508306799256,0.1141456333007201,0.11423674659145207
2020-04-17,0.10588527428572089,0.05379016016319027,0.07835541194029289,0.044530304272948504,0.15692243099064504,-0.009365256600735885,-0.013713072959611968,-0.076626653658363,-0.024183173736294597,0.07633603231549815,0.07362211311416254,0.15069559807365898,0.2743607565745279,0.016139603820832002,0.05829690426754344,-0.04292513768761493,-0.06324173138212233,0.08133052763512436,0.05798412573371598,0.002084442969211011,0.00398744822340586,-0.14214978243018753,-0.004920545941642167,0.02988688042329514,0.029922537316123182
2020-04-24,-0.009382799608268407,0.000600909007541783,-0.02293749312041216,-0.004032348136562061,-0.007448131141940812,-0.0342787566360695,-0.02478148980992322,-0.04810236364732013,-0.013180768748558143,0.03522907195733626,0.018509578336030882,0.014720605324880702,-0.0388679453693311,-0.04989576127645176,-0.001878242936575424,-0.08860761721574295,-0.01962383342906355,-0.020493236019467276,-0.023454954006551093,0.011730662880273626,-0.026999727193940844,-0.10830673852811351,-0.038272626836876114,-0.012886016537549224,-0.01324413736289808
2020-05-01,-0.023796943023872575,0.021328074253614944,0.00011447803962903161,-0.019485568876584244,-0.1189406848826718,0.020175468512538586,-0.020857258581547865,0.027616925194847687,0.048129922213386814,-0.05877316776565173,-0.04335199778099188,-0.052896962691769266,-0.03341430192194348,0.006375236583350065,0.03139894110967759,0.03762193057190926,-0.02810080474598644,-0.05168346042730632,-0.02590059808522098,-0.013583743297518932,-0.05421799396938433,0.07159211282802369,-0.00630187825459772,-0.0006367158793332545,-0.0021279522975054983
2020-05-08,0.09993533124725254,0.07302624930330269,0.056298938702760294,0.0573531132596503,0.06425024071009876,0.06840080328324262,-0.03249240684298033,-0.0059157738996344945,0.05280430396655715,-0.0007813037557097062,0.0027612103934554406,0.04011552243420883,0.15563249678140803,-0.0036858319783828423,0.04962433168009991,-0.03284095888787539,0.011032046677977372,0.004551393087294467,0.01322647076707267,0.06809660086481432,0.011734498224963613,-0.06053243086842545,0.04383213055675505,0.033555028992296544,0.03440662819770364
2020-05-15,0.08325242621217697,-0.00783409806090614,-0.00826435439087674,-0.0546227028234478,0.01881053958634213,-0.08293096881475533,-0.0438119176293886,-0.07618465756315283,-0.007008867427538544,0.04128041774109343,0.01163343904997131,0.012598841304122546,-0.02502305595057789,-0.050957684850199296,-0.008181800392362262,-0.13603301572869222,-0.03809038938428191,0.02410935957049554,-0.022242865666537884,-0.07567366605666516,-0.008217053478245952,-0.0916133391308606,-0.03137730771677753,-0.021289348144702475,-0.02281970002174242
2020-05-22,0.06115976847475999,0.03568853864290785,0.004690181592502152,0.06049561752467942,0.017738371573046554,0.011863598590036115,0.03300894024036268,0.040719251116371896,0.039379679967970184,-0.05201072962606395,-0.03427687088574292,0.011183103229660422,0.02191853843312917,0.053974042436622176,0.028843163851889623,0.15493130627448298,0.041296543210140604,-0.012866350214667251,0.010703874504670474,0.06006443875474319,0.025992248916480144,0.1775652350782241,0.04434923932726002,0.03149598271842404,0.03153642904874848
2020-05-29,-0.016843036310567955,-0.0029830761653210866,-0.0014178763878195417,0.0514975068599285,-0.025145841108312708,0.06399587141631471,0.05910021375894567,0.08399883676374066,0.022689466080532676,0.011771879067364339,0.02988766851146362,0.0022503302758481746,0.02193952245916491,0.032271639101068554,0.014247992870112827,0.024654736855778132,0.06588791443321419,-0.002173863125557492,0.01977472203753052,0.019318851832098513,0.08877750483256297,0.05788980514517787,0.05835698947869178,0.02961405441602277,0.029623386739163194
2020-06-05,0.005458016791486137,0.04176463720069121,0.021326113963351843,0.08490355840221755,-0.013096553474764475,0.11446110890431721,0.07812588595609461,0.13369833685923943,0.022135987300503375,-0.024756327651050836,-0.009795565986333769,0.01649864145308095,0.058901360375417856,0.06005270081175633,0.004523951510490242,0.18181412907978842,0.11758880566069746,-0.020357525521230515,0.011507110612542348,0.15474730924723318,0.0008650446529236492,0.19532780275873193,0.09418308322108365,0.0481761997279311,0.047977818311354066
2020-06-12,0.0014004523214294425,0.021782179329946163,0.0028807005183885785,-0.05453879820142701,0.007504754390017399,-0.09831181512685316,-0.10195533497351926,-0.10773091325473351,-0.03751699816198687,-0.03874094973708582,-0.035588733313978264,0.024670985384345503,0.05451286071796124,-0.07178701016239901,-0.01899835817190352,-0.0833267174462773,-0.09276015575443206,-0.03192913991981087,-0.04369180884579327,-0.11804219894825504,-0.029805259513432204,-0.10897414595332995,-0.09145829027772784,-0.04853787064270839,-0.04896374914017529
2020-06-19,0.036142471639559984,0.031723042848071294,0.0387101288826251,0.018607695265535205,0.01355259850985635,0.04301303464612788,-0.008256525780059174,-0.02084247436447799,-0.0003120314907196313,0.1081853279632059,0.01174929367554157,0.04981464092523939,0.06780894507541772,-0.006248798401765968,0.008260859613376054,-0.013889289318062308,0.03439932242918397,0.01776245151017026,0.004009183609053965,-0.02555136136928649,-0.019218897380460332,-0.07986184787406435,0.02980778201891274,0.01884805835481664,0.018384447290384444
2020-06-26,-0.011538796491140974,0.011118221452188607,0.006028513904197746,0.015208917583389957,-0.07921327477766343,-0.047128850239536814,-0.02450209115592591,-0.05484557097823542,-0.015361974123584586,0.017907672399637208,-0.04275611334837107,0.006654347092722923,-0.041992509590854314,-0.0414273561827495,-0.04456871690618263,-0.09689369264506614,-0.04058990000263357,-0.012848297062536665,-0.011199226020815654,-0.05269079981267037,-0.025041492081314152,-0.02501614886466743,-0.005929457515940209,-0.0282265168845986,-0.029048379654133285
2020-07-03,0.0487385364478406,0.029204823476888294,0.04934084892809439,0.025881373696987068,0.04373992238316677,0.027259513446699843,0.019537644300741744,0.0104530650870731,0.03325498523716448,0.006366590543797794,0.0226712112558708,0.07075280652282814,0.2306051604211685,0.03380997603537428,0.07586404722801342,0.05113901563402319,0.042627664832879456,0.0074939327594961466,0.030485247337948496,0.010490309220782399,0.04219269222864445,0.05647680743552191,0.06748975156556523,0.03979134777518016,0.03941177200197697
2020-07-10,0.08635848311321133,0.05235291460919034,0.03529510152401874,0.012505698943841882,0.06544565348588612,0.0173086256508296,0.022503877887014866,0.0382196786142432,-0.016073687142486134,-0.003116790614612981,0.009882006204410298,0.10179051106390787,0.24528508744316063,0.024523065254591293,0.04592484191045915,-0.01924530979474824,0.0022680728548698987,0.09186504517015609,0.0648675704088625,-0.032978928937761276,0.05218559933464332,-0.04032341893645522,0.020974889585931432,0.017020990819644935,0.01742865752419834
2020-07-17,-0.026862526920087348,0.004239310863463189,-0.05181803138540592,-0.02129316562975679,-0.015146343244264332,-0.024559531868143483,0.042076542607778475,0.019442173112620115,0.013105002721284106,0.015790220357146556,0.04786366890968391,-0.07729625280034148,-0.02877242422684964,0.003974837570405805,-0.014503852172296702,0.05524621353835573,0.07460391846507076,0.008078545696549816,-0.004423577417137144,0.02019327374957807,0.05901018857170843,0.008666613992088023,0.07110042701392455,0.012920019028544937,0.012384359676668419
2020-07-24,-0.0006862191093302683,-0.039302781960481446,-0.007818281600703936,-0.0223775133694697,0.23182667924054381,0.011056774988832388,0.01951894286588815,0.0012218004515571921,0.0003077371618379201,-0.03945204217628486,-0.008269880016925645,0.015723300715933974,-0.05748298283390724,-0.022736076918905047,-0.0057121590611938396,-0.030152914345837382,0.004954638810999659,-0.00380249358318944,0.0030434448276157465,-0.0020700280475242127,0.017530210653881897,0.00839764243115384,0.006041125656915971,-0.0026141243174913125,-0.0028259612523487713
2020-07-31,0.040396012157290204,0.13743791357361512,0.018262393138782012,0.03521409905386438,0.10948741684045768,0.0007991998576980017,0.006456566098501999,-0.016827969251733292,-0.024641422938107317,-0.05972813064972936,-0.016061630034492846,0.05047404603106084,0.009663833686280526,0.00033842523250113667,-0.013524349520368326,-0.1223488807086777,-0.0347590676779161,-0.014119439116408403,0.001380746513501588,-0.03157801997159398,0.001604486552204737,0.04077524081981779,0.004251970599045776,0.01742429159658647,0.01710921123330016
2020-08-07,0.05362490874984904,0.04645540224751494,0.0357890667860518,0.028569878108605864,0.09151066735703943,-0.026517205513409838,0.06763667541752286,0.02795831227029186,0.03082254513737554,0.01741371941870061,0.019296732910171782,0.0008781080623591853,0.015225003456691952,0.014765265798474982,0.006978535766412844,0.05293931316551289,0.01523558032373969,0.004395205568022564,0.04616399739317788,0.031808222089726106,0.024909599584483626,0.0654015707218561,0.0008156258426396566,0.024354796093406152,0.024209901416631836
2020-08-14,0.03202748781059321,0.033584410867979926,-0.016992219742083592,0.005781930813049151,-0.04273891960622282,-0.06679765540433609,0.007040324854608445,0.030033289311278546,0.002935649135362138,-0.01388241637147637,-0.0024255898436295904,-0.0061563218352691995,0.12777468997677602,-0.00033302665067782504,0.004169392855134678,0.03982162861907818,0.03667437632563693,0.02413620212449185,-0.013674382152745726,0.013995652945513104,-0.025622443609717493,-0.007548509978270281,0.012919979305512114,0.006761913284408793,0.006415742093192473
2020-08-21,0.09240511156546864,0.07913370514194104,0.021944647750794133,0.006688734003077326,0.030406248889803814,-0.06664579220309766,-0.016874675821637715,-0.05097981724766873,0.0373822187448445,-0.005545601853762136,0.030035594353512544,0.04250767632128947,0.21662451193499915,-0.010720765403528697,0.04606997576333855,-0.05398374207179417,-0.010991560632675042,-0.007342234300429253,0.024468827038302426,-0.05202480090159908,0.0067859265317063554,-0.00017809636933661268,-0.017045631350364986,0.007807027117241424,0.007181649333376842
2020-08-28,0.035948767140177765,0.00351128881633384,0.07194314565578647,0.043869240721465516,0.020548733029850306,0.06861775674169925,0.05222093722428108,0.054488828319179734,0.05517799137951193,-0.012946408202420438,0.012377862327095292,0.03502331546671911,0.07669977315589191,0.011719887467516892,0.03973150920144414,0.04644800542832787,0.036875571794177726,0.06378790877267651,0.010851954346986862,-0.00783313417179043,-0.005148226846107536,0.057465358094871286,0.037242927170710885,0.03217392376983792,0.032109165336664566
2020-09-04,-0.04047064299673895,-0.031312399381478305,-0.06618568268472234,0.05124233939707421,-0.04225981891368076,0.017142756477314617,-0.0010529253248118021,0.0072714088254635855,-0.05258497769176391,0.023940740395883824,-0.0334214217928836,-0.03201382967179452,-0.056600437462882236,-0.020854920154056766,-0.03615813664338622,-0.029165570011291973,0.0311869007131443,0.01787251838743421,-0.005180184326260532,-0.040371840208924197,-0.008008927590024816,0.027703299942050227,-0.019666664178575995,-0.02311308508092122,-0.02337536850739331
2020-09-11,-0.03695906868155816,-0.07696114526777126,-0.0488762565956005,-0.008994462232074599,-0.07164421775069381,-0.008426081451236184,-0.001788033248577422,-0.023951196188746655,-0.019638327368894853,-0.018863786244061497,-0.00546610630009965,-0.05567009347067776,-0.11541925707437019,-0.01437925985903881,-0.0422734087905062,-0.07602682406899598,0.03742075524299131,-0.043866752799437456,-0.021701122462257586,-0.05739901476075176,0.002988438019102913,-0.03750734876816523,0.009922287268475416,-0.02515549536209136,-0.025412384191594518
2020-09-18,0.002032664992166054,-0.047166450290461834,-0.0180017123684232,8.329625167150293e-05,-0.01864265089700904,0.09611849488017253,0.0012840559313602234,-0.027280888155798894,0.009571461883673051,0.04023597696051317,0.00942907867088579,-0.05315257417193208,0.17082172690341424,-0.002416536765641243,-0.04360192032422032,0.14522728952787697,-0.009404983015885075,-0.010367903334544978,-0.009391795502362474,0.007828162183858537,-0.004431916487600964,-0.041976399609904,-0.016402596253671086,-0.006265137992046884,-0.006456052413010174
2020-09-25,0.05463580925224932,0.04966329455583938,0.03640699147460299,0.0008975427417602156,0.04092338202741581,-0.0320412514363789,-0.03620985191548088,-0.05089206951761121,-0.02681101371539419,-0.0256891317275647,-0.02387882738187144,0.04636172561001687,-0.08200096866626051,-0.031247221735277643,-0.008325124188463458,-0.11704044114381833,-0.043453131476319046,0.01452909988347355,0.019513450278085685,-0.07103078421795139,0.01754002331117551,-0.05816967879491447,-0.05577310620749777,-0.005823594150073183,-0.006349441764478383
2020-10-02,0.014536105319977113,0.006569122735016187,-0.007874524855537862,8.39376457669984e-05,0.04679955043980665,-0.05414634194151459,0.003462734980544105,0.04620396154626899,0.021118907930070985,-0.034185808591381095,0.003974054347340555,0.00960437312531946,0.018847110054276188,0.022568187091068552,0.011428086413778333,0.04480752157160761,0.02724534565552729,0.023257827671391586,0.035640581916369776,-0.049107611079616385,-0.002309046526543776,0.08422240730660469,-0.0025812184222454198,0.015425113795949514,0.015032888415713914
2020-10-09,0.05223935470691696,0.03435263002163419,0.045600658248318035,0.05418969156427537,0.01576740258318856,0.06929365356322376,0.021084978069194994,0.04249092131825357,0.02538712618443149,0.07729988736146147,0.03183209880509494,0.05043455175017673,0.04454925065331909,0.011563878258327222,0.036989369564979335,0.06805351340492963,0.058291417949926656,0.016097638343487795,0.03989642852868615,0.051990270005881314,0.0744764349078945,-0.028535796937658696,0.03300520990757315,0.03823041426564349,0.03772151646124148
2020-10-16,0.0035357923728620427,0.01737398866544139,0.017682323067784316,0.005162981001777893,0.0008420003653467997,0.033894690629028626,-0.017634120251300598,0.003058501902739839,-0.03136165946772461,-0.07105265110156575,-0.01919331214643205,-0.004250459008334406,0.012979906803181267,-0.035582999710550824,0.03720205778382956,0.06371558887622415,0.059891607399624444,0.013426555634526587,0.03217366338596996,-0.018594315443003318,0.008841138130712018,-0.0367164084313229,-0.02900720952863691,0.001267870803563674,0.0019164533875190666
2020-10-23,-0.016148771729459763,-0.03401160162471071,-0.015738311645507715,-0.015784865774960015,-0.014655371664506268,0.023742359948584497,0.0037680937251239094,0.02240496559792155,-0.011299046881870898,-0.025928945902658235,-0.019500213569533492,-0.02109350295246398,-0.04427084077656931,0.017769878757488786,0.040797142667784655,0.04558466375872278,0.0051406582293751805,-0.005960594253992857,-0.018357108862257474,0.0017578449919453626,-0.008313304470190063,0.03582814152938938,0.005092475169021907,-0.0043573719369151475,-0.005301389882631011
2020-10-30,-0.08090783688068973,-0.055217112150130185,-0.0657507630443511,-0.06395197077184916,-0.08488397617823892,-0.04865771036062595,-0.05215727215063364,-0.05718676518263928,-0.08590539403256742,-0.08743273092072024,-0.05760420691603073,-0.05393463971472813,-0.08064522549443139,-0.029177539272809923,-0.010384719121687223,-0.027908984376480928,-0.07090536600507252,-0.03609723258413397,-0.044467844611178475,-0.04612953771323131,-0.03433760586892973,-0.04526825960249788,-0.061302197214071305,-0.057250546429781696,-0.05804740894960778
2020-11-06,0.14997048136512153,0.08817608760191618,0.09980354445692152,0.08492617232500665,0.13160360500691043,0.09143805904781083,0.03384382507918059,0.04896515471365225,0.08822589870603821,0.0899580224723125,0.03680280322402195,0.08677174786851626,0.10256050596788395,0.0154246030813416,0.08513836384661519,0.0864495660251642,0.026639826429671873,0.04935600732576604,0.07548494425453642,0.004892959479008693,0.03371056666372393,0.031667374076074645,0.12756817492165332,0.06983786068869513,0.07067872342108852
2020-11-13,-0.09087707771820931,0.004790983576311777,-0.03275877136312324,-0.01888379109099265,-0.0532071818022069,0.04899733108161568,0.085182199977571,0.10255927678620165,0.06025831597523355,0.0025999563329567165,0.0523823289796936,-0.056709202329311995,-0.05117696410569535,0.052185490799893375,0.007095217213881229,0.13399517401333094,0.06260287029805607,0.03219898562293699,-0.01784225109391951,0.11976036114795503,0.019227705620356746,0.17778719068155024,0.026569342568826756,0.02242210682048058,0.02134382304769268
2020-11-20,-0.015861552228948018,-0.01623019282595609,-0.02605881578432957,0.025978217045838286,0.03866320167209444,0.05817442028337605,-0.0018044749685084955,0.004285985886316791,-0.03185888803954156,0.02160781020964087,-0.023899099955434915,-0.009444226554093195,0.1811172365846577,-0.02061943365536319,-0.02045301937354261,0.053668691097493386,0.0030240069241976447,-0.001994764816862426,0.006000449855897465,0.023555832837396373,-0.02147551334885772,-0.016298087857132743,-0.01960269664112116,-0.007765372995899653,-0.007730981191482125
2020-11-27,0.013169368318845775,-0.006412432316264245,0.022744213253859804,0.029863042585816443,0.02968271254187123,0.045060581966719984,0.019801800929808436,0.05642098019034779,0.034326314751053036,0.013313972419512739,-0.009331310523558633,0.03048493549826276,0.17930092570659517,0.024761800170569143,0.02874684921919951,0.06351323107357203,0.01641209290952869,0.00901129553077633,0.01889583293518725,0.08432340479372222,-0.0008957758406202402,0.0004649662624726845,0.021040996966038877,0.02320005009288275,0.022461003266272955
2020-12-04,0.02244460281088806,0.04740473663578055,-0.004050637846266568,0.041487339193164524,0.07563055996666596,0.1326357113648768,-0.000864104371272632,0.009197124241575249,0.007930722719638973,0.006826757493344109,0.04262046832916834,-0.010305351465411672,0.022418223224863757,0.017415418340851717,0.020350903967905155,0.04512051639341678,0.039916959590615086,-0.01790336994200145,-0.013422939363170183,0.03640310192765225,-0.035357614217701054,-0.005282067998234402,-0.0230835510468942,0.016850422779033283,0.016564676188117838
2020-12-11,-0.04102714531918544,0.0013079789468531085,-0.0051447097319239545,-0.0143367623051091,-0.025743242472685824,-0.03906789916167381,-0.02167256868898464,-0.022985728300581064,-0.030748060523955918,0.075175598073839,0.017677146420085818,-0.014703234649406451,0.018114235426304165,0.04856439794640726,-0.0272124953721466,0.02540987110433927,-0.01615531526950688,-0.009261029962827351,0.004462033118155244,0.04961235807698226,0.017496304701175115,0.0007785407995488602,-0.004879735567675293,-0.00964448559461796,-0.009686939829269102
2020-12-18,0.019688223689766433,0.03413017378392138,0.024685910192603716,0.0769090561774381,0.045537500695171776,0.01309978208143994,-0.013161039935622319,-0.00402275973347588,0.0242855513854297,0.06857618351250613,0.010147765178867875,0.0269814269743373,0.13046929492418952,-0.05331485549426333,-0.02775379064481803,-0.030944941655333742,0.00927144601678847,-0.007168210763887634,-0.021830803432409302,-0.024732549359839793,0.009574336760058446,-0.00358633086989365,0.0326215724722833,0.01208485206079201,0.012464765254229406
2020-12-25,-0.021187872279958473,0.041068164249570126,0.018852025493211765,-0.007159359698382082,-0.043793294066198835,-0.012390966434754104,0.013779247984166004,0.044670664045964543,-0.012428596049280791,-0.028044000288039873,-0.013290868365739117,-0.00908648087106495,-0.048993820576963595,-0.024446138513234753,0.004589002212957627,-0.01491184069295957,-0.00776656120959191,-0.016928968577564294,-0.006615962874626549,-0.02680102132154237,0.006288388521810864,-0.007840652049410212,-0.004083184166126427,-0.00048757923682053457,-0.0017132899273742323
2021-01-01,0.004702533819527982,0.005441247038880848,-0.0014822903488225271,0.014701553239394571,-0.0010897829756648103,0.06313813448758938,0.02329946763374366,0.020271868780695083,0.04694054880775584,0.012995585295594568,0.031695408251783734,0.02620516516868478,0.06422963496034517,0.002436733022497684,0.010600346709804084,0.013986464145975269,0.01360701796874513,0.00451898854978136,0.032915718585089196,-0.00917647852366214,0.028530102198944765,0.017169341512125874,0.026494764705584067,0.013138307678751597,0.014213695517915619
2021-01-08,0.016843158262081836,-0.004834856030748154,-0.012668828275711122,0.017635061779059803,0.03081464198757943,0.029359755708557866,0.009272458323836557,0.0752395958183906,-0.015109259721827712,-0.014497032015041886,0.016760192762684874,-0.023055154271223142,0.2207969400992732,0.03228738533374771,0.02545710422213243,0.04879016763095411,0.0650808456201885,0.017058172010878725,-0.018320862422110024,0.0979089020951779,0.050301193897352464,-0.03048162847903829,0.02581130015714024,0.01954675027253124,0.018101569555078672
2021-01-15,-0.031931560488332164,-0.03789198741774059,-0.03225129994492325,0.00047129206205742414,-0.06972573168385666,0.04174177447131002,-0.0023100338865784955,0.019078862104415582,-0.06649279940871938,0.13661417839211254,0.0016237059903804034,-0.0249577576410998,-0.06315619514576816,0.0051552658647719615,-0.039835810779745705,-0.0008823850010778028,0.0018515669668607159,-0.013664512431692984,-0.021254434420432945,0.05207422579909183,0.011154314631607645,0.024739269886216317,-0.04659421271321564,-0.01469059866343093,-0.0148640830663473
2021-01-22,0.06422521630649507,0.08968835601144351,0.060666126580883245,0.042097854184171044,0.05061856034002378,0.01914124934176312,-0.002444234058125473,-0.03560921013188563,0.0021306368848534687,0.07748683576581207,0.020071659060200336,0.058793021254045695,0.02448709313950823,-0.008261490338061277,0.09118570014538513,-0.019608570180301918,-0.008559528062148962,0.011616638611253418,0.0003860901179780266,-0.009651960719850194,0.026106788924457742,-0.018536484364693986,-0.02594483880720537,0.018930771787552453,0.019244395510648344
2021-01-29,-0.054147399564723045,-0.05247850989602951,0.026251302037208574,-0.03172238360727509,-0.08018642863721036,-0.049963698848070275,-0.021919769631664063,-0.03902044611228431,-0.044382089096500994,0.008838392998107616,-0.0025712740368666804,-0.026478702201096768,-0.0647841366414428,-0.010424074342187234,-0.035058106475860044,-0.03947266088192714,-0.04857151912498387,-0.0407280436320722,-0.02762017049432589,-0.056154229127694924,-0.040470974699598636,-0.039950381530350666,-0.024473887618288153,-0.03402966816042199,-0.03368101965026813
2021-02-05,0.04524725142774727,0.03722186321475598,0.043198838843075994,0.03384898111941187,0.026047365455853504,0.03551854999690141,0.0314908796309433,0.06985750621520422,0.07724841205996152,-0.030265545164826282,0.008059046376532455,0.04451550005314092,0.07136503717753814,0.010424074342187218,0.13373190313310243,0.06524060466244927,0.054078958699346744,0.027173837606328227,0.009717019993085323,0.10792205152192279,0.033200827791379714,0.05490053502515102,0.047625226311838575,0.04656561471872336,0.04541985691601988
2021-02-12,0.09605596499184478,-0.01021555175901131,0.011453796808188352,0.04265986155798388,0.0646451175814882,0.08176731328374143,0.030570626902159337,0.023422847843284588,0.007235153108498455,0.03115770857958709,0.012869201668277963,-0.02245692418525311,-0.043294986146292326,-0.004503830173513458,0.002963748830008406,0.028536244211083858,0.025526021965220934,0.0007615527062990348,-0.006837035596644556,0.028186230590295014,-0.005637840436370688,0.05308012896434234,-0.01839099268619935,0.012635533681380038,0.012273763272926341
2021-02-19,-0.002325495995063206,-0.04147795548508859,-0.014244615792938852,0.0074567013224533804,-0.04571283841228408,0.032969684788435594,-0.002519051503281287,0.046816021450717095,-0.025224833600893486,-0.03121192121573309,-0.02184854075997625,-0.008520799323549186,-0.04360229006738499,0.006920389730318717,-0.0029734094149435446,0.024422380142456544,0.058462318759531784,-0.0433573802418826,0.005709869320125497,0.0359646327326731,-0.06241575863074031,0.021939304065467107,-0.00714907680900605,-0.006669641520657774,-0.007172121187240508
2021-02-26,-0.0846845762610539,-0.0685969495083116,-0.03629848987428805,-0.041867791099258506,-0.0582622053853615,0.006247236511661217,-0.005556078622453139,-0.005758878793538923,0.036732197609802175,0.019566717002006132,-0.02190869288426417,-0.04950533725882459,-0.1455059643295627,-0.039027647831129796,-0.03255190706691651,0.04235163057740837,0.028043900545935044,-0.0627955425754137,-0.06935104604697997,0.03747830279787365,-0.05574339406846867,-0.007190291502896996,-0.026700639263897506,-0.025105397816328937,-0.02476462232916907
2021-03-05,-0.09580980518657721,0.001318494065910032,-0.003362088219936033,-0.0428973523576154,-0.07351656917856662,-0.02881747775794307,0.051220528422324565,0.025095181372919016,0.014118858497331079,0.009858681077202412,-0.01500503085138002,-0.030353282443349474,-0.12194604667801841,0.06018177457726622,0.036498625379503005,0.0818830553413607,0.0196317523050158,-0.006176834962820923,-0.04220759463703516,0.11391357382886189,-0.03856766060710138,0.03416639242557305,0.017993042204508716,0.008560367921835076,0.008046476865702203
2021-03-12,0.03151189440037888,-0.003217026004590751,0.017760016764859256,0.0022855623863727794,0.03171295917879787,-0.013129850317967382,0.026776334576518887,0.03413337593075267,0.040708611445517504,0.0055906078735746085,0.022173387438680078,0.029240468452456713,0.14857569634646123,0.006394016155977896,-0.022701319701743765,-0.07796125772952243,0.039367712399856605,0.03799267038176469,0.04263026500985743,0.0169246843838194,0.06793592367429166,0.05348299285636108,0.08087505787342396,0.026824478527191244,0.026050670119081895
2021-03-19,-0.000797578731777218,-0.008630071012529541,-0.023172019135603107,0.058119616840327876,-0.024859258846348466,0.030740836959578764,-0.03534538929550177,-0.00648926175612057,-0.08101624503404602,-0.12141211439561897,0.002752970314247207,-0.004714145149309514,-0.05764611775983771,-0.0016787298447358298,-0.011302759868727629,0.04962206605920757,-0.016333652578876943,-0.013738336717357785,-0.006756831778788414,-0.09258685432737698,-0.06595783676813849,-0.04695700348148036,0.0023064779427696635,-0.008420617523441556,-0.007698178528726321
2021-03-26,-0.0005061988196449391,0.010116168232963383,0.02626364941320523,0.015849740915531086,-0.021091008463532533,-0.028237323880241316,0.022767580188315227,-0.00032210812374431095,0.03154186535265449,0.005519340993506939,0.0300974568620932,-0.0074849475965003244,-0.05680006038002609,0.018312474501304066,-0.0011007166642270963,-0.017550509548105223,0.01851469961527559,0.02540728014924101,0.06790375408685788,0.021366614040103912,0.044451613824166465,0.03705921650059323,0.044619661401607655,0.016551252042674706,0.015579104270105826
2021-04-02,0.0730127422981478,0.014659926606545073,0.024519514848211046,-0.012714048608645756,0.046443585270833684,0.04901200336100999,0.005553825914989352,-0.008937915382045874,0.015474674863910349,-0.0003776759927938828,-0.012814203312463928,0.035081499949327556,0.0672511665312592,0.005265026001229586,0.05058223356455673,0.022079273528751227,0.014018764130969925,0.0036198707829819847,0.008260711214429941,-0.005559987236298649,0.022827233249078004,-0.0019091913298487837,-0.001992083556190521,0.011624531752742038,0.011340564984057246
2021-04-09,0.04170840113172208,0.0781647503044262,0.054208342703547616,0.019021386844962088,0.020385274894279496,0.030794687359829032,0.029799413081554125,0.02245403592280406,0.02576494267862983,-0.00405695040284196,-0.009751046572427383,0.06467690143935162,0.02281302537328436,0.008297757762584373,0.06405630248296822,0.02381042768966896,-0.008586831533562954,0.03021260191117668,0.023032446398145175,-0.026842699683548615,0.028236768622696907,0.0250754530226628,0.014002127029385558,0.026796221997725314,0.0267371675958329
2021-04-16,0.09987718564283671,0.008683877167596625,0.018932411765502546,-0.013072225012743396,-0.00739801563211774,-0.04991363407844149,0.022672403704004904,-0.01925223435314767,0.017330519534071203,0.025473437927209425,0.006121081800842879,0.008045358910793754,0.08865202025308677,-0.0030003919202056255,0.005305829685304087,-0.01556150750526402,0.011247410968187066,0.005920243484846224,0.020465823379067237,0.01404109455369966,0.03776889326587923,0.0076924235868041976,0.017955836929398873,0.01392501960961754,0.013632294273230134
2021-04-23,-0.04152622329538664,0.0011921418265917532,0.0015710247490161786,-0.026797691998412726,0.007398015632117724,-0.052420079337255336,-0.000477767900830953,-0.020495858832879122,0.01573169565943761,-0.002804421890075637,0.02001524938667828,-0.017376429552961717,-0.014130593668621742,0.047278562215679505,0.0074979278130918306,0.01187833573647356,-0.009515010494772626,-0.0050619915403692164,0.006881644299944083,-0.019425178634218016,-0.03392737590730424,-0.003308743859419833,0.005639887538225524,-0.001247060935450235,-0.0012671579440058846
2021-04-30,-0.01689572957374616,-0.021522366291830644,-0.034951778808063126,-0.021533088977129706,-0.013870515061191744,0.00046461625352415593,0.010860732776405159,0.023816580323454573,0.01535978100988912,-0.03203592285951387,-0.016999750505168828,0.037176530897930174,-0.027746361645677103,0.0003185450138275524,0.02302482150876107,-0.03224862149607466,-0.008729402334496074,7.124647554500648e-05,-0.00105328921232762,0.029609499422567777,-0.009373983645359383,-0.005449695864180753,-0.019950695815600137,0.0013429182620454843,0.0002391961153248564
2021-05-07,-0.013228656443877598,-0.007857260563596402,0.001109833255165492,-0.007967140630263766,-0.035034502241328605,-0.0010458267952269081,0.05649335588027097,0.04717592726484227,-0.0061846433915535804,0.06692277603765337,0.03484342210777415,-0.0520339748213324,-0.05366710868979795,0.023597211164971647,-0.0006673033095875054,0.013626367972505793,0.0549275534059734,0.005990203098712596,0.03233980705589227,0.0867929740709869,-0.039205340935726314,-0.004407804448744971,0.04477723902205523,0.011484059295745771,0.012225391524596734
2021-05-14,-0.03918895409352392,-0.02142420967297148,-0.01721951932703237,-0.024514608068259437,-0.05503346051662482,-0.07584552052075419,-0.0008596826797802117,0.01703361482543993,-0.021117377035845007,0.00844355473771874,0.010155930535191674,-0.02109523754445917,-0.13112702855010155,0.002484465770817943,-0.0317715521383143,-0.0030121549162692063,0.0051321741995982075,-0.004861816581180262,0.0002604577952857216,-0.01248666970922128,-0.01909956548030161,-0.011811889045577983,0.00746499220131406,-0.013211056274293979,-0.013977589861504486
2021-05-21,0.05123439609760701,-0.015976468283882533,-0.00977500506480198,0.0215496218882323,0.03400435587141458,0.01271723367945533,-0.010165719881763464,-0.00826512277974096,-0.0007491433802817388,0.018531847416926518,0.004338171702578822,-0.006168711526320271,-0.015137593911667049,-0.07167760066211584,0.006888938240038701,-0.002265174325034907,-0.020815347487992655,0.015856850638022484,-0.009671644801586428,-0.030915837058886394,0.0178916534574032,0.0008191605251623726,-0.008670028360916382,-0.0039444451989058184,-0.004319541120117327
2021-05-28,0.08025405197025759,-0.006558903993190587,0.01822805520400689,0.04567865492966782,0.03701540113031727,0.041495403872356784,0.005890769412088469,0.009666753221602585,0.0023343510523173793,-0.0007008505414902539,-0.0038334271821327394,0.006221452356991195,0.07355938813642333,-0.019515954946600314,0.02697227686311128,0.06084704329684812,0.01605647201605082,0.001973345957914986,-0.006455942604279076,-0.009378533317913081,-0.016525267825663516,0.020128730169473644,0.006776238865291009,0.012215814456577908,0.011543232173748181
2021-06-04,0.0789084758811158,0.010219505908682609,0.004435970173625962,0.0056369018708424595,0.01855799846202588,-0.004526323983240867,0.010584972763306163,0.013305825052265234,0.012417075934819995,0.011350249398766249,-0.019569775518879895,-0.005241640598808463,-0.0427584931656644,-0.005451386278298392,0.015460069665217055,-0.007137869465193026,0.012121369722997344,-0.0012679785051064563,0.02415898966483054,0.051421781839230574,-0.006819529818555192,0.02222035378260424,0.0010479830894216254,0.006076373145304574,0.00611343460523804
2021-06-11,0.01418263409083373,0.011530768430636057,0.027917375165124905,-0.009093767771166026,-0.003315176140467229,-0.05421351008856875,-0.01967813600821421,-0.03765042744063641,0.020727569044950975,0.10368103414199749,-0.006104021231272359,0.04292096866164774,0.017933514837565345,0.0017067862597000675,0.015187610343018049,-0.019530314280723986,-0.10044579834502798,-0.007785065870200406,-0.01479198958601145,0.01164887506965925,0.015772279582644322,0.04138138977177272,-0.029236542536100692,0.004038264993430647,0.004140414398675671
2021-06-18,0.04462664286284127,0.024127373534883298,0.005953727927583597,-0.015414605811087766,0.04025614641104264,-0.030586204127658622,-0.0455807545210153,-0.08031300635793956,-0.019555107710728103,-0.025032997302735307,-0.018230226703831395,0.04099942557216235,0.021765420870417666,-0.023116594423126562,-0.011580358646936486,-0.06878423631092663,-0.05514016692496883,-0.0404521424484518,-0.002490655412495943,-0.028883448066295295,-0.0028613775479288898,-0.014792436376604108,-0.03210112351818632,-0.01911247943911507,-0.019252033547123137
2021-06-25,0.020826479578139594,0.020109346310238804,0.02131827519407975,0.004988436572907256,0.011393806190658872,0.06392907137270037,0.01571299202336036,0.04060575289174972,0.029549156988211207,0.0520206331720104,0.013673503411979595,-0.024808356605351838,0.0750208542721557,0.008342290520986995,0.019764225101139673,0.030061244577837955,0.035048419952498876,0.024553931720939875,0.03515994725540497,0.06815363080105367,0.007883607441495395,0.06782873700033085,0.010896912404933689,0.027784448799823832,0.02705219208326519
2021-07-02,0.07372114730608312,0.0501809126005261,0.046555958904396295,0.012833788849636067,0.10079503517095748,-0.020941939978085616,0.002654675045570292,0.018516816739877952,0.005504855503142438,0.016114672462358693,0.028634159937606648,0.0316904381083526,0.0104089926326777,0.011699940214427546,0.022191167014731658,0.015083291077449717,0.006680963484921412,0.01134076778156305,0.011166468311465642,-0.02331333317964072,0.005670197534154676,0.010655189894683477,0.023056864273715574,0.016529119564029266,0.016597002353012966
2021-07-09,-0.02154878328395029,0.03613525178030318,0.0010439820343793055,0.02532978938809771,-0.04095394999672111,-0.01999206725736725,0.004896259502139597,-0.0016674435774466445,-0.0006709047563275962,0.004392924384519591,0.004546085743029931,0.05765102974932223,-0.032865924123852135,-0.002961714663478107,0.002081642138419939,-0.015083291077449613,-0.0015626521853793745,0.0013550960059545013,0.033109974607212066,-0.03119214477050842,0.009513247814345102,0.017625067731713982,0.003250641472763647,0.0041414631687567835,0.003946388676498398
2021-07-16,-0.09896502652969048,0.008782040904247642,0.010059445112267187,-0.025543394050979603,-0.05669261729784676,-0.04852952664444103,-0.009276724101597019,-0.02509227246537262,0.03966923628479159,-0.01082467211640031,-0.009767465377612182,-0.03996430322751119,-0.019567622414567613,-0.00387358284521751,0.011497697144331036,-0.04746130654885981,-0.04453329469276116,0.008940820424274366,-0.004861933128778934,-0.06598765147307353,0.03832799856329779,0.03691298361196841,-0.009060285319896295,-0.009644039365467294,-0.009748510489661143
2021-07-23,0.07410768578131145,0.014715043002759174,0.0312776131778531,0.031709295398379723,0.0703503000025418,0.012322088555098466,0.002120802228145057,-0.008395319138184887,0.0036206237074161095,0.049064589290008766,0.021713881005247727,0.022962792620095367,-0.0013047474886068138,-0.006726759788206382,0.046510960719017384,0.012668473632813322,0.012921642175063142,0.0061269966882003014,0.031329040846148785,-0.004896819176466051,-0.00928344107641031,-0.021642056834302363,0.029685596495143796,0.019741634614441023,0.019369037862457254
2021-07-30,-0.003021040359317011,-0.01834165671189062,-0.01656877047371202,0.004646478373485811,0.14181226473220357,0.021365941896478075,-0.000718350869252642,0.007539162404887619,-0.01061754949183543,-0.002665969479449746,0.002383485583167345,-0.09429637065745908,0.06588980546316041,-0.00355905289764581,0.012784939758609934,0.018706751189347646,-0.013357000445845901,0.0008422562718569917,0.016618669081882618,0.009248690748618501,0.009026552988916877,-0.01030789779369135,0.02830989569253248,-0.003255612822074517,-0.003753877453989635
2021-08-06,0.043503422689219085,0.0034150010318967144,0.0158433832033399,6.15733619994424e-05,0.03624990626192901,0.05540984984757088,0.026033517916238653,0.036993455285865263,-0.020460478550370646,0.07870893538531144,0.005270820540922662,0.005200394110709474,0.017168457845617248,-0.003213507055206873,0.007483297932382544,0.008841067066512857,0.007709031666111519,0.018625812451314647,0.02279936536465237,0.005024838901014656,0.034196894157971856,-0.019531094347357912,-0.004957314006278762,0.009035064883330864,0.009343655546510248
2021-08-13,-0.00877813255104461,0.020052057189993346,0.011643832339306376,0.0015027879059032632,0.003988063240074456,-0.14516705983324737,0.007881229553610647,0.015623469309932282,-0.03555786290522248,0.006141832529622727,0.01797594524290812,-0.015355186554326506,0.025519106168217967,0.008192351239761994,0.014546921621690766,0.003819786515364486,0.04788716353185495,0.03285155968182226,0.01845806001649356,-0.003995910165766551,0.03462474946825097,0.006376562940670325,0.011474603027288349,0.007721779215637188,0.007070591463325557
2021-08-20,0.03063334765510496,-0.00612220316471147,0.040462645658746604,-0.02286513619397746,-0.054846471435890325,-0.009776455710401035,-0.009142451906779859,-0.033432040547479995,-0.005560266666877313,0.0250426465384163,0.017937691340301393,-0.028958364456536986,-0.05283788271586677,-0.0222391606452712,-0.0021659652218490965,-0.04752817353231957,-0.06438892097310878,0.012758438897363864,0.024636861630781066,-0.07363422064396735,0.03335016650629413,-0.010511931257533814,0.014280394961295214,-0.005757460154846874,-0.005910466943499298
2021-08-27,0.08381979774561635,0.0027628995237153763,-0.015361948242063776,0.04278214291449525,0.06250587771768946,0.05228911392384825,0.004651474982930333,0.05244000278361851,0.005732389140717933,-0.04206709852159543,-0.031029451857130002,0.045714760452036804,0.04549051688274759,-0.01608810701585604,0.0467300079520019,0.058617950474572175,0.03777617674882271,-0.033093630400286636,-0.019025547092396896,0.05586224471909443,-0.029264327178932684,0.016720061448865654,0.002195967033006631,0.015420952112490508,0.01512706590247461
2021-09-03,0.009279161275764888,0.03764093813888455,0.004726392662868081,0.003502360045000584,-0.0133745293745083,-0.0025709220645024865,-0.016570560806598855,-0.022075718283836577,-0.03311801181273933,-0.000847256480679594,0.01212775244517506,0.037621840971938,0.029957450659498824,0.015725399736532936,-0.0018384563434071443,-0.012711545929989698,-0.011625800463180184,0.0184608561946101,0.026752001373058165,-0.016269376807348777,0.026967723675363226,0.012877972029610588,-0.00015230437485729752,0.006265665405508291,0.005762455745157519
2021-09-10,-0.016107341105958142,-0.035153928513114316,-0.01819618960050878,0.0009437485625066284,-0.043889540521468075,-0.004208808794667442,-0.0153357252643817,-0.013445314515619915,-0.0008887127731277571,-0.08031882940481849,-0.047200364068965016,-0.0025621390377651345,0.0036739107406418936,-0.01388397820856252,-0.02012262471828316,-0.026603651460458788,-0.025809235503513366,-0.022769820238506,0.005626619861562919,-0.016353265041593373,-0.008908918267815794,-0.0008071019855091942,-0.009585651649377072,-0.01700623268329931,-0.017089588702415642
2021-09-17,-0.026050541235428524,-0.0197274666912292,0.013969793978197906,0.015635533302792676,-0.012626910939907253,0.010825699660938803,-0.003030510703231053,0.002031444997322258,-0.014149910200742995,-0.040039574676113715,-0.013385059890235088,-0.0019129432452102007,0.0310502167240231,0.01279488031315074,-0.0005395409657835304,-0.015113575079468453,-0.025992001691261087,-0.007982967685481127,-0.012220494081607988,0.021624523252576498,-0.03950762384242139,-0.009854707123817632,-0.0036139021881982634,-0.005912473789606864,-0.005755994386372329
2021-09-24,0.00823096233515654,0.0058707397481009395,-0.0017353631877141111,0.005165496283002781,0.018314187914193376,-0.0033703795829208064,0.004002620931830765,0.03342818015102906,0.04341801530931169,0.006842963833425115,-0.002369803771224495,-0.010743397856406331,0.019428499037881446,-0.01463630184112111,0.009999516723233367,0.033383860260932055,-0.014777043962302411,-0.010837493883449451,0.017773086298504864,0.043110964745961135,-0.011581437874379008,-0.029919877445014644,0.003034260372503599,0.0056706058447237384,0.005060442020591509
2021-10-01,-0.06255696481485024,-0.029494401845377778,-0.03484085964231855,-0.03541746733643526,-0.032175703371659696,-0.04080497064282707,-0.007803803159046275,0.024776363940801772,-0.0048911412421309705,-0.009061694790554808,-0.02395232815310114,-0.04241649367333599,0.001071259406398654,0.0011051466164086453,-0.040700260625546957,0.01927400691035779,-0.012731811756523876,-0.04368672579874679,-0.04240441193618807,0.05637652830299846,-0.0186357114358486,0.00658088362725625,-0.040820828025068374,-0.022024752184642258,-0.022341858155478622
2021-10-08,0.004281723183745505,0.0017510643740829767,0.01969410633390866,0.011222072077453234,0.025156747390475336,-0.01233075255581337,0.030117568308590813,0.024327576505640817,-0.0008249884445317211,0.018769521733921313,0.0028623940667141918,0.0016312253741735615,0.013160774607371382,0.011069671843282728,0.023469468331159676,-0.010449842458603994,0.004261945250826615,0.018865036606951775,0.0078207876285496,0.020307745637203577,0.012545947844148943,-0.013930946184279574,-0.005588778794475298,0.008301868624958023,0.007841447422226767
2021-10-15,0.04830775035113534,0.013484651827309218,0.031251343932164444,0.02088245042681073,0.06503815850578847,-0.03541733369176509,0.00024624546931563976,-0.021436062298947085,0.0031219699118563583,0.016701663933461657,0.002296800893691473,0.03595686118496306,0.07069490372341626,-0.04079101396655966,0.011257189064087925,-0.0029647331275760905,0.01958564544865244,0.006352444732495847,0.0011943161720307188,0.006572093005363605,0.01803852215543451,0.01702670829548351,0.03987758866127865,0.01812824891479802,0.01806049146223888
2021-10-22,0.038759640201224826,0.026233875268485203,0.016140661592331747,0.02387542857766591,0.06642086331543251,-0.002514793515157636,0.017543388076862284,0.030559086825641454,0.0010385401467210855,0.02437682577968731,0.014891524219668082,-0.021787322241616093,0.07609026840831103,-0.008204821173177272,-0.027258898990912075,-0.003453720471435799,0.01366329084088773,0.05394364177815773,0.06337887647358353,0.008432363046661982,0.033117307638906454,-0.03718267412815702,0.018991710710427875,0.01612942173955757,0.016310828128296033
2021-10-29,0.11779278604352246,0.007437330574598986,0.0701308255620743,0.031060413178399537,0.003415988798921871,0.02327876167867689,-0.007739667160131642,-0.011063402475566258,-0.08791209164303347,0.0441787665413049,-0.005144032271513848,0.010996025440113464,0.20261960016437713,-0.00906393495506441,0.07341550402164523,0.007850087677257525,0.016606654453650734,0.007254246113320043,0.02123641661235358,0.021162124069365844,0.010721958768763315,-0.007928632753571663,0.01594708403159011,0.013437792562329475,0.01321945615789365
2021-11-05,0.15159400549910618,0.011290104594360804,0.01330039455324975,0.04998332702281607,0.12574513616676553,0.05380802394336484,0.0030266512173132793,-0.010889790838079201,0.022874638978563348,0.03940746506286998,0.003370994333188961,0.04254039236139931,0.09260536086724137,-0.006354329005496239,0.005429682643976357,0.036238389766924846,0.009124669004249571,0.005406256094679776,0.042966276731512036,0.008494979368177535,0.002340870279556845,0.050920220911559344,0.039287343686302184,0.02000552535960464,0.019811633067282456
2021-11-12,0.02121706601188748,-0.008563836821847363,0.0019617340195119404,0.007663871050844647,0.08131701097709883,0.058331092635354534,-0.006586932574020698,-0.007106555685949564,-0.019605780301803283,-0.017153342759485515,0.009621595492621336,0.0017490509495698694,-0.1676888560303395,-0.006394831391672236,-0.0011698602379079798,-0.010632293507205357,0.01633179063658471,-0.01657822284758046,0.007861812899676584,-0.005278480066091786,0.009078464336990616,0.011166586737203079,0.015037182979884673,-0.0026932009909238514,-0.003129873132439512
2021-11-19,0.08193936571758155,0.06803682121788573,0.020627138773723762,0.00971806184461398,0.049598059440088174,0.07150820658627534,-0.021202957659573408,-0.036247637947620676,-0.05440278956519036,0.00403606489065209,-0.012931083894534828,0.042057257410483904,0.09557228110190455,-0.03301704335835307,0.0016699827959444323,-0.07355754366091373,-0.04311040912223449,-0.03701936066480917,0.03163096163173573,-0.05061719049971926,0.022907943331277637,-0.008868948024515287,-0.014434916167126156,0.0034611776830700386,0.0032214438313974245
2021-11-26,-0.045970165760001326,-0.023570446218456543,-0.03992842452484555,-0.0396893879101674,-0.0038682667096667247,0.004685930030161547,0.011011001983139012,0.006256940668745508,-0.016110071396621673,-0.0012665432157211412,-0.016385004066057755,-0.04791532797117775,-0.04970867368321484,0.003722673274161453,-0.04633769378005224,-0.021436615561731525,-0.008567778642225335,0.01747398620628858,0.02285423871396051,0.009514368232568257,-0.021041000178759435,-0.027332876705956206,-0.035606184517134015,-0.021383346636331135,-0.02224228431641923
2021-12-03,-0.025925775704665758,0.03157306051040142,-0.020439280262253508,0.02087502871174532,-0.07231583931706775,-0.021813540147369345,-0.020196232637380383,-0.02273562783293215,-0.00675202207573559,-0.058481252778069114,0.0011300878610169152,-0.03329697544925736,-0.06387822454588113,-0.031881681374115595,-0.0012774841287568636,-0.05321009460372192,-0.004690709880763255,-0.052347164590535636,-0.032000803694869996,-0.005894833633311196,0.022284452058636803,-0.018729004812110067,0.003741035534430066,-0.012165831448265236,-0.01230490330866308
2021-12-10,-0.016258849134006947,0.10328843403949467,0.05870517354186407,0.12380895267468572,-0.0386514101295789,0.046909675843701176,0.038190187930367804,0.009619806436678332,0.08342249922389547,-0.005880794048024926,0.03761921315019721,0.015935319060679947,0.002027587353330222,-0.02678358628012398,0.04138483502514278,0.04407193967461502,0.028212947454556634,0.02929411182690621,0.054971625178312465,0.03422430361335884,0.025238369495577888,0.028326276847361692,0.040634823078940625,0.037486779865890524,0.03753551896821041
2021-12-17,-0.08270367500908642,-0.04741446159389993,-0.0562625759912059,0.005179199231109783,-0.005790845302364023,-0.030143563362131105,0.01866383736195443,-0.01933250490612398,-0.007148531238373572,0.09107870208537086,0.016421563593725357,-0.012824924884862338,-0.08669773209052134,0.040331546431930945,-0.0433336894145147,-0.05840299875922399,-0.010325469659125338,-0.016298939359708116,-0.020264114621355515,-0.0484488772739086,0.007283980531644922,0.00590672527683116,-0.000509065901400557,-0.019854951934562135,-0.019583441740692736
2021-12-24,0.06405280656097599,0.029591503973854492,0.033078786911325965,0.0523006907915875,0.05912461415356258,0.12891224826191294,0.002822365491231652,0.0031845209993083367,0.02212473207172284,0.02101758270998535,0.00011873585492773074,0.006162658120316494,0.13466203184611875,0.04481730374236884,0.03597571157875973,0.028377716988861473,0.023702674761005845,0.005319205783043858,0.005026964624277398,0.016357357956020856,-0.0026425245574299944,-0.00494005988321352,0.01586953855589418,0.02306482568053434,0.022501497776318262
2021-12-31,-0.007756106088509461,0.007291202271880083,0.004858302716435244,0.0009172477099990784,-0.01544649070824518,-0.012476025827324915,0.015198559894087135,0.00690708391593895,0.00041560900057304215,0.01135940921676441,0.016621845538538123,-0.025766306213339234,-0.00962436700542671,-0.010915810388535348,-0.0141517864727426,0.004987414597830346,0.0026154324212539133,0.0366007984065015,0.031002628306438105,0.0027817793525006,0.02890556974668803,0.035362230625719214,0.02117924167589468,0.009221928209752888,0.008510431361197491
2022-01-07,-0.07642525203045655,-0.03088252398200655,-0.06854252902689867,-0.07205582613565244,-0.08631664889197041,0.01385951326682192,0.06718968214926627,0.06012033105841753,0.0011528266922849841,-0.06244087136367718,0.016695146468157375,-0.02528747608863715,-0.028623573522538998,0.09316446766311735,-0.05560767956581143,0.07079071812209499,0.08103186848815891,0.0013813245520847117,-0.05712308869429906,0.1183823827823285,-0.07735955643476759,0.02373378365374824,-0.029736651561848713,-0.01885165184661267,-0.0188819352088335
2022-01-14,-0.011257009145676537,0.005213713820571294,-0.012303055766533807,-0.0374863229580459,0.03630274266977937,0.030344743640756726,0.013511429411578338,-0.0570528975168273,-0.010611209090304333,-0.06109677059485373,-0.035757015052289766,-0.002562432040913043,0.021815649454890874,0.03329276242988139,0.017819896974411276,0.017208221938679262,0.020966113144135018,0.0011726651627546676,-0.06389965788549723,0.042493418804746934,-0.03785617158761311,-0.003649961672199185,-0.02301154171099787,-0.0029437962809289006,-0.0030363770352826417
2022-01-21,-0.14206192370507253,-0.06357212375759021,-0.04675651813933983,-0.11190840475628082,-0.14157910733478246,-0.17255016514440566,-0.060111852889381756,-0.08461354742660623,-0.04156557011396342,-0.00435170052618838,-0.01785371298718976,-0.12810278451947377,-0.10615370976276142,-0.021194410638351993,-0.0676902961658432,-0.0688129100430002,-0.062222934496170695,-0.03414896390117105,-0.043435536129193736,0.004165296750415799,-0.007237326969558201,0.0,-0.03881062372472031,-0.05926201610098017,-0.05849063396843483
2022-01-28,-0.023111056535752676,0.04761359663848879,0.04048278973700776,0.04916238543385234,-0.12128212204793129,-0.03300554717263279,0.024850799106405207,0.01049072457566707,0.10180932910802999,0.008358104541388517,0.0411154193608764,0.009315445126260747,-0.10908722901794503,-0.0540460574601792,0.02275006631502174,-0.04459334314179475,-0.06229595273380246,-0.019229294747317327,0.022217679601800926,0.04218968349535367,-0.1304232950851161,-0.04022237139952987,-0.003739535180034365,0.009023803391321205,0.007680889990283043
2022-02-04,0.06274438808301835,0.013295203666237048,-0.007554511523225753,0.05227853464279425,0.16080709680485514,0.023685996824918763,0.006657230118447963,0.039782055944682836,0.0017091201361929783,-0.011613445514145533,-0.0009316048746692961,0.09065026612692602,0.08704291811360373,-0.04585912588417274,0.07190692088713814,0.07234575960269465,-0.013765113375651068,0.013075799960670908,0.05554834941403147,0.07828385216065989,0.04727816647846565,-0.044143810462140665,-0.055355889615215856,0.015157777461712752,0.015377993739368979
2022-02-11,-0.015331248132082117,-0.02199318581267567,-0.03627826507576959,-0.028775364158089234,-0.08807105826753847,0.10059362663798871,0.013089062595000629,0.008875119169443555,-0.014707559941833934,-0.02732334342798169,-0.023104854985758472,-0.027956351437301175,-0.07104355719828719,0.0020742719128906914,-0.06494557714906833,-0.02226389107921545,0.014162573805902716,-0.029128914707347166,-0.019622810041115615,-0.0038251067083839483,-0.013910312050093684,-0.003986342759783838,-0.010966748591812691,-0.0185351212291052,-0.01836313250507192
2022-02-18,-0.01290176154822007,-0.00797759418809614,-0.02232790609287061,0.011392394399257814,0.005726649012242795,0.011519893858132013,-0.01369244611585593,-0.011631912223843046,-0.008940917479702468,0.023366013130952046,-0.019881258269137135,-0.004524444751181583,-0.0035177598395861984,-0.010833682492194989,-0.02931631863344009,-0.043696131830626594,-0.04726323567410029,0.019465089570437265,0.005868896385237379,-0.03617812083954904,-0.010864222211429445,0.0337519505818345,0.02721089159237553,-0.01424515579276469,-0.015915919190083377
2022-02-25,0.021549307838093185,-0.014752723017491158,0.03205784186121671,0.0137329684339126,0.06158014687363388,-0.007739137878597864,0.014005662651430885,-0.027791614150803067,-0.015476708840085535,0.04292543157479314,0.016031641337378208,0.007748310329278513,-0.056540858992730335,0.0016745144206912817,0.03063339156117705,0.03893419692923339,-0.02580511616131223,-0.011736035453601754,0.009357809719817629,0.006185540764246395,0.03979097696905173,0.01734764301843922,-0.017890133863741692,0.008073628170270259,0.008193714620185451
2022-03-04,-0.051696157788663794,-0.010243216502286767,-0.025377197488073006,0.013480090540360885,-0.11036590084324951,-0.09529891895666355,0.018927637664476513,-0.0961892141621674,-0.09053771686231325,0.046804405225736326,0.020746838844966038,-0.05443353439876782,0.034490341527964666,-0.0016745144206912006,-0.01916977937211201,-0.07798686998483426,0.044948790939362986,0.04613994934608152,0.01535997469171573,0.07723207416182117,0.044290335436526766,0.03958839639038892,-0.05549673394706129,-0.012828896204641105,-0.012803217756334537
2022-03-11,-0.0371299966868215,-0.05311105613323352,-0.03435843918201101,-0.03090955357030874,-0.038744880541590344,-0.11763029586600457,0.0038654211423557994,-0.04186097316276452,-0.018035693742230557,0.01296411745805847,-0.0007672670860870745,-0.000800238049314508,-0.05258179943927571,-0.02890118232500037,-0.01555558912458141,0.03551742796449767,0.09346849473458797,-0.005265402964156274,0.003646982013724283,0.009821977262666383,-0.011410070093288895,0.04633757846093957,0.0016208107889304805,-0.02839785464721717,-0.029196361521459012
2022-03-18,0.1797918993919836,0.05806279058704039,0.07017509690118359,0.0548165422117048,0.0842748549174671,0.08663329894892798,0.047272660919278786,0.08339711887697789,0.10784324700948518,0.07708601533300313,0.03190371672083782,0.10261458249762298,0.12958349555302676,0.0012928889184477585,0.0470396043114581,0.03524059488017968,0.027908435293734636,0.02730403585908895,0.06234730156460405,-0.07644772141551368,0.03798324565024319,0.01046985736538519,0.10441276369476651,0.059675703431890215,0.05973789575759378
2022-03-25,0.045774089811990104,0.0634401025984889,0.010759856751711577,0.036533234101635344,0.053287595455301186,-0.016633843187158222,0.046644808326608965,0.012906717228492575,-0.003108271115739091,0.004786238078313472,0.011826242463796679,0.021612716284660157,0.10997331444460513,0.026350700834019945,0.039944215155746275,-0.016560640668957877,0.011029329492670558,-0.013777041370332716,-0.01009778958888246,0.07973954661922875,0.01888056401061374,0.04300273534239192,0.022462771578538158,0.01821255869351094,0.017752707433133456
2022-04-01,-0.036030882227063694,-0.0023493089894799715,0.01872509402106775,-0.0030099248248002643,-0.10084897601916246,-0.02489115684567956,-0.019363446209466888,-0.047694809459724666,0.035661057314294295,0.012549608984153625,0.007152776834963634,-0.007391914114819947,0.07061822398302707,0.005855506718353589,-0.010804625196098726,-0.016406992828671984,-0.016203345409086793,0.05135943201236334,0.03511420743868372,-0.02471601137555071,0.020867442498409355,0.01649160868487927,0.01244035724276664,0.0005079607347346681,0.0006160918569260988
2022-04-08,-0.1444578765273163,-0.024507488846032967,-0.04106853057803769,-0.06588982644179135,-0.06876844642413649,-0.053125081233820794,0.003461097959025763,-0.006156756649525992,-0.04232134417289172,0.06296341541041307,0.02181547128273091,-0.057241512752205806,-0.056031524156854785,0.006649945816763888,-0.05020839146779756,-0.03018397234248531,-0.012545938623973267,0.041507821584610374,0.04163535654454048,0.04378193813902839,0.004423478578244424,-0.00862408000143325,-0.015331139912279926,-0.011882632041000487,-0.012747391577866595
2022-04-15,-0.08392169451634535,-0.028626340052082994,-0.059448694692213415,-0.022656782519501352,-0.08187609665951177,-0.028257927286187076,-0.025150859353997343,-0.05679290686761175,-0.019499339204720054,-0.0320457760168042,-0.01226471053245269,-0.017990653162142753,-0.040284114687772,0.08356554566915778,-0.050449669733617336,0.012073048806733398,0.04847644658430564,-0.002098569710039101,-0.01621296335062463,0.011335763714164244,-0.038844258287164084,-0.009844429569393718,0.002200520611619838,-0.022093691538393842,-0.021550512229754713
2022-04-22,-0.08554990626494982,-0.02140233855451518,-0.020944805852364246,0.022571576033162188,-0.0543179676927032,-0.01031932768496366,-0.025799690163382807,0.005456178886282717,-0.021950788945562787,-0.07971962020115887,0.009074849534793044,-0.04970676626372449,0.02015088619930846,-0.0010239807326809863,-0.05760920722003174,-0.01956730530520984,-0.04706135272343491,-0.0014015228230458193,-0.032168909842691586,-0.03122363145042818,-0.11315966572672723,-0.011415191899357476,-0.028016572694787824,-0.02720612672702318,-0.027888442857880537
2022-04-29,-0.05087502937438552,-0.025921849919223604,0.012655427197848759,-0.05707120423118658,-0.030176225025454622,-0.017733230469981907,-0.03867494341589104,-0.06054569294219494,0.023547212170025648,0.04695544099919118,-0.0059668032187658905,-0.1496917801772302,-0.1434261886529752,-0.034396343760535505,-0.04729126782888023,-0.17795247968319172,-0.026990604064635167,-0.024981325262647645,-0.07087179467552575,0.001408553981446226,-0.040427592733741004,-0.04447578139838139,0.0072059930043656024,-0.03350989145616935,-0.0332858992033834
2022-05-06,0.00687735700175103,-0.0008814499912241203,-0.010104302186792322,0.04533186432642083,0.10869918390204047,0.031184818375879792,-0.012310955509718358,0.03587668987034315,-0.04958346634670729,0.01619634232570943,-0.02292515550363732,-0.07959726804019131,-0.005885742180384952,0.060187848455929616,0.014244184165186769,0.04818354157641814,0.019332949939325907,-0.01904640822749038,-0.05481138187816441,0.07282523098240833,0.020211274622810593,-0.02655796000192413,-0.010634460794933827,-0.0016031633640812056,-0.0020811760515476777
2022-05-13,-0.05328192325994625,-0.06684695253474283,-0.050808711380052926,0.013934732619599582,-0.002310130108188039,0.022071462062380812,-0.027082004949332876,-0.0381415571443875,-0.01595091397523702,-0.014544995315811153,0.0027181840601499837,-0.015077471511376554,-0.11762272677478601,-0.009530983823613878,0.0026228996390140185,-0.041498635194804706,-0.04927247418228279,-0.010147608179874916,-0.01217257883818722,-0.021159951394018467,-0.03753883273705301,-0.0006791211463269175,0.00035616312731561497,-0.02366474241454195,-0.024414406912135693
2022-05-20,-0.058854253599125654,-0.06690237295384824,-0.03100493620161781,-0.07967589076993584,-0.01717784496280092,-0.04289807596462111,-0.020540745409520812,-0.014803489428698751,-0.0010041387919957115,0.024455427511184177,0.0007346421074722923,-0.04953739578800779,-0.1477263512303105,0.02783465114249817,-0.06352185729122775,0.0026612339029653746,-0.0323786288208886,-0.21674735952702268,-0.177414488761927,0.03320351961254444,0.020139618476087633,-0.0029464035638043103,0.020547266802663812,-0.030557827835019157,-0.03092383191286612
2022-05-27,0.1193925297010996,0.0839542688846899,0.07870164733157103,0.07120829626258272,0.08955717424739813,0.0621773500499722,0.04834370360963113,0.11218036452746113,0.06727294451762157,0.07919563250434833,0.029362912304455844,0.06786819461269117,0.1346999496287817,0.042702856951111916,0.030817096416800274,0.045589341497960935,0.09318472892258692,0.07497073726978892,0.12263002555107208,0.06050917712372474,0.08928032737224284,0.030058109080946267,0.04482697690366819,0.063707375103926,0.06376672636097706
2022-06-03,-0.004849446408339778,-0.028881568049817764,-0.011854329503023921,-0.03481974294977646,0.038746703514778706,-0.04719563285069894,-0.025935849654354023,-0.008491801849363259,-0.0010812314138909773,-0.06986986372379042,-0.02612669925592689,0.060680549929671986,-0.07669256926039349,-0.018488270587298797,0.01961197065462963,-0.022989486825631185,0.026180793972367597,-0.024903029332130778,0.011594335723904869,0.015253429524715477,0.016141864962921623,-0.02436010053915431,0.010530219353588586,-0.011431406263059097,-0.012024220429094314
2022-06-10,-0.09769823705720955,-0.058421473104298044,-0.06514609455805138,-0.039929622406931396,-0.11428495980132075,-0.11055332515656036,-0.06383984658337917,-0.0850297163175556,-0.06378320313548144,-0.015501661510241755,-0.02218066050054745,-0.10959228863745367,-0.009798399728340595,-0.010098873116840311,-0.029948569900161162,-0.07750193281585782,-0.03524831029322011,-0.029311379971247692,-0.02754654710897007,0.013731376795562661,-0.035967622631393005,-0.06976423284394583,-0.06539457968842718,-0.05183964499948487,-0.051870674577964626
2022-06-17,-0.06662244409451858,-0.04146640312570389,-0.021333576676044314,-0.08201357901203578,-0.15051881068428322,-0.11620713730083715,-0.08447473544939207,-0.05608137192041078,-0.04878756852987767,-0.020786303993306613,-0.018070041209680494,-0.03178106229333297,-0.06893751613142576,-0.06540900763452334,-0.03681510422578353,-0.07625927741909577,-0.11065178794338112,-0.028419679460004253,-0.03653152230843732,-0.15401782641423922,-0.0695484143532137,-0.05536119410605583,-0.06721597553598663,-0.05907267678364226,-0.05968745096582231
2022-06-24,0.07553731080135433,0.07396661838302522,0.07785063508773479,0.028976717441634454,0.06536571382240232,0.04712309070829834,0.0373424033283212,0.0372520239990119,0.07841796347473369,0.11275192474485024,0.07298195630657073,0.09203543206120249,0.1253476805395564,0.07980449919441714,0.09630373584171271,0.016231101678538196,-0.03782204112224198,0.04488191742542262,0.08098426537086605,0.009016161997199162,0.09696515133735722,0.07095724427578794,0.04226841049683963,0.06410100744898371,0.06247266708077212
2022-07-01,-0.16486402592557656,-0.01945969249733669,-0.030802033932356483,-0.06334911438300747,-0.16723162155371604,-0.08551908454458097,-0.0028068634823511054,-0.02826828850228296,-0.031285785453211,-0.0027989379827867977,-0.015312250976566185,-0.06107553643653098,-0.07802898949190873,0.015130314921272313,-0.08153602963465388,-0.05302278611568907,-0.039589683919634355,-0.008849577204967882,0.002865601257397603,0.0074519144923314755,0.032037217354758445,-0.0018011219652701936,-0.060459486714942424,-0.022922597410593794,-0.022337526809736708
2022-07-08,0.08667832519633836,0.05673481960320338,0.03065222187891153,0.04270864006415161,0.07427279190278951,0.09938211004232037,0.011928523050814084,0.011521189178596859,0.021801017337310633,0.017583325658406947,-0.006931600346601953,0.053144476165879015,0.09840019419540065,-0.01099207931828966,0.0931529287455229,-0.004574531330615132,0.00453292161733082,0.022336910784167746,0.0319686885774947,-0.01693298764051292,-0.003855423475722866,-0.013307815054958372,-0.04207266450216648,0.019301498101295042,0.019172777596062535
2022-07-15,-0.004809934689755311,0.021063253435896795,-0.04173123527331087,-0.008518299004373273,0.021937837864548695,0.03961734475686775,-0.008403173283071753,-0.012406339156006514,0.031288177971908755,0.0034137302193084293,-0.0002802665572442384,-0.017373502849557416,-0.043592952289523514,-0.011119226998316611,-0.06557936163817622,-0.0061848526857524976,-0.03245861382235827,0.028846585393784638,0.04180274464174242,-0.018051937956478855,-0.019376659484425487,-0.010898026169072437,0.011986039130193984,-0.009149542220934526,-0.009332057423966617
2022-07-22,0.09420217281043829,0.025768805884407966,0.014079452367042628,0.035873490429498056,0.08266625001504357,-0.003908086367663589,0.0264007170479861,0.015897848190924446,0.017274919967298807,-0.008631614519525628,-0.03488280537641398,0.07521444503830908,0.12577966672391433,-0.11148293083821238,-0.03530540990014742,0.08138780075650055,0.03671594846094276,0.024036328345114974,0.012862374956317726,0.029602193335062175,0.01937665948442555,0.01962867762904778,0.030436867269845465,0.0255321999179162,0.025170048494642747
2022-07-29,0.04758241249298487,0.053202420031564474,0.07536372798286198,0.0438237332968845,0.06980982108035613,0.009257053171329542,0.05003349762109924,0.0052147305780259594,-0.007467864274123857,0.0028548595391597186,0.01384727966287471,0.0974465763842539,0.0875407162392816,0.020441789870276485,0.07514011114498516,0.08055000657696916,0.10426811970018886,-0.0012108023189458107,0.023349654745449245,0.10716187689842684,0.05148614605175322,0.041502693986427065,0.05604481701459551,0.04188575846829182,0.04169210472633796
2022-08-05,0.04447307596712505,0.01871321354006552,0.0076996622077762575,0.029369505539425057,0.07972505932537888,0.009652551077185592,-0.02878697298040183,0.003461295382315181,0.017571154772360716,-0.08997974435909935,-0.01973257921693744,0.04243614854833373,-0.030686410907591565,-0.023162916657716477,0.00983803439970209,0.006070202463906525,-0.06706719523212842,-0.04230628958853422,-0.0011643765071080452,-0.09155149209712016,0.04047662331261704,-0.06780211082353095,-9.946165584907904e-05,0.0035858808341873044,0.0036009798777999814
2022-08-12,-0.014855216507029322,0.040011284071757976,0.03131671044941308,0.012237883929564273,-0.014571447463073005,0.040476364993024885,0.03194227477312712,0.05356717641270774,-0.019485718070499085,0.02544581002557793,-0.03454461014614259,0.019342962427912194,0.04033183522303681,-0.004369224104757569,0.03521161870302281,0.07223287407189154,0.059929589675805195,0.047938667534017966,-0.006419961560068939,0.07052666856930957,0.02790862864907024,0.02460801792968164,0.03123198357073165,0.0324330311970689,0.03203942113165101
2022-08-19,-0.047057128379423996,-0.0033756922412471586,-0.017809113054648083,-0.017711249356440553,-0.04960875791694517,-0.0721942058790323,-0.014261347896809013,-0.029076808182780568,0.007025928177546386,0.04658040291491923,0.02396933668909352,-0.03776449425835289,-0.011273325819269143,0.008719441106424692,-0.03742750168637506,-0.028038451377457335,-0.006319601784946757,0.035659480580844484,0.03173142291146381,0.0008505224899513639,-0.008436199192447456,-0.03833601955525492,-0.02535455642949749,-0.011681012915021534,-0.012145447092121127
2022-08-26,-0.09323931869753559,-0.04715321316054855,-0.06519332342461431,-0.0515782976238629,-0.050991612515744036,-0.04876527644475717,-0.024931498555869333,-0.03395096551565176,-0.04778271946193562,-0.022591068770581226,-0.023523324248829972,-0.05563183062288522,-0.029336221162355795,-0.02973802802751437,-0.06040063377377001,-0.03203113588627788,-0.0189928263963835,-0.04035992849921009,-0.041815426485795455,0.03949464109754656,-0.0185638022531948,-0.020985990662666217,-0.059339653832394396,-0.04068482344324534,-0.04123615468314056
2022-09-02,-0.17518835686054393,-0.048909771828498226,-0.04591094860322728,-0.04043322323810225,-0.12781346110158714,-0.02281601405156155,-0.0433095463761616,-0.008407065239282866,-0.025609894691436024,-0.04614281944030981,-0.009357555729808292,-0.025092293296147063,-0.06407351576580808,-0.03991380200892862,-0.022825140659325133,-0.038461032024293136,-0.05952124053464494,0.010582163042002737,-0.024189569274978825,-0.023571921760402445,-0.029235848471040198,-0.01958822970138149,-0.026142959309831928,-0.03277829799237287,-0.033428630201124195
2022-09-09,0.05310231154740245,0.00996250796591002,0.032278221490218334,0.04338561352951225,0.06290925681697226,0.019513791883632774,0.02875384644488548,0.046899564102425545,0.03693109715005539,0.05290154494710029,0.018085475077021268,0.0441823680014348,0.10351581141514839,-0.00935136628520613,0.025630677075012858,0.02198476857543708,0.04677884847879147,0.028463413627832057,0.033100028406713604,0.009474926717692924,0.054753311520865114,0.02294442466974872,0.033009108372634675,0.0359558358231034,0.03581636583692831
2022-09-16,-0.08625968741656004,-0.043308584516778624,-0.07749362785480783,-0.03883818347358327,-0.11050989468294853,-0.08328332782299515,-0.039107312128083965,-0.01769354619099531,-0.05974195234632679,-0.02812229350452113,0.01134095724861877,-0.07589314598343302,0.012172060253035044,-0.01717546252297484,-0.07358666736486756,-0.10905903048452047,-0.05432809371635028,-0.027035781124182715,-0.06236163497216534,-0.03468797030893377,-0.05852022040788171,-0.06344794157720275,-0.012868466154262001,-0.049033524479585956,-0.04887954441294612
2022-09-23,-0.05305743885549369,-0.0017932843246800622,-0.028261946680127804,-0.06132504044799939,-0.11850219583252225,-0.05343660015209237,-0.025951578849482886,-0.07022582521258389,-0.04952504279024778,0.008285586995633748,-0.005264489535379095,-0.08221728307301217,-0.09691694503623051,-0.0445877338752786,-0.040295199824644704,-0.028105950731432114,-0.08867951737891326,-0.023780678945752552,-0.07781015068538698,-0.08341923867352398,-0.027136715696379102,-0.08763558918457669,-0.05144914452470209,-0.04674967274231882,-0.04761321370818566
2022-09-30,-0.03058448778819798,-0.08479564801248327,-0.021325326593276243,-0.05407311926084626,-0.07008652619292509,0.0,-0.0028048412367873052,-0.043444347192806994,-0.03490311638891279,0.037464603324858466,-0.02035951572140679,-0.0068789298815342065,-0.03729755197835819,-0.04274967415547677,-0.03179444924222528,-0.040518593921763296,-0.0009745178976460828,-0.002771854767632042,0.012506856905129218,0.018029139270157726,-0.05108961694188568,-0.03648405526781964,0.0016332298640880304,-0.029707324238480198,-0.029569974033259564
2022-10-07,-0.005203373312642976,0.013583113846797256,0.0057371606157009735,0.03642216072620216,-0.08083219375590756,0.05667893003688811,0.007536578375065982,0.022970338744138355,0.034196199471669055,0.0101845643068991,-0.019533290518523195,0.013710863188836714,-0.1731871211116788,-0.008816167111048667,0.031186622996582442,0.04191370950330886,0.07889805758994581,-0.008828402800921006,-0.008761987698394908,0.14595262005496779,-0.021658524013385923,-0.09313607337089966,0.013301971359065197,0.015584213813034015,0.014958811945918447
2022-10-14,-0.07289846151072014,-0.012281660989252118,-0.024547321240601407,-0.07525107203394701,-0.04372090015888006,-0.0035974062512902274,0.013402222851355278,0.04799003505301051,-0.006603948290943667,0.014375868111979115,0.02624431493227809,-0.06920484959628725,-0.08452443212438795,0.003341028982579084,-0.021717760589765746,0.04556895885301485,0.003597982780099368,0.014440943244402779,-0.02926080219160676,-0.018380507540617614,-0.06682618563529685,-0.013054200263743886,0.00780235191982991,-0.014325163889336242,-0.015670252633040033
2022-10-21,0.10468341429800936,0.06226430257886879,0.057634640390011406,0.051628958756034286,0.05020226471309266,0.061249177285371055,0.0354516607132863,0.09466413644230336,0.041562102207207234,0.027912077303215897,0.02551415875003492,0.10991512478403294,0.04506876608634322,0.13169523751255757,0.04624217419355475,0.07482628005767583,0.07199983880979602,0.047683315369458454,0.05045933080108636,0.0650804179222309,-0.00167338453897802,0.0006913624406608948,0.046064619913278426,0.04553206514160762,0.04626891064664533
2022-10-28,0.1041244412858257,0.055920247658331146,-0.026152892792842233,0.05023673878081596,0.052813707356557535,-0.03651957258809866,0.058834413680086246,0.031012055766388328,0.09499020323091764,0.05461847404423998,0.035861289023021076,-0.14310725247854642,0.06359376220811606,0.07761069399361971,-0.049042290979911765,0.07294015019408949,0.14244191772438392,0.04089215392199931,0.06793158870924179,0.04470642316046872,0.09803424506732365,0.060665326251753186,0.04569305742217994,0.0385999243271619,0.03875942153966842
2022-11-04,0.02300921221786124,-0.11652714271092426,-0.06335492346875075,-0.016201493307925606,0.002898557739506889,0.03848027363517631,-0.04142988522445561,0.035834897172707096,-0.060857549146877084,-0.00694284926471332,-0.019576213481291235,-0.1280619655710299,-0.09663699576367943,-0.00869575478987511,-0.10629566858539485,0.03438223465903245,0.03806451884852638,-0.01086509133345953,-0.04906335390726752,0.014438867770735548,-0.002914446014660886,-0.008983221494542459,0.023350324206054075,-0.033111279824233196,-0.03402743373457099
2022-11-11,0.1426814159798135,0.0786300899963122,0.10990773276202688,0.1074665617677361,0.15159769379636373,0.10728169171515478,0.07455015624676267,0.034743039254434886,0.042140458874032255,-0.014400730046172356,-0.013089633417933068,0.1023994144109534,-0.05702516426881204,0.039073842685034436,0.10754117739911918,0.06263260651814265,0.03721833435048946,0.011356192015350397,0.05802707459871983,0.014496946849120248,0.055655470034504585,0.1607617705790414,0.06664453673927517,0.05721306683131718,0.05730438776538303
2022-11-18,-0.05786826463189633,0.010564827965323332,-0.02130993716834871,-0.005671328720938652,0.01644544296609468,-0.06509305283877635,0.003352274047359109,-0.010849586552419027,0.027899850027646843,0.029035062045865343,0.04024275954920369,-0.0682561239607495,-0.08394972923220434,-0.004208432996977697,0.010524141825567167,-0.009663062059133688,-0.021628585569651287,0.05226428307159311,0.01578268829991844,-0.008528850076792752,-0.0013212844320327386,-0.0455641563372335,0.014102620276156379,-0.0062426940844154954,-0.006933656238193792
2022-11-25,0.05437114898052873,-0.021242988693955325,0.025660816167270235,0.028229482780810913,0.021115702226892446,-0.002906446438188015,0.021236357003493394,0.021436504064547463,0.014084340374361327,0.009849668699603955,0.012318907945644558,-0.0077845844001117395,0.014708972786299507,0.007876063879725692,0.00030793747816333536,0.03064392548462517,0.01828235623542885,0.018727749015274346,0.018897060498548345,0.01003161519749702,0.030461728274994427,0.02549111282344956,0.028000157362207678,0.01578267606826548,0.01521153824908875
2022-12-02,0.036825344297773434,-0.0020277831407997456,0.02997182958479095,0.020342281285125986,-0.0021315759441461286,-0.06598890268645072,-0.004040533311823915,-0.011622193503404597,0.017940119396687763,0.025703843707831655,0.009210228317853144,0.007678331291085153,0.06356051905536353,-0.005243933756717977,0.030118587184105112,-0.014398475618392402,0.0018227408704489952,0.0009795974631062654,-0.07615081922905033,-0.030037643442112134,-0.0016416897005585018,0.022047974007442354,-0.017257576170569573,0.011319237650932481,0.011257428532237778
2022-12-09,0.007379827968533631,-0.03897447269277795,-0.038370944560318886,0.0072223402591513304,-0.08907475795889148,0.0034686100093227765,-0.03135791713097041,-0.022445839332695165,-0.04203655500557629,-0.037435656468740704,-0.017709280847440726,-0.055029722753701285,-0.08461624164084508,0.0036734061248724537,-0.07879075486238123,-0.06453851156113095,-0.03815578156951505,-0.04924271039149282,-0.023549860967105554,-0.059248912318193465,-0.008131543465968139,-0.06405128230308599,-0.015353853607250672,-0.03407002625964642,-0.034307311357619774
2022-12-16,-0.025618146004586853,-0.05531468855640234,-0.0029790154331300568,0.020334589971554868,-0.04747149015981169,-0.05237765567174827,-0.021076373411691836,-0.021955485521145002,-0.008710641501459006,-0.003107365345437972,-0.00039855898690595716,-0.013902408132324342,-0.17549768885374073,-0.03193435530673913,-0.028075566955880503,-0.04681219263835119,0.023609259955377725,-0.01777464276249396,-0.0456842983231173,0.01114104245954757,-0.004387898855750903,-0.035884134358401154,-0.007796386263840416,-0.02120074004110963,-0.021067303916566412
2022-12-23,-0.0859639912040812,-0.0198975737593773,-0.024658830718756686,0.002029484255611537,-0.013700006732457502,-0.036574117201169945,0.021402621897619704,0.015274678578697007,-0.00513641684437362,0.02206843477730279,0.010250582541499674,-0.03015652933087237,-0.19876428767791,-0.009782638129862973,-0.011477036626312593,0.051943621197765,0.030260937600439887,0.007119962294264383,0.00259719122111409,0.03730880944777784,0.00035642270856667453,0.011592779270383437,-0.0009104280627837588,-0.000939671626747981,-0.00195916980038942
2022-12-30,-0.03971021359283955,-0.014745037737806747,0.004555345038859109,0.01205521746094086,0.003867280138641099,-0.0021188938586349545,0.007832483611842885,0.021253296398660842,0.009332781054302734,-0.005615276097438202,-0.004687467964732984,-0.014771317320312543,0.00024356577941929568,0.0054467224163308675,-0.0112701326552748,0.024158601456333792,-0.0012930954933851873,-0.013867612058329004,-0.01338228103372779,0.014796243246075065,-0.006795071844799829,0.00734974056126482,-0.00961139795561427,-0.001254242722860788,-0.00138465580872463
2023-01-06,0.016625959912519573,-0.002388883861563376,-0.06409929635928165,0.05107606752439619,-0.012584607714606571,0.1273851423138629,0.031201270955123914,0.035592391859497356,0.04696416331351593,-0.007958240925686344,0.02017423686434559,0.024460318841706526,-0.08572807308313034,0.059057764675295284,-0.010138712642201654,0.09515967734396813,0.038086733402703854,0.03458782985973508,0.056158843441416736,0.0020828199715379595,0.0005982435053832592,0.06253409892116674,-0.03120055616224002,0.01466582220144085,0.014372088533438963
2023-01-13,0.1286486938570828,0.038888519816047504,0.06163617124353396,-0.016155407354796255,0.104422003389623,0.002814283772828425,-0.0033001389773020997,0.03609566980248806,0.02409301912451235,-0.003644077848959138,-0.038570652235245674,0.1309141296973392,0.0793757528913114,0.015360113477464493,0.0532837380121661,0.10869116690735439,0.037850425222077766,-0.010203085426409774,0.004916703839198928,0.023427510776206712,0.012237763180780287,0.019442882490597994,0.055221747797530786,0.026496141291647225,0.02635261889359589
2023-01-20,0.05413256740077768,0.022815930788744852,0.004129661647578014,-0.014298759200170335,-0.013185139014171659,0.02652037251166041,-0.02476587321444975,-0.05704737261232626,0.00558842901837623,-0.043952604458648147,-0.027414758218314485,-0.008906264883803791,0.08620765101282309,-0.016503640422185013,0.06207926669070732,-0.03192575144395922,-0.029682956038364555,-0.03323984881710432,-0.01064884427001453,0.0017660838189233257,-0.03435771863908964,0.023337660327764628,-0.016568304774472124,-0.006596353207200796,-0.0066435207582014955
2023-01-27,0.13243053413455885,0.056815496554441146,0.0325186357553248,0.03479515831757534,0.07331255722388719,0.08850702482637521,-0.0022615080709621127,0.0380584005797403,0.031291627624194164,-0.011537816080456904,-0.00302711486877388,0.05003798723639587,0.28771952680572105,0.03675760997662685,0.013678851175359262,0.06900991160791671,0.05769209897906698,0.019448380105953837,0.04715112848072124,0.019741886599749972,-0.07933020270890345,0.031890354645323915,-0.012000189139081185,0.024453429898105866,0.024357260064389378
2023-02-03,0.03545534055533245,0.057067212054373914,0.04024141552667443,0.011156209143311334,0.13258592288068102,-0.023124278140758073,-0.002137041472964059,0.0054724298089898,-0.005676395698456707,-0.008867119164864008,-0.021753023084945932,0.011185269960259595,0.06569722060993166,-0.0060331759688560345,0.053012614572557966,-0.015376546260801576,-0.0655318008869439,-0.011157499984214427,0.024351233190953198,-0.03243810683169418,-0.012113175783896856,0.008343834545622961,-0.0033934925822949264,0.0163078826691615,0.016064583387580864
2023-02-10,0.007789465852989762,-0.02132244232859778,0.018219031840514443,-0.007339341182497703,-0.0550355855736281,-0.0423854994751923,0.004463153684049818,-0.0003543443213239148,-0.010857037828853038,0.017656030115788583,-0.015057061728000753,-0.057528286255375885,0.03572641308074641,-0.039079680881156556,-0.1025227909783692,-0.008207959864416468,-0.0003632834711114401,0.014083955249967514,-0.029190368495006662,0.06276689032929875,0.0009370449224273276,-0.007147665839848287,0.025747344860385334,-0.010507338553418715,-0.011187756290773909
2023-02-17,0.005767530495697586,0.010146455783234727,-0.016840265142814555,0.003936676168296133,-0.037259007769721075,-0.013633145823321695,-0.005338774433145061,0.008472242382610552,-0.01615079905913537,-0.0464297977228302,-0.0037469393513013282,-0.004209273370127511,0.05638214902198189,0.019216323615211386,-0.0023289452846047705,0.021299091091029773,0.00048419720917198313,0.018748962595547876,0.01486915919251854,-0.06083613481542625,0.01763846909333742,0.027772212170841887,-0.032195777340756,-0.0019133589931616417,-0.0027834777484262345
2023-02-24,0.08502208685031079,-0.03903459204823359,-0.03485628287161644,-0.030411298188733338,-0.005236664009789567,-0.014165298038684281,-0.01378521605700126,-0.009252547297207854,-0.018099777904112147,-0.020799296222498712,-0.027944497148536522,-0.03880924377506631,-0.056432912192003144,-0.010341173245592366,-0.05691524679732481,0.006122945762001252,-0.04802967421451642,-0.027484297680476066,-0.03789268804959666,-0.004774171516789193,-0.042291166605280865,-0.03323328409399479,0.0781653027627309,-0.02707850900377686,-0.027097765815651518
2023-03-03,0.025607988870482382,0.029020599761744325,0.02406403622745749,0.09094989589596097,0.04298638695663148,-0.024357351719634778,0.027351042864828055,0.01918610745425352,0.019038831191260586,-0.010030213207976672,-0.012581379850089624,0.014862285400049045,0.004611396965138134,-0.022602973958962068,0.049468531485756355,0.03331075326051954,0.07792663013460903,-0.012714861269132547,-0.02770256919153525,0.01842959428273858,0.01884138427471759,0.014040447531036504,0.04146811025058855,0.01951174772274635,0.018863551412790894
2023-03-10,-0.039318959626845465,-0.016893411654211665,-0.026595140147693333,-0.028745147171659477,0.014008409380417447,-0.03312454761740605,-0.028634624493465446,-0.07222496439087907,-0.03469243578453564,-0.01076665551293739,-0.01577112590157648,-0.04493562151399559,-0.13137409552124063,-0.020408519592587514,-0.03277920539579005,0.05302992279063253,-0.1174843869766485,-0.026654813349475174,-0.008706620329338846,-0.04561279583851777,-0.011168865430920882,-0.10460820749823237,-0.059228477911846454,-0.046280837139120755,-0.04656069294636019
2023-03-17,0.11349197550487215,0.04283997138088365,0.11694678373517776,0.02591223003876271,0.16847669683372174,0.031008724555375667,-0.033898127440526754,-0.06045170496280249,0.005766478129571717,0.04396855088738748,0.0050660332749452005,0.08672654102646651,0.03784710721497037,-0.016411994194792712,0.11445513842238843,-0.007832543984787811,-0.05430969086284443,0.021675916063314978,0.03321143266108855,-0.07652339896191718,0.03578522513180353,0.01347190882874343,-0.029148433276208318,0.014326056576089066,0.014155077440349485
2023-03-24,0.04015466928128056,0.033309931744936766,0.004071317149392101,0.015379448892057886,0.001123659284923627,0.0764249503766187,0.018264280473069227,-0.007179197457016296,0.016650924907724535,0.02089346957273337,0.0017702307613946902,-0.008321538977978122,0.05550082167662056,0.026131375742908646,0.03690174109015567,0.011890528326379888,0.009258949379092956,0.01707014261538834,0.016736280096580132,0.03629259235417306,0.0002642410706975824,-0.018645416492844163,0.04224318934439545,0.014661544255234332,0.013781315468142546
2023-03-31,0.03659038485898399,0.028604185876477534,0.027178452834582423,0.008405591173690226,0.0006124228428669371,-0.01349807209386268,0.03242060360829889,0.042322601719520625,0.019798975504527958,0.021456170173485806,0.015277597052123166,0.051247472653017934,0.08575892114666063,0.033811865150970226,-0.016350741808753965,0.04525563188582758,0.053079600722128584,0.03907142121503979,0.003225425194244841,0.05752333918657556,0.01819785990960362,0.0605202493233111,0.03053713613480177,0.033885698634580096,0.03423971403194545
2023-04-07,-0.027001974865962588,-0.0014566373532419088,0.011381454703046051,-0.029903198318012324,-0.05818525528651516,-0.027924516270943733,0.012039872322249696,-0.014217701435932168,0.002347973573793681,0.06991630902408383,0.06342870740483492,-0.011979723167660048,-0.11425849873753413,0.03464882995201509,0.04422111424976065,-0.021142433531043656,-0.08987566218702031,0.022465335802533397,-0.022160902657895918,0.04798221899332244,0.02422440291197223,-0.0019548794957387774,0.003202044293018389,-0.0004888238588239063,-0.0010445257036779457
2023-04-14,-0.010372898309050034,0.0033350471495173922,-0.01890170397507133,-0.00499107946022422,-0.007816793855939488,0.06719241514925299,0.022871635080884956,0.08464840665942537,0.0349157756324453,0.01733514390032012,0.0041695748930585105,0.004399523920008669,-0.0003242585500473884,0.014148611251949309,0.00414197654246531,0.01946730591797877,0.06706913767525685,-0.015504230914107787,0.010887266652444619,0.00865426721223302,-0.012102981607463904,0.03488405533328371,0.008628300930621786,0.007959661191756092,0.00791499027381851
2023-04-21,0.013401215038093835,-0.0011507920466259961,-0.00132893854386882,0.02133519828109656,-0.03685620489599233,-0.02424153786844914,0.014253339576980781,0.012962462115580619,0.00012815848923906898,0.02766083261952818,-0.0191768596536244,0.0424945485996078,-0.11392560910202054,-0.08970610489772579,-0.03229690447848006,0.04176019587064586,-0.009948926043822526,0.02165247270033261,0.030173442341565233,-0.0003446892523292456,0.012355860893091462,0.02057249184085328,0.018019851475023874,-0.0006305462643313293,-0.0009962610928691015
2023-04-28,0.022965233933308845,0.027847689831692113,0.07254189077022459,-0.01016365284434399,0.010573804087319932,0.05148948840194121,0.012927521618286553,-0.016500324286743355,-0.005655781196143475,0.027193994144828867,0.006188808766744237,-0.014218046249704503,-0.004675343371101975,-0.030651556373028025,0.018143679714502828,-0.0054410942009926995,-0.006696003850478263,-0.005021474795630195,-0.006200732352401076,0.019885184059549286,-0.03033259603923898,0.04637561825162252,0.008808491111397513,0.009008333788301376,0.008661974172290664
2023-05-05,0.033000194480969074,0.022666587010392123,0.010972812252040562,0.005761532488956968,0.0052451835416086525,-0.04985509258567157,-0.014315904295712757,-0.010910126500499674,-0.004090338202744095,0.07761862344295169,-0.006250278045263098,0.0019895484110894024,0.03439642899629764,-0.03103703372424519,-0.016627082500259276,0.012750350790742207,-0.01710156323023003,0.009076572989169293,-0.0062176824477004535,-0.08515395916672949,-0.014723456982865864,-0.0058234292127656295,-0.008371478823072301,-0.007965754818984816,-0.00800174285715857
2023-05-12,-0.011926044752681038,-0.0043959109925549205,-0.005422726214102505,0.001633266673681836,0.05857974813036022,-0.005075638468739276,-0.004300994172714425,-0.01949555224370423,0.00022058677726812285,0.017953360198772694,-0.011748263265016932,0.04261480614047767,-0.012306402338362228,-0.005854759897623511,0.10714920364546134,-0.014469761289024514,-0.026141710258774487,0.008529216867118935,0.00998879728742946,-0.027046256506741445,0.03193040673518378,0.006832944894708571,0.010750661793405425,-0.0025234553580463885,-0.002946596701408836
2023-05-19,0.0981932336933903,0.01489686524219552,0.03205940848101467,0.07785237285283701,0.1051295167940955,0.11244304248650264,0.024201721460576,0.03718207848253039,0.008306558890651303,0.018134440089082743,-0.011698802596886815,0.05290181193144558,0.06988942370425233,-0.04319818500882699,0.043707814452583295,0.0537902523901922,0.024699393014521377,-0.02086023587636739,-0.015091344172031545,0.013167346008953513,-0.04566468695366116,-0.027702797435696803,0.0031273922177062364,0.016935758892546206,0.01633018780352291
2023-05-26,0.21970883844511327,0.0015401687618159798,0.044692308631337795,0.17500310921133277,0.18268373483373196,0.08111416690498646,-0.03007955996852491,-0.016225130769079284,-0.03622325692812605,-0.03822269758136531,-0.021598645150970704,0.03266495018053816,0.06983629777183115,-0.05093842405694475,0.014957658388775523,-0.014686299744972979,-0.013971691260307752,-0.0235560255160617,0.021400026693617687,-0.01221419919535818,-0.0011502338184220988,-0.03998409926411796,-0.042001369422625855,0.003338782487495683,0.003208178243865355
2023-06-02,0.009735336154098533,0.030980837424191113,0.007511406531602111,-0.0008988392674382073,-0.0749257848374214,-0.06655150376620274,0.027321428204250667,0.025451113216716177,0.016659846542406244,0.038109776119533395,0.016832038772321273,0.03388767032873426,0.10226520324465839,-0.018886925997818233,0.00048131283342998693,0.029349105098259647,0.06767631217873232,0.01625847891578895,0.010452583792367272,0.007497778333599991,-0.000947182192634953,0.029741224827658907,0.015499938842828017,0.01863386916563739,0.018125272420412876
2023-06-09,-0.014161177277188202,5.536997392144258e-05,-0.0260058713288096,-0.009130031806112899,0.05817603316867686,-0.05558625497007931,0.017480167056936308,0.003836840252254817,-0.023124842411756986,0.008352383771622804,0.019181420354481015,-0.006621468748440394,0.13297037834009226,0.04750581248028034,-0.01976560009024564,0.004714742751885458,0.03639448253261857,0.028288321500793114,0.009107994303089496,0.015294666265606903,0.0029744740255871318,0.06811245052129672,0.0008043787503717235,0.004616410960166684,0.0038432174473461986
2023-06-16,0.09636462842313935,0.021647199175814428,0.046457341675016355,0.07594828148980012,-0.03951531518322956,0.03351425812088311,0.008966773221399181,0.015830146566790944,0.02364909602103685,0.003736995902048827,0.026031489746353866,0.01655186087080585,0.06395023074241302,0.006872840225616916,0.010579495974979486,-9.413406206818485e-05,0.04264652822440695,0.015812741911826154,0.012239127536079683,-0.021269506770304432,0.020313267286961038,-0.008544267567090343,0.03948586069681831,0.025701732086735752,0.0254318397136285
2023-06-23,-0.011377889271973942,0.009472648751962902,-0.02158488590089904,-0.049082346334136724,-0.08758691240397393,-0.035809535398439625,-0.009086105534041326,-0.03126675259606077,0.002791931989109826,0.02455595279766045,0.007582529343562053,0.030141234486053613,-0.015237957098739872,-0.03872278931017579,-0.009680021997300144,-0.02389796817077647,-0.04516015192985687,-0.00045024800415706243,0.0015075064440577472,-0.02631089297242464,-0.018964132318241192,-0.05272792030363268,-0.01260272435777394,-0.014324007621173692,-0.013989797871328776
2023-06-30,0.0022009162537153697,0.03830748442601353,0.016342229243010816,0.05361188635969603,0.034837404891111604,-0.033806476654383716,0.01700595512172885,0.046369613753928174,0.033962538718719855,0.021858632354713713,0.00024180657846883567,0.007932567066250113,0.01994773768161467,0.03184994908455884,-0.021815544567179955,0.0568425546338703,0.04833508413853152,0.011003183789571368,0.026233689647657526,0.0462757879288028,0.0004043744952309129,0.05867970600028347,0.02791315640442093,0.022978967512182855,0.023197578149034483
2023-07-07,0.004740230448781018,-0.017106775188405428,-0.009796921819020442,-0.024129094772026582,-0.006517598262800067,-0.037879646602811345,-0.00029331604378279814,-0.0007479716444613429,-0.004346625383311541,-0.036701139768737664,-0.038616692911234006,-0.004459158864326509,0.047229978983664454,-0.0038746078765723438,-0.0018394883628217694,-0.014487707066568283,-0.003542075599510309,-0.023756307214961504,-0.02507123697045716,-0.03888139145680614,-0.02940371729303752,-0.013441783118999066,-0.04445534507200664,-0.01072780787508761,-0.011623538976567269
2023-07-14,0.06745611160822262,5.2463421596798355e-05,0.023504241718460838,0.04821924692470702,0.02418174017091649,0.055012573657595494,0.0005572001027663911,0.03692899378269999,0.027983051714777874,-0.005812181211886977,0.0038855943051614144,0.03706084012341312,0.02500989366923284,-0.07376296097227705,0.04851911738984111,0.019133699467322393,0.04169929882943108,0.00759379283549658,0.04040698916832941,-0.021754959137425006,0.015834819857392546,0.0021280172331957004,0.037873394218439806,0.024172648883635364,0.023915178636990397
2023-07-21,-0.025842994457401177,0.006533765329292418,-0.004267166932645408,0.009152416688658925,-0.04399321509618507,0.024205447647663064,0.01359855966001593,0.03400171596958415,-0.01621083202514651,0.02760467929009607,0.062554445225459,-0.03536708945491123,-0.07894757741999349,0.01777210763070565,-0.04400976131318475,0.0004532245683715776,0.012850171379921109,0.023705028410743546,0.020207556097599,0.028806530192524906,0.036221397663999344,0.028715884268999965,0.015620554226573867,0.006433937320484915,0.006839385961437714
2023-07-28,0.05362647921836184,0.020063967097694365,-0.015832733065061427,0.003384079475607457,0.017954143767152098,0.08115511616657221,0.011645221958564569,0.012570147050195612,-0.0147370898943436,-0.007734871201130208,0.024894559348202977,0.01685716784826261,0.024390577825876995,-0.021226538440124763,0.09952792415639013,0.03613770068821534,0.01073215400482373,0.009677014614616496,0.009739784315728344,0.0025955006198230524,-0.04101401164575717,-0.015919891667789076,0.01078549708165639,0.010428009270042438,0.010065289849274324
2023-08-04,-0.04528822188779706,-0.0732950658500242,-0.0317972101024097,-0.02036606556250056,0.02500349352267827,-0.01828409752864965,0.0005144117830524863,-0.005688310454235369,0.013649959474780374,-0.019803128466053182,-0.031674583516665564,0.054174701693734215,-0.048366150343725496,-0.03163683672227273,-0.034296951889923794,-0.011694725622721322,0.059659654955338925,-0.00986652506224632,-0.0202274310991389,0.030818236105690146,-0.05183523290473787,0.016769818657792614,-0.028415488579949036,-0.02237491231862195,-0.023002605333679572
2023-08-11,-0.08949678387751037,-0.021999314084591493,-0.02087032809563107,-0.060658736414033736,-0.0738954635558124,-0.08256105707755024,0.0236056247280692,-0.010113777030306645,0.006262382397486287,0.16151293541079648,0.028057452636867233,-0.00834599863055293,-0.04516288566666802,0.02608527235596336,0.01125470799026196,0.013528863029606365,0.03126706610103796,0.02144976587730399,0.019588123202149064,0.04023336289418179,-0.0036211796671804224,0.022564658520582793,0.010531156993933437,-0.002599492226072316,-0.0031267876153962108
2023-08-18,0.05810018721950489,-0.01873557750997271,-0.012097356800127107,-0.00473547011209819,-0.019904917622463866,-0.012191430592172746,-0.016289365863267714,-0.036125584879830565,-0.007820868466798381,0.03592093374748668,-0.007853553190332537,-0.0382184152189309,-0.11870552045132426,-0.022520163880164194,-0.01634146410138594,-0.024825447369436413,-0.04086302786640214,-0.020493823077723752,-0.03253291309301054,-0.007971865987526826,-0.015941646320223428,-0.029726239039289604,-0.01775645640365163,-0.02074561593833248,-0.021359745570788333
2023-08-25,0.06090312540122237,0.02333721027949518,0.020330202326933656,0.03097421415210877,-0.030816083061541873,0.0020423152146215773,0.009513248117859478,-0.012972091114273165,0.018305650616830947,0.013126695676961155,-0.029612377922709796,0.00030015976489262486,0.1018320520418663,0.004261056266552089,0.018808335853918265,0.0016088132091700424,-0.004539324056330711,-0.0006967596173290117,-0.01837338295515537,-0.01640051329219716,0.0019146687751781248,-0.002095497035502,0.01715397619754837,0.007918178304112953,0.008204781600332695
2023-09-01,0.052716834759282946,0.05897328726469469,0.017433598180208232,0.02401043907676612,0.06804700116329432,0.09955265404457111,0.0181800380771105,-0.001565475382376414,0.022581925756944937,0.006229800441204389,-0.03532314158941119,0.035820771256844505,0.026552421329941806,0.03755668233218194,0.043540749725559616,0.020070518177005982,0.049006745861758995,0.023483410151665062,0.01899449964624649,0.047535731894982496,-0.009264538620340292,0.019674278653205878,0.022301012270224244,0.0251820069848138,0.024674301278624727
2023-09-08,-0.06237347735312323,-0.061383806843341826,0.016925036448645993,-0.017306073452416956,-0.031180040133918934,-0.0029879568867083543,0.0019018554411246078,-0.02057512108398289,-0.0033104703848497036,0.05134199833280054,0.0004983352352634955,0.0007960963980848451,0.014143841918552369,-0.01721210531628359,0.005293561536854175,-0.02230578693216865,-0.013965713868316229,0.013524342208474807,0.012670787544471424,0.01824320734114478,-0.0005985542862966506,-0.00048417433826151844,-0.005414285685510874,-0.012646337860365757,-0.012989839366289344
2023-09-15,-0.03737937787767747,-0.017951093157249742,-0.012189834417812436,-0.006868753659558957,-0.044327505540239176,-0.004283772854570407,0.012886435936935345,0.03403829399397082,-0.025474405331624747,-0.0185874698106264,0.005527732082442735,0.01550532606839943,0.09910765988775365,0.056039043506917775,0.007451202016296912,0.03318813473383412,-0.01115032471329952,0.005298364587661554,0.009335962768455653,0.009384142831492135,0.02672338467501031,0.02120223983922814,0.0030458470695379604,-0.0013164394220603808,-0.0016099157161616029
2023-09-22,-0.053573602124544484,-0.0012579045110225474,-0.04082569104548089,-0.021462627078627512,-0.05353092446344109,-0.01441358065355171,-0.021154003855535886,-0.02091482511232154,-0.025161510378012206,-0.04461752105702567,-0.005901408459865349,-0.08368209293076083,-0.11378219084766703,-0.007248764816669026,-0.053440750841815286,-0.03740396906347157,-0.022057676138364252,-0.014006852057613789,0.0040001320182022505,-0.015196096674306497,-0.013789384028365619,-0.01842170191804476,-0.03953520029063774,-0.029643178495816554,-0.029706659594897638
2023-09-29,0.044397293984642004,-0.02069420370028238,-0.0039828753501675775,0.0018076116148549159,0.06655055771069386,-0.012417087945518534,-0.027758491970351393,-0.004884069901092158,-0.02180305045809037,-0.024659317972873365,-0.030042094165519853,-0.01561062287088087,0.02157222119100309,-0.006635803710769345,0.004672588121200626,-0.005592571917210419,-0.00021976309160926828,-0.015018185494991928,0.01133920035863642,0.02270848932166307,-0.16696002230809892,-0.011047078819432638,-0.0016100504644453342,-0.0068538628946769094,-0.0074372660114521375
2023-10-06,0.050716241350167265,0.036023316676368704,0.03580457553775614,0.017520170178960483,0.042089409788368136,0.029641768549564348,-0.011368954405813552,0.00790313423233654,0.02163283681565035,0.05097477879408396,0.012061794564490696,0.006586164091848735,0.04037747725721379,-0.01976460238876296,0.05007731690785381,0.00828754357868755,-0.02582512003318035,-0.022255643066069013,-0.013238726162288848,-0.09270260362355733,-0.13131446747610306,-0.005385607502611003,0.0031908561496534833,0.004807280497575607,0.004757777097498887
2023-10-13,-0.006599288158734706,0.0076334068578826145,0.0014351841091893812,0.04388456818165584,-0.02025220241752662,-0.010778429687207726,-0.003615698986276864,0.01978913203239183,0.011127486212355847,0.07493148757705106,-0.005023961037316715,0.01420000004444839,-0.03678711993542946,-0.006247812532438301,-0.0016003476175870128,-0.018927421775062833,0.007116311167167846,0.021630188862857825,0.016560698646831087,0.024881634149637677,0.08120571369567565,0.044056858132870254,0.011578020814661454,0.004552789380191456,0.00446484311859304
2023-10-20,-0.09388803676926886,-0.033949850820184285,-0.0032397859694375045,-0.03403113002150053,-0.03170878389106159,-0.029174438913149234,-0.027110879111839247,-0.034717084603059306,-0.01821505183301714,-0.04115027301475931,-0.024851834634867304,-0.036244909259582944,-0.16939176342902335,0.06862153794233765,-0.01289582573353436,-0.030634677190641987,-0.0673533809846181,-0.006717192267252008,-0.02484579775548289,0.010952838720262693,-0.04754306846303945,-0.014908103440646357,-0.030986663393067288,-0.024183489542814834,-0.024234197352219624
2023-10-27,-0.021665005037330713,-0.027325123479483664,0.009566358767269719,-0.018050274046388093,-0.054290947452047954,-0.023633192908484178,-0.01243329538994598,-0.052122375167641774,-0.017767630374061004,-0.04264872099035606,-0.049574872305677496,0.020324132698783918,-0.022372095497344598,-0.037090558030874334,-0.10429582956279371,0.0025422050910914166,-0.0436349584187588,0.015066039978781174,-0.018066798516930285,-0.05106584421695369,0.07915403075481194,-0.030745487403624507,0.011317763562179409,-0.025269787531143003,-0.025605822987249904
2023-11-03,0.10547179675559983,0.04889763818865664,0.06738451597284169,0.051515312305740885,0.15191116693533172,0.1003516129875335,0.058830182739321946,0.05247195617477325,0.060627201186061505,0.013439297539920342,0.03866575044056092,0.08159519938253786,0.0592787079995516,0.06908297401032601,0.055173833918393214,0.023878149730473735,0.009138160202244009,0.02142301051904253,0.03421160665375329,0.0209072674050873,0.05432928589392864,0.08367668081613344,0.057627787984780944,0.05681883590259272,0.056876576590804084
2023-11-10,0.07138240963619634,0.05504101538548268,0.046709465718600476,0.08138398288479494,0.05494360847391667,0.03758741671857807,-0.0035593813186709827,0.023702815058901507,0.008877142348082961,0.051318701990642944,-0.027397031390745237,0.03516091848052192,-0.024436975926905934,-0.015228718583268134,0.026674159597677365,0.05666347513419562,-0.004454357102416074,0.009248957921482373,0.028507621880394927,-0.038108007719623006,-0.07408201997705613,-0.028322633365017745,0.01850228957612618,0.013526850352523037,0.012971030729936056
2023-11-17,0.019727578271849032,0.01749655176566227,0.0025142985049941995,0.02088676225519269,0.016972995697096035,0.028775177336622,0.023595494115044302,0.042713417787459226,0.01742113544544572,-0.008242933138733772,0.017102345994935705,0.011221252134233542,0.08759359230291595,0.016487371816804784,0.020307050273507113,0.03963120506632546,0.05436139517202957,-0.06745103326344436,5.217512896275501e-05,0.02069797559222783,0.039646130683108405,0.024529443374057845,0.019908761498627303,0.022841503586877046,0.022125867574946036
2023-11-24,-0.03136016067309696,0.001474918000926687,0.020287464086408042,0.0011653685344383763,0.013913654745088785,-0.00893621151338945,0.010393519585244173,0.004700234200005453,0.01881543904919035,0.01574465042337462,0.025906551783010063,0.010688049313054959,0.004896205189428472,0.01930912244795625,0.010147122061189815,0.00033326629730290753,-0.022821388814383448,0.004559978823454076,0.024322540351751964,-0.0037228463651844154,0.011237025953104522,0.024054074026130582,0.015423968139540873,0.00995495202008135,0.009989728565995868
2023-12-01,-0.02138841042310607,0.0066630001080965374,-0.007766486676206394,-0.05121433196852554,-0.007550287656774496,-0.012303590892313133,-0.015589021080996218,0.021265152925070262,0.008419187508726602,-0.02879169417956889,0.03783264597315077,0.0019742885666357867,0.014253445707186905,0.03336685630451909,-0.0359749241311579,0.020869542625670864,0.03729714414861431,-0.011082597642312246,0.008235203630975855,-0.01522465955109927,0.027760386329170043,-0.0017869924816187278,-0.003015937133267243,0.008311523235598646,0.007710362814891229
2023-12-08,0.01580904287272573,0.023104750815563048,-0.0007479848510482788,0.01525926358078457,0.060183544862516127,-0.012857278920766421,-0.011237239380402613,0.010654474378441558,-0.0027726394639176082,0.023704711848640186,-0.025320943827070896,0.0026490040533187304,0.020760248044421586,0.00950119310048288,0.023459815632746895,-0.015714725797092294,0.010614882284230649,-0.0190984000047618,0.024076793459313673,-0.03397181270815648,0.008917537067775339,-0.019641396934816733,-0.025660535993849976,0.0023931485426788367,0.002117673228620326
2023-12-15,0.028716717082537247,0.009458922226094296,-0.009396568465764083,0.1792988254588519,0.07636040136484204,0.08254330600083284,0.009639617732608054,0.041457724551886684,0.008914623884306734,-0.044465290713646466,0.0047805571970654165,0.01714963889276147,0.038851565551449696,-0.02392438545047898,-0.017863667414002003,0.021656089902235946,0.09632549663877818,0.012384672613161675,0.07571344456048022,0.01346999752101421,0.02970513582411533,0.03439896507361473,0.015111974661578063,0.023691242479428627,0.024631284303199805
2023-12-22,-0.0012279058578260188,-0.020298766923459406,0.010331378932537287,-0.0023047440626552894,0.003228789940681193,0.060530563142602745,-8.415158916419039e-05,0.013047654278955484,0.0015489540993007444,-0.0028886599868577266,0.0019317581859532782,0.02274396436299769,-0.0037941976060654483,0.0018142338965000857,0.06489215642981162,0.027690506487710206,0.016039193276657794,0.025276950767205784,0.019212500135326924,0.009960024206871056,-0.02886805632783651,-0.009183886930336515,0.008214068123651051,0.009162366799571326,0.007481693208946872
2023-12-29,0.01407210707679138,-0.005542197405030366,0.003890099134234733,-0.005120135369710027,0.05443661085247538,-0.012047169552243334,0.0005328690269691218,0.016000413455846317,0.007402086763999545,0.02172962620096616,0.008199725013768323,-0.009693524452933613,-0.01620728321918131,0.013801564282706931,-0.012803485746280568,0.008020022900014336,0.018122530935705157,0.006363406495198126,0.0051838765993769105,-0.019119840910776117,0.016433419977268306,0.0023316389840463735,-7.31225853516551e-05,0.0034985560673872033,0.0031918257369949457
2024-01-05,-0.008619298970762697,-0.060761120998713475,-0.02229210731292323,-0.061870653087050774,-0.06177005548999063,-0.022395854834628207,0.024729519599181023,0.01882396661899155,-0.0025384776531050786,0.059327989387957164,0.027623136351423112,-0.04509813777587769,-0.045236801750819136,0.04029732382599329,-0.02875803067195268,-0.010554573879305015,-0.023059452524994167,-0.005980399504168161,-0.006185219661243378,0.026159980573124898,0.021821415313925195,-0.018468261745315667,-0.0038788411660571867,-0.015669605532905116,-0.015335529150804229
2024-01-12,0.10824867906168727,0.025825628484211893,0.054812650587359846,0.0541635504128924,0.055987094855538745,-0.012783552707984567,-0.005403124028548392,-0.018868580320703755,0.017104507809400097,0.0386423745739648,0.0077892987167190245,0.06258287794546785,-0.08155622271850274,-0.042156499601878936,0.04972663889680317,0.027336950434334317,0.0051093358622809225,0.02899302450124808,0.04067038825040485,-0.026460193591412575,-0.016894547846580746,0.0377989830567016,-0.0004888718754929843,0.018547880399997673,0.018266345150604168
2024-01-19,0.08377871204558612,0.0298845203863874,0.025918112259666275,0.08934373228259697,0.17294135664510116,0.060288998582483086,0.009225220254088914,0.007425868070649831,0.025156664596564668,-0.02255689944239882,-0.0043817485672839685,0.004645777103809925,-0.03108720651490562,0.011463369687750658,0.02581188762679393,0.00015400355060943069,-0.013200439527466848,0.006549319978430905,0.017022547314873824,-0.030474627166852543,-0.06392716816409093,-0.022885868145015312,-0.003773232496749171,0.011990394118805014,0.011633978635327022
2024-01-26,0.025556698533859733,0.004479479713360837,0.013107436768410908,-0.005231523987654191,0.017184924499382293,0.006151912516179579,0.04894716702655552,0.011500680420877119,-0.01098642623640065,0.016832213741762393,-0.013575157083876067,0.02404236444266182,-0.14663077045500275,0.03651738296541001,0.03892354404858753,0.010574847222759275,0.04840944154888763,0.011572113270126052,-0.011709087811690885,0.060533599104929725,0.021082627593250303,-0.02776079900849859,-0.008232411639242522,0.010269912348058548,0.010515215883764459
2024-02-02,0.08069425504706802,-0.03474055505513071,0.017886863713253126,0.016021867867917094,0.002310466542339198,-0.01799146587314552,0.013786229158153663,0.014120756879188633,0.033903981858943444,0.04346850676644583,-0.01828515608892138,0.07673059700459287,0.02511180352293498,0.030754017455959196,-0.06663019334130209,0.0399710989511179,0.0509775127823971,0.031754374934908174,0.033841530978133604,-0.010050370218310347,-0.005658988417934595,0.006160245182148533,0.007520304408797869,0.014138123758622173,0.013734740204217057
2024-02-09,0.08643564235571664,0.017288333466818614,0.02243494840335531,0.04714202501911864,-0.02959036900470546,-0.01069551863863981,0.019288112989993767,0.0016012301219050782,-0.0008465105393293414,0.10310219442106558,0.0009571923875168281,0.015248949275230938,0.029676097705329356,-0.057125303187816626,0.045446886062109865,0.01986861308486238,0.006548139286151618,-0.0017116664364854684,0.019430184972369483,-0.001963256516563284,-0.0273703403110868,-0.0030753332071095005,0.02983848203047486,0.013761321143598371,0.013620341485358966
2024-02-16,0.006632254101573064,-0.035244235152342256,-0.03815237000227284,-0.030023016267126803,0.008026602506705019,-0.07346078459875101,0.018972422411087868,0.022710249183590357,0.007675869798778286,0.05681639419557743,0.006223553729209861,-0.02872626041492837,0.03242807803519731,0.007689938973557052,-0.05859660356027357,0.06853316761049794,0.014865786506165928,0.0063596676934188755,0.0008153010199781118,0.028326803241837804,0.007921820260840057,0.060530553419542395,0.028696036883407206,-0.003377535296980048,-0.004194516160202062
2024-02-23,0.08198478081463402,0.0011511243547081933,0.015422605102235226,0.04004716888057861,0.015126343148605512,0.07859029146796548,0.02728515883927461,0.027328073489882764,0.017931286328303892,-0.016138611002087133,0.033232602398208085,0.031816971100699414,-0.040728203851921586,-0.010068237820039886,0.024185785019542376,0.027572960386884896,0.006100893385251761,0.030067102524934546,0.01907129131092361,0.001059980088021433,-0.004393180495078278,0.009495308744302633,0.03624164481699742,0.0165586786659364,0.016490750722192034
2024-03-01,0.04298721439328339,-0.01579360679809425,0.012496621400038994,0.07631130996911308,0.13799679407623938,0.10110724644942141,-0.02453028032702998,0.007040809348009677,-0.0015526672882351504,0.016215212240881717,0.0017285661248899048,0.018289888209032778,0.05409188650311949,0.010657383177304226,-0.04853323224173925,0.034108091142154746,0.03881940692470589,0.004092622948808486,0.015477287047232401,0.01907714169301645,-0.01892874351574005,-0.007414203683692146,0.003680010944202676,0.009797074680252236,0.009442831862128078
2024-03-08,0.06188980662679678,-0.05098287783602672,-0.02258792177804135,-0.06682971437583976,0.02317007300084946,0.02562776856266434,-0.009774697223446361,0.015689191751037924,-0.011079718014039057,-0.025877772461689694,-0.016167429551494444,-0.016234737640187433,-0.1447040774067423,0.012873273991708914,-0.012695135778208182,0.057025277452758025,0.007368051686027245,0.022881352629142596,-0.03238249190460541,0.023714913293676088,0.04601779622788007,-0.007795675194128213,0.02926422227885481,-0.0022057732333340377,-0.002609968704946034
2024-03-15,0.0035239864725964344,0.011009259129356037,0.02479967307954921,-0.0575739315925634,-0.08201357361862524,-0.04579824938481605,0.012277077076595661,0.010990534347605887,0.01065582458893087,-0.0105125618809382,-0.008435707524255385,-0.005317838092926783,-0.06948584722697053,-0.008759199583021947,0.041728531507696905,0.005521785735108977,0.022677811768592227,0.012671522210730318,9.647444758903032e-05,0.02631621969410266,0.03851531148030097,-0.007090244706635865,0.01515759909451496,-0.0005980836735165065,-0.0012889835947148109
2024-03-22,0.07088170370239569,-0.001971501842238265,0.02915627986166708,0.09544548229814477,-0.06157702247859907,0.16710356669137694,0.008466255720587986,0.03267108379059122,0.000776909251733869,0.02156465470285343,-0.018825560037540944,0.025193084406169935,0.04342784262983674,-0.004114074408686938,0.06571981286835016,0.036395050235942174,0.03160183428446743,0.0031262696959749653,0.012558103040172238,0.01975496426958203,0.027902593255012605,0.007959611354521312,2.13398885170896e-05,0.02207579642388337,0.022624340059386062
2024-03-29,-0.042607071678265475,-0.004654471671863051,-0.01888321512422975,-0.020949465884007316,0.004664925425838999,0.06832910598493303,0.02143999579340206,0.01854325463657644,-0.014866714794272585,0.009492704653889319,0.01888885685214997,0.008406506100104355,0.028621141941711278,0.03586282214573332,0.0010604602676135614,0.002167316006886023,0.02296738842319338,-0.011566587745967749,-0.0029575275859874297,0.023942318611789137,0.03389630786844099,0.014661595582779297,-0.008407119800995415,0.003562295416806617,0.0038460959186298626
2024-04-05,-0.026329700709737672,-0.011141887292770351,0.011344456688226066,0.010522126827442312,-0.057409437355439706,0.04713667587550989,-0.004528439066920413,-0.00851474102653737,-0.006975577076720109,0.008001778574146511,-0.03735380791187362,0.02566840765790245,-0.06395087006713923,-0.01027995320541888,0.010348478473488968,0.10950784592517906,0.034519978362602274,-0.005332463925478011,-0.026150021684065217,0.04318697879254471,0.0042156045327565944,-0.018143084381382592,0.0008180973681305636,-0.008910404024631842,-0.009563460690854847
2024-04-12,0.002020372282592301,0.0402794261890016,-0.008543669089548081,0.0034583113328037693,-0.042799456629989276,-0.00861435396095689,-0.037382036088505606,-0.07714741495418123,-0.004267035190581971,-0.04241940939967575,-0.03247929163166616,0.005711209078532987,0.03661673671281739,-0.04959317049998632,0.033720168827994786,-0.008964590966188632,-0.03670546927683742,0.0048337414730892205,0.024346584772878547,-0.00827354924440559,-0.017287816907546133,-0.021702779728217103,-0.037916618973143815,-0.0147289457679356,-0.015672599367525693
2024-04-19,-0.14608665536834228,-0.06765874545426769,-0.055506129961733985,-0.10946361720448372,-0.10748591165625071,-0.13759741305833184,0.004503005889106107,0.016333036464731325,-0.022649060817244028,-0.034280545070463124,0.002640115910041547,-0.06377590263092985,-0.1511832435117316,0.012187677000647379,-0.023347719265903323,-0.043417599544670234,-0.026823817732674907,-0.010194727418631816,-0.030262788846211957,-0.004079111517386288,0.019155871311426074,0.016896139158650462,-0.0024840371234568837,-0.031194996227023614,-0.030957926745509522
2024-04-26,0.1409593768726921,0.02572683395772972,0.017878881069901917,0.10946361720448379,0.07080969783699673,0.0728628903377779,-0.007383716233404815,0.0405548748285356,0.017417292327202426,0.009864328346259311,-0.012038846798618266,0.02817400314602205,0.13491595607714954,0.01443185904474733,0.109666785640441,0.0921370167398736,-0.03232193401198991,0.010527323320994434,0.02894968410701687,-0.016145664674467132,0.025943541192059306,0.03253552775965631,-0.007015409091662523,0.026112065358156068,0.026370352164700215
2024-05-03,0.011941939718554916,0.07988822012050077,0.0008365501711878967,-0.05032001057175664,-0.04416294131241695,-0.0012198673558043072,-0.003063656043265489,-0.015521253573846405,-0.022210575668760398,0.0019884249766391865,0.021191700674240168,0.03603162409034436,0.0738575760919524,0.005952603259361724,-0.027773739895180276,0.010782264540075996,-0.01949682381964038,-0.005667727019171272,0.01998615427390682,-0.016755339967700345,0.06098998482398311,0.015461775432822348,-0.04518633992959717,0.005943905107735067,0.005442085856672454
2024-05-10,0.012190207719058314,-0.0004457442353375036,0.019674315570249474,0.04189942695612154,0.008726698557489752,0.05545209232861449,0.02750749854520927,0.04244391754269844,0.044615346257067624,0.03348875826909807,0.004278510913841171,0.006797045116593131,-0.07278851827837239,0.0188129773592389,0.00839567801192811,-0.004458088588137965,0.05218531055526787,0.014428054176571111,0.056562898614493366,0.016755339967700327,0.05072996344879883,0.03720485531833098,0.025153061941712396,0.018505847823453256,0.018335939004153454
2024-05-17,0.028528571239251108,0.03658035179178216,0.014904864291162726,0.04582052346734319,0.07937413572394453,0.03285900187192488,0.01179766082555394,0.02983650938644987,-0.00043308909920070744,0.014775184617330739,0.031064554632302642,-0.014939279583203683,0.051987569596389026,0.013306405744949412,0.042999080980414564,-0.02159276598618206,0.004162796627897746,0.06667540326418045,0.010890948820808984,0.022231242753818003,0.03069375740416409,0.02458650598442011,-0.004314037033739351,0.016395773459862026,0.015312901354694118
2024-05-24,0.14087230176095095,0.000579103763106897,0.02340259095992587,0.008954155344190778,0.011425928368352203,0.032972679649390046,-0.023122274028773752,-0.020123963018598826,-0.020232103603632562,0.0474657200919022,-0.04282024051636309,-0.021618009643538206,0.009980451324597734,0.005730871617201424,-0.0060958821874352006,0.04548198882766438,-0.020903496332575718,0.011228253058336203,0.017340166120531336,-0.05338949842725815,0.006810730069972002,-0.0041551567682055835,0.007026905968980799,-1.8752262437300393e-05,0.00027341565923297154
2024-05-31,0.02928451358342598,0.011877723814918523,-0.035565458911243755,-0.057968363903132626,0.003240675554321741,-0.035290096537585275,0.017011617835661366,0.009520575163334896,-0.007422911730482996,0.015862565578579492,-0.0020434174018985,-0.024133971965101357,-0.006492822755480743,0.04031885048057654,-0.014331730224401734,-0.01317447559216773,-0.0302021283023037,0.005795523809189486,0.00019778773869022294,0.03329602592000224,0.04354897942484693,0.027380184503125602,-0.00011499731028242849,-0.003917546953965667,-0.005142679612681999
2024-06-07,0.0977261431003499,0.023848767251920193,0.02078787304102373,0.0571158227622398,0.0057950471495616315,0.04642543255648944,-0.001642256756555616,-0.013314189889250103,0.0225366083430124,0.0355057871331966,0.00279149306273795,0.04358399216064714,-0.0033749953716439443,-0.006607829991762809,0.011298361262212462,-0.019691376734372813,-0.02870785399943117,0.001823059826194272,0.043124372877320995,-0.03922080825650494,-0.05314516395450375,0.001349510949825331,-0.0009819597470161038,0.012512324354418292,0.013079478425359217
2024-06-14,0.08711006422168738,0.07624971674355337,0.04321895012505353,0.20982644089249322,-0.05033117338275357,0.07657072456547316,-0.019969886049360647,-0.031343981332670544,-0.029164878259002856,0.03293441285824602,-0.010525779535437268,-0.0034786391094307027,0.002981795192808818,-0.02574300003515513,0.014414264541176567,-0.03801566628598716,-0.022971206268006,0.017156107654568497,0.011861858466832007,-0.03281633907342845,-0.03139381326230378,0.0022132819174620535,0.007465673175218219,0.01628953574498324,0.01569993823145707
2024-06-21,-0.041096995854133234,-0.023811785888662684,0.0161600197631903,-0.04503828390844505,0.009973222611778727,-0.012958476271737946,0.01001035532710088,0.012920758442526176,0.016707219705560578,0.006162234808295747,0.021816119229305517,0.029083973484067403,0.027701068510938214,0.04218165117823851,0.01593655201497069,0.05224230666166176,0.019621520205275904,0.013192283044616688,-0.008638500839828433,0.015009072348826081,-0.003427667820067136,-0.016670424565602134,0.013186543949595618,0.006403149089735105,0.006060839439600904
2024-06-28,-0.02423043320862265,0.014972283950265099,-0.006311837958078386,-0.029368086251050193,0.006059942975513779,-0.05911637186832111,-0.006908254570943951,0.029909703605453006,-0.04743398143786425,0.024033447911327027,-0.017565120808060344,0.021814471858474828,0.07812004489359094,0.03786112128243627,0.0139312780789388,-0.0326133981424111,0.015916868608408897,-0.002949381353493173,0.0019783744708918682,0.0386093184368158,-0.02785304723726705,0.018686666975891237,-0.008938810657716666,-0.0005329628799926666,-0.0007579128575350715
2024-07-05,0.018366734923281627,0.07198272406284091,0.04508083211258566,0.059119537731641775,0.058021043430610604,0.0005323057555778762,0.010685152771430973,0.01795691625592993,0.02961763216130129,0.010099365044151511,0.00218704930359723,0.03433267908050536,0.23986171519227537,-0.017952020965924735,0.045346559991870115,0.00957854145539411,-0.014362475359685805,0.033832735062994036,0.04111978120573398,-0.015318157619709028,0.017915091492897488,0.021165413433875024,-0.007066657372840423,0.018965783719103513,0.01935373338311768
2024-07-12,0.026739214687831143,0.018386011799699117,-0.03042214899113157,-0.0015511022856229846,0.054948657208585126,0.015582925146767165,0.031763871819070075,0.0007322656707542167,-0.017236109922064563,0.03632234675623768,0.02294619133270205,-0.027936590449082192,-0.013166807706910312,0.017026432434476647,-0.029442857733988127,-0.007635734932166491,0.02180986826843066,-0.011487963269847593,-0.04949598390755148,-0.000882432456300691,0.05281808554076231,-0.021645117049556347,0.011364441864393731,0.009599648984528468,0.008613508888274167
2024-07-19,-0.09157967995467897,-0.027395289919424744,-0.03692055483243981,-0.07771978018606762,-0.18074798362751507,-0.15599932701181085,0.023356241494751063,0.023342082356511425,-0.0010541376576568766,-0.1007902226085497,0.03158793428734178,-0.06018446628300301,-0.03705570920220484,0.016346543912652733,-0.04086257009108961,0.0007545338612987047,0.035248818805025825,0.021573855373665008,-0.005675125185320723,0.02441907775036968,-0.05406727485801941,0.030341142587567236,0.009148008993132678,-0.019838809384505055,-0.019847166500595655
2024-07-26,-0.042172572843898554,-0.02871745668363687,-0.027460730115346502,-0.0370292544241853,-0.07954251973725171,-0.04337417487318988,0.007315461341484358,0.01165850378204285,-0.02286165032511079,-0.06361596054483681,0.037742791536216604,-0.0034461367934051916,-0.08458195346452238,-0.005769930903464681,-0.061877808404727716,0.06495864845937115,0.012229097646953995,-0.013804881445632555,-0.023377387087850355,0.010796933459274164,0.03090640075503985,0.02182501184290097,0.014819377531676692,-0.008322502803325858,-0.008372811280765004
2024-08-02,-0.05256982105006274,0.008679445245552808,-0.04025680632317764,-0.05288074632343495,-0.05498838530014518,-0.16573382736623463,-0.021478432257573638,-0.06370981826865925,0.027072015820981763,-0.0001990537711354541,0.02155382523105549,-0.08338164529114005,-0.05676778331601802,0.018760430631564292,-0.0020380458753758864,-0.05775796547622034,-0.08826750674150301,-0.019097935342432752,0.00546449693984458,-0.003842639191118064,0.06440374819573434,0.02678343638843842,0.005765528897797808,-0.021423676174406145,-0.020830584488164793
2024-08-09,-0.023772292034316866,-0.016601992352347533,-0.006065020450023541,0.030404827812189294,0.01327008447826147,0.004090776938880526,0.007697509213799949,0.0328967730402726,-0.02391285688380542,0.10293612331256978,-0.021678300555599803,-0.005734046684362251,-0.03763290598971466,0.006176071770890525,-0.018103569264787542,0.041849635074515446,0.05277873981216002,-0.007477618112647787,0.03918185090182584,0.016714417810429136,-0.022214715071828685,0.04032523613953712,-0.015493912622183147,0.00016865068270351338,-0.00044896926228238664
2024-08-16,0.17337141540941503,0.045524047393046385,0.03200357546194219,0.11133198539694979,0.10113617070610563,0.1485791760279211,0.02931113530825253,0.03893102716614977,0.028912486920067183,0.034964405072466745,-0.007687302535941296,0.0588541633472775,0.07751641983476633,-0.007726176271440603,-0.004347446457879617,0.013608914398027853,0.015313935632236524,0.08067904200311608,0.01815163621686101,0.002280731052441196,0.01422834906677216,-0.0069632833167345655,0.021686081519248557,0.039221712044717416,0.038558995331668955
2024-08-23,0.03772842564641419,0.0034887815405769055,-0.004022546260691385,0.0038546894632813635,0.04230714815733853,-0.048766906230263835,0.019758062852012055,0.02008028014908403,0.0002242727536771469,0.03266659298964977,0.029304793351997274,-0.0001129865744107743,0.01924728184109017,0.019964840859740877,0.016191351334859543,0.010568533513209499,0.014251141246249786,0.030173497233275004,0.009852495876280227,-0.015779314044306773,0.013777642304429127,0.02932761666741073,0.019338193850037003,0.014009052925875917,0.01436451006458205
2024-08-30,-0.08044850256733396,0.009477051416508042,0.0008392915605460755,-0.021508726768151628,-0.04230714815733845,-0.06642661064782518,0.04851916438373722,0.029295006137955045,0.03284540491252792,0.007612112057789153,0.018046723164826903,0.008212943399783169,-0.028591163722162777,0.008579392043824451,-0.013617343698896786,0.019662948196063016,0.021831624051988654,0.02000977176251546,0.014868390012543408,0.013831075508501068,0.017069733302682383,0.010914473725838588,0.02650610606646911,0.002753411859383422,0.002444391384089619
2024-09-06,-0.1491507329419685,-0.03637402720871102,-0.03771628458509597,-0.17266476070374645,-0.10054052011918115,-0.10808883618161957,-0.035284947513251994,-0.056457284860025755,0.010796526593949652,-0.06155272744975715,-0.008963299081995153,-0.040646943376398306,-0.01591223156718301,0.05237334874331394,-0.07932899744448413,-0.0797804807218114,-0.07806030190993438,-0.007668818468249131,-0.017750004568154492,-0.04597923373679218,-0.006604864635974806,0.031966120110331654,-0.04284211124712764,-0.042251071744866246,-0.043415317921877306
2024-09-13,0.14697177273263937,0.007579065016554688,0.06945070042756134,0.20213637371053195,0.12546952110675755,0.05451803138322077,-0.02604256874212635,-0.03906635696408402,0.028164143819140106,0.022996903980403768,0.006911254369493307,0.08443598995560131,0.0887616821714094,0.03145055957516143,0.043747796687495885,0.1005235408034082,0.047291363525198596,0.05037929551218826,0.043874256313888964,-0.01331629426337214,0.0567486525716682,0.040500999248142024,0.025842392382942586,0.03928403578185425,0.03944528445461394
2024-09-20,-0.0263732290531045,0.025295251911384,0.010810211651802732,0.023414983377507657,0.023617521886769605,-0.0035140936587350065,0.017056215439450025,0.03259705753536236,-0.009019386071006271,-0.002406364823165762,-0.008250450636260386,0.027032249593372387,0.033981187428354626,-0.004631873585091149,0.038191902348171713,0.050050017664229,0.0658661282939195,-0.019291328431728257,-0.009896082635400682,0.036396566996130565,-0.022580310215774373,-0.03513809493373666,0.006590869206647369,0.014104407634476833,0.01351114051560299
2024-09-27,0.04550064025874178,-0.0017982956371093816,-0.01679664067119766,0.009249754113545632,0.05246291376254013,0.1677306952998323,0.004732811185419671,-0.002798843580571622,-0.034292678449355504,-0.04858456652350086,-0.01695572466133902,-0.019127515269627093,0.08912872319820433,0.016574774397450344,0.0021980702300673834,-0.009517467963026098,0.05860339819765708,0.009065570701564912,-0.02383224223171409,0.004760245438531303,0.02127991313547134,0.015289103817501985,0.01597650251400535,0.005650474825483273,0.006226921580973474
2024-10-04,0.028582606130684446,-0.004355417606241848,-0.028340396534711747,0.02261568598059967,0.039080217160055504,-0.05007003029410975,0.00978864508740826,0.009523903706075205,0.009980146457035568,0.010617957109483609,-0.006901177613053378,-0.00779755462567017,-0.040668391737473546,0.00045677403114101784,0.01879155289293504,0.009128446020470183,0.015250789495743768,0.014435472611747664,-0.002838227940401884,0.07491553927103363,-0.008195336392973266,-0.012976791782486188,-0.023912106321867424,0.0026386287638257224,0.0022455633357013026
2024-10-11,0.07611873260754266,0.0033014735907307413,0.0006247751705394452,0.02703167317043511,-0.017769554994703982,0.0457853865889765,-0.003817068070332193,0.05108250981133729,-0.00032395098300770094,0.04937191400728588,0.007272847437039102,0.01230939159682028,-0.1382036494844383,-0.012197258552693928,-0.02313163091790757,0.021574497119269096,0.012338873867794087,-0.010432291196930765,0.006681190662021123,-0.009821499072111566,-0.024018928906255184,-0.0030310189778972965,0.012438900560042628,0.011453083648280488,0.011060014193616243
2024-10-18,0.023461487336966173,0.03221552828479412,0.004409828877463471,-0.008799850734672179,-0.07364531052262221,0.03879983300152677,0.009924290794239881,0.013760665977396714,0.044971357457868524,-0.015232500816471739,0.022414845655413983,0.000899913579051521,0.013227074924457299,0.022212757104859402,0.001102136756093109,0.007556518108733222,-0.020506249039913552,0.014993033692219392,0.0005959727366748885,-0.029556262763702223,0.030320007664334323,0.05486582849280052,0.025842527966946617,0.008607119216191414,0.008500293134096656
2024-10-25,0.025328611975610246,-0.015394520241546314,0.02360942751004292,-0.039054025345380876,0.0016655641863018524,-0.029583069981425306,-0.023487933534524184,-0.013670596339714685,-0.031067524266754493,-0.027914109882275922,-0.026013720578986793,-0.006156824499047317,0.1986131596124685,-0.0009158062087943187,0.011256911386890483,-0.07272307042689727,-0.016649549899869342,0.014650766849880884,0.0018643783183303702,-0.004342502341932473,-0.03558673756361441,-0.015546816016932164,-0.026433319743917515,-0.009539285138933954,-0.009689242573923885
2024-11-01,-0.04434909255712721,-0.03742300918625298,-0.042414367301809454,-0.023866398598087948,-0.09648859300012795,-0.07883110186870232,-0.004127346954515028,0.0028298236884310903,0.03148026857623917,-0.0862520298613529,-0.004672606048065214,0.05237608765476054,-0.07804490425374595,0.013197050471592399,0.0357774721377109,-0.04219541676796417,-0.016562512988451027,-0.0038860260675226918,-0.01440302667776784,-0.03873545374565381,-0.0514032516335431,0.023305369139148626,-0.035339409736305095,-0.013912252785929282,-0.013750908025073685
2024-11-08,0.08647575229093563,0.01910531113420141,0.02922500669144341,0.08355211593718864,0.042033698142831574,0.11513917311630058,0.02462030051110885,0.061073113753165445,0.057248022338324996,0.015280777645443493,-0.02953332383658588,0.05048965907662065,0.25475369564117645,0.009896656258792571,0.04039007968816927,0.07357939092503028,0.03555359049257269,0.031615657649245496,0.07305379452617454,0.05220199166989463,-0.00492488218465464,0.03632475255471094,0.004733942406119895,0.046449089180911084,0.04550981538327323
2024-11-15,-0.03902289221912966,-0.00867331260731552,-0.018005562660120343,-0.10800207538967453,-0.09234064025029694,-0.1497220878265804,0.014716060107051265,0.03454677188039159,0.007632258650065132,-0.10663094724702088,-0.009500025047824762,-0.02712010295467237,-0.0015577782945751868,0.015104678210009773,-0.03340882466107813,-0.04357415633552897,-0.023925776493663037,-0.006860769459440402,-0.039694600984029896,-0.006790493774736886,-0.008087687493742172,-0.010959635324175293,-0.02284959067050878,-0.021015299522689084,-0.021055595970877056
2024-11-22,-0.00021123148031101173,0.021413403888181026,0.006807236028198267,-0.003707374815302747,0.02525303238045064,0.06334413925367977,0.013286372781677254,0.013121537108694795,0.0009039718031835722,0.0024226894029380796,0.007568467276832695,-0.027470296376112063,0.09465234146855005,0.021806233857945317,-0.04584933051069295,0.023571249741588477,0.034344830989843166,0.07089811915361609,0.06088209729565164,0.020573135675663046,0.0020848133102117127,0.013799149517869501,0.01256800734737584,0.016525226498759333,0.016676072323963606
2024-11-29,-0.026411320673503158,0.031937765624977674,0.015372802377183256,-0.013177741788791735,-0.008492871669546032,-0.04677060893786294,0.01344340573218281,0.004696239511954151,0.016512150558398293,0.06136595203189621,0.006960173337824826,0.053196435148694356,-0.021212725358939036,-0.0008631482116292233,0.025112940462506683,0.005560089938536905,0.02145435560762067,0.02252195987051372,0.008130539396425137,-0.031952751795201025,0.03452854868676542,0.001955740734247081,0.01356251482077851,0.011752406386162552,0.010505264288612167
2024-12-06,0.029926176554906828,0.02295110295608197,0.04639662395555517,0.10225230480890361,0.010226028976786396,0.032345177111605984,-0.026262078892271723,-0.009495579215518931,-0.013001436706971046,0.0386717594383939,-0.037464806662415584,0.08807307123961003,0.1201366513393036,0.03061455339663229,0.03352472491053175,-0.03679062351224555,-0.027662438791972506,0.03400956223235705,0.021105651613789866,-0.03792618953957984,-0.044578928346867296,-0.0505392021467748,-0.022345508376237493,0.008691693560588855,0.009550812278895478
2024-12-13,-0.05921708508297827,0.02155003377031082,0.0083067424283798,0.22486871061069783,-0.0880417049786302,0.013060504688705685,-0.02714515269174836,-0.030455857709323877,0.011921813409842835,-0.04653558993943752,-0.018180592074337816,0.0018922663102943342,0.11402491278891885,-0.010524137725738972,0.08409408266702292,-0.05604694853222981,-0.03744914259013854,-0.01305425801349764,-0.003289794226082678,-0.02433168001576572,-0.021766226324716545,-0.017275699021956234,-0.0319670698379667,-0.00594062203832319,-0.006454023638973548
2024-12-20,0.00334642883254107,0.025308742817504993,-0.024144838097033543,-0.017999221199417607,-0.06259156662807265,-0.1287206320737762,-0.010317250244638197,-0.009800333537902028,0.009392234814144662,-0.027441206631900368,-0.014772203441127217,-0.01122965298990642,-0.03539431683404756,-0.0379519216073095,0.008341453173824722,0.014116072471135726,-0.03876974072844054,-0.021556904412821126,-0.036311042310339756,-0.04587576256938913,-0.026844464415470403,-0.03531263932800929,-0.0255711270381134,-0.018491915994549458,-0.020070837124528663
2024-12-27,0.017003782188802705,0.004313042836301973,-0.014000541944340071,0.09336795843791985,0.04894596672322228,-0.016671694094507115,0.007277070903003936,0.014913453957492804,0.002985729787261237,0.01987249991935969,0.004006629568714462,-0.005215418128120777,0.024862914270435615,0.004823532421537683,0.007028299544332101,0.011732853485298086,-0.0032290977168490135,-0.00630784004381198,-0.015176451513270926,0.005745272881135838,0.00612049552903714,0.002884340986982373,-0.0031392672399685267,0.006508341166212437,0.006720036697572925
2025-01-03,0.0530178682284184,-0.04903266690042998,-0.016817673216016467,-0.0387988438553747,0.0014367842625642884,0.01519216340137647,-0.006483067271176267,0.008711067318886115,-0.011837909071279873,-0.0015206557444805984,-0.005946606063339091,0.0019645603452417082,-0.050408488872332124,-0.0083463351914168,-0.0050449493693774175,0.010992970279131868,-0.002936822740068332,-0.00964701315394614,-0.024911333743773998,0.012876945916973543,-0.0016654941098195998,0.006538514493538831,-0.022667471206543298,-0.005155926252813729,-0.004762686842334919
2025-01-10,-0.06107881016393123,-0.027114892006601776,-0.010447668903198946,-0.0360763586333279,-0.0773344198927829,0.10018400589974377,-0.024325570434014454,-0.00896468763556048,-0.023129167398963067,0.022657603717454077,-0.014882423895545466,-0.02369618667276641,-0.03900246535569851,-0.031577961438496616,0.0013026284494539843,-0.0015714566303130643,-0.0357905289487728,0.024160480149219857,0.021969932532568737,-0.012313521707052143,-0.06617907637231114,-0.008300154079000862,0.0015707654347090656,-0.019549805073731615,-0.019615748576220924
2025-01-17,0.013157096508574941,-0.029434713618172577,0.023775215070251605,0.056885980037321586,0.04565001578878348,0.06252946370238828,0.05555948940259114,0.07734860595458701,0.03797516454949101,-0.0973223855471935,0.034387156956209655,0.03147175727689384,0.07738507134515807,0.027286885303772813,0.020411037613862423,0.06297581151411256,0.09510280126015151,-0.01146328536921311,0.00664844808796065,0.05283134872669635,0.04894586743586108,0.03589247620849278,0.05141409779942356,0.029015726534625225,0.028693514184263167
2025-01-24,0.035033641501148884,-0.031807641801563986,0.03443287981065561,0.030118080968622903,0.011297682828851085,-0.0245057681890355,-0.010224136339318162,0.021680220333201345,0.032565678201387865,0.07904150250455441,-0.0014292569830349035,0.03867755035766555,-0.047831688364873635,0.019107256086612956,0.021252185459202596,0.0732676349187342,0.058130070762720185,0.03021103851376766,-0.0037282290665741576,-0.033128197448581115,0.028833723071227023,0.0557097220873485,0.007426447472377818,0.017237276615960855,0.01728939400265198
2025-01-31,-0.1721087746590409,0.05764708255828175,-0.06753670593856109,-0.1006493389528686,-0.057723628378655745,-0.1230785198806616,0.011761582353329665,0.009245753754486405,0.03452713103914053,0.03216102367107665,0.03565945253686009,0.011978161876891312,-0.004881738747907203,0.043494478145044445,0.018851198119282413,0.03407603217358052,-0.09297260871038324,0.03525147921286274,0.0418905542812671,-0.016984954268985573,-0.017591594853866608,-0.0019762120117346243,0.015519215908694275,-0.01016722270816286,-0.010000346749402011
2025-02-07,0.07822786314544818,-0.03611015097477285,-0.012875792278814253,0.016138840262493,-0.07511022867936211,0.011550823704847894,0.008646609124691035,0.03130420909698888,0.01803422263322576,0.0796327265016717,0.006355115435463935,-0.03654841601921796,-0.1123050165985517,0.033564516395416424,-0.0960261255313728,0.008364977376917772,-0.02056305285848609,0.03000575405349494,0.06430716217055558,0.01909945350096003,-0.047065879900014845,0.04379527151082525,0.01981924295526272,-0.0017460510004036554,-0.002409900749246593
2025-02-14,0.0670913215455825,0.07300158936399061,-0.0032267266403984444,0.03568754566063103,0.05022356092808434,0.07531421215331226,0.014386030762984383,0.0028604996903046236,0.01818141945465056,-0.03780519919784837,0.01959504194586028,-0.0020531699521464442,-0.01611274188968792,0.0527795495614238,-0.0005936887508336487,0.014460434825686635,-0.02944997873881963,0.02817092592695467,0.02650846765379235,0.0029177013608327742,-0.003080703065338021,0.05046179147443577,0.004276094959772646,0.014754848986864471,0.014602421068142572
2025-02-21,-0.032350501464966055,0.003876268979886988,0.0014643473166130532,-0.0636919792329349,-0.020184682675484702,-0.0068561828725126825,-0.0017739324414931625,-0.04567858650862399,-0.015035847016709404,0.03424184450186694,0.046602127355651224,-0.05436361171288972,-0.052027213093874175,0.028578805460575504,-0.03053199372675509,-0.04136838178299291,-0.03831093142268482,-0.09321697101199854,-0.0349555725367345,0.022382564769069063,0.05042604567091954,-0.009311728706581474,0.002185835300548028,-0.016137290584409412,-0.016738849034453527
2025-02-28,-0.07337016389966933,-0.01522429241753998,-0.027870729099863455,-0.09205484025355054,-0.10431847577064035,-0.054151461546288616,0.07073487255932649,0.001550278773224665,0.039879478302381574,0.0523440218201375,0.01662030111592091,-0.02005385044538121,-0.14234958343665594,0.029245030571003208,-0.053622149540422825,0.035155136259097684,0.0114330264505504,0.039614207886443445,0.013034910978082345,0.005765220981819656,-0.011688838829479842,0.03709979205119837,0.01956711228843551,-0.009647390261060545,-0.009798155932925854
2025-03-07,-0.10303271909236533,-0.011519764734164198,-0.009312823266473827,-0.022668718624116947,0.004496155372245017,-0.007181620869066451,-0.03608301049505816,-0.08831392416790405,-0.049132290011637006,-0.05704787180803736,0.01006921735094176,-0.06334583453893114,-0.10920584221543961,-0.0106364127145076,0.020806250305196037,-0.06553744422214187,0.018293522550473645,-0.07243227652159201,-0.08380785713925665,-0.020967354508159588,0.03720703852452011,-0.040276332059570076,0.0036759314014013704,-0.03121357445230962,-0.0314404604130798
2025-03-14,0.07676364070115589,-0.11316648333591282,-0.012150662504929242,0.002970394284202535,0.006558088549209486,0.0808698202992107,0.037580358190933125,-0.041461957183904864,-0.03993906308874111,-0.0666889359034984,-0.02355209173187064,-0.006545859534996263,-0.04951764501387909,-0.020112473080687043,-0.04818842179192548,0.01853608456925467,-0.030903497363132353,-0.07198007773550132,-0.06467201261746479,0.026074149547823593,0.009837614357378401,0.002641194204413672,-0.02538630182242242,-0.023026691740734143,-0.02301068161974125
2025-03-21,-0.033173459737351946,0.0221429011219487,0.0069247781828513915,-0.01702051424344175,0.052758013940422566,-0.06211380045392826,0.014105255363590186,0.03877548589110454,0.011566287559973003,0.029183442125721923,0.005024027368514155,-0.008828909685555943,-0.005093311487854137,0.01641833380482065,-0.009105323951800574,0.03499512245124017,-0.011430136663292158,0.010096702851944113,0.0058903780426530754,0.03166502230028693,-0.03697729100344484,-0.008968402446263752,0.006193701544378,0.00508039164748266,0.005062606167289572
2025-03-28,-0.07066312848914712,-0.0016967212978736116,-0.03236402603480302,-0.12511443819379697,-0.030718824499604912,-0.06860083727154656,0.008395280342081616,0.005036342308113642,0.02119445284137279,-0.018144292990086682,0.000488816859396296,-0.017947183809080284,0.05795547090049913,0.04203525699232798,-0.06071251959458343,-0.021039891761022153,-0.018303299054707404,-0.009700261988536496,0.02218775835402264,0.019123372589218066,-0.0060849923302199955,0.046017125618791746,0.0017003254502359624,-0.014862343450568293,-0.015401489872290883
2025-04-04,-0.15088860371667775,-0.14557496348127133,-0.0513488254056711,-0.14501759142270404,-0.18530992231491245,-0.310953049289177,-0.06428646151004674,-0.13786339409035378,-0.09067457604249608,-0.10813226941243251,-0.066091383240427,-0.11957480813803209,-0.09598198901771259,-0.05619880825654493,-0.05822994092806192,-0.18086170457138376,-0.13491472556690853,-0.02328730191858876,-0.014278715187406183,-0.12073918697081963,-0.051554786216268196,-0.06830867448734661,-0.04716214512072905,-0.0950437443456608,-0.0952119673848857
2025-04-11,0.1623121695070888,0.05056299899588468,0.07650514782907623,0.21808600463707992,0.08533863933993478,0.07197577301264978,0.0600976314046362,0.11623890795443294,0.06272439343429254,-0.00788796068295666,-0.00990273897173986,0.07798929244955306,0.05239741257427487,0.016172951322568695,0.07627405556037352,0.0853363818131276,0.018469133974044538,0.10931950437337147,0.04993882873976645,-0.011567523015284494,-0.016576675233221434,-0.004336212792246159,0.008797638588189284,0.05517072815452971,0.05544537576168444
2025-04-18,-0.08893916714067039,-0.005922089772071944,-0.05467971019308378,-0.062071914619478794,-0.06525256820826132,-0.01084226454401529,-0.011320950093723414,-0.018113876724719133,-0.011432829048352836,0.1370139052949802,0.03713242632974513,-0.06861813101759993,-0.044327474891138655,0.013348357581653363,-0.03879843075670595,0.00066030559765745,0.0027224085930721655,0.004515647685327536,0.031761079757905424,0.03599358972607636,0.007568802334753583,0.03173333923553339,0.023022514701402024,-0.014203039033301107,-0.015153251240087692
2025-04-25,0.08966005639312098,0.060571015921842254,0.06339424246503961,0.11750357885082094,0.09945742807844725,0.14806919061165705,0.02430612230916794,0.04875727424291406,0.016727827471182736,0.05171347317906767,-0.01852327858364029,0.09065941473823076,0.16598276347127877,-0.01260220204869589,0.0690106942573233,0.08758423788880725,0.04542836753785944,0.019861524897322298,-0.01758983116422516,0.015314447067402067,-0.0033231547154595736,-0.002107270605807045,-0.00826207976247565,0.04500088267271737,0.04488388103659569
2025-05-02,0.030954566284849883,-0.018957301247034857,0.10511038899739414,0.05724520248248516,0.02200141420004257,0.011713570069893818,0.016511947749362127,0.03612863488854142,0.03641460741925056,-0.07135843803144881,0.009913172120835593,0.005224648300188673,0.007899856637718063,0.029403138580824755,0.012699828512417395,0.045658287710908886,0.054700716596541195,0.03776759722688586,0.03267273424006049,-0.021977045746143384,0.01501769003525344,0.02526350371719162,0.014501939832267078,0.028854514211415012,0.0288035771620566
2025-05-09,0.01860324754188349,-0.03377560150712751,0.007894624359704908,0.022145216013827324,0.04007671114585342,0.061731596849440455,-0.04948139607799143,0.0022546962203792162,0.014111544760653825,-0.11442401081311619,-0.012244658573611076,0.016082227801594632,0.03775199631869251,0.00829582477168661,-0.07124655265965082,0.03435730543832378,0.005975603668932491,-0.01835634634131949,-0.00020823515537715518,0.010303619035344347,0.04687897812928974,-0.010270342916985335,-0.005046272683025479,-0.004278991241561953,-0.004716807188410784
2025-05-16,0.1490551407513436,0.06345979207424292,0.03664179192529332,0.09351845388886837,0.1304515092648184,0.13224955226500784,0.0011089098572980712,0.055638121925644816,0.036721401171257606,0.0326407421958218,-0.018917348825544803,0.06288286767853252,0.15991041930828084,-0.004319732348400287,0.08432912748859435,0.0753366449096528,0.08237875719143771,0.015593285232062775,0.017444566236099825,0.017335157413587546,0.06457400139076211,0.001534199602209209,0.011225541876844297,0.05155920472208297,0.051390593746400905
2025-05-23,-0.030824703423067364,-0.07870636466733509,-0.009044213163443058,0.0004810705386926004,-0.06033129420366989,-0.048397532282017756,-0.02132194361158347,-0.02593512636943892,-0.03222946904058894,-0.05940156835174896,0.010582809506066247,-0.02262869354496522,-0.030873497561968864,-0.010881386650085381,0.013625953882561995,0.004348187685741311,-0.029242921553009008,-0.019529857232442546,-0.017037953496568274,-0.04886881702642411,-0.10151592650656659,0.0030213222546988956,0.002465492203094583,-0.025723575249577486,-0.026454636385177456
2025-05-30,0.028828870620808727,0.028175223893521544,0.022361150553905754,0.05672837656564969,0.0038002741773435125,0.01160641856365692,0.000992634749235005,0.012540564006714152,0.03242103647886249,0.033019735152319596,0.023269752555944663,0.019803548733673983,0.02076480336434355,0.013763159624468016,0.01922395627221952,0.05482876905736682,0.013421845532073174,0.024404039503388507,0.030929793841005408,-0.00711044028468013,0.04162434470479982,0.03368236684177154,0.018738005579086576,0.0175956279616366,0.018587760639376047
2025-06-06,0.04761590975127876,0.01516933798084097,0.021532121525177094,0.01987793092392655,0.04813196718055549,0.13912651121295994,-0.020913238060846606,0.006531557130180113,0.013679734041098941,0.04273818158562664,-0.0011603480075920462,0.04090595043625308,-0.1603174775198099,0.010021628129614909,0.011232684112512159,0.03876552755508234,0.015170387428351305,-0.012743041742724488,-0.024564300878217447,0.019073983969359894,0.029348433092538984,0.0011013745121357884,0.014095996135072971,0.01640724370403901,0.014887708007392647
2025-06-13,0.0018318994404812323,-0.037319794826954966,0.009689748920959427,0.007142409034306351,-0.0002582206040502001,0.06283301633733991,-0.01221128894548907,-0.0029395075240434983,-0.04805418012509432,0.06228888996748169,0.013263798076150593,-0.006906791730890669,0.09732869668908206,0.003909814295804146,0.006893971912494728,-0.07736012306670655,0.010416639406906968,-0.031579880541124275,-0.024667751376190393,0.07258607478563897,0.03566442300587579,-0.013361727814099023,-0.014339291222651207,-0.0035781112446594946,-0.0039056581086755306
2025-06-20,0.013155186791910647,0.022896918817549895,0.005124104511220925,0.007524629269236355,0.098934968533416,0.06691457144073082,-0.005532778541520653,0.037229821803182885,-0.0413123417514052,-0.0716195038070203,-0.047648224266441386,-0.01142762910564509,-0.009730238445989576,-0.015011034445983899,-0.047062681993084644,0.011639449677694902,0.009671584414035294,0.017632648393219614,-0.010068598785859731,0.022750300796174048,-0.04443351290827664,-0.007640783792664126,-0.0219571981838242,-0.0016146435828194793,-0.00152875982576251
2025-06-27,0.09224043076955761,0.0003979565009345682,0.038100232364231774,0.07459068641386235,0.11458941578535325,0.009341338561403404,0.0017103784028233509,0.0430942512066806,0.029222937461591686,0.016539446730145072,0.017339991911030375,0.06288591127115378,0.004552575110117388,0.011101220150179761,0.06892082899214012,0.061329712278625506,0.06494244972523086,0.01189312778022489,0.004935306350806906,-0.047492049962472,-0.008987461740179776,0.005867578937514727,0.017246303675643556,0.03412525192048022,0.03381122786853544
2025-07-04,0.010028944201904925,0.060168075092324996,0.005830510961099628,0.02141376166151875,-0.041891641881089924,-0.01999667485840513,-0.0014010648043568574,0.03530015407558244,0.028978533055917726,0.006708923902703577,0.02334577984709741,0.0004924922698022718,-0.025917750556283203,0.009922261929218497,0.00558570506952318,-0.030437699012672913,0.03361035671990377,0.01114371889550604,0.0019065470093304123,0.02545498320553157,0.04131259514855829,0.004197954993987575,0.025103174673275077,0.01681961036244838,0.017070232913404527
2025-07-11,0.034420196097790366,-0.011254809566234465,0.008940765720175794,-0.0029113749823826128,0.05987786667241241,0.019092212699910006,-0.019025228397282656,-0.03136522740020128,-0.030930986762780114,0.01568337593481728,0.005688659826109534,0.007180641347411783,-0.005851863824187855,-0.04031216098552991,0.0036695236300478234,0.035466103576644245,0.020056025956931907,-0.041093134861408635,-0.017054168136818735,0.028381312299350397,0.007014001599873368,0.015523449969607214,-0.014337585015085906,-0.002754331578389179,-0.0031262392782341426
2025-07-18,0.04441477912705442,9.475285214084725e-05,0.0132825469051085,0.03213359224366869,0.0697029523297596,-0.08493296920535161,-0.0043383965796172305,0.015256462495864554,0.0032138660700841274,-0.027226920481048886,0.042426675693885266,0.004920770597893558,0.050200178403962264,-0.0011128657237909512,0.026668164340592267,0.030270802450386138,0.01900906753722198,0.006861946665441977,-0.020174585362749506,-0.06866500348343604,0.020619324085254388,0.02476179440301383,-0.008138576202428544,0.006330075754160411,0.005899737727851061
2025-07-25,0.0063022836074121905,0.012704179792829626,0.007150206742836234,0.023853787495057458,0.05863297629603066,-0.027743792942362244,0.02144427352808165,0.024921217681635997,0.02263274430336825,0.051740740432092404,0.027712775584794003,0.02321059448879826,-0.042099405787714136,0.038592320817244674,0.04294232782203043,0.031113542073610733,0.05095968927558576,0.02514157366814023,-0.016401808437190645,0.024110790871405455,-0.05549472819247142,0.01565799032392547,0.016803896353064517,0.01505535468952709,0.014481448646656635
2025-08-01,0.0012671511354092585,-0.055267920027591094,0.020042595919099303,-0.005321118256437672,0.030933629790859802,-0.0590530831468153,-0.023472482351411778,-0.031465691075260316,-0.05081591057470409,-0.06397011559653835,-0.005780199960419656,-0.07484611035228024,-0.04342110790181958,-0.008968768304933457,-0.02118772628369705,-0.008170396997441097,-0.011734292874152384,0.010410439212690295,0.01943581647350146,-0.006907833579386437,-0.02038742074194594,0.02855590024514997,-0.028919736194469213,-0.024436889039043667,-0.023860250896653997
2025-08-08,0.050400693559484365,0.1251020687109982,-0.003957383599131016,0.055033203442686016,0.006154566166344699,0.1253819199912453,-0.015859819383620605,-0.002110224436335406,-0.007602138554594848,-0.19758849972885892,0.03522930531380688,0.03630611989645103,0.08552051368953373,0.011821746039574163,0.0629575661028288,0.020684245386319935,-0.028799576479753345,0.05183628660385633,0.0294409142719461,-0.02624431164312491,0.028151296892012494,0.01071007305750787,0.027925387604483643,0.024562533171720274,0.023987039575366676
2025-08-15,-0.012391624561713926,0.01085356110459673,-0.0035885105516299167,0.004482122420202996,0.02712359811505643,0.016516848353342044,0.02503847805066307,0.005973312275160417,0.024335160665971103,0.11623889413928332,0.018916511874810582,0.036766886174709724,0.002756711501436863,0.027745552388845726,0.012237410432001179,-0.026380290483052835,-0.021182175609348094,-0.03428822545002228,-0.009155096435275489,0.006355486912122744,0.04059547817758857,-0.026592427851694418,0.016084330404096934,0.009776535647879413,0.009400869027521732
2025-08-22,-0.01372643260119791,-0.016676119069593646,-0.02354847241299217,-0.04111590290888037,-0.05649256056157069,-0.026746469394385207,0.024426773670576378,0.01960066494596225,0.01604046095572473,0.014792457918152533,0.014890818108906264,-0.009524513538122654,0.028186879118370648,-0.0034698955374347852,0.010683316761964691,-0.004940290171592736,0.06613284044409708,-0.03221331040666991,-0.013985727822362603,0.04399845719497175,0.011994955225373664,0.009348405741726984,0.003306387772847028,0.002902013893070252,0.0026493374276200816
2025-08-29,-0.02163818009632029,0.01904824698849024,-0.001065214031895763,0.011464840649711016,-0.03105664188506773,0.011238484593477647,0.028187940245423888,0.017334810885012052,0.00495846361752996,0.02894413540165261,-0.004581603135949943,0.0006989501568368068,-0.018223376635424893,0.017912994866378457,0.03255658975973698,0.03201128601266136,-0.038918740364772775,0.001547856667713148,-0.01600566239730572,0.026689437068540867,-0.04987135603235987,0.0231443273300092,-0.007041921360504278,-0.00040291920394672594,-0.001028901337553025
2025-09-05,-0.04197560551996707,0.03200586405697581,-0.023341616192738508,0.11875762954911732,-0.07327115641015909,0.09881019137345996,-0.006402459113329265,-0.023633152502819995,-0.024634196201469765,-0.007357199767147375,0.0070866023373482604,0.014436779114223657,0.049578587616510746,0.01019026793999168,0.09871598804202966,0.014537729629483546,0.009594854789712661,0.03575259983697708,0.021146069338433986,-0.04528320655356617,-0.01608989743467967,-0.0027371744365314163,-0.015321845885375523,0.003389254905669121,0.0032824366748478396
2025-09-12,0.06271454978572845,-0.02372621835999025,0.02965687274571624,0.07194066864709973,0.04798962683640349,0.17969181790504846,-0.012138927540171887,0.041683017755990696,-0.011104046810857388,0.03801891930741742,-0.0020758033419267363,-0.018155502047257223,0.1209324221444242,-0.0006761615834043555,0.02527523440151242,0.008771361528147512,0.01975252828997955,0.02921765770548269,0.004577223616487997,0.026470675750139137,0.010383179658311623,0.007775622707925712,0.02631617040455582,0.015590700951137342,0.015734549452025744
2025-09-19,-0.006488194097724267,0.04767669258258216,0.01562548255870798,-0.042372460432128646,-0.007469384705104964,0.03438283863570471,-0.001804162571222678,0.0253195104478884,0.0064019530592363694,-0.0045112705282805,-0.010557492363936187,0.014490177627282523,0.07334097841995792,-0.01911973880445093,0.05619807828003863,0.06676806005935393,0.0780299818928988,-0.011272174201007639,-0.01744659768517899,0.005867071092902574,-0.00784759511459494,-0.02357127612941055,-0.006305612746196115,0.012291069455217964,0.01208738998917336
2025-09-26,0.008566842768660989,0.039768880450845034,-0.012570785605847144,-0.02893203347897783,0.01306635149256554,-0.03412839265740176,0.014463213685431757,0.004057919135818255,-0.012489396017132863,-0.03718604726764611,0.019781429230545478,-0.05186641778391523,0.033079721780052924,-0.02442557357289271,-0.0326405949697541,-0.020667716091976044,-0.0016732801485405072,0.008078262950196808,-0.037720426416608645,0.03825903298229765,0.06495155161770694,0.05711797848442114,-0.009649587394165354,-0.0028367030851531834,-0.003104837891385651
2025-10-03,0.05156812906497985,0.009971218611942358,0.011450217296560466,0.011413460608941413,0.03215031093224852,0.1781993394524419,-0.002563125976930778,-0.01926301013501833,0.03629566090285038,0.14771021570043483,0.04849596203944904,-0.0012292759251895733,-0.024293640549694406,-0.045158397696038355,-0.004838455507164353,0.008045789063344275,0.0666282740187252,-0.010622281564440984,-0.0006225850392369177,-0.034366481087418126,0.0540185918054632,0.0008000557218077258,-0.016320926827322255,0.011104348888014173,0.01079240932289403
2025-10-10,-0.02405847498224197,-0.05067735149903311,-0.012428271112590915,-0.04145386046869673,0.26622931513644227,-0.03373080680636949,-0.019476655407292934,-0.025074297844623762,-0.017852244141258147,-0.007625502081148291,0.010965977965879814,-0.014407881907002767,-0.03875644368290654,-0.034264073768812936,-0.03644170920978198,-0.01872655213752392,-0.01324384954581718,-0.0022559089057111693,0.015856092339220734,-0.022591263939589032,0.04027244151598977,-0.05338825777615746,-0.028050358376716964,-0.02449017964331221,-0.024613329350081738
2025-10-17,0.000327632169195568,0.028219481693510587,0.00511458789729733,0.07333086269178453,0.08120897488397046,0.10834062676703302,0.006703725341759298,-0.011128794737095445,-0.0051346402584233715,-0.03747863423586908,0.013023123385817088,-0.015509972641289642,0.06057200189575368,0.018004673351417092,0.0683305180821674,0.029243370642440873,0.07029749684338063,0.056225192088451045,0.006772624185949844,0.013544554480489295,0.014057777371339338,0.05367393165757541,-0.006477220532823373,0.017261592560198807,0.016873223712803656
2025-10-24,0.016455743116192613,0.04089021198641858,0.01934132185403852,0.013647169255334754,0.08169147581997309,0.07901597390208737,-0.000650077863608619,0.009632126959452599,0.015930233871619345,0.027785679207190984,-0.014702521987574019,0.05110323262983671,-0.012806141234173351,-0.04662860344435838,0.025799394536085457,0.012350979357811275,-0.005418433601400357,-0.014586576881557595,-0.004484977093694296,0.02767835767584337,-0.0014206004283203698,0.016146315318191766,-0.010904391764668361,0.0191710309856688,0.018978427115076326
2025-10-31,0.0835470339941567,0.0283220176999668,-0.011138903302860834,0.042838471345778326,0.012572839635298594,0.021455633025075083,-0.030034016335492828,0.03493058712281511,-0.01929953911583342,0.04432383083059945,-0.008068074926749916,0.08548632078232281,0.051320953462581594,-0.015634728343124776,0.07865675566167747,0.016579399907451033,0.09922769500508058,-0.048140366051171925,-0.021032502189129065,-0.00896635558264524,-0.03631049253995822,0.01727158889263104,-0.06412020025814343,0.007077250418907485,0.0071172021182248696
2025-11-07,-0.07345098148478194,-0.007052208189379852,-0.041380502684065484,-0.056199297484956064,-0.09229272568673676,0.06131566684363502,0.04407838017272564,0.00988291603612761,-0.013949148192411949,0.06885991841549993,-0.01225237839153511,0.0007776945708770573,-0.06105184034489741,0.0032272297655253045,-0.008428550892673364,-0.005452710123988302,-0.024835505290418156,0.013839166373520617,0.01231073020242668,0.02470118845331991,0.03060772983618475,0.049620974737684384,0.00526952626623541,-0.01639327752974825,-0.016420206886950492
2025-11-14,0.010678866857467226,0.015538027438371954,0.026535819595669554,-0.020148452771768483,0.05526546005778896,0.03676541359707046,0.019603812094685754,-0.034317606815200304,-0.016038539354380422,0.1050761355994985,0.048950882149128086,-0.04058165320634348,-0.060387425899695174,0.030148949549470495,-0.00871691112299183,-0.008005245551616927,-0.01623825271092775,-0.0010726138795272187,0.0002600689978038329,0.026213485145310408,-0.0005959571904780265,0.022488103607545006,0.006825423648743036,0.0014297639622682522,0.0007888426796388663
2025-11-21,-0.06120322063410457,-0.003383121639200566,-0.07566059526652306,-0.006620991315714674,-0.19157782540126334,-0.17419524745506293,-0.009674489252492712,-0.01858343878220918,-0.006200561721699369,0.03302005059066024,0.03987227011055567,-0.0615064918451111,-0.033343151473948535,0.013198996311393731,0.08076314301585327,-0.0587073311065787,-0.006519251510459246,0.027335564698813517,-0.026313354993366626,-0.018700011045775254,0.001968646261828045,0.031037398755315675,-0.02547592689051986,-0.01938504539405402,-0.019663023075932356
2025-11-28,-0.010565440310991155,0.026748831182362303,0.04126593192770843,0.16930338846819645,0.06529579188411662,0.13135909301955295,0.019197895606456305,0.049298282667346024,0.019504883474126187,0.01477195954478697,0.021031705658734752,0.055223206403640646,0.09524280744748807,0.003464934890860202,0.06623491786713268,0.0375884371437327,0.044991222754568745,0.04810275311517088,0.016087731537404826,-0.009957202666387548,0.03310668262216966,0.04062786524193377,-0.005880419643925036,0.03629671324371801,0.0365931616772018
2025-12-05,0.030162898773763266,-0.0002511137423446812,-0.018151204135405885,-0.032075389821233806,0.002020677800790626,0.003124262352989449,-0.018602906018471418,0.006240958801248202,-0.009614423203886974,-0.06250058746135798,-0.024411149353758203,-0.015948484732716442,0.05611690834094498,-0.028851908852493613,0.003398508325657597,-0.04983952987139551,0.0465080943552377,0.040782099072389257,-0.0209158462970976,0.0053342983825063785,-0.03730815557273804,-0.018956764747755338,-0.022872380090288975,0.0033598345201549303,0.0031065405676197477
2025-12-12,-0.04135661182378723,-0.0017950816257041409,-0.00962899559926904,-0.08085229980771376,-0.03354251452631807,0.01638975657205685,-0.009603021209044958,0.010985451629712895,0.04887065085454627,0.01688125154728256,0.046682127290912215,-0.0146583697600994,0.008665622724654938,-0.028080531031029074,-0.03734861970204047,0.054385903267515426,-0.008792178995784949,0.01575475765469881,-0.011477546326419385,0.01937511125246186,-0.017963712662668822,-0.08997468845050438,0.04087309211648537,-0.005747862818369307,-0.00627689930835851
2025-12-19,0.03354148105319946,-0.016704641305906324,0.015325101510072419,-0.05590569530150466,0.012493946024321098,0.09781788428374813,-0.010039801238381002,-0.0041212461507376215,0.004074247852706609,0.04186510228344574,-0.024932532448015403,0.0051153422838620035,0.047319967792813375,-0.01764875822637676,-0.006910530632602861,0.024382632210944194,-0.03691727582938216,-0.020255126480956825,-0.03316221869347303,-0.01808883710129634,-0.02618184798716456,-0.0038632969136250493,0.012391695457933994,0.001232913358788833,0.0010378994306603454
2025-12-26,0.051367892299516216,-0.0009872619410217032,0.003677031835795809,0.03590812693235228,0.007282665230094345,0.0685565595415056,0.007594466695089492,0.033175304124840974,0.016329762119206642,0.005871997691333288,0.0060869595542221095,0.022485554090384937,-0.012568280274703148,0.02049256935090624,0.020462489978026396,0.025485508783424562,0.011697567687668274,-0.02317664966811917,0.020509979549507635,0.020526572369788706,0.010878641079096191,0.009896562055976544,0.00789415736633115,0.014180679894487343,0.013867832089942694
2026-01-02,-0.008856576968767276,-0.008780099035504512,-0.0307524844311829,-0.012890526949275961,0.03868564134994188,0.10255697168372527,-0.002914098828209672,-0.007438222920447113,-0.024292613176451417,0.002418861400479141,-0.0013494925759837129,-0.026231316284656456,-0.08133599751581538,-0.0036577817385757172,0.005217343250750625,0.018787903009565905,0.02608895957615464,0.00908695960603609,-0.021819797342750778,0.029287340586390483,0.006445937576225379,-0.0049092655804017235,0.010165416147794005,-0.010397119119483472,-0.010366730582724176
2026-01-09,-0.02135433345770406,-0.0439002047626877,0.013316419673999533,-0.007652451047627547,-0.0952341243216942,0.0898999929868653,0.004518306742811503,0.015834690413449568,0.009450591355124606,-0.01567255725950697,-0.014378193406263435,0.08818069076188012,0.015718044090693988,-0.023482008115815974,0.04170130405322516,0.0026154516642552987,0.03159724708866033,0.015575103767844245,0.07914749867931227,0.015854034439078728,-0.012933987724868984,-0.0046110943008542404,0.034291431384641274,0.01582913127331406,0.015596919411679297
2026-01-16,0.007383710546227915,-0.014915788234779605,-0.04136282620064502,0.019349535726883877,0.13196129434797405,0.04990864749885411,-0.011709234988053563,-0.05212665032648834,-0.06334801511325067,-0.023940732372452957,0.06748802516617522,-0.03396013812921171,-0.0170200699709252,-0.009406497002518053,0.004342724680000542,0.010916903335051688,0.04630298800496299,0.04415173542434607,0.0410226498458219,0.04149913835122661,0.04575167084702443,0.028084380589500437,-0.011596482893717867,-0.0034782770370244158,-0.003778153861168877
2026-01-23,0.007702589408009118,-0.029749847888933326,0.013156231653430642,-0.09432978203315179,0.11344572321642837,0.09687530659764786,-0.029459286198575234,-0.048355068635828634,-0.006478401690638652,0.024626823953908902,0.006745702984166691,0.00016730176932885522,0.02607979786968177,0.004248078535319042,-0.006292476925805901,-0.10105689985134363,-0.029499018217152537,-0.01659468665334455,0.02017677560858445,0.03836464061901574,0.01401112712827196,-0.0410659047505243,0.02832220843645536,-0.0035196011166217654,-0.0035220261843166155
2026-01-30,0.018268788535515487,0.045089804628295586,-0.07961897385901175,0.03454712990789505,-0.09252984240826397,0.037400131038965945,0.0032516913666408172,0.027072221304194725,-0.013425828744057877,-0.02583146992874983,0.031786964684293054,0.0005852083420949188,-0.04241825238052181,0.1053181903154319,0.030245713013881032,0.04302603864086148,0.04789139145341741,0.011905401087069752,-0.0433523882915364,0.04654008130498825,0.03578643925082171,0.025159931805143518,0.011887351293163519,0.003967637625709797,0.0033808088519799366
2026-02-06,-0.03038425249724207,0.0693728739843399,-0.07014886809107304,0.004877893265700343,-0.12726899139946407,-0.04988864481407415,0.05576893114866578,0.052567427199049485,0.029845561626684967,0.020074065335800473,0.05454659794568933,-0.12908779242138899,-0.045877468328519,0.03449904992435972,-0.045827165422445686,0.04527763535590566,0.09959374606069114,0.09627116143696594,0.06276876914506793,0.05268919708496265,0.017703498130360186,0.039351362393147564,-0.019288982249103213,-0.0019528591131310294,-0.0009703440399452702
2026-02-13,-0.014122326248762486,-0.08279968165000885,0.0004486161766655772,-0.02355399925166234,-0.005387713104175909,0.04209719510094091,-0.020962560506394445,-0.06354658334893691,-0.052161488396288494,-0.01566218353752071,0.01431432149024177,-0.05638125787302919,0.015280044278628384,0.05590856816206405,-0.054549035690613465,-0.017567746150062243,0.06400476355900091,0.020448058839698524,0.017151997661583394,0.002609571998908272,0.047261598197633335,0.0728237771734428,0.07053848349822818,-0.012926652913209524,-0.013963998436007078
2026-02-20,0.03762898756517526,0.033825937464371465,-0.007963794240585305,0.022742652225936348,-0.03519647370571597,0.03932244825317004,0.0013055978034600872,0.026871013064782595,0.021637727703211908,-0.029745695306131352,-0.003951133512857223,0.0553822486331093,-0.013554448771937934,-0.025058701898725767,0.02983943734304048,0.08449819804652227,-0.018854000048837853,-0.08491544111284972,-0.03315083491717141,-0.007912642333726606,-0.017421797471520995,-0.012079079127072076,0.031736404648793654,0.011202153596731488,0.010671067762430913
2026-02-27,-0.06885370741873037,-0.0015129913241144597,-0.011367682081434691,-0.040177230825106436,0.0002997942738575939,-0.037599278904981964,0.013457811316947909,-0.03433552659037476,-0.0025269424479254926,0.04120859303553137,0.029502697014145762,-0.000523675288403517,-0.022866412932691222,0.0010716159226972725,-0.010275375087965482,-0.002800832303849292,-0.022509057994478113,0.03953649449429894,0.02557176041919992,0.03482900278315121,0.023897284685692285,-0.0016108846980535038,0.02303522281324528,-0.005002284110372963,-0.004442858662547522
2026-03-06,0.0035492605205626596,-0.025766357954577344,0.040469554138543355,0.033632470386250175,-0.039634436046995944,-0.10760751778915785,-0.011893401841759467,-0.03669570735200094,-0.008721622579613356,-0.0604006495387403,-0.032856917749891384,0.015170096278901526,-0.014463989282012401,0.022242736654138798,-0.043396928038845144,-0.057578010987873324,-0.0870516930131248,-0.03297215470786641,-0.01263406258423373,-0.008494868766748667,-0.029765682560052915,-0.01375787799549865,-0.047026320477949746,-0.020039298395410583,-0.02039293578322733
2026-03-13,0.013627132516804343,-0.028923486571741767,-0.03334020207273977,-0.025497785895123047,0.004976459047404696,0.14043097447105699,-0.018099425576291503,-0.021085760360989816,-0.03273306264882664,-0.00531534527353446,0.004648054943125423,-0.026327354458618918,-0.014037006885567468,-0.0326501819412245,0.01322054792384627,-0.07378851038453606,0.019042039221448027,0.021732985108852212,0.01029652079715541,0.03195522370808552,0.01915183050018285,0.01713184988731935,0.022114345891486108,-0.015120098352483105,-0.01612783761412987
2026-03-20,-0.042788841861651966,-0.008552379148985744,-0.035196887944971285,-0.036832230351673094,0.0402364897149093,-0.007608724853753533,-0.01872408395260071,0.010947430047879606,-0.01813577834562495,-0.08291117239308583,-0.02579354342013143,-0.01113706596143518,-0.061244755978193725,0.021060914498348203,-0.004243467867738463,-0.04399837266972344,-0.01907137189326866,-0.059058669393025676,-0.03645469809633717,0.022484278183555348,-0.03599241503597665,-0.058863857886128905,-0.0117508424736048,-0.018206292859035314,-0.019136457183628806
2026-03-27,-0.03045321123938794,0.0032609628907447723,-0.06798898852721602,-0.03007410730445541,0.0032728564874759283,-0.16878393497913144,-0.026227791388049426,-0.013066527143644207,-0.020431493190424237,-0.031891779052591725,0.021353448857262116,-0.029801315408177903,-0.01679976223389165,0.027523106277118355,-0.09274199187273055,-0.01397491691173314,0.021101053733457623,0.03199814554611607,0.011788334268356767,0.06849593975694913,0.021006872204961495,-0.0008679532656823138,0.006065714738512607,-0.022579081482510886,-0.021379665511558028
2026-04-03,0.05724793430238345,0.02821552845756819,0.045719624319271096,0.04509645594019102,0.07398063210821212,0.025356986884219068,0.018735251341693203,0.040737115371826664,0.017709082297371913,0.06324674202904702,0.010713846960812633,0.05099982160991907,-0.0034328824823492187,-0.026816894237266412,0.07521388465497073,-0.005851403815503341,0.030895335527025725,0.023324222097343684,0.03112090553009006,-0.06212807251530837,0.018965567612211773,0.03295951835028313,0.023106129592960625,0.03371072221276836,0.03302453261643899
2026-04-10,0.061436745962785026,0.0176611984731221,-0.006959259207495211,0.16654041489764485,0.11922258459671439,0.1383697178577325,0.00532774891560209,0.05563901606274619,0.011765631989475181,0.0041492159404176235,-0.019024400650621595,0.12785434675981958,-0.03281288822495607,-0.057875416844725656,0.07007642687763245,0.09231162806215613,0.09748543520144898,0.007760528820604748,-0.016380407685220425,-0.05224690379586164,0.009934434151948758,0.025664915995381277,0.0010936734840041099,0.03539679714500186,0.03495990869229111
2026-04-17,0.06689475134185409,0.036747379366750925,0.13102401109531042,0.0899989759518336,0.12760162576786202,0.07879277158698399,-0.011147562076213724,0.0013545053156987141,0.04075365438572578,-0.013329921880697105,-0.018111566727387885,0.04983234352076249,0.138084654464354,0.001887859354579973,0.0742160677820043,-0.013780278976962693,0.005033794360845775,0.00574199045616058,0.001421184424767215,-0.04061431309933525,-0.022574378034656617,0.014015719340249465,-0.02194220158220118,0.044163805525641864,0.04435511906547374
2026-04-24,0.032153084405472473,0.0030666384804081534,0.004319019500210895,0.03912234895229664,0.22263328575057628,0.08757521187514382,-0.011145319908232814,-0.006498853305751985,-0.024265212367791684,-0.04757409785030989,-0.028939815428048753,0.052212783589973034,-0.0626266697499276,-0.011762551121080999,0.007929098492120083,-0.06637052125824955,0.046377275147994786,0.01880251457175913,0.011198296128037634,0.016726284646511397,0.03524871050700208,-0.008443275463843138,0.03605271117781319,0.005336757197000634,0.005460742267125272
2026-05-01,-0.048298071070583176,0.03294934547381658,-0.024266448575428545,-0.003507019203838396,0.03594658463034339,0.08762694404887149,0.007831696401759007,0.013499985811729216,0.058405539554318694,0.08598416336371911,-0.0013635766169236767,0.016045509228913683,0.03786044951267682,-0.003058117317642835,0.11323029229367768,0.006688757677385878,0.06847350888199832,0.012848105836999123,0.0019937828158612713,0.025460550541882513,0.017375475275483672,0.03834516044544201,-0.004674843759210799,0.009354612207521242,0.009036412242867978
2026-05-08,0.08103060350677459,0.04597469666747293,0.0016394010639803735,0.020487520904740878,0.2331119882945129,0.32015733323269246,0.00617525043267624,-0.03375035193003994,-0.02857251967151893,-0.015566977380776833,-0.026177028502749115,0.016342223756933717,0.09169351798650927,-0.03744593269387751,0.0384285282212649,0.036463572936358046,0.008706836058774514,-0.007023810827086713,-0.002880506034527137,-0.0550388051206393,-0.040521122343032845,-0.010566929611018547,-0.029490256037982224,0.023275196845395228,0.02307976916683446
2026-05-15,0.04595379845604389,0.024205654569264577,0.016248083304814094,-0.011249081972881908,-0.07074562869651306,-0.03010824126614695,0.014103566959629664,-0.014302462475537441,0.023668558777001258,0.05955406891379296,0.024062085644949188,-0.03181959856170629,-0.014366783032075581,-0.04595234253700995,-0.010080566624588571,-0.053998054063976744,-0.010236594906997168,0.007789975578105785,0.03903807280905721,0.09508923460507945,0.002788768702855145,-0.0007471956604419196,0.0259202808371253,0.0020992146290850847,0.00129257074827105
2026-05-22,-0.04534990942084144,0.028209676808195572,-0.0058079660695586665,-0.026331963705308086,0.09745146889065823,0.03570313969538068,0.0075948534690979215,0.02837052797036161,0.009562758465253039,0.05806691167538478,0.03310136084010354,0.008219299695588126,0.008888993468848196,0.049919099463179906,-0.03542527893802036,0.07296562595780569,-0.009523892709580083,-0.08888738462387821,-0.019941059822453366,-0.019179708835391038,-0.05289564266919294,0.01130477265861315,0.022410161635897024,0.008714959222551917,0.008731455133097352
2026-05-29,-0.019650270426625434,0.010436910151286012,0.07293658755639724,0.0758397745189973,0.09887973808688058,0.2569208320976207,-0.024770730739678105,-0.023346357138068825,-0.007691946843631791,0.03687052282368309,-0.033472512893179575,0.01609095782928568,0.02269765245376889,-0.01837854958923742,-0.006891142068303588,0.06679787364522966,-0.004579240913962916,-0.03830648966977406,-0.07251130912487168,-0.06438362884088529,-0.017544259351900796,-0.05144665913642458,-0.039186740886070257,0.01443315325830165,0.014161678120469937
2026-06-05,-0.027858974056758638,-0.015240881213655789,-0.07748624319882898,-0.1469062568188964,-0.10129973490998918,-0.1167421504508799,0.02836228313750501,0.042708571887054445,-0.008585574542977963,0.023628152474317193,0.03248492098667268,-0.09533610384280036,-0.10845293556412708,-0.08627848738992479,-0.03154341907177046,0.013011075152754247,0.03192139998999956,0.026681852294583485,0.01612947960638615,0.031576579962277765,-0.0062402252951770446,0.007762038595196786,0.023464398545709746,-0.025342223162030584,-0.026240805865162007
2026-06-12,0.00043874033084779606,-0.054184663924645216,-0.06425218648377581,-0.009533747066435734,0.09248367980051803,0.12760973106004814,0.0022918324537496973,0.02638011148024938,-0.003653429767963141,0.0013955184266531886,0.034206438145531426,-0.030874529999762583,0.038704134431201805,0.03583372423804791,-0.02371029565977218,0.022011991216235344,0.006931693994698586,0.018006529541275948,0.010725562404720265,-0.01960122464569979,0.0017459070601198575,0.03466966685902375,0.0303861506480462,0.0056783797733268825,0.0064420177874595875
2026-06-19,0.026451469973913,0.023357079883302965,-0.029451327487479303,0.0738405336609913,0.049202418456940324,0.14430353197213355,0.0004291188608145656,0.01393334125409191,0.014931749927582061,-0.0308597623303047,-0.05320265674095828,0.024186362677544777,-0.01472292139308483,-0.06890198679656015,0.022949706577163935,0.06450135112388937,0.0794030010839735,-0.03240988140659257,-0.03196046325690495,-0.0646246608030069,0.008799389042036766,-0.03602369280008668,-0.022053110779828994,0.009277696564054843,0.00925802645887385
2026-06-26,-0.09013590821061274,-0.04892777030414601,-0.017093042525193513,-0.11791091582537629,-0.029824162112687624,-0.0014648624775172767,0.01862178299989032,0.011707782667893797,0.02710168895629426,0.09505616352787816,0.10887466495066396,-0.0490582013416553,-0.05328099205482666,0.03174869557024849,-0.08692487578861365,0.03126974507035527,0.011748281070628017,-0.012796957803875303,0.0011449505245804065,-0.009258396571030674,0.020649903601947413,0.0953762096290774,0.014480193355026844,-0.02405699886206965,-0.019733256161772288
2026-07-03,0.011875450881866052,0.08394384692119672,0.04590432285104173,-0.012598848152787312,-0.007234993416989637,-0.14902108791476554,0.018123772369179243,0.016337561635663148,0.07420777220752109,0.004781141863962624,0.032376824389406686,0.04199538206156587,0.0355462450379587,-0.09892579771910191,0.064614439236443,0.022826839048545405,-0.034618368022322064,-0.03384498812108484,-0.0009137999442388498,0.004020043304157553,-0.0024873156185921726,0.03768333197432906,0.050692719995286996,0.021428895862275997,0.01741877946238954
2026-07-10,0.07954114467959097,0.02144494334607463,-0.013899268650528656,0.10403632959324748,0.07453413092092583,0.003980150366561287,-0.028099997538241595,0.010456596194218052,-0.03701728298205624,-0.021087295498203117,-0.0233078459492259,0.010942500525415571,0.035724763974614646,0.03967501626913617,-0.007614128821929351,-0.048303607905685275,-0.011608090811799494,0.018251628493194293,-0.037929078341020654,0.012972747730407108,-0.004310787320133648,-0.019117496661170796,-0.03130983503534323,0.013562604611723254,0.012238968664375004
2026-07-17,-0.0393990053735432,0.05677411426865272,0.022390906231910073,-0.07564589346662114,-0.11806987823634776,-0.14283771212069452,-0.005687463903857026,0.013666711625904132,0.02711001589990846,-0.007999377241323689,-0.0154507654348737,0.007674071484145702,-0.06829946017961251,0.0316747638163736,-0.029578141454494968,-0.029489505350946067,-0.07875553239058283,0.0029805579970238324,0.026515741630575438,0.05926822398045896,0.009504508638867027,0.04912122617914095,-0.03177612606273073,-0.015565306991739114,-0.015659146333984804
2026-07-24,0.0196759765203853,-0.0021596408578517796,-0.03125891838994576,0.029467540054009644,0.05147986288952125,0.08140545307894083,0.008155504564888328,0.03488704938938194,-0.007895847941817176,0.014247894247741125,0.040126220517499374,-0.06310766030302922,-0.19608030110872857,0.10108728913055735,-0.08115356374490806,0.013949282298280338,0.011406788944749795,-0.04265087462551684,-0.004637674219256534,0.06298502423458106,0.010975511274725026,0.03561712701738339,-0.001833144082271214,-0.005883060264005022,-0.006148099475055116
2026-07-31,-0.02988518394778205,-0.07515250717783385,0.19680005050215366,0.019087627707312337,-0.09183890342008211,-0.1124130716060023,0.03300947677808632,-0.004028325759931809,0.02878831733326878,-0.04025507322621486,-0.027130074319857905,0.15704530596857944,-0.005831130685927843,-0.03715071282390608,0.10778770715000617,0.017764536018620915,-0.08683850114001651,0.01567977316592477,0.017870851617687533,-0.009603706066513997,-0.032374077827654606,-0.07250717260880434,-0.06846601234975094,0.010902260419499281,0.0104338348805969
2026-08-07,0.1094071511957719,0.014206901421617029,0.0731529771611971,0.09426343165462561,0.01502876951133875,0.0641640449702573,0.01985854890160157,0.016156842948251503,-0.009963964234038586,0.03158903102584582,0.011210544521507323,0.0106217327485319,0.054312400605278,0.02296023076520527,-0.00515191376837191,0.027420684865973335,0.03305069066053337,0.005828352481330944,-0.004284878749194394,-0.015560529260101028,-0.026462981921957417,0.010522837859222338,0.023959169108555892,0.03450993287809234,0.03514673951460792
2026-08-14,0.00534377557639613,-0.023038563989079115,-0.009222549992614317,-0.08477816835256838,0.06222007375440777,0.10184918880653764,-0.034648561621012285,0.01477068175791213,0.0063973910724683634,-0.0032597228227220472,0.004272609275549705,-0.044056114414401826,0.040819568565723205,0.045200729058970573,-0.023994263186484434,-0.004604134854017492,0.016930406045901486,0.030118471346005135,0.013913817890532783,0.04509934381097158,0.018029024402222628,-0.0021587253347643788,-0.014886392282509882,0.00397524656827212,0.0036182122006977054
2026-08-21,-0.04747639829403297,0.011117048034654632,-0.02297135180905391,-0.06447906063362295,-0.08335797099789692,-0.005034929273638267,-0.01642281528179444,-0.03152471247463818,0.018744042633941686,0.06180421488064002,0.03728356933139675,-0.015423836392289385,0.058417177394662845,0.015943005025492216,-0.0031271116735736553,-0.05584990801303127,-0.03404364730399786,-0.10338393341348104,-0.013998243696093487,0.03726751918611104,-0.029912731710346065,0.015587782043110659,0.009955730179096655,-0.013774074106805605,-0.01441017336968833
2026-08-28,0.013093814185406462,0.03290975254143681,0.06079510285940486,0.0009223699230995374,-0.016339878762146078,-0.03571587182220015,0.018345456869619293,0.017033713314222144,0.02806305903179645,-0.0665181012128615,-0.0032543549855858596,0.02971302967883242,-0.03966171143704916,0.028071991377289728,0.005119974155377725,-0.016759951458821178,-0.03396822478393153,-0.005899728221892912,-0.0023980653661670186,-0.05221491576263201,-0.014383611489222932,-0.004818856884769181,0.003971004470591384,0.004729466829263996,0.004860185416593704
2026-09-04,0.057214605935761685,0.000844150965457151,-0.027300564523245214,-0.029973850510285623,0.02542685004429771,0.08595407437613309,0.002037524379845445,0.0028481841981654304,-0.017260260824041466,-0.021730912160208542,0.02647089667840995,-0.030177101751934707,0.015167505244280436,-0.012768597554770741,-0.023094084806425514,-0.016066232301951065,0.016962477361628373,0.03853402717117505,-0.03194965644057915,0.017458818036886765,0.01924188367566139,-0.008012901903457968,-0.021406385643807715,0.0010912773107916755,0.000886606992959448
2026-09-11,-0.05270054204233005,0.037720613139004676,-0.008178252316540133,0.011363010589183964,0.07764791982386175,-0.041505082542390964,0.008539989651245562,-0.006742520194987098,-0.012394178930062635,-0.02972328612303078,-0.03569108866051399,-0.00671473328731901,0.03157927532846555,0.014689060497761192,0.00011820061886521298,-0.040745342168558955,0.005672268187227789,9.335140412535237e-05,-0.012051681583664558,0.040071754256839086,-0.013515383248410682,-0.002331559841217112,-0.024053133028909032,-0.00769000679210789,-0.00801536550534237
2026-09-18,0.018068455088987096,0.011550146070295524,-0.003739619071279276,-0.012173583027143955,0.08125663537625231,0.04072763422135116,-0.0011763212540171519,-0.018586729524224847,-0.005847821308990931,0.03282460798975516,0.016468822102983838,-0.012027773484048893,-0.003206792956352288,-0.025652392197316083,0.03209393643207685,-0.029441139320614325,-0.011772380427544707,-0.003927423781722454,-0.010510765049265824,-0.014870010991004701,-0.02260811799573012,-0.029066181658910742,-0.012561964751931668,-0.0009274893841421793,-0.0008466424080371505
