Experiment,Strategy,Ann. return,Ann. volatility,Sharpe,Sortino,Max drawdown,Calmar,Sterling,Ann. return (gross),Sharpe (gross),Cost drag,Turnover (annual),Effective N,Max weight,Diversification ratio (ex-ante),Sub-period,Market regime
1,EW,0.18194291501490545,0.15372435643256263,1.1208015548168944,1.6545829135324142,-0.11778880207471099,1.5446537515467968,0.8354098708550275,0.18235407729199715,1.1232150971240256,0.0004111622770917034,0.34436788649948524,11.999999999999998,0.08333333333333333,1.5725488711194786,2021-2026,SPY up
1,Markowitz (λ=3),0.048477520826485376,0.2011702145427524,0.30253349201884805,0.42549656172082245,-0.16372386193632038,0.2960931916286001,0.18381924362305493,0.051739985967564905,0.3181073958546986,0.003262465141079529,3.0622304711557096,2.9268066721544397,0.5199140848273431,1.3445052803788322,2021-2026,SPY up
1,GMV,0.28533584724045813,0.12987579019749065,1.9466447204276853,3.046261514802617,-0.08899402407839241,3.206236038827883,1.509761214048251,0.2865269468706919,1.954419951606917,0.0011910996302337828,0.9212482695614728,3.5169130536471362,0.4193524053052514,1.4100060978361344,2021-2026,SPY up
1,Max Sharpe,0.1551460479415958,0.16756209809336323,0.9045035348135633,1.3407248004260703,-0.12417399643758198,1.2494246170097492,0.6920786996131105,0.15871485712400424,0.9237349674425576,0.003568809182408428,3.056147212311064,4.140043851260063,0.36331047419581647,1.5617167222408812,2021-2026,SPY up
1,Inverse vol,0.195839230780954,0.14020937831636715,1.298093736755518,1.9409481116626086,-0.1049175981071927,1.8666004017826263,0.9556974734718011,0.19638501227232474,1.3015743561285273,0.0005457814913707448,0.45280424121961294,11.099283034974595,0.1306179835079611,1.5621800095524006,2021-2026,SPY up
1,Risk parity (ERC),0.19255848097105566,0.13971750431189167,1.2824956216854984,1.9191753081704028,-0.10497758507075405,1.8342818692321106,0.9394123796735552,0.193082987254807,1.2858576464661076,0.0005245062837513359,0.43638284025474405,11.115340010063647,0.1276835745868644,1.594538079060242,2021-2026,SPY up
1,Most diversified,0.1886784619429558,0.15892405215655392,1.1248978212813443,1.719315529951409,-0.12414057411913437,1.5198774718238868,0.8417862882900894,0.19024384692681684,1.133490924534933,0.0015653849838610512,1.3090301684483268,5.935893438628885,0.2831448286334477,1.6811609187817824,2021-2026,SPY up
1,Max decorrelation,0.16974123982773648,0.17776701764247832,0.933016023565896,1.4151635182091966,-0.13913184455840277,1.2200027992619973,0.709822818208057,0.1711261756851834,0.9398959462998926,0.0013849358574469228,1.17491621517551,6.140370428636018,0.2242671175707902,1.658934792734183,2021-2026,SPY up
2,EW,0.6301859958256792,0.18152967863291194,2.7297352626682816,4.175646267053166,-0.09848387612434018,6.398874827286875,3.17499843378159,0.6307618915721738,2.7316536733767753,0.0005758957464945258,0.35430279287420985,11.999999999999998,0.08333333333333333,1.578646275513051,2012-2016,SPY up
2,Markowitz (λ=3),1.4932016896539748,0.4340550411550163,2.291038770583645,4.439973531827973,-0.24125283940823927,6.189364209418622,4.375646198998111,1.5028635901016671,2.3002185705658102,0.009661900447692329,3.8597576968303127,1.252705203711616,0.8932963203074862,1.1282536841445636,2012-2016,SPY up
2,GMV,0.21305148776072325,0.10714329075513056,1.762551491235337,2.633918173670288,-0.12155729408486926,1.7526836983716854,0.961608998885463,0.2137454039747675,1.7676839058525788,0.0006939162140442434,0.5737711196428781,2.706361389261552,0.46525465557078577,1.2099211633557374,2012-2016,SPY up
2,Max Sharpe,1.0718951798714191,0.30370432308786455,2.5172920052939887,4.334857225822464,-0.20067544171076368,5.3414367534636185,3.5649575295295794,1.0776684707345345,2.5265205872687897,0.005773290863115399,2.7895954305132653,2.317526614931237,0.5541856439815784,1.3205772285779542,2012-2016,SPY up
2,Inverse vol,0.43785350092820075,0.14167114278326487,2.5647173453741785,3.8944571524410105,-0.07313929244845085,5.986570094820145,2.52890891914996,0.4383556065664911,2.567071563347172,0.0005021056382903399,0.35058950577980896,10.304361628545767,0.14713075842348952,1.5196007967162677,2012-2016,SPY up
2,Risk parity (ERC),0.47625882022523336,0.14954558703202198,2.613869800245923,3.963089422299234,-0.0767039795600215,6.209049686301567,2.695235395439757,0.4767856958732568,2.616174552288316,0.0005268756480234504,0.3581613363283921,10.570522893888882,0.1472549280905885,1.5545805542606188,2012-2016,SPY up
2,Most diversified,0.6488106461186796,0.20133490980445498,2.536229586280139,3.962950085510699,-0.12086105547021431,5.3682358109025134,2.937641698475806,0.6505240245042441,2.5412785301996066,0.0017133783855645124,1.0427969479525605,7.923692321752803,0.18479457114156178,1.6320732928988462,2012-2016,SPY up
2,Max decorrelation,1.1041462633674874,0.29449383478795654,2.6408573785479477,4.384042700652676,-0.1577007047798793,7.001530303296166,4.284607076688511,1.105979224318781,2.643781391252859,0.001832960951293483,0.8749322967369654,7.2236399318125795,0.24081357450420082,1.5437146421367398,2012-2016,SPY up
3,EW,0.33502459836409226,0.16148643311243385,1.638057258247234,2.521786220296475,-0.15931368098055598,2.102924220330968,1.2919665368107336,0.3353564612665412,1.639570004688188,0.0003318629024489095,0.24932364691455816,11.999999999999998,0.08333333333333333,1.8920503869092617,2021-2026,SPY up
3,Markowitz (λ=3),0.1587740832454152,0.22725515734481483,0.5963571567395567,0.8612264382471289,-0.21928035192351225,0.7240689001666579,0.49728735980425004,0.16297830997491114,0.612243069781941,0.004204226729495941,3.631724586691901,1.2594952451842096,0.8948875576855027,1.070010936305493,2021-2026,SPY up
3,GMV,0.34520128789002835,0.1346580373789994,1.9919729540352606,3.0816956566829514,-0.1268544104777135,2.721239936317983,1.5216864735541098,0.34657808083046593,1.9991476866985376,0.0013767929404375767,1.028246676731449,5.892751442961803,0.2868146500987574,1.983203985617782,2021-2026,SPY up
3,Max Sharpe,0.2054455614333084,0.17954555135431896,0.9213719363292628,1.3428615245373026,-0.18695642546438151,1.0988954293654345,0.7159468936819794,0.2068715597662527,0.9278229877959331,0.0014259983329443227,1.1890157543666922,2.895690752617905,0.5058217691813834,1.4991566479204605,2021-2026,SPY up
3,Inverse vol,0.2913582996088677,0.1467531788847013,1.5605209634548436,2.3533111798375708,-0.14553840469582657,2.0019341301548748,1.1866098909040437,0.2917130338188245,1.5624139232669203,0.0003547342099567974,0.27464415213931825,11.324577896436782,0.11564257302235686,1.9212885835729083,2021-2026,SPY up
3,Risk parity (ERC),0.31548721545128333,0.14474460315481835,1.7082180883654434,2.5883931347552753,-0.14518882610716788,2.1729441852392517,1.2867112276698498,0.31591057755939644,1.7104109697261303,0.00042336210811311226,0.3225512449421618,10.927334185892866,0.1449470119097035,1.9819733734455514,2021-2026,SPY up
3,Most diversified,0.4017201675329549,0.14335059578266116,2.16689845726002,3.3847052601552146,-0.14550892538923266,2.7607939956835206,1.63627520627229,0.4028494814111727,2.1721861740491883,0.001129313878217797,0.8097513969143699,7.0512044678180406,0.25262019726398127,2.0963206151107885,2021-2026,SPY up
3,Max decorrelation,0.44252775656262777,0.16284714265067693,2.101866953793422,3.3366326341618766,-0.163248684397173,2.7107584860285163,1.6810255199413262,0.44368872108186563,2.106531112345503,0.0011609645192378615,0.8094302077849599,8.11380003136043,0.19253977826462632,2.0131902322431547,2021-2026,SPY up
4,EW,0.38588992934290944,0.16893210870828076,2.004279365023381,2.8578551924737514,-0.09088323647269081,4.245996779162504,2.0216019828337193,0.38629052036749845,2.0060346120734,0.0004005910245890032,0.28874471601888146,11.999999999999998,0.08333333333333333,1.2572659046094945,2017-2020,SPY up
4,Markowitz (λ=3),0.3361461593562465,0.3823544858969532,0.941083751825902,1.4795879083619154,-0.21932952867809885,1.5326078589700283,1.0526623101463934,0.337522408312797,0.943786385816557,0.0013762489565505298,1.0293122203743206,1.6831594597756379,0.7421333709756199,1.0753741574320188,2017-2020,SPY up
4,GMV,0.2612645621116392,0.1358267210838679,1.7608363030595362,2.5780265086676533,-0.09202788466426215,2.8389717210689938,1.360555330640803,0.2625699531169998,1.7687962581602246,0.0013053910053606455,1.0316416488710192,3.795900838256382,0.32250018825492455,1.1740180130574494,2017-2020,SPY up
4,Max Sharpe,0.30358454753205044,0.3438965865399301,0.9349093400348832,1.443881832974161,-0.20977164638598578,1.4472144008129977,0.9800269039270755,0.30624390240202337,0.9408692091671937,0.0026593548699729297,2.035374914773865,2.02592759195735,0.6454535173312306,1.1039718826167295,2017-2020,SPY up
4,Inverse vol,0.3454005173506116,0.15544471021292572,1.9731058790569835,2.784263190275754,-0.08793732260164322,3.9278034301235065,1.8378495158342307,0.34575475180636017,1.9748407875985543,0.00035423445574855883,0.2630603912249612,11.359689257594782,0.11317690392237023,1.255275107419068,2017-2020,SPY up
4,Risk parity (ERC),0.3440825981628106,0.15571322648932726,1.9636563426576148,2.7726705220681485,-0.08747404700862338,3.933539260266422,1.835361233477739,0.3444369634798714,1.9653930425368467,0.00035436531706078966,0.2633780048061096,11.299808387325864,0.12184498916004127,1.2647540343028052,2017-2020,SPY up
4,Most diversified,0.35625837147561445,0.18143859038499668,1.7586288449000476,2.5768039161079264,-0.09229182628487576,3.8601291773765234,1.8526963852734237,0.35760658317617877,1.7642251230239963,0.0013482117005643168,0.9924912769197689,4.892060394120577,0.324593282341584,1.335000370436969,2017-2020,SPY up
4,Max decorrelation,0.41061744129203803,0.19674608090420506,1.8365092926003996,2.7146301390372947,-0.09186525152704172,4.469779753132962,2.1401344851345585,0.41206264600209286,1.8418565847471844,0.001445204710054826,1.022296863245744,5.579403418765437,0.23455590028931364,1.3243851319833921,2017-2020,SPY up
5,EW,0.05444047482968006,0.18998837036800978,0.3192241651546833,0.4387150998173093,-0.18815774873167224,0.2893342166169115,0.18892594444987196,0.05473431562360287,0.32069783469495844,0.00029384079392280604,0.2767911337391755,11.999999999999998,0.08333333333333333,1.7420102421799928,2012-2016,SPY down
5,Markowitz (λ=3),-0.06873368708756811,0.23491272411156833,-0.23045115693255872,-0.3309006880321514,-0.2316183995800576,-0.29675400232532345,-0.2072674108994208,-0.06498407364066672,-0.2134899973610999,0.0037496134469013898,3.999999999999994,1.9594111966581182,0.5677576689371122,1.308825255850361,2012-2016,SPY down
5,GMV,-0.026315088386351104,0.16129636478069528,-0.14928573425404132,-0.20788014309688538,-0.12575085875499392,-0.2092636873170145,-0.11656694699403432,-0.025463736313259377,-0.14397230359201157,0.0008513520730917268,0.8649280999236795,5.686543789464393,0.265172539444108,1.592343936017365,2012-2016,SPY down
5,Max Sharpe,-0.09046274488827877,0.2256863359297038,-0.35389829486051544,-0.5141117223255777,-0.20937817490681343,-0.43205431955140705,-0.2924018312394748,-0.08733941720098304,-0.3390756172098356,0.0031233276872957294,3.3940800864487093,2.5182814087781824,0.5140722110686601,1.3932318068287168,2012-2016,SPY down
5,Inverse vol,0.04308324348354309,0.1732980264470628,0.2699150609046123,0.3761995156264136,-0.15148490417963967,0.2844061836844974,0.17131542596595797,0.04333008777733882,0.2712866484654794,0.0002468442937957338,0.23479894717811728,10.7644470624531,0.12294196986422024,1.6932671234415295,2012-2016,SPY down
5,Risk parity (ERC),0.033584374704316744,0.1764806773575113,0.2163770942853541,0.2994675339411872,-0.1672938392380412,0.2007508157938188,0.1256458989105538,0.033863974870930846,0.2179122040903756,0.00027960016661410236,0.2687094151299382,10.728076756693703,0.15296841254362226,1.7717362578832185,2012-2016,SPY down
5,Most diversified,0.011122118237979262,0.1991643748698384,0.1028524932794928,0.1401319948177263,-0.22317119453777456,0.04983671060691796,0.03441556186307697,0.012218678217104095,0.10827095925277982,0.0010965599791248337,1.0736501523758228,6.0082787032563365,0.3057618714355442,1.9001208187546428,2012-2016,SPY down
5,Max decorrelation,0.009852086206781685,0.2270814454880399,0.11092086732902637,0.1501014123732428,-0.25644085271478123,0.03841855189016774,0.027640171242282324,0.010940496883303119,0.11563866482441033,0.001088410676521434,1.0653321448649575,6.8328907437942,0.22642794342056205,1.7868364371738072,2012-2016,SPY down
6,EW,0.012416362432521755,0.15902955552071196,-0.006323345322258511,-0.008064179678781827,-0.1139488145502563,0.10896438441705428,0.05803426608659786,0.012667358986625521,-0.004772283265247511,0.0002509965541037662,0.24670905664774534,11.999999999999998,0.08333333333333333,2.0223454122406928,2017-2020,SPY down
6,Markowitz (λ=3),-0.19723137423978498,0.41348239137953113,-0.3832820004894731,-0.4836358284270336,-0.44043617508034894,-0.44780920687044834,-0.3649485051781772,-0.1967090284807831,-0.38171876303858937,0.0005223457590018965,0.64818505700569,1.586579071130509,0.7554861928463679,1.1051840898156116,2017-2020,SPY down
6,GMV,0.11915375260763117,0.12488430907453844,0.755708211373482,1.0098229110408283,-0.10259978701418981,1.1613450288269302,0.5881237802055823,0.12021781985458824,0.7634187440730851,0.0010640672469570678,0.9484075663853078,6.158183585748977,0.3025586263002781,2.051455672587383,2017-2020,SPY down
6,Max Sharpe,0.041573344695247094,0.1719082808085172,0.17144545374199693,0.2322851639893604,-0.12547771364450566,0.3313205467947055,0.1843789526835134,0.04313080827749349,0.18013889929521154,0.001557463582246399,1.4934628681105238,4.3062570374725775,0.3804157487011922,1.7682412230887317,2017-2020,SPY down
6,Inverse vol,0.038227246609120025,0.14677719719601148,0.15183121093618407,0.1950506861321746,-0.10315451794828612,0.37058237844981523,0.1881683311559477,0.038541950856944895,0.1538968399669167,0.0003147042478248707,0.30176010101470296,11.32836861956166,0.11736572430894698,2.076392555377176,2017-2020,SPY down
6,Risk parity (ERC),0.04159308932525807,0.14060012696166482,0.17518553784539853,0.22511408469905278,-0.10301571976808832,0.40375478052178365,0.20487620058570466,0.04197233519185373,0.1777782315996176,0.0003792458665956566,0.36247406055043485,10.914880678430265,0.14693439953475354,2.131601825370714,2017-2020,SPY down
6,Most diversified,0.028919874895321662,0.13377432041934284,0.08555893111325957,0.11035101324992885,-0.10270616980945546,0.28157874983533077,0.14266894255121315,0.029819578630604138,0.09208300377742275,0.0008997037352824755,0.8696872057576324,8.375473519802108,0.22576109156016383,2.1950750709332776,2017-2020,SPY down
6,Max decorrelation,-0.011723939806301376,0.1502664990405506,-0.1763579239574461,-0.2245809558718998,-0.1311393555525847,-0.08940062086549044,-0.05072238684006434,-0.010801372371872064,-0.17022435830397742,0.0009225674344293111,0.9277399452117241,9.310941023482012,0.16096150880733184,2.090157949996872,2017-2020,SPY down
7,EW,0.08665138113627036,0.15318570842472182,0.5563764517890999,0.7661406652437225,-0.1274537102614589,0.6798655053549517,0.38096270681478117,0.08695321711298498,0.5582355311423325,0.00030183597671462614,0.27516119928789473,11.999999999999998,0.08333333333333333,1.7864323939446254,2012-2016,SPY up
7,Markowitz (λ=3),0.8171582731187281,0.3406533647841998,1.895389239293911,3.039528679001846,-0.1905358159373962,4.288738414342107,2.812590490718731,0.8207988371070882,1.9020159523375046,0.0036405639883601015,1.9500711628158751,1.491360025482233,0.7990962293592826,1.194291806978887,2012-2016,SPY up
7,GMV,-0.004366467164527932,0.11704942019989355,-0.0610625640107606,-0.08399032616893706,-0.07527960020260471,-0.05800332563903348,-0.024911439548474305,-0.0036217268629112898,-0.05471676084397741,0.0007447403016166421,0.744368066298893,4.112494725323721,0.37593957773278974,1.5448113745434957,2012-2016,SPY up
7,Max Sharpe,0.37560223426144623,0.2018789646944004,1.633714551113652,2.436935685855024,-0.1409697115066486,2.6644179820409972,1.5587113912076993,0.3775524156999128,1.6410013994477164,0.0019501814384665916,1.4112056106893607,3.221870090917651,0.43685762785346743,1.565137114187682,2012-2016,SPY up
7,Inverse vol,0.057188520398415044,0.13205871817748752,0.41431971092716996,0.5747462222026027,-0.0999139092850081,0.5723779682694897,0.28606574001253704,0.05747336338512432,0.416389151252051,0.0002848429867092772,0.2676720820021712,10.132865982118808,0.1444090210840345,1.810891406768014,2012-2016,SPY up
7,Risk parity (ERC),0.05404218129766725,0.13172179847057125,0.39241726742719457,0.5424776871857525,-0.10206770451684644,0.5294738580972741,0.26744591089845204,0.05430270603842735,0.39431968533916545,0.0002605247407601041,0.24547378777675596,10.057269012544138,0.15138186211420823,1.8352386329509762,2012-2016,SPY up
7,Most diversified,0.053245649176600685,0.13348556729517974,0.38337300612459974,0.5219992241043638,-0.10605710820733127,0.5020469639103364,0.25840238970560425,0.054256654122226244,0.3907046097441541,0.0010110049456255599,0.9496447206610016,8.051007206918847,0.20204138057395943,1.8880373568064475,2012-2016,SPY up
7,Max decorrelation,0.08403555156790943,0.16679514366912473,0.5096770990888312,0.6962882458126384,-0.14605543919476616,0.5753674908049629,0.3415309649033637,0.0850748976692477,0.51562581332227,0.0010393461013382677,0.9421872381987603,8.904206458308995,0.16540178508396616,1.75045162501721,2012-2016,SPY up
8,EW,0.3525529694409084,0.12857999106544843,2.0714574907961056,3.2644270940910767,-0.10159302543335014,3.4702477649137435,1.7488351528186576,0.35290245429114475,2.073907178997418,0.0003494848502363368,0.25490335867611746,11.999999999999998,0.08333333333333333,1.6613214198923327,2021-2026,SPY up
8,Markowitz (λ=3),0.8471838485976912,0.2016820561497233,2.927654001904137,5.329486941117317,-0.071141827221601,11.908379102476275,4.950185833301435,0.8501354917545971,2.936126777000547,0.002951643156905881,1.5926150306770466,2.0710786222391895,0.6336598407517862,1.2577281127518534,2021-2026,SPY up
8,GMV,0.10130866582836728,0.1161175004352241,0.5098000973404003,0.7576925981938444,-0.12724922155804452,0.7961436980748483,0.44580423701249416,0.10231682220625604,0.5178160457530658,0.0010081563778887581,0.9108574044370952,3.4235922452205516,0.5401949933957533,1.5329623301446822,2021-2026,SPY up
8,Max Sharpe,0.8161208207103778,0.18888985515253026,3.0228936843384755,5.484793848002933,-0.07927125109898292,10.295293809496203,4.552435572950648,0.8185836742357688,3.030863048406557,0.0024628535253909956,1.3485767593110403,2.728403045055236,0.43261762197004294,1.417439775181823,2021-2026,SPY up
8,Inverse vol,0.34067095029569394,0.11540700502827869,2.217473497364718,3.4987180710211083,-0.09410202358104569,3.620229803052959,1.755112821652009,0.3411197255878031,2.2209083990524383,0.00044877529210918254,0.33168995384957656,10.953426041181595,0.13805292197153085,1.6470411336408755,2021-2026,SPY up
8,Risk parity (ERC),0.33139411003538877,0.11621024944416139,2.1431238986243666,3.366024505095609,-0.09449220506960265,3.5071052664215525,1.7038940450944715,0.33181280248918,2.146338913642455,0.0004186924537912251,0.3113914397892703,10.731065842175035,0.15984144017248952,1.7012346865191041,2021-2026,SPY up
8,Most diversified,0.27980992055313436,0.12537875232117898,1.6797796934810985,2.5986289136261123,-0.09820245557476692,2.849316943404737,1.4117379108231232,0.2807162373971255,1.6863801260619002,0.0009063168439911173,0.6989493704398902,6.5617277423772515,0.23486929827390335,1.8141770640016779,2021-2026,SPY up
8,Max decorrelation,0.2878050349446253,0.1522768583064291,1.4484485946156154,2.2127400899870926,-0.11566159201659032,2.4883371387741486,1.3345215170371418,0.2888101768222895,1.4545847626390231,0.0010051418776642063,0.7626820396673526,7.119476519535672,0.1982668939472313,1.7286214358874652,2021-2026,SPY up
9,EW,0.7879325190939228,0.22966311233242676,2.6383331100205187,3.77116918351255,-0.10872237250851557,7.247197618247419,3.775026652026851,0.7888007637693613,2.640141976611056,0.0008682446754384454,0.49330817361321133,11.999999999999998,0.08333333333333333,1.290955031755161,2017-2020,SPY up
9,Markowitz (λ=3),1.9823577351346988,0.6669746584080833,1.9684702571297281,3.1909162992740225,-0.356778077435143,5.556276745997832,4.339870569677613,1.9889231467506634,1.971809384042583,0.006565411615964578,2.2018003392850267,1.3473368756393416,0.8528590335117845,1.0527449291502307,2017-2020,SPY up
9,GMV,0.3527180998300803,0.16052794948404622,1.9492306863350206,2.7834785911757263,-0.1025620748690822,3.439069463837541,1.741283999277976,0.35381725660075714,1.9540607184353378,0.0010991567706768457,0.8165726339621502,2.5444773368612275,0.4895953943094894,1.2269199633445835,2017-2020,SPY up
9,Max Sharpe,1.5353199122275085,0.5454834660723449,1.9756743656400009,3.1256703781558626,-0.3029223538830842,5.06836122374805,3.8104609918788763,1.5412553432052931,1.9800049792438745,0.005935430977784595,2.3429151240423316,2.145667264256592,0.5918349252152122,1.1485017937024669,2017-2020,SPY up
9,Inverse vol,0.6565550304831609,0.20161175614050958,2.5959396794163525,3.6594473985396463,-0.10150267553321646,6.468351962488961,3.2582943563691384,0.6572129243714024,2.597626467395676,0.0006578938882415564,0.4026670251894001,11.11724494752524,0.12743205081283715,1.2814887522220144,2017-2020,SPY up
9,Risk parity (ERC),0.6754409201565748,0.20415615359519176,2.621761875615934,3.7036286713199966,-0.10037933337176264,6.728884297876606,3.3708112947128788,0.6761051694610574,2.623441571131835,0.0006642493044826114,0.4017274212221651,10.72001146527153,0.1559055866493023,1.307868749845003,2017-2020,SPY up
9,Most diversified,0.7828415385299632,0.2566972085063905,2.3748363497149394,3.5416137146126476,-0.13786224505793243,5.6784331214176715,3.291155089952584,0.7846031777051488,2.378555315696447,0.0017616391751855698,0.9942477259296354,3.6118218815028627,0.436027749279322,1.4530259498086973,2017-2020,SPY up
9,Max decorrelation,1.1840938594486565,0.358396389946247,2.3561849759689646,3.6535163097967813,-0.20014216091760728,5.916263989655401,3.9451100632733334,1.1863534383080396,2.35896968128665,0.0022595788593831045,1.0444588804973753,3.991404801203637,0.3300586451188316,1.3908727017475995,2017-2020,SPY up
10,EW,0.058663139492146854,0.24169693821729576,0.21031595679999107,0.29863799829926685,-0.2222857157705843,0.2639087234588283,0.18202215184090131,0.058887002498697605,0.2111914800569263,0.00022386300655075075,0.2126306017474452,11.999999999999998,0.08333333333333333,1.651938113896808,2021-2026,SPY down
10,Markowitz (λ=3),0.038545350750123664,0.33517195431223784,0.1755163663696181,0.24413800271389746,-0.3208082682647764,0.12015073975060576,0.09159836832357719,0.04193089967141472,0.18519582401046117,0.0033855489212910594,3.230235108200512,1.4416110648387772,0.8325280009515978,1.1142533592301709,2021-2026,SPY down
10,GMV,-0.02038714429879096,0.16198992910344018,-0.26426501834594407,-0.36159799510979823,-0.1297207026094015,-0.15716183992757224,-0.08874752718067214,-0.019313048431627067,-0.2576100776642003,0.0010740958671638934,1.0888640386123782,4.005215115431289,0.45392877275673915,1.6724357045023153,2021-2026,SPY down
10,Max Sharpe,0.13698535206923634,0.27730641905259307,0.4747384687934524,0.6572512215298413,-0.20855640863548264,0.6568263855591269,0.44395562119426235,0.13912931530688355,0.4815612236350633,0.002143963237647206,1.8756788433558542,1.6480644551650925,0.752944908125472,1.2889489769618003,2021-2026,SPY down
10,Inverse vol,0.046721004509296726,0.21120774535790646,0.15434207555182203,0.2186921531885732,-0.190707825272029,0.24498734880256257,0.16071464352766454,0.046935092536064316,0.15531122721155594,0.0002140880267675893,0.20516227731727915,10.806652003691688,0.13709714558666236,1.6956060695178443,2021-2026,SPY down
10,Risk parity (ERC),0.04769338341682672,0.2019987326595425,0.15661513536527485,0.22070599504712174,-0.17521870482142754,0.27219344798509365,0.17329266718180372,0.047945048866836704,0.15780463648511983,0.00025166545000998575,0.24055726336210004,10.336909406170092,0.1668329025928143,1.7615409645249693,2021-2026,SPY down
10,Most diversified,0.02828937623968275,0.18209390883128165,0.05019412424895677,0.06919428583495262,-0.1357982842730281,0.20831909910441715,0.11997278235886912,0.029050616373807125,0.05425482223683495,0.0007612401341243746,0.7392275903923411,5.565845071960581,0.30819087206625295,1.8972055477742418,2021-2026,SPY down
10,Max decorrelation,0.04538171808398306,0.22897877597403077,0.15398737300688625,0.2135103908892365,-0.19040790034699107,0.2383394701652683,0.15626888259499536,0.04611122564566905,0.157037592142572,0.0007295075616859936,0.7001622339151382,6.858436743950696,0.19386345555805654,1.7681971754981527,2021-2026,SPY down
11,EW,0.20313608332757527,0.207245087007594,0.9499172537183364,1.4056437841540592,-0.16213299943422677,1.252897831017938,0.7749351808662506,0.20345621078262832,0.9511516129833877,0.0003201274550530542,0.269094919659127,11.999999999999998,0.08333333333333333,1.6518200222940076,2021-2026,SPY up
11,Markowitz (λ=3),0.13115379561189955,0.3454099448903398,0.5013697936892734,0.7261224771449539,-0.30601031735363005,0.4285927244091456,0.32303069652702,0.13277343021777988,0.5054964205529073,0.0016196346058803268,1.4451524061129675,1.6924608768006677,0.6872232250797682,1.2267450312192483,2021-2026,SPY up
11,GMV,0.28408264866933264,0.13152571990315862,1.8954005086293775,3.024526389488952,-0.0816576273511308,3.478948114029407,1.5638355119558058,0.2847881726379571,1.8993977449853925,0.0007055239686244441,0.5516247693994005,3.277815354902565,0.40232566196350533,1.4784826347101991,2021-2026,SPY up
11,Max Sharpe,0.14835582477137566,0.17876740339612684,0.8099919972003363,1.167469277800113,-0.1592224833944813,0.9317517325980716,0.5723107919833086,0.1514431596384156,0.8245217092799575,0.003087334867039937,2.710599243308744,4.745081050289491,0.31063429717109137,1.6003163710600359,2021-2026,SPY up
11,Inverse vol,0.20790505421256555,0.16959935633369372,1.1424876251121978,1.7170415421892622,-0.11944367947123236,1.740611601492391,0.9474187395760494,0.20827481514122104,1.1442075269357168,0.0003697609286554826,0.3088081490724762,10.339862943166509,0.14516648320981498,1.6705376591342103,2021-2026,SPY up
11,Risk parity (ERC),0.21540624554605348,0.16468710899611289,1.2092337956300367,1.8224639548128059,-0.11577601969409834,1.8605428491599263,0.998286305639667,0.21580403947271964,1.2111192611405206,0.00039779392666616786,0.3301304381547913,10.003235251001229,0.16628353489306907,1.7005424857946563,2021-2026,SPY up
11,Most diversified,0.24812931280028083,0.1594058798536815,1.4107811973737476,2.1325348242271103,-0.13524798515926073,1.8346248375389633,1.054756378178115,0.24944946940933543,1.4169849471053615,0.0013201566090546013,1.0667451826974026,5.34481669687924,0.27089220547877196,1.799017042439587,2021-2026,SPY up
11,Max decorrelation,0.23422466542658804,0.2046439016858011,1.084204965995708,1.600336414543825,-0.17047378304918215,1.3739629709455887,0.8659791821080025,0.23557834059879346,1.0892963677199785,0.0013536751722054152,1.109668376955266,6.907543705464445,0.16794982913095613,1.7360699418454457,2021-2026,SPY up
12,EW,0.46381196665450686,0.16574281479096928,2.1276184022053073,3.2450647490390763,-0.11589366561714176,4.002047602728554,2.1483352247907757,0.4642080734437344,2.1292828412333007,0.00039610678922752385,0.27057950679446086,11.999999999999998,0.08333333333333333,1.7762719617893068,2021-2026,SPY up
12,Markowitz (λ=3),0.844453951826686,0.3172015497383263,1.9567403489161515,3.001494748642135,-0.1289640569759144,6.547979116261812,3.6881507210344258,0.8481491147005642,1.9628544730888278,0.003695162873878166,2.0191720540581217,1.9988844032844426,0.6224270696573144,1.2472135632256622,2021-2026,SPY up
12,GMV,0.3947508016840271,0.10854332896530677,2.7309403211720733,4.27202690734104,-0.0632443436480733,6.241677578008242,2.4181591402336235,0.3960433658765179,2.7392583109656767,0.0012925641924907971,0.9285810221794365,4.706096021990263,0.3671839457825715,1.6444921519882443,2021-2026,SPY up
12,Max Sharpe,0.7192258418985047,0.19431978376695552,2.6699755164633254,4.387736264022261,-0.08684204845548771,8.281999960735098,3.8493789157414926,0.7219819177232605,2.677839423948733,0.002756075824755788,1.611135451561219,3.983813469627961,0.3256420795678291,1.5446732711857796,2021-2026,SPY up
12,Inverse vol,0.4421216318689358,0.13346225788940663,2.4941593990716595,3.879605794871966,-0.08506133531939886,5.197680358635362,2.3890545861774664,0.442777510404454,2.4976020718669507,0.000655878535518184,0.45515300679856424,10.524272636004575,0.14834163620729585,1.7866746590549951,2021-2026,SPY up
12,Risk parity (ERC),0.43730807494998825,0.13009214621247475,2.5296133808308094,3.9538365021389934,-0.08129999853237757,5.37894320841631,2.412068827854355,0.438060371595528,2.5337309168633744,0.0007522966455397739,0.5234224800708562,10.62945126338963,0.13367708350048474,1.8848845421339733,2021-2026,SPY up
12,Most diversified,0.3909419154992324,0.14273409656235297,2.087506592413607,3.20112718485639,-0.08950767332700793,4.367691628749667,2.062934490386764,0.3921726807148096,2.093981424985659,0.0012307652155771898,0.882834211331121,6.047368105099503,0.2690502215195303,2.0420482109155755,2021-2026,SPY up
12,Max decorrelation,0.37857426467406663,0.1729962384819692,1.6981271587111437,2.5766691262197163,-0.12338397096800036,3.068261312259515,1.6947243933106426,0.3795271481961995,1.7022474442368862,0.0009528835221328524,0.6895260403751265,6.526175126502864,0.2243500061125635,1.9573055657908864,2021-2026,SPY up
13,EW,0.5738005882768435,0.2248412352703557,1.9542586887752083,3.1559694992513387,-0.18367631178878097,3.123977080597562,2.0227300075167456,0.5743872794543896,1.9559384033576972,0.0005866911775460615,0.3728634992591673,11.999999999999998,0.08333333333333333,1.4039204199289097,2021-2026,SPY up
13,Markowitz (λ=3),0.37491590656785223,0.24888283608408115,1.2442082465202882,1.9321491577902046,-0.17724737627082132,2.115212729552665,1.3522793672955309,0.3776914145709529,1.2519656062345361,0.0027755080031006685,2.040940965173568,1.0451139120838184,0.9783745491751403,1.0411050216075934,2021-2026,SPY up
13,GMV,0.03703193584641329,0.14623215881018237,0.05068289335095091,0.0711018143026957,-0.12275003121681938,0.3016857550203142,0.16624884694344808,0.03780662871878815,0.05577837700898579,0.0007746928723748603,0.7440135003932687,2.265481898629281,0.6362296529595236,1.3239407040989999,2021-2026,SPY up
13,Max Sharpe,0.32221359688939755,0.2366395710273693,1.1308199992065602,1.748557479615986,-0.17192975566639768,1.8741002430934743,1.184914817798343,0.32462510420178337,1.1382494557081082,0.002411507312385819,1.8413787367002437,1.2136982203904072,0.9027939706062066,1.1222497551962398,2021-2026,SPY up
13,Inverse vol,0.4409766408692428,0.19098616399972357,1.8017813918407528,2.8382431524507252,-0.15627993103366877,2.8217099787063464,1.7206834694024853,0.44144428934158797,1.8035193012123047,0.00046764847234515017,0.32414764381261846,10.562579637283285,0.15020346055398195,1.4520437620536093,2021-2026,SPY up
13,Risk parity (ERC),0.4022639351249442,0.18266728158269369,1.7261305216492855,2.680853934112763,-0.14746146525654236,2.7279257969199997,1.6255619221680382,0.4027460424869487,1.7280599337346823,0.00048210736200449134,0.3432530889236685,9.733509203416872,0.19092803016145993,1.487479452110779,2021-2026,SPY up
13,Most diversified,0.22587435267787415,0.1717744245756759,1.0410644976306442,1.517400443748002,-0.13956866761568187,1.6183743567707098,0.9428376211542977,0.22674492187242445,1.0452672887725925,0.000870569194550308,0.7082613328174917,4.785991124442736,0.3555099521355869,1.6011321177747364,2021-2026,SPY up
13,Max decorrelation,0.3323923014326122,0.22640481812622815,1.2059096567050755,1.8209562871582976,-0.1665095441832255,1.9962357296879687,1.247205995760108,0.3336454448006172,1.2101118840157343,0.001253143368004972,0.9388733614795283,5.9847884064834185,0.22460236069252335,1.5075282298732176,2021-2026,SPY up
14,EW,0.21735156728061744,0.2614605804882255,0.7362668182034942,1.1027692691465873,-0.2195153723743154,0.9901428083587319,0.6802538659266383,0.21776804865569654,0.7375353853240358,0.000416481375079103,0.34796669817660897,11.999999999999998,0.08333333333333333,1.422177216753252,2021-2026,SPY up
14,Markowitz (λ=3),0.3900937341547972,0.2527175007742734,1.2781204450587,1.972902106983245,-0.16155721349480878,2.4145856796875975,1.4914279325067805,0.3923325423364459,1.2850784193988016,0.002238808181648677,1.574693092371703,1.1159426900536211,0.9454588752454514,1.0819089562197637,2021-2026,SPY up
14,GMV,0.01777193206787331,0.1887915806634697,-0.015200069652199711,-0.021579591240839826,-0.16862864158139101,0.10539094605287105,0.06615799403686685,0.018634982846685855,-0.010692368205031945,0.0008630507788125463,0.8508095099271269,4.911759081282405,0.3026748844043091,1.5885526824570073,2021-2026,SPY up
14,Max Sharpe,0.25811469625868577,0.22770625229341399,0.9538782023964676,1.4559538032912729,-0.11723134037447813,2.2017550548699405,1.188201922492998,0.2602156324757299,0.9615225016152261,0.0021009362170441026,1.6479475286888232,1.7006593516231907,0.747630383338979,1.2556841777650414,2021-2026,SPY up
14,Inverse vol,0.18006121478504866,0.2290541164032302,0.6700846608271404,0.9973161853732287,-0.1913788038887514,0.9408628914292847,0.6179626396359159,0.180350752037451,0.6711311848788519,0.00028953725240232764,0.24839926619920524,11.119226161633303,0.1121422297811373,1.4940743015527997,2021-2026,SPY up
14,Risk parity (ERC),0.15375677717782432,0.2149369171037239,0.5947157275503793,0.8741043601923467,-0.17868309943669902,0.8604998327348513,0.5517262348833218,0.15408464826640578,0.5960135163584668,0.0003278710885814551,0.28724511619021176,10.132383835913664,0.15633147155688595,1.5589675563553285,2021-2026,SPY up
14,Most diversified,0.02839677006586383,0.19899875419515356,0.04781303397430844,0.06698977317871393,-0.14903669062805192,0.19053543088079644,0.11402645126005047,0.029026605980115194,0.05089770568927698,0.0006298359142513643,0.6143968176285093,5.375603331672516,0.26324105480887733,1.6845775307241384,2021-2026,SPY up
14,Max decorrelation,0.024022601051967296,0.22141107143490413,0.04495839476691711,0.06300484924714239,-0.16767325598901828,0.14327032006547694,0.08974598886693733,0.024626351591730655,0.047632514173886975,0.0006037505397633591,0.5928535218243218,5.970647495627759,0.2113495048388383,1.634500196147891,2021-2026,SPY up
15,EW,0.3384360417893466,0.10600854299126018,2.6665657477755644,4.041336590286058,-0.04260974001318374,7.9426920155962515,2.3731621820365105,0.3389041593922195,2.6702339704582916,0.0004681176028729084,0.34849520593856376,11.999999999999998,0.08333333333333333,1.81382005096232,2012-2016,SPY up
15,Markowitz (λ=3),0.8342668513932445,0.46785643706417035,1.5042586299154492,2.2171079099013458,-0.2674516870961279,3.1193179615030475,2.270412358114972,0.837942967786846,1.508665162840963,0.0036761163936014363,1.9834366740727982,1.7031875832283245,0.7231291277544657,1.0913760528738474,2012-2016,SPY up
15,GMV,0.14944366230815498,0.07661636371450778,1.6661458470324595,2.4351863527083286,-0.0482706562337496,3.095952571775227,1.0079112489564768,0.1504134343896235,1.677841470617923,0.000969772081468534,0.8413080490631384,6.221716212662962,0.26018801504436023,1.690584049836168,2012-2016,SPY up
15,Max Sharpe,0.3776252915841467,0.13754665566365656,2.2931598405690434,3.451498494586118,-0.05709451843775659,6.614037597949564,2.403809473045159,0.3803065633776501,2.308613209005033,0.0026812717935034147,1.9356193650209064,3.5210281819288296,0.4145172714560168,1.619905770560207,2012-2016,SPY up
15,Inverse vol,0.25401880484690365,0.07827107692121348,2.7457738864097174,4.339155368442481,-0.0365651398953194,6.947021276935409,1.8600559779868817,0.25435978816022153,2.749694608091513,0.00034098331331788856,0.2711032949230814,10.860654200445964,0.12357799771358881,1.7808282906086297,2012-2016,SPY up
15,Risk parity (ERC),0.25656965201467674,0.07945845324303889,2.7315437352868646,4.225735871860711,-0.03730644531036831,6.877354566487475,1.8685914665893881,0.256921005672921,2.7355190018825324,0.0003513536582442356,0.27875141354728306,10.87054406795303,0.12832998663018463,1.8513789720418803,2012-2016,SPY up
15,Most diversified,0.26578271476077653,0.09104280620456986,2.4751668919861975,3.6584593926569564,-0.049926314356813606,5.323499605063563,1.7727556093204104,0.2669126183260946,2.4860936806833607,0.0011299035653180578,0.8892341241335391,7.139114221541349,0.23273106758275647,1.959740669408243,2012-2016,SPY up
15,Max decorrelation,0.4276015952727916,0.1599830533498453,2.2152414913870477,3.383470349833126,-0.06694033181820525,6.38780214645575,2.5614037699316508,0.42903553875759814,2.221987475408137,0.0014339434848065213,0.9996665343687321,7.767990179264197,0.18421294234273006,1.689475681426911,2012-2016,SPY up
16,EW,0.05861705686829266,0.16859458048438622,0.3601827794179558,0.5230462555423936,-0.12296199763690252,0.47670872297784556,0.26290155941171445,0.05891061648068452,0.36182216926741356,0.00029355961239185824,0.27815844660629546,11.999999999999998,0.08333333333333333,1.6171213161090365,2012-2016,SPY up
16,Markowitz (λ=3),0.42390750785279896,0.30874216214227546,1.2650425989624021,1.912783163954773,-0.30534463265407463,1.3882919904901174,1.0457952904844952,0.42797054488892283,1.2740972679199751,0.004063037036123873,2.872054539054559,1.4982123072938172,0.7605797397026675,1.0968336367497948,2012-2016,SPY up
16,GMV,0.10002336129407885,0.1440249893079248,0.6616709462292002,0.9350616671658215,-0.09413593556128708,1.062541745590437,0.5152233202209094,0.10114982483245072,0.6687118476385654,0.001126463538371869,1.0266090991072239,6.418278488661176,0.23060065713542732,1.4703448684276024,2012-2016,SPY up
16,Max Sharpe,0.19800606941015753,0.2654489048833424,0.7737691304391465,1.1264539613913025,-0.28184300181727817,0.7025403083753947,0.5185536161925225,0.2013188669163235,0.783976954778994,0.0033127975061659765,2.7907160336611354,2.2783161066486493,0.6716269212872343,1.2719409535377948,2012-2016,SPY up
16,Inverse vol,0.08116694755620313,0.1584466159378319,0.5059118471768635,0.7333860281671437,-0.10252757647925426,0.7916596718993616,0.4007698554794951,0.08146985276314389,0.5076707817351167,0.0003029052069407623,0.2809087219036133,11.259017020872598,0.11430930095919067,1.5986377680547306,2012-2016,SPY up
16,Risk parity (ERC),0.07607032880000952,0.15896827781997644,0.47504792170796883,0.6860963768656032,-0.10819983666480348,0.7030540077030872,0.3653717025843822,0.07637371518990954,0.47681289554063,0.00030338638990001776,0.282693312274549,11.385999393936935,0.11737027418285118,1.6226578883601146,2012-2016,SPY up
16,Most diversified,0.035028169480179505,0.17376309174499655,0.2250201998399424,0.31269650780632013,-0.15118209042025477,0.2316952317751956,0.1394532923170342,0.03591953172837026,0.22997149807541942,0.0008913622481907524,0.8628451789017734,7.004978921686373,0.25694268069687776,1.6945844491432207,2012-2016,SPY up
16,Max decorrelation,0.009663570608127836,0.18873727193768608,0.08997957827217594,0.12609986591005923,-0.18088304521742604,0.053424413529261285,0.0344042503549741,0.010590800019932178,0.09484820312022428,0.0009272294118043423,0.9197983655713822,7.122404465692939,0.20534294213092508,1.6543957974231702,2012-2016,SPY up
17,EW,0.04493658048820581,0.19387812612387798,0.20042211628528586,0.2690430683765386,-0.23017849479014796,0.195224929805776,0.13609784161371935,0.04523303400208167,0.20188482421223897,0.0002964535138758606,0.2860772143174155,11.999999999999998,0.08333333333333333,1.6757275091368218,2017-2020,SPY up
17,Markowitz (λ=3),-0.21045836993377598,0.3528680568689028,-0.561131888204164,-0.7672389583442007,-0.34103783046300606,-0.6171115082688909,-0.47718892892438414,-0.20744621721074208,-0.5501575957301488,0.0030121527230339007,3.8313468304764795,1.0000000000000027,0.9999999999999987,1.0000000000000009,2017-2020,SPY up
17,GMV,0.12832097946320542,0.1368251708330939,0.7762648376262878,1.0787621729332437,-0.13697044172377537,0.9368516144672068,0.5415062677428047,0.12896956627909373,0.7804062724545031,0.0006485868158883079,0.5766975617613611,5.993371995797622,0.2715476346341018,1.6937385094178687,2017-2020,SPY up
17,Max Sharpe,0.007555734403046355,0.21859202311320647,0.03436290587659913,0.04636184864361044,-0.19914896045504904,0.03794011470500143,0.025257431587102912,0.010054122624374884,0.04574691544618023,0.002498388221328529,2.4917179782120744,2.435314664358436,0.5129521418136067,1.3389602933728102,2017-2020,SPY up
17,Inverse vol,0.06642694788394277,0.17219942744258893,0.3208324560776213,0.4308657218151412,-0.2055935930021744,0.3230983364507873,0.21737022439299022,0.0667136806679276,0.3223855878825097,0.00028673278398483326,0.2705504918397623,11.105366839336607,0.11093237469137768,1.7097106493324135,2017-2020,SPY up
17,Risk parity (ERC),0.08015865555846435,0.165002561791552,0.40500007626505596,0.5473819267531792,-0.1937429829605588,0.41373707751151245,0.2728870482302801,0.08044548703745469,0.4065949561418096,0.0002868314789903348,0.26723584015996055,10.687352220392468,0.14780503246915982,1.7685961788988003,2017-2020,SPY up
17,Most diversified,0.10600740070145065,0.1580301757168597,0.5653624571474348,0.7816844552753957,-0.15505135848220264,0.6836921761870185,0.4156315862510797,0.1069326640817585,0.5705574478369397,0.0009252633803078503,0.8424908581342689,6.797318085260783,0.2670589060570623,1.8656786382933976,2017-2020,SPY up
17,Max decorrelation,0.06952078785034477,0.181667274535074,0.3291581984843499,0.4527507606947976,-0.18433583258319364,0.37714201778413836,0.2445023802267473,0.07051833299023103,0.334248821036216,0.0009975451398862578,0.9415210597345506,7.318361861790085,0.21273038096521546,1.818843343639596,2017-2020,SPY up
18,EW,0.10840360872681609,0.14851234738947133,0.741362979977122,1.0985923685687053,-0.1276030186951258,0.8495379641904734,0.4762837037413054,0.10861802149387145,0.7426873036897427,0.00021441276705536083,0.1927138984155049,11.999999999999998,0.08333333333333333,1.3028006573498496,2012-2016,SPY up
18,Markowitz (λ=3),0.5697022160341596,0.20290950454455084,2.3060522676198376,3.7471778730687926,-0.08952233670921461,6.363799661358925,3.005989826456485,0.5731028725380682,2.3181257979752337,0.003400656503908639,2.1409357008782166,1.075376817002027,0.9647660747804447,1.0098773939975212,2012-2016,SPY up
18,GMV,0.2408946237934817,0.1072708034994437,2.030587279701335,3.2843852044344053,-0.08840628256683869,2.724858650304131,1.2785912471258614,0.2416977948100627,2.0369217285713535,0.0008031710165810058,0.6458425214537928,2.675267696889099,0.44774644309645795,1.1519676791851579,2012-2016,SPY up
18,Max Sharpe,0.33210583846260744,0.14875392837725565,1.9771021804468316,3.1505685148297395,-0.061739533020918946,5.379143997575774,2.0533374386561,0.33507992747391335,1.9936300252774601,0.0029740890113059137,2.2145133880037506,2.451029136935877,0.5217664389201397,1.1393443537339345,2012-2016,SPY up
18,Inverse vol,0.16189371353463544,0.12377450812805475,1.243354944326234,1.920275551756379,-0.0810931447343507,1.9963921002814184,0.8939803534370155,0.1621289810964206,1.245027959597518,0.0002352675617851574,0.20209440149999586,10.464591690238613,0.1351131833663522,1.304628958545167,2012-2016,SPY up
18,Risk parity (ERC),0.16356434836700506,0.12433500052991937,1.2498696258739654,1.9285363548161767,-0.08246761978736128,1.9833766124055445,0.896402049621817,0.16377286219042997,1.251348117517444,0.0002085138234249051,0.17879727462420258,10.485271774987496,0.13535730908543916,1.3090374047050213,2012-2016,SPY up
18,Most diversified,0.2045492784722407,0.13081810937793065,1.4590057754068333,2.2516261062558347,-0.10107073998425098,2.0238229036822517,1.017300073040275,0.20556607662962878,1.465650271279917,0.001016798157388088,0.8419767184944595,6.337320704993011,0.2418680935101513,1.338209898329767,2012-2016,SPY up
18,Max decorrelation,0.12758714134409388,0.1706952933675933,0.7662550720459872,1.1217606821179806,-0.16113552331483383,0.7918002108995444,0.4885859255168073,0.12882681377717264,0.7727702611128727,0.0012396724330787645,1.0956836204812481,7.3729218604325,0.18355350595261322,1.3024872493591992,2012-2016,SPY up
19,EW,0.19006705347199904,0.12750870071744855,1.3994052368085603,2.165693947354661,-0.09153527311439758,2.076435094419393,0.9923344686410757,0.19030187562225231,1.400863526931889,0.00023482215025327768,0.1985755835019376,11.999999999999998,0.08333333333333333,1.3741495327037794,2012-2016,SPY up
19,Markowitz (λ=3),0.31865813440902,0.19524737272118475,1.4956613681103865,2.2553943650474304,-0.08952233670921461,3.559537721229078,1.6813750819141668,0.3222173699812765,1.508344507529403,0.0035592355722564584,2.7310502951340516,1.436021683046218,0.8153602131106057,1.073787866154713,2012-2016,SPY up
19,GMV,0.3478882290370846,0.10783820090556878,2.789190821798376,4.578419474747234,-0.09847936866624019,3.5326001146100414,1.7527677127091634,0.34891459073087394,2.79536854318488,0.001026361693789335,0.7658983094225085,2.8911666333384423,0.48800250365375897,1.3179684683492385,2012-2016,SPY up
19,Max Sharpe,0.3111917935498272,0.13253939499780298,2.0832078430346987,3.236470535048885,-0.09231782501087948,3.3708744060332205,1.6181120680426941,0.31524661164884327,2.103796005885648,0.004054818099016089,3.1151812368862446,3.11402758612307,0.4594517584977339,1.311854629019853,2012-2016,SPY up
19,Inverse vol,0.22332239004940835,0.11662571405978803,1.755152906508404,2.7668943933254493,-0.0911841419310444,2.4491362787434023,1.1681010139949548,0.22359020202041813,1.7568687922401762,0.00026781197100977927,0.2204096083635237,10.966315901964188,0.132146459353852,1.376314936279874,2012-2016,SPY up
19,Risk parity (ERC),0.23212997777001965,0.11603897164126328,1.8253091419078773,2.8953724068451994,-0.09305500648000486,2.494545823495251,1.2024033046460354,0.2323998427321976,1.82703276495437,0.00026986496217795697,0.2204704140410831,10.674206321052907,0.14431958465444558,1.4014343402314724,2012-2016,SPY up
19,Most diversified,0.3103924466754211,0.11603058050798237,2.356611644641697,3.932968840422838,-0.10251588431139413,3.027749784926964,1.532681980629988,0.3112411788946079,2.3614707938349127,0.0008487322191867985,0.6524997253366802,5.469614130278137,0.29233699026457416,1.493353011347112,2012-2016,SPY up
19,Max decorrelation,0.28179215366440125,0.1352250565946424,1.8763614242458293,3.1229354339813615,-0.10556100993271467,2.6694719370723865,1.370844372464598,0.28283045478983637,1.8817784116771277,0.001038301125435126,0.8164833369490662,6.2277186197412036,0.2363922569659292,1.4529287847404997,2012-2016,SPY up
20,EW,0.34092707492571916,0.2058656455259872,1.3471229675317309,2.0758173150180625,-0.18463288028488434,1.8465133317515083,1.197778255922123,0.3412783479149166,1.3484460003311571,0.00035127298919745975,0.2604340425157126,11.999999999999998,0.08333333333333333,1.640131454393197,2021-2026,SPY up
20,Markowitz (λ=3),0.36142158189964846,0.2526707977289878,1.200067768589006,1.8357633972091552,-0.19862443106505734,1.8196229938162471,1.2102880551689033,0.36374744868237485,1.206952229524676,0.0023258667827263935,1.7012971321325123,2.2982063060827618,0.5596837740425908,1.42584718189718,2021-2026,SPY up
20,GMV,0.3096066233044299,0.12677296388085568,1.899179017972144,2.8745365418463615,-0.10321239701874896,2.9997038364314763,1.523561691346344,0.31065182678116,1.9056438306499708,0.0010452034767300944,0.7971921178998663,5.161690578949486,0.3341873428684348,1.7989108735131336,2021-2026,SPY up
20,Max Sharpe,0.373592761022282,0.1736367001416297,1.7019842223807988,2.554330602802589,-0.13027948376075393,2.8676254329373156,1.622344965000971,0.37572977423636456,1.7112573432252922,0.0021370132140825504,1.5505903731282764,2.5980723210777237,0.5641343393537359,1.5738333299973413,2021-2026,SPY up
20,Inverse vol,0.2983069813050139,0.15642465414654416,1.5099593849060784,2.3227752122193337,-0.1385259425844415,2.153437657521618,1.250626988715951,0.2985887832680165,1.511413654184763,0.00028180196300264804,0.21608880168429143,10.377612776791446,0.12918702911083568,1.775048317202159,2021-2026,SPY up
20,Risk parity (ERC),0.3320948835682431,0.14441609317005516,1.801372400248018,2.7823568930865474,-0.1297620557356639,2.5592603452949914,1.445386108271554,0.33240211160134736,1.8030482953584044,0.0003072280331042343,0.22991455172324632,9.062683488204518,0.20761382305092996,1.8764945064155478,2021-2026,SPY up
20,Most diversified,0.45285455865273216,0.1409569285170376,2.458674970244559,3.8867144058113765,-0.13422118980863473,3.3739423655712453,1.9334482888705629,0.45368797769867775,2.462852029818328,0.0008334190459455826,0.573485431645304,4.427837115981541,0.4154521200299575,2.004567803280217,2021-2026,SPY up
20,Max decorrelation,0.4516621558739018,0.18632830316845386,1.8946492278739309,3.010172610515315,-0.18346147007739677,2.461891075457748,1.5933811242514875,0.45260450663389507,1.8982638194892851,0.0009423507599932712,0.6473966303827664,6.433370410397099,0.29097670032757617,1.7974741638503422,2021-2026,SPY up
21,EW,0.3090315613108663,0.19753106470452456,1.2622600294284512,1.8972908667052282,-0.19119236515752713,1.6163383985351567,1.0612625820175219,0.3093389998274707,1.2633863989898486,0.0003074385166044191,0.23737580779728845,11.999999999999998,0.08333333333333333,2.024761570729496,2021-2026,SPY up
21,Markowitz (λ=3),0.3408511230948825,0.23003174228865383,1.2201147042417764,1.6540627409107467,-0.12944369689625457,2.6331998487965387,1.4855545290878136,0.3441075854259097,1.230092892940232,0.0032564623310271656,2.4586988850016764,2.085830991583834,0.6670804151233212,1.3760683858948242,2021-2026,SPY up
21,GMV,0.2097696585044997,0.1411361011501418,1.1407630328666045,1.6686050454577874,-0.13474779108986656,1.5567576789781974,0.8935958780723747,0.21067701966500763,1.1458217160529114,0.0009073611605079357,0.7553476035069095,7.175006268869467,0.2391070102217655,2.190734665095283,2021-2026,SPY up
21,Max Sharpe,0.3556447293020093,0.16644766176102083,1.6754714617685522,2.4480209204088736,-0.1425972644780764,2.4940501530917363,1.4659882091710437,0.35768278584533997,1.6837016960834574,0.0020380565433306685,1.5185739021317053,5.058166558863511,0.2786153738034285,1.8423409151175811,2021-2026,SPY up
21,Inverse vol,0.2750630597298047,0.1612032838003063,1.3437067607200919,1.9882679821361797,-0.16228714116523646,1.694915923435627,1.0487096641787699,0.2754885824643316,1.3456713601605008,0.00042552273452689526,0.33631169313660103,10.98789915124038,0.12031317712071805,2.1654396148298947,2021-2026,SPY up
21,Risk parity (ERC),0.26803229234537307,0.15622800437792905,1.3461010171571335,1.9831633495740806,-0.15612876182542001,1.716738730337728,1.0464747903949445,0.2684650584658388,1.3481519825470798,0.0004327661204657218,0.34427809391710906,10.464644093166836,0.14792349225205662,2.228571432740579,2021-2026,SPY up
21,Most diversified,0.2518851366177679,0.15523151328069026,1.2711088689990135,1.8701393899218053,-0.14871215393185133,1.693776399292801,1.0127576503027913,0.2526611579339848,1.2749057737039358,0.0007760213162169016,0.6244489669947342,7.622280136581402,0.21363350381977944,2.322725294427471,2021-2026,SPY up
21,Max decorrelation,0.2852570733394155,0.19485218426350973,1.18275637825951,1.766330222979016,-0.18184975086195854,1.5686415405427367,1.012089144897367,0.2860994128534362,1.1859940021014737,0.0008423395140206846,0.6606552597396066,8.805853546847107,0.14777404406419287,2.1260434595146664,2021-2026,SPY up
22,EW,0.45990484613254123,0.1551003845053724,2.5001120730782516,3.8219467462447447,-0.08311826799591071,5.533137987850852,2.5115181088476195,0.4605868387035894,2.502356753909683,0.0006819925710481733,0.47544129902610166,11.999999999999998,0.08333333333333333,1.389728331104794,2017-2020,SPY up
22,Markowitz (λ=3),1.029369640516054,0.5164471341435631,1.6195483645535387,2.690996999249284,-0.3519107945021305,2.925086858936412,2.277816004926612,1.031683745927653,1.6214774603814803,0.0023141054115991544,1.204629308805207,1.5518946505414841,0.7644948462428376,1.1074672861811983,2017-2020,SPY up
22,GMV,0.29182105842507444,0.13972904013093945,1.882604741636802,2.775141613529691,-0.08940404264972657,3.2640700551807424,1.5407329977890296,0.2935119710744123,1.8905047780417727,0.0016909126493378501,1.325540998285993,3.525003601896829,0.4260168212361022,1.2660770425255448,2017-2020,SPY up
22,Max Sharpe,0.6780055720646165,0.38043462521053484,1.5419941052885442,2.47308688348939,-0.2939855913641385,2.3062544287240954,1.720889258201259,0.6811435799183396,1.5463350531614901,0.0031380078537230904,1.9390380932732576,2.686948081201657,0.49887063804862725,1.2925304682279481,2017-2020,SPY up
22,Inverse vol,0.40319400859742527,0.13796084327852806,2.505033472424823,3.7878827840406326,-0.07967991745359826,5.060171012755203,2.2439570003784577,0.40372969794676483,2.507217087066776,0.0005356893493395631,0.38682140320726655,11.28264310027171,0.12480529512915428,1.3634515809683427,2017-2020,SPY up
22,Risk parity (ERC),0.4137548827237272,0.14148659868813165,2.49914443526595,3.767568465310893,-0.08040311807954603,5.146005436186975,2.293501837043017,0.41424503045081584,2.501079586942762,0.0004901477270886634,0.3514181482359778,11.285163481534324,0.12301534452654744,1.3926205305177641,2017-2020,SPY up
22,Most diversified,0.506669319502109,0.18052787350958677,2.3464311658982164,3.5450859995210133,-0.0981121172493441,5.1641869904249385,2.5574877828619362,0.5077019851735203,2.349415380275607,0.001032665671411248,0.698224968447126,5.42744228283665,0.28446618959083164,1.5204666829120295,2017-2020,SPY up
22,Max decorrelation,0.6653735106383087,0.2467556227236369,2.1799482694510637,3.451968717843123,-0.15355378202449765,4.333162634393182,2.6241908336986364,0.6667691918626422,2.1826098922254764,0.0013956812243334227,0.8617761206040051,5.381035192775873,0.282551867489926,1.4619937930661835,2017-2020,SPY up
23,EW,0.2860068739947206,0.11325633190838416,2.142988063412148,3.113157742780528,-0.033884281663563165,8.440694621608957,2.136224435318144,0.28639812665248465,2.145705036654464,0.00039125265776407403,0.30432383684949244,11.999999999999998,0.08333333333333333,1.7804165471397027,2012-2016,SPY up
23,Markowitz (λ=3),0.7828166994859898,0.4218757076539684,1.5489424593090058,2.239987629579118,-0.240799197609893,3.250910747444403,2.297002765781352,0.7869874873644229,1.5545566881623376,0.004170787878433169,2.333233561500835,1.824833269705128,0.7016539262208028,1.1431246712814795,2012-2016,SPY up
23,GMV,0.1182361024183971,0.08338108452631512,1.1977674771519224,1.788751523761796,-0.05207831133894658,2.2703520789848395,0.7774685382643209,0.11965002137897107,1.2124678367139032,0.0014139189605739677,1.2669950045548162,6.3111383806357635,0.26241918660635344,1.7442569445735208,2012-2016,SPY up
23,Max Sharpe,0.30493670892594893,0.1593489913048816,1.654461993558253,2.358390697924112,-0.1203198386572788,2.5343842904787808,1.384063781021086,0.3081754549398088,1.6699618479280562,0.0032387460138598723,2.4828256803555426,3.1124495757230077,0.46535592142884474,1.5354322632244535,2012-2016,SPY up
23,Inverse vol,0.2022751289039484,0.08343531888442514,2.0661256432204347,3.041834883683758,-0.03497073684585161,5.784125447386539,1.498659143685081,0.2025957058452703,2.0692170841777524,0.00032057694132192616,0.26717261264181114,10.72904012884421,0.12383254528551141,1.858973063743647,2012-2016,SPY up
23,Risk parity (ERC),0.21350427166706343,0.08297576766132599,2.189220218132105,3.2388309607906263,-0.03491790577612042,6.114463823688827,1.5824754352572545,0.2138715952532768,2.192735981520219,0.0003673235862133861,0.3033206336460461,10.647693227186029,0.127177956327282,1.8964961793815163,2012-2016,SPY up
23,Most diversified,0.2913664842496051,0.08751156684162938,2.7914032289488775,4.232591780961312,-0.03078996306949644,9.463034547717966,2.227743455319923,0.29238215919829,2.799865028263661,0.0010156749486849304,0.7884955907018274,7.940093804615964,0.18504147850989078,1.9611910072749663,2012-2016,SPY up
23,Max decorrelation,0.3408892181145351,0.1382156762463606,2.0814911655474386,2.983905804089002,-0.059043793501824315,5.77349790548269,2.143366997283204,0.3420764497313191,2.0878189187724803,0.0011872316167840236,0.8868841939861347,8.673612251921682,0.16120715416556075,1.77940394991425,2012-2016,SPY up
24,EW,0.2837834923911444,0.13720863108914866,1.8631583775191054,2.9428353653820785,-0.10919265599051531,2.59892471537458,1.3565652725591428,0.28406057880479874,1.8650577638200583,0.00027708641365431497,0.21244033643909976,11.999999999999998,0.08333333333333333,1.493946241642636,2012-2016,SPY up
24,Markowitz (λ=3),-0.053495688099946204,0.2371166796321799,-0.12895729315045715,-0.17899252095912313,-0.28721179687469567,-0.1862586728054392,-0.13815614227594872,-0.0512061485676657,-0.11893974003543423,0.0022895395322805046,2.388649688044173,1.5412487931813517,0.8096783837256991,1.1232911236426688,2012-2016,SPY up
24,GMV,0.3455325216582896,0.09878054625794279,3.0184469714754125,5.030597540149824,-0.07261023360473318,4.758730340123375,2.0018078560135537,0.34689469942538875,3.031358908275622,0.0013621777670991264,1.0041414168620002,3.217040561982568,0.42765003594658335,1.2978450512506854,2012-2016,SPY up
24,Max Sharpe,0.11195683443946036,0.17578320751115598,0.6705298240490374,0.9723229250318021,-0.2001454640200201,0.559377325824689,0.3730085837045757,0.1148991778629147,0.6861354152868293,0.002942343423454341,2.6089584726199235,2.5407002903899607,0.5934928771274879,1.2933116828437006,2012-2016,SPY up
24,Inverse vol,0.2896716303912277,0.11119593694555244,2.3113103577383107,3.7554235421739315,-0.08568461262861748,3.3806726961204854,1.5600195745384227,0.2899911874799823,2.3141248855816836,0.0003195570887546406,0.24468685632860832,10.39545668949518,0.13765839804388036,1.4921650719620674,2012-2016,SPY up
24,Risk parity (ERC),0.2876453346111807,0.1129332225073186,2.2635255828836836,3.6805389221983225,-0.08901048127952715,3.231589476613026,1.5218485909560893,0.28792231480714614,2.2659214543333324,0.0002769801959654483,0.21236783173793733,10.639532691966265,0.1290408322420933,1.5104873844937594,2012-2016,SPY up
24,Most diversified,0.30040355260051377,0.12582754463491752,2.1221383338132487,3.4351684859348666,-0.11367074415535372,2.6427517021438027,1.405918034254138,0.3014853961411694,2.130052254412269,0.0010818435406556581,0.8221030577730976,6.198313467815684,0.30062631957112584,1.5719940708156934,2012-2016,SPY up
24,Max decorrelation,0.291576774425099,0.1532247936451768,1.7229877278370356,2.715121899190337,-0.13223159310395483,2.2050462191427567,1.2555431004367232,0.2927153641368181,1.7295658790780923,0.0011385897117190957,0.8697124001548415,7.314947083542822,0.20180366099908037,1.5192130057017459,2012-2016,SPY up
25,EW,0.05336630345442628,0.12931773874108274,0.4371056952368913,0.6415985434098772,-0.09425245360710477,0.5662059862853641,0.2747265347925284,0.053608513936121094,0.4388805263140319,0.00024221048169481563,0.23015340172666834,11.999999999999998,0.08333333333333333,1.3147117187335056,2012-2016,SPY up
25,Markowitz (λ=3),-0.20453296101288665,0.30875066276469154,-0.5984427128093679,-0.822221141643066,-0.373830431302525,-0.547127638325856,-0.4316585586338146,-0.20396731363618026,-0.5961691016082848,0.0005656473767063908,0.7074759267536082,1.1001958455308485,0.9522349005309281,1.0272643917245643,2012-2016,SPY up
25,GMV,0.28252193105918644,0.11312492619330745,2.223362608510519,3.63556325955763,-0.0754166132429307,3.746149805867464,1.6105768195850863,0.28371515112389645,2.231577225639462,0.00119322006471001,0.9309666881732923,2.726653977255811,0.4984961625520154,1.289843921142698,2012-2016,SPY up
25,Max Sharpe,0.11965810565860657,0.17285685849574928,0.7176239609166531,1.1201160415402356,-0.11816021398830945,1.0126767853555625,0.5484872950528857,0.12180848462512506,0.7287555072989491,0.0021503789665184847,1.9183098964304122,2.4273628288226767,0.5714472781000584,1.3012384617839894,2012-2016,SPY up
25,Inverse vol,0.12836980301805045,0.11419580772583855,1.0814095897017744,1.6718206799730049,-0.06768678684466323,1.8965267669249952,0.7655332029050441,0.12863486070880104,1.0834669894959235,0.00026505769075058083,0.2349995878486735,10.855593496099733,0.13268641902360867,1.3271012514854923,2012-2016,SPY up
25,Risk parity (ERC),0.12196912339844057,0.11483368798582318,1.0264694020036575,1.5881861968059685,-0.07306191873087575,1.6693939266461775,0.7047715886480589,0.1222016286315688,1.0282729579838998,0.0002325052331282329,0.20733287241555293,10.537417989970063,0.14321894465716625,1.3466815382628798,2012-2016,SPY up
25,Most diversified,0.10524182092340895,0.12775883705284272,0.8171889267984762,1.2557870827259774,-0.10888101383729543,0.9665764233301074,0.5038362223068555,0.10595495766328944,0.8222180566744297,0.0007131367398804933,0.6458104965206748,5.144193539507036,0.30908373268532324,1.4250562834833862,2012-2016,SPY up
25,Max decorrelation,-0.016816771755699178,0.1503974223075654,-0.06317588860002663,-0.09141444330109548,-0.1472913110907349,-0.11417354921458776,-0.06800389258128382,-0.016137253089357984,-0.058574773822977065,0.0006795186663411945,0.6916795713813803,5.956595658898699,0.23001873694818925,1.3927616801207758,2012-2016,SPY up
26,EW,0.07840136471302506,0.22725989613558994,0.28241743960230603,0.40261373003015366,-0.2224876020979364,0.35238531933349576,0.24311435293321856,0.07865546832935655,0.28345530833813365,0.00025410361633149137,0.23508792258854427,11.999999999999998,0.08333333333333333,1.572844492697576,2021-2026,SPY down
26,Markowitz (λ=3),0.2192572674410731,0.26246878842970656,0.7449264962736226,1.0890645188163859,-0.16844105699231837,1.301685416585056,0.8167799288889975,0.22079515189901677,0.749878637070923,0.0015378844579436723,1.240698869200863,1.2029436171301002,0.9157374240483078,1.09665442057816,2021-2026,SPY down
26,GMV,-0.07018586984601749,0.16658367517719194,-0.5761728997335753,-0.7735833982705611,-0.17061587004606038,-0.41136776917100226,-0.25935607484539414,-0.06929616220955992,-0.5703539371452813,0.0008897076364575707,0.9591157530100242,3.37398717919201,0.5089182865668473,1.4878256295054055,2021-2026,SPY down
26,Max Sharpe,0.01599626994700354,0.22910889803288428,0.021883569432710668,0.03003406780080403,-0.18077314190702842,0.08848808942663848,0.056972222621992585,0.01827882225056343,0.031616186775464676,0.0022825523035598927,2.227369870363247,1.9855159985761963,0.7230666708913582,1.2519060399110775,2021-2026,SPY down
26,Inverse vol,0.04446877332128163,0.20407542147814292,0.1333792576248081,0.1875361168964011,-0.20710419803400992,0.2147169093790128,0.14480027823115915,0.04473223329527132,0.13461474415582736,0.0002634599739896881,0.25176736159706575,10.943813631740086,0.13775383296656887,1.6022289766452444,2021-2026,SPY down
26,Risk parity (ERC),0.043170762470672086,0.19841487557443166,0.12520520107500735,0.17540283289483843,-0.19838252615608198,0.21761373497536018,0.14468260935658725,0.04344927653540753,0.12655073250218146,0.0002785140647354467,0.26681162471922804,10.528093629330275,0.16444832736046666,1.6388797241620254,2021-2026,SPY down
26,Most diversified,0.018677377910384152,0.19024047506218517,-0.002616303084198011,-0.003619731372590998,-0.18936057932958517,0.09863392885947962,0.06454707117900257,0.01951913059458832,0.001735554921404005,0.0008417526842041667,0.8278208174766755,6.162165709823157,0.2669452272282472,1.728844916279188,2021-2026,SPY down
26,Max decorrelation,0.07681970496200985,0.22499732882619108,0.2764594767246748,0.3939130103571001,-0.2127610758680869,0.3610608972932554,0.24561785621433938,0.07783456269066868,0.280650402280875,0.0010148577286588356,0.9400355864623497,7.316035592403232,0.1894288350907863,1.6622611307282145,2021-2026,SPY down
27,EW,0.3488085244789978,0.1347663836548459,2.2298789444717966,3.3423886083478025,-0.06429475983141852,5.42514701654656,2.123065427265649,0.34944522965878533,2.2330817927713267,0.0006367051797875334,0.47510122637942864,11.999999999999998,0.08333333333333333,1.840380413209884,2012-2016,SPY up
27,Markowitz (λ=3),0.7438533336575881,0.5087658326611084,1.3292082076627958,2.1099745196890884,-0.3585830863291094,2.074423925770095,1.622068837322426,0.7481590654931085,1.3343373491879884,0.00430573183552041,2.3840731065167673,1.3106953083809487,0.8674744194664102,1.070678725392646,2012-2016,SPY up
27,GMV,0.18167333375055383,0.09556975868241256,1.7118312148680799,2.595549779960799,-0.05356632709135367,3.391558533418252,1.1830284489546972,0.18318689145878353,1.7244585785025095,0.0015135577082296958,1.2852065550898029,4.4051477664404715,0.35238896535197195,1.4815138494530613,2012-2016,SPY up
27,Max Sharpe,0.46116642596515134,0.17005776165126055,2.2697971059390176,3.49694284577043,-0.07620351033854456,6.051774044481103,2.617237449351036,0.4637886306549328,2.2810077009376735,0.002622204689781471,1.7868850224276802,4.33671707703571,0.37215262417568734,1.5999847712564936,2012-2016,SPY up
27,Inverse vol,0.2794353438209749,0.11011326795303618,2.221721871662545,3.3204226121498763,-0.056554692277838825,4.940975409222989,1.7849055799941071,0.27998702341781834,2.2252680502903814,0.0005516795968434351,0.43363211893765985,9.985553431267125,0.1426479622065402,1.7825695374643251,2012-2016,SPY up
27,Risk parity (ERC),0.2872929535391524,0.11196549850739684,2.2415477471416017,3.351943966165398,-0.05707848999820764,5.033296317897931,1.8289770518065878,0.2878407753045804,2.2450098025785614,0.0005478217654280026,0.42788574416667113,10.353633017599655,0.1423152733723821,1.8246793378102428,2012-2016,SPY up
27,Most diversified,0.29105082971888274,0.11963182707581271,2.129693054805423,3.236203488892437,-0.058745779115450425,4.954412625065261,1.8334398013014968,0.2923149611461262,2.1376535922835522,0.0012641314272434645,0.9812782367661549,8.381268228745222,0.21531801767801478,1.886547026671368,2012-2016,SPY up
27,Max decorrelation,0.3916272333046269,0.17483195695438286,1.9330989614718532,2.9602489366203906,-0.07182987385354789,5.452149813086207,2.279156845790472,0.39290282277603383,1.9383746214231286,0.001275589471406935,0.9169578835580275,8.50092275062948,0.2023305355121997,1.7259963787378692,2012-2016,SPY up
28,EW,0.08281815472727527,0.1673072519724993,0.41556779121094567,0.5672389101401675,-0.1888802591924481,0.4384690866126604,0.2866867918174462,0.0830442059672305,0.41680993987748105,0.00022605123995522725,0.2094701981010525,11.999999999999998,0.08333333333333333,1.6466110764951538,2017-2020,SPY up
28,Markowitz (λ=3),-0.19040339324735134,0.3455822694463784,-0.5082543515294545,-0.6985821709850778,-0.3410378304630072,-0.558305783815396,-0.431716692074835,-0.1881163994735603,-0.5001464196495581,0.002286993773791046,2.812172391972121,1.1600377228291827,0.9294200588704518,1.0622215989919714,2017-2020,SPY up
28,GMV,0.15565677735847938,0.14067121438011637,0.9281408624528044,1.2859847684991657,-0.14532136299479348,1.0711210943160243,0.6345015185725302,0.15632874915254424,0.9322447114690984,0.0006719717940648628,0.5823942620727287,6.35366215323548,0.2586220681639269,1.6954760052151672,2017-2020,SPY up
28,Max Sharpe,-0.024916464111881753,0.23011572604346628,-0.09905644540808506,-0.13268424278271743,-0.23409248871554966,-0.10643854592941782,-0.0745795399581579,-0.022427759895865096,-0.08802345657711191,0.0024887042160166573,2.541771417269553,2.3321878424157214,0.5241827866114928,1.3254191135814164,2017-2020,SPY up
28,Inverse vol,0.10509345238291368,0.1554169838362242,0.566100613406548,0.7762938766632984,-0.16903871597117193,0.621712320630952,0.3906257580941424,0.10530194205446586,0.5673030331548825,0.00020848967155218112,0.18941571443813304,11.392868966428807,0.10506428954823172,1.6423684221451718,2017-2020,SPY up
28,Risk parity (ERC),0.10844899951240405,0.15174554905565477,0.5960743234789269,0.81630650280488,-0.16777692333521343,0.6463880571687806,0.4049975560315309,0.10865192444823824,0.5972671395620964,0.00020292493583418114,0.1838509654193339,11.037897606651741,0.13947811332397425,1.714572238443643,2017-2020,SPY up
28,Most diversified,0.10030740581805553,0.1586916159530085,0.530288060579036,0.7259415949939209,-0.18340535885377607,0.5469164393284048,0.3539361648761535,0.10129493791970567,0.535931628649213,0.000987532101650146,0.8982124269337217,6.71085934729321,0.2651614767648205,1.8408165058120949,2017-2020,SPY up
28,Max decorrelation,0.05340797723073809,0.18043641958605458,0.24533907536799968,0.33327906553111264,-0.22649689081661262,0.2358000458115818,0.16357882336079085,0.054349361235032534,0.2502881968750868,0.0009413840042944432,0.894493623158884,6.873203948207822,0.21897593773013688,1.7869971334330064,2017-2020,SPY up
29,EW,0.4139409244942338,0.10308384433811309,3.258070664089081,4.865080064341066,-0.03064005667897607,13.509796304595705,3.168560509059006,0.41433378879347527,3.2605938390759026,0.0003928642992414577,0.27878398432293033,11.999999999999998,0.08333333333333333,1.8731215107270849,2017-2020,SPY up
29,Markowitz (λ=3),0.7106682753332645,0.4649615176875673,1.3567095219378942,1.9585296886244483,-0.24126705204544652,2.9455670358147317,2.082440338361832,0.7133715050601124,1.3601218128720467,0.002703229726847889,1.5811820924009028,1.7069617838286237,0.7200060688795487,1.1417136077711727,2017-2020,SPY up
29,GMV,0.2929272936753826,0.06729614950921405,3.614472068774575,6.599806241266923,-0.021330364495019905,13.7328780173341,2.4142950109360797,0.29438587962696383,3.6300464357694597,0.001458585951581215,1.1301590148389065,6.989342448020659,0.20722963268883654,1.896488615830831,2017-2020,SPY up
29,Max Sharpe,0.35588252784113394,0.12181400702765859,2.4297704739192545,3.5382750465239727,-0.07751746975168661,4.590997732267838,2.0047746756358475,0.35854932695308417,2.445652269723067,0.0026667991119502243,1.969018516420813,4.4452948137042085,0.3547666704845285,1.7150223368198076,2017-2020,SPY up
29,Inverse vol,0.3686291903393806,0.07461880055659506,4.030203971868301,6.7253757404901435,-0.01943534828544924,18.96694542980555,3.0864329164793043,0.36896504316388,4.0331356710917445,0.00033585282449943854,0.2461730209219919,10.837499164956387,0.11729872386373894,1.94324623110594,2017-2020,SPY up
29,Risk parity (ERC),0.3677513100435037,0.0728942758965208,4.114952415163847,6.875427461538021,-0.01859374211514664,19.77823010376862,3.1009335187892257,0.36813154487689337,4.11845426497773,0.0003802348333896699,0.27872020458885055,10.573184784643708,0.13217259461249908,2.014905528410974,2017-2020,SPY up
29,Most diversified,0.3987572684750078,0.07502022227473465,4.2993999996850665,7.176875654919083,-0.01744978922893692,22.85169541267296,3.395129706854878,0.39982842788292694,4.309770404365935,0.0010711594079191311,0.7663255156203701,6.970515475725811,0.2340376359760154,2.116645561226773,2017-2020,SPY up
29,Max decorrelation,0.41710451096193735,0.1318558939430441,2.589823649438045,3.7140425857005788,-0.05596310982895769,7.453204659940283,2.674379290201185,0.41834986366972227,2.5965263215373713,0.0012453527077849191,0.8794403750861728,7.826079218094073,0.18431201754632476,1.8173840602415456,2017-2020,SPY up
30,EW,-0.03444207549938816,0.21962396435707726,-0.1359800100505139,-0.1836730670825939,-0.19237851058412836,-0.1790328628432042,-0.1177996133524932,-0.03422172862035433,-0.13492591225387499,0.0002203468790338281,0.23024241445809523,11.999999999999998,0.08333333333333333,1.7305836665791552,2021-2026,SPY down
30,Markowitz (λ=3),-0.05839341212591209,0.2678887341437708,-0.16045618258733685,-0.21232780727280137,-0.2539714255265596,-0.2299211889874811,-0.16496645750161168,-0.0546393872278802,-0.14548003532818682,0.0037540248980318935,3.9999999999999973,1.7030887105793644,0.6914849754660795,1.288942909827039,2021-2026,SPY down
30,GMV,-0.001814498908342288,0.15664277563807827,-0.054326027511517445,-0.0743490499059562,-0.11069168866723611,-0.016392368118956755,-0.00861210482397379,-0.0003802876663191457,-0.04508808385925871,0.0014342112420231423,1.4447111760092195,3.9441797074072227,0.37591182801996503,1.7146340772574657,2021-2026,SPY down
30,Max Sharpe,0.065075002236896,0.23095651128663927,0.30684832594083417,0.4138632336638831,-0.19104007852407145,0.3406353407078212,0.223594642246201,0.06831565491941682,0.3199838614577885,0.003240652682520828,3.0515343291486614,2.6047217321894127,0.5070956290280757,1.5215548956442388,2021-2026,SPY down
30,Inverse vol,-0.028445269644479354,0.19963553628376565,-0.13959633712121278,-0.1883810633612205,-0.17305571950804643,-0.16437058379429498,-0.10417386493763273,-0.028101082580755166,-0.1377988401542612,0.0003441870637241884,0.3569570212791917,11.012456740629698,0.1395451108739918,1.7498765192186427,2021-2026,SPY down
30,Risk parity (ERC),-0.01537827484155907,0.18727830492584313,-0.09027824785661695,-0.1220393870771958,-0.14936070439316684,-0.1029606475413932,-0.061670802859588314,-0.014967404812301743,-0.08802834035149612,0.0004108700292573264,0.42006627518339407,10.309915287463312,0.1613837958766557,1.8286509212379753,2021-2026,SPY down
30,Most diversified,-0.002655126386467699,0.18399029758520685,-0.025470282447184862,-0.03448984603224439,-0.12525348499688016,-0.021198024043273794,-0.01178728216570977,-0.001762475433859878,-0.020562584161644245,0.0008926509526078208,0.9022639906812218,6.756568903665767,0.23041323364765953,1.9402759346681138,2021-2026,SPY down
30,Max decorrelation,-0.022330043643706388,0.21536472246445812,-0.08516385473425304,-0.11562335172271569,-0.16297831198656598,-0.13701236300414632,-0.0849121110977665,-0.021536712826657145,-0.08134890071741425,0.0007933308170492426,0.8187735707522857,7.4297615018966034,0.17351471852409023,1.8841922237711506,2021-2026,SPY down
31,EW,0.36458910304729875,0.1912638549753545,1.5121888581332454,2.284131211482031,-0.15285083677019584,2.3852607597787743,1.441913769020494,0.36513350385720655,1.5143284879366057,0.0005444008099078079,0.3979780812748126,11.999999999999998,0.08333333333333333,2.0521701405592347,2021-2026,SPY up
31,Markowitz (λ=3),0.2104826047036037,0.5060954643441595,0.5498555370881452,0.7950945618013857,-0.3261474197448567,0.6453603246907887,0.4939196976239443,0.21125255645915564,0.5511141818445292,0.0007699517555519453,0.6327281053281539,1.3518935118160993,0.8659592443898221,1.0755479989369126,2021-2026,SPY up
31,GMV,0.22681934952181027,0.1374370146829502,1.2657300866678403,1.827589211877826,-0.10850537086204559,2.0903974404196988,1.0878345655272441,0.22783372846094152,1.2719818750229275,0.0010143789391312552,0.8233308664896788,7.6831042816824455,0.1978792047554388,2.1183439346757096,2021-2026,SPY up
31,Max Sharpe,0.3618383975017827,0.18393631528328627,1.5541808854173509,2.29622109865927,-0.15221729891367497,2.377117450408757,1.4346295795738704,0.36438501848155913,1.5645916343676798,0.002546620979776426,1.8648102120534884,4.21702050777155,0.3596114938287778,1.916316121598487,2021-2026,SPY up
31,Inverse vol,0.29865502627853613,0.15625816003623524,1.4952740725853364,2.217118311768391,-0.11649751025862831,2.563617244827912,1.37948480757013,0.2992313895969172,1.4982028266029825,0.0005763633183810679,0.4426462373067976,10.453166621678667,0.1283242267687723,2.119505242859127,2021-2026,SPY up
31,Risk parity (ERC),0.3046999169833853,0.15127650897252645,1.5702776263099587,2.3136042310147507,-0.11530005513142683,2.642669308666571,1.41523380845112,0.3052627901823437,1.5732204411779958,0.0005628731989584246,0.4303906915536373,10.568693934557388,0.13627839557659346,2.244642415078524,2021-2026,SPY up
31,Most diversified,0.2901235066081256,0.14447504891308127,1.5595147808068603,2.2427028015154997,-0.11502367593348795,2.522293816934598,1.3492630769546876,0.2909151619002417,1.5638772337988367,0.0007916552921161113,0.612455641358773,6.000656380217508,0.2615350295466409,2.441449650315599,2021-2026,SPY up
31,Max decorrelation,0.3553353057290878,0.20651130514844485,1.3822085097537529,2.0365357364635455,-0.16679224552376104,2.130406630195929,1.3318801865155445,0.3561656662014583,1.3852406241623327,0.000830360472370506,0.6110183454172389,6.883204685354577,0.20629098846241478,2.055693471715838,2021-2026,SPY up
32,EW,0.3618333380393586,0.17122604400352126,1.6421952012317838,2.6417160566195115,-0.08314656605411885,4.351753237816781,1.9756490434684901,0.36221797271476097,1.64389389123442,0.0003846346754023955,0.28180649332324675,11.999999999999998,0.08333333333333333,1.4766139305298762,2021-2026,SPY up
32,Markowitz (λ=3),0.08939346026619766,0.25541443325131824,0.2966556500451566,0.42438046598331935,-0.16131630295786625,0.5541501920580593,0.3420891052503952,0.09089063208529113,0.3020080262258087,0.001497171819093479,1.4052353239653133,1.1334253176475528,0.9401838054928326,1.0347605560645845,2021-2026,SPY up
32,GMV,0.06435402210595043,0.13047378432849446,0.2182524571288453,0.32551979974103523,-0.09878869481842367,0.6514310389891766,0.32373079447366093,0.06524240169291406,0.2247019042091023,0.0008883795869636391,0.8246310861226237,3.0383077505619163,0.5312706530400202,1.5116628003700638,2021-2026,SPY up
32,Max Sharpe,0.03500711453694372,0.23719399768544963,0.08469354004213105,0.11940390823073069,-0.19171619693780229,0.18259862805593277,0.12000401384777307,0.03684390354830547,0.09223579685232995,0.0018367890113617502,1.7992858609307205,1.4765092584345139,0.7993563587072897,1.1172247491693155,2021-2026,SPY up
32,Inverse vol,0.26694751656990845,0.15025418942863927,1.3680681006850846,2.1533428064338676,-0.07255912526453678,3.679034381915004,1.5469915958409748,0.26724809550280026,1.3697156261813859,0.00030057893289181514,0.2361925252299528,11.000873787780636,0.146257404763041,1.5372045298784478,2021-2026,SPY up
32,Risk parity (ERC),0.24654468281216269,0.1435279604582475,1.312181100087888,2.0465523549002467,-0.06695252991501033,3.682380383909719,1.476735230892697,0.24687910332278795,1.3141458525102163,0.00033442051062526623,0.26681314095032277,10.190528145986288,0.171695699997451,1.5781848626770092,2021-2026,SPY up
32,Most diversified,0.2516486949128902,0.13816675933912934,1.3873492640404155,2.1438872816485435,-0.058006500685489404,4.338284363632391,1.5926477317144996,0.2525093693872491,1.392687032712592,0.0008606744743588912,0.6825350345755763,5.534341607591927,0.27931601327213507,1.6770295415354357,2021-2026,SPY up
32,Max decorrelation,0.4410108888991382,0.171045575475759,1.9746608794076503,3.1829662476616245,-0.07598031408482053,5.80427830828412,2.5060239901979937,0.4423502368928063,1.980375972163407,0.001339347993668083,0.9259294476659965,6.374089926756422,0.19345517736565787,1.6124734313090077,2021-2026,SPY up
33,EW,0.20895599641482132,0.17190829580649739,1.132712660196429,1.6484740618980687,-0.13971554192618285,1.4955816191531568,0.8716831405081215,0.2092685975914359,1.1341791078077303,0.00031260117661457976,0.25991369122006114,11.999999999999998,0.08333333333333333,1.479288597999684,2012-2016,SPY up
33,Markowitz (λ=3),0.3400152992851939,0.263829552425539,1.204046660731235,1.7692639903103915,-0.2830937791569623,1.2010694841043161,0.8875510848373287,0.34314285348208995,1.2126617539742723,0.003127554196896032,2.3510607863484765,1.7738736783894682,0.7019244479216924,1.171039730141081,2012-2016,SPY up
33,GMV,0.23555090361657594,0.12967001901818812,1.6205852894350923,2.457491475527052,-0.060089518504396144,3.919999851543877,1.4713699298814966,0.2363882135039892,1.6257173762137338,0.0008373098874132623,0.6791092745795877,3.03953706036895,0.4914760731408045,1.2340123570206607,2012-2016,SPY up
33,Max Sharpe,0.20307979808211463,0.22232027138469354,0.8987437580569232,1.2633708621213764,-0.25049479760883286,0.8107146336796964,0.5794088798680554,0.20658253281827355,0.9117561401380183,0.003502734736158919,2.9148571975036255,2.1355672378159567,0.6304332602980939,1.2751653799978704,2012-2016,SPY up
33,Inverse vol,0.210321050987482,0.15407814742563009,1.2522545819109316,1.85321988360941,-0.10506181246694957,2.001879141897014,1.0256470888326907,0.21054741043171243,1.2534277010765962,0.00022635944423043952,0.18803920685609746,10.81854382340785,0.13224579503454473,1.4501644575993475,2012-2016,SPY up
33,Risk parity (ERC),0.2097681623336498,0.15467715929869585,1.24505779833727,1.8351642978113119,-0.10895849714630468,1.9252115973294157,1.0038747655558522,0.21000471500332418,1.246279034462462,0.0002365526696743725,0.19661692164975675,11.009666252979745,0.13244968165067522,1.473300324806048,2012-2016,SPY up
33,Most diversified,0.21465625045180414,0.1632266733820583,1.2129384000722876,1.7541028071525446,-0.11995516111849525,1.789470735984093,0.9759091323897763,0.2153710279221115,1.2164209548426201,0.0007147774703073484,0.5918753022784283,6.450571447642222,0.27314190307739794,1.5549791856735609,2012-2016,SPY up
33,Max decorrelation,0.20730114761405938,0.19508776899495364,1.012982503665838,1.4344830957221977,-0.1756539615965379,1.1801677897263276,0.7520339864277975,0.20805886443882438,1.016116887095646,0.0007577168247649979,0.6317703271828028,6.8390612824999835,0.2010013802004902,1.5259137644522136,2012-2016,SPY up
34,EW,0.21208989154329516,0.1568182941507657,1.2448155765241955,1.7601250677869873,-0.11180824647277343,1.8969074127724688,1.001329717209844,0.21235470676612,1.2462534351877175,0.0002648152228248435,0.21764550384365866,11.999999999999998,0.08333333333333333,1.7711853203125185,2012-2016,SPY up
34,Markowitz (λ=3),1.0003579539910161,0.3934933419096734,1.9345875251207512,3.119566859396451,-0.27565948551223063,3.628962566378408,2.6629380930631306,1.0042742789784875,1.9397560025970424,0.003916324987471409,1.9435518550085975,1.0348098745619323,0.9830065446297103,1.0138890148252289,2012-2016,SPY up
34,GMV,0.165357713464511,0.1214802344820797,1.2425271239584412,1.8178779351743333,-0.08570179437814807,1.9294545075088103,0.890447580316806,0.16627082599542908,1.2487646802526153,0.000913112530918081,0.7865043056042553,4.673122442266793,0.3022805220651892,1.5750289897605638,2012-2016,SPY up
34,Max Sharpe,0.5236931972260932,0.20743732580279142,2.0894179902982875,3.180434601504221,-0.10741729716111548,4.875315345540714,2.5248289530033947,0.5267573516352941,2.0998125745563407,0.0030641544092009365,1.9967379880490532,4.4341273847521245,0.30095808904415566,1.5548669947248133,2012-2016,SPY up
34,Inverse vol,0.1926656562938449,0.1395322267717012,1.2648082021114977,1.794870316889664,-0.09664827392132536,1.9934722936767668,0.9797475078318063,0.1929447047298134,1.2665151783665745,0.0002790484359684875,0.23361345733442576,10.663038968245253,0.13139516087523903,1.7379805932003713,2012-2016,SPY up
34,Risk parity (ERC),0.21295375973591613,0.14082836449576389,1.374302106668257,1.962412675853051,-0.09914828725051739,2.1478309473752897,1.0693225770404553,0.21325298946547644,1.376095574834218,0.000299229729560313,0.24621336966872193,10.927420702082664,0.12205948391395552,1.789913490556351,2012-2016,SPY up
34,Most diversified,0.2932356306803596,0.15096016900458467,1.71668725101333,2.5113451740304664,-0.11042782229549031,2.6554506335885146,1.39352119639668,0.29414527052588424,1.7215728644644572,0.0009096398455246124,0.7006509710340088,7.596962888533438,0.2114888017244113,1.872602619385387,2012-2016,SPY up
34,Max decorrelation,0.26297598502408603,0.1743150062937611,1.3724853327315036,1.9902980381497546,-0.13570015728943452,1.9379195299176053,1.1157225690823676,0.26376923903972616,1.3762557870543028,0.0007932540156401213,0.624326694864617,7.7422569970647395,0.19449469298966227,1.8067447512487944,2012-2016,SPY up
35,EW,0.3220874482055214,0.10474142300048826,2.6125088254871427,4.075313598255293,-0.036651220648187266,8.787905082267745,2.3570038136340203,0.32236230609848127,2.614570714049812,0.00027485789295988994,0.2077765113195762,11.999999999999998,0.08333333333333333,1.5440370014584923,2012-2016,SPY up
35,Markowitz (λ=3),1.973214523867767,0.46180608561994885,2.553784710642691,5.413971635975111,-0.17910453839974538,11.017110685736661,7.069804508308086,1.978943160528733,2.558145832378245,0.005728636660966124,1.9163328360147025,1.0362977811734329,0.982464475947969,1.0051064651691781,2012-2016,SPY up
35,GMV,0.13570863328349048,0.09251042243330442,1.3009622128658946,1.869523250377925,-0.07934496845372663,1.7103621808437002,0.7566904968315579,0.13646381233512606,1.3085215586163084,0.0007551790516355794,0.6624600316742772,4.554597135314788,0.3216235672724846,1.4145470836925798,2012-2016,SPY up
35,Max Sharpe,0.6020272751810338,0.18593759250744424,2.5679592576095285,4.493488130373015,-0.07097127103621315,8.482689775611444,3.5212189248655665,0.6056926084719738,2.581415033085317,0.003665333290939987,2.2732499402713513,2.645607336326741,0.5328742747384829,1.302783916928743,2012-2016,SPY up
35,Inverse vol,0.25337238826693875,0.09257590704760582,2.3657828103039282,3.643285291202001,-0.03769909908623492,6.720913613541833,1.840043906955867,0.25360693872828066,2.3678651748344723,0.00023455046134190916,0.18706127279186782,11.115339192789381,0.12512674110766148,1.5484156289059838,2012-2016,SPY up
35,Risk parity (ERC),0.25431945008567003,0.09295619308224878,2.364608596551164,3.63051706265546,-0.037740281989648405,6.738673816889499,1.8463694600594973,0.25456916074894864,2.366849270155289,0.0002497106632786128,0.1988698494187781,11.05135773049423,0.1285841629878306,1.5785497489677698,2012-2016,SPY up
35,Most diversified,0.2891872570823504,0.10811088087276016,2.30092627649271,3.581605832458984,-0.04082173626214669,7.084148876600059,2.053569745397925,0.29017809554105245,2.308472185885041,0.0009908384587020702,0.766766939408786,6.253088040283252,0.2475038874978714,1.6691880906475638,2012-2016,SPY up
35,Max decorrelation,0.38599560812168865,0.1250674519370823,2.584232024704496,4.140671549115841,-0.041265617644777874,9.353927801212398,2.7324101544106876,0.38703237701605064,2.5905794755585725,0.0010367688943619946,0.7464436383608266,6.95980226723019,0.20559254415168549,1.6437758289890332,2012-2016,SPY up
36,EW,0.32160021348083867,0.14517320456358312,1.6835617369472473,2.640226298770397,-0.09006333169203695,3.570822969113781,1.6920686942494163,0.32209540786771296,1.6863329790137294,0.000495194386874287,0.37237070491592106,11.999999999999998,0.08333333333333333,1.6523282587720167,2021-2026,SPY up
36,Markowitz (λ=3),1.3105611846087548,0.47929758074598106,1.891380887075212,3.1327738971280974,-0.2349166303175716,5.578835278017888,3.9130967708771776,1.3161532959131015,1.8969378257510323,0.00559211130434667,2.340986008044726,1.297360243152836,0.8846201000436018,1.0289364908621006,2021-2026,SPY up
36,GMV,0.15767278882855207,0.09418973148059433,1.1232945624285735,1.6597976666289251,-0.0726483541597811,2.1703559654189855,0.9132597272409004,0.1588019678023529,1.1331571665167632,0.0011291789738008262,0.9796174600550179,4.577091036340986,0.33579393027506,1.6475561348965038,2021-2026,SPY up
36,Max Sharpe,0.5970055198651676,0.24159284425439254,1.872919291251836,2.9279856832530173,-0.13418525618107802,4.44911413411568,2.549287387262107,0.6005204443445762,1.8828054461520736,0.0035149244794085988,2.1745122522232325,4.062162199286362,0.3009800377334646,1.3533125387797798,2021-2026,SPY up
36,Inverse vol,0.2543378053351082,0.11125057741456645,1.6880339739633214,2.641496469330282,-0.08173606216990748,3.1116963379812415,1.399490020298362,0.2547931959777032,1.6914184901666114,0.0004553906425950327,0.36232570996178365,10.753430579089533,0.13053467857640882,1.733221209502016,2021-2026,SPY up
36,Risk parity (ERC),0.2544572855419218,0.10393334497312326,1.8001992543181728,2.827631361916425,-0.07927869849375235,3.2096551832517104,1.4193392058275642,0.2548675990346585,1.8033605893066817,0.0004103134927366803,0.3272024434661669,10.079510765635252,0.1604165779270587,1.8031462578974962,2021-2026,SPY up
36,Most diversified,0.2673966253495379,0.10812210619126268,1.8294292360252453,2.8346555593427247,-0.0869329607478061,3.0758946094710815,1.4304412891115894,0.26839782779766486,1.8363465817125522,0.0010012024481269588,0.7929576026531927,6.086405163129685,0.2666711412719359,1.9100413532974345,2021-2026,SPY up
36,Max decorrelation,0.3470691844231626,0.14095785732277977,1.865092747136366,2.9745008643162465,-0.09437539794967553,3.6775387650098468,1.7855612803067804,0.34817829146308665,1.8711246083506534,0.0011091070399240621,0.8216828117947834,7.281444015994801,0.196387065001774,1.7993013532974769,2021-2026,SPY up
37,EW,0.9416728684908573,0.2655724051906152,2.626463045174194,3.976161355134055,-0.10583964141222535,8.89716608943543,4.574788714312874,0.9426447682412888,2.62802333093431,0.0009718997504315485,0.5113644771932505,11.999999999999998,0.08333333333333333,1.3026811259000861,2017-2020,SPY up
37,Markowitz (λ=3),2.755043629537106,0.6300257478772472,2.413572289316239,3.9538171456231224,-0.3610629794081398,7.630368624479911,5.975417139484324,2.762570623882107,2.4166830752775805,0.007526994345000926,2.0331243403125736,1.8845243300500507,0.7312145961954072,1.1138230708920014,2017-2020,SPY up
37,GMV,0.46717242569574635,0.20685976251060648,1.9471336827608305,2.997334435819147,-0.11692154096678498,3.9956061289720815,2.153646998880945,0.4702951640165103,1.9551422894026627,0.003122738320763929,2.183623975079034,2.7646420440602433,0.5006388077281478,1.175866835410639,2017-2020,SPY up
37,Max Sharpe,2.049675561278784,0.5383095009110075,2.3395591925239643,3.722414564219994,-0.30515777264784816,6.716773239933522,5.058956534101359,2.0562996413322567,2.3434232009019023,0.006624080053472703,2.2095143745829744,2.3689867293715623,0.5157549069028939,1.1785648377749363,2017-2020,SPY up
37,Inverse vol,0.754695974179179,0.2349747824532149,2.5038389451992162,3.7686321125909954,-0.10075911969889528,7.490100910314458,3.7592114137135852,0.7554734300806425,2.50532310533472,0.0007774559014634974,0.45356630419110644,11.255343697013902,0.12050139849985793,1.279492642157856,2017-2020,SPY up
37,Risk parity (ERC),0.799185783514301,0.2413466405311677,2.5480467212079194,3.8311284063219992,-0.10270245703534264,7.781564400540875,3.942654643672904,0.8002387068583054,2.5499568353389885,0.0010529233440044194,0.5991981841441995,11.261158640160211,0.12633999194911882,1.2991057741962968,2017-2020,SPY up
37,Most diversified,1.1112956291267109,0.30384561405591176,2.6079929595690574,3.9911502798659817,-0.1502432456655023,7.396642852091142,4.440861635131479,1.1144486066352632,2.6124142858067074,0.003152977508552368,1.5167290487046776,6.350164750952848,0.2081125605140305,1.3915608063501386,2017-2020,SPY up
37,Max decorrelation,1.6772707599785348,0.3996604526690139,2.66345135021759,4.159399861744051,-0.20880979478628892,8.032529133488088,5.431404017282826,1.6810972339772836,2.6668717619338653,0.003826473998748803,1.4457835242896797,5.72747818612083,0.2826262233023207,1.352583206193179,2017-2020,SPY up
38,EW,0.5306018802313279,0.21031293710314486,1.9314764067750736,3.1256171259865173,-0.13129182004697104,4.041393287422625,2.29407974792871,0.5310276547460779,1.9327501834607597,0.00042577451475001027,0.27989663030408424,11.999999999999998,0.08333333333333333,1.377659293649204,2021-2026,SPY up
38,Markowitz (λ=3),0.5010565239118137,0.24188773023647606,1.6281946916586394,2.5044986344883076,-0.14016591069888473,3.5747388320989266,2.0862932730700003,0.5039293740670212,1.6359726061354614,0.0028728501552075514,1.920894442661396,1.8162749497018602,0.7526433940723289,1.1526326441138122,2021-2026,SPY up
38,GMV,0.3655986610965354,0.1655806972377369,1.712917113261281,2.843887994728279,-0.08570594473495174,4.265732817334438,1.9686965951377322,0.3665184508655317,1.7167918391385333,0.0009197897689963153,0.6776026759088107,3.989397603986151,0.35552235263791654,1.4143277766193445,2021-2026,SPY up
38,Max Sharpe,0.5452771111270176,0.20943692389272606,1.9843028354411454,3.1803087375025094,-0.10644939513185014,5.122406853055647,2.6412143798182264,0.5477659456835788,1.991627967696242,0.002488834556561237,1.6211792484044159,2.342179448272227,0.5526059211122133,1.3004878275693694,2021-2026,SPY up
38,Inverse vol,0.46647926796237016,0.1855758155095221,1.9318198900176877,3.1184088122564457,-0.1181310020079035,3.9488301972682884,2.1385280573069037,0.46681657724864745,1.9330121196988224,0.0003373092862772875,0.23128740261670933,11.061625744217292,0.13125412423378677,1.4187373884365204,2021-2026,SPY up
38,Risk parity (ERC),0.4719495693743103,0.17801045861865647,2.027236266183766,3.2699660563469863,-0.1126736515120369,4.188641825670238,2.2191257168855207,0.472309798898104,2.0285571541169025,0.0003602295237936648,0.24601948526746387,10.558265813902466,0.13917022966733472,1.471686033411554,2021-2026,SPY up
38,Most diversified,0.5144855444070897,0.1770050096942422,2.198815228042635,3.65567711552371,-0.1032842819701898,4.981256921121667,2.5308673126166013,0.5154044958347708,2.2020142654650274,0.0009189514276810584,0.6111751438278474,4.986884041583508,0.2808459436183014,1.597336251301217,2021-2026,SPY up
38,Max decorrelation,0.5765952211164622,0.18829537737011748,2.291766394361705,3.7593288634352233,-0.11172503085710206,5.160841905283839,2.723320992243091,0.5776342768911771,2.2950505136271673,0.0010390557747148588,0.6637161940058018,5.705398899475161,0.24727743128110224,1.5685866282013867,2021-2026,SPY up
39,EW,0.4208809994676421,0.15563592373904536,2.2926492878711633,3.522867055438082,-0.06862417990987857,6.133129751355405,2.495970623504782,0.42145390385414805,2.294754238080953,0.0005729043865059236,0.40912665498541945,11.999999999999998,0.08333333333333333,1.7972196692441882,2012-2016,SPY up
39,Markowitz (λ=3),1.0994766835923713,0.5428601153712985,1.622195992562391,2.6777949754654222,-0.343982811690527,3.196312856996889,2.4763947041237007,1.1045985607969424,1.6266283379451862,0.005121877204571135,2.4628182581939306,2.2212234072706947,0.6745134877880469,1.1775069054244116,2012-2016,SPY up
39,GMV,0.039447854556282635,0.11454251215559211,0.33607451152418755,0.4625192701051195,-0.11526367689463601,0.34224011951607636,0.18325365024583767,0.04082009550339394,0.3474575963501917,0.0013722409471113028,1.327152080434609,4.180683528649491,0.3316783269731107,1.5493789165475627,2012-2016,SPY up
39,Max Sharpe,0.11257863058585738,0.21946144362507636,0.5647463913700046,0.8087775394236776,-0.13686542113417166,0.8225498424141369,0.4752852064552198,0.11537312787561649,0.576159733015993,0.0027944972897591125,2.512972546264718,3.1211701460830925,0.4160137039314393,1.462781748384569,2012-2016,SPY up
39,Inverse vol,0.2522949065326219,0.12100226728423467,1.8646327210319384,2.7461693770397604,-0.06136313556863959,4.1115061053294735,1.563522583045632,0.2527013739840418,1.866856226357586,0.0004064674514199229,0.3286188330141105,10.492582201543925,0.12923713464061884,1.7539148093050207,2012-2016,SPY up
39,Risk parity (ERC),0.2634921451467114,0.12362229276830788,1.8997629507705487,2.8069687137518256,-0.061911666422258316,4.255936891596596,1.627382084126883,0.26390412273794417,1.901974600980874,0.00041197759123279276,0.3299336864451212,10.53415076288122,0.14673830551449046,1.8040539739461834,2012-2016,SPY up
39,Most diversified,0.30819001162756,0.14038340411402578,1.9364698563947742,2.929361211546739,-0.06762407235297774,4.557400950639277,1.838578476834656,0.30929667464558785,1.941719723966869,0.0011066630180278647,0.8549092566604054,7.471061538682809,0.2481757877940136,1.8840286926492016,2012-2016,SPY up
39,Max decorrelation,0.5787135940243233,0.20530336731317472,2.295153400786431,3.6416356784664257,-0.07694120910831526,7.521503765422112,3.270654682087436,0.5801545956952345,2.2990470904067157,0.0014410016709112128,0.9251035954345612,7.974208802478433,0.1886839131480707,1.7774062014224499,2012-2016,SPY up
40,EW,0.6121275708262057,0.17002224050672196,2.634557533030039,4.273759120103015,-0.0905863406654025,6.757393734307171,3.2118123926880475,0.6126245665917509,2.6362488866819564,0.0004969957655451829,0.31027037436698934,11.999999999999998,0.08333333333333333,1.4845726925457448,2021-2026,SPY up
40,Markowitz (λ=3),1.2145793646025576,0.3448408462738641,2.3493486329088125,4.161625956156223,-0.16964275195238387,7.159630167656508,4.504402049779702,1.222673242887529,2.359250948668437,0.008093878284971545,3.7008705454009103,1.1697083825826362,0.9252176363502271,1.025921241735659,2021-2026,SPY up
40,GMV,0.3841632654533771,0.11910488331549934,2.4175152716283295,3.725705720297753,-0.07115462364984648,5.398992303632344,2.244539219923795,0.3855683180247751,2.4245888301205687,0.0014050525713980022,1.0247247704092097,3.9710443925086327,0.39182073200205747,1.5226136384616482,2021-2026,SPY up
40,Max Sharpe,0.9911448090890087,0.21842162820555322,3.061997589332504,5.527517176621821,-0.09087382461296811,10.906823976104201,5.192670137451993,0.9947692978231022,3.068471651181717,0.0036244887340934895,1.8541731316143701,2.8007506316560735,0.4785241422553419,1.4094542127264946,2021-2026,SPY up
40,Inverse vol,0.5431855010573208,0.14291837068358978,2.798328318739007,4.5650599216221,-0.0752180787348572,7.221475344671365,3.100053972622755,0.5437919457696712,2.8007387015360647,0.0006064447123503847,0.39619230434187924,10.91134368506886,0.12988284695648875,1.5268051280830455,2021-2026,SPY up
40,Risk parity (ERC),0.5508724899838651,0.13843993291594298,2.9202482646943144,4.791764847060399,-0.07286308873450775,7.56037795750173,3.186756027655644,0.5514329670813523,2.922481136373426,0.0005604770974871887,0.3645587823159333,10.148778768389455,0.15707593598402375,1.590847639365014,2021-2026,SPY up
40,Most diversified,0.5661661962409366,0.1441394585586619,2.878464980412975,4.803660423422893,-0.07792786467062374,7.265259976440273,3.1819984873589715,0.5671219044870806,2.881782690329017,0.0009557082461439936,0.6180047066675771,5.541870363690025,0.26338440365189747,1.7208629472959005,2021-2026,SPY up
40,Max decorrelation,0.598623407321804,0.17215351131674947,2.555102201989961,4.122336245695804,-0.10174775618222431,5.883406472863188,2.9671874356863244,0.5996929560997899,2.558377261227049,0.0010695487779859292,0.6776235889363877,6.295272969895446,0.2397182210525321,1.6527778603707013,2021-2026,SPY up
41,EW,0.5322453587301588,0.19097735444029013,2.138117362951304,3.371824806807445,-0.1329888332995337,4.002180826200428,2.284424327091662,0.5326507469029809,2.1396096275236154,0.0004053881728220965,0.2629928576443918,11.999999999999998,0.08333333333333333,1.8405291925008158,2021-2026,SPY up
41,Markowitz (λ=3),0.31596179943593117,0.27006685191679924,1.0148347857687976,1.5400517230189668,-0.1934882724108682,1.6329764874069115,1.076573850261387,0.3194075009621087,1.0250250991407794,0.0034457015261775137,2.5694589683901423,1.5730207554732372,0.7625369349812356,1.2393422469767938,2021-2026,SPY up
41,GMV,0.33355890469638916,0.13645031576503963,1.9086718637931976,2.8987201243045,-0.09976825119003929,3.34333719111728,1.6697293123874573,0.33466574751700806,1.9153494450702422,0.001106842820618903,0.8244251613334401,5.207921904485167,0.35482125000319253,1.9056982308629848,2021-2026,SPY up
41,Max Sharpe,0.3643328478240031,0.1689105405223847,1.7060514377311666,2.6640687119662894,-0.10071826920711913,3.6173461944106835,1.815145423798228,0.36624823094751213,1.7153713301146485,0.001915383123509029,1.3859939943485255,3.500833636861893,0.4318965766755384,1.6560395076636247,2021-2026,SPY up
41,Inverse vol,0.3391663652021919,0.15099304878896744,1.766382558814236,2.6770445157916476,-0.10810657348023278,3.137333413533898,1.6297724744115685,0.3394701218800935,1.7680710328678617,0.0003037566779016121,0.22443674332964425,10.413100103932269,0.1283667441171135,1.9294203135340176,2021-2026,SPY up
41,Risk parity (ERC),0.3800875529310972,0.14960661402110162,1.9828146490460197,3.0282446261271607,-0.10981731466352562,3.46108948389118,1.8115166212122489,0.3804654356356161,1.9848665035055186,0.00037788270451888373,0.27142821275230716,10.206447792155519,0.17157100130908765,2.010358892964886,2021-2026,SPY up
41,Most diversified,0.5059044693381682,0.15115117726658955,2.5421395362073285,3.964584221310761,-0.11985479608296601,4.220978099098934,2.3010845264765405,0.5068770259271744,2.547089974386826,0.0009725565890061905,0.6402349649866125,5.04344384364782,0.3798743064921252,2.155171461539644,2021-2026,SPY up
41,Max decorrelation,0.6209010926240672,0.19451756551210733,2.3922629687467802,3.818028259237598,-0.13987379756227225,4.439009331591502,2.588449004993464,0.6218986624697025,2.3959017228340556,0.00099756984563526,0.6082438818901118,6.9971768321791,0.24306145784045488,1.8614810577857417,2021-2026,SPY up
42,EW,0.5462012444667108,0.15244933560828228,2.9135806315260537,4.622288227948122,-0.046408414704959156,11.769444139369499,3.7306683879298217,0.5468255385211065,2.9163954653892334,0.0006242940543956799,0.4030111214789316,11.999999999999998,0.08333333333333333,1.536597891489563,2017-2020,SPY up
42,Markowitz (λ=3),1.1730632556526257,0.4816308178634078,1.8422322572957741,3.0904777060014843,-0.34944849231682773,3.356898889090261,2.610005986683127,1.1749638722170954,1.8441633648642513,0.0019006165644697148,0.8583142105706547,1.6072459856202286,0.7403056177898109,1.1637144486603743,2017-2020,SPY up
42,GMV,0.14149948083505293,0.11055111501585828,1.2200725304402584,1.7338768330479455,-0.07826813361667484,1.8078811170847544,0.7937452306496653,0.14262669719812782,1.2289633670391158,0.00112721636307489,0.98792910451509,3.08992378082952,0.4707520780180945,1.3690299099661236,2017-2020,SPY up
42,Max Sharpe,0.4563374457186107,0.3600405571924371,1.2123733157827294,1.900035011423792,-0.2984721095175201,1.5289115169128524,1.145218033631401,0.4596336242653234,1.2189415606472105,0.0032961785467127136,2.22184711332977,2.257574759026169,0.5966124186224607,1.3024999837394926,2017-2020,SPY up
42,Inverse vol,0.422321392813515,0.1306011210826163,2.7369487552216296,4.261609974935647,-0.0470287033880632,8.980077322750693,2.8723737820012767,0.42293543877785345,2.7404926609186564,0.0006140459643384499,0.4306902060204275,10.813037704332364,0.13419221270446427,1.5099886945637282,2017-2020,SPY up
42,Risk parity (ERC),0.43247161474571594,0.13383447729584616,2.727229648281341,4.229770823905075,-0.04629158654848531,9.342337279642594,2.956230258685329,0.43314030811959014,2.730992657489232,0.0006686933738742074,0.46549221724581236,10.989830956151835,0.1342045974269968,1.534439454379127,2017-2020,SPY up
42,Most diversified,0.4704311814373825,0.15767518868247626,2.5028956063946435,3.897055917948142,-0.06880169960291127,6.837493610658954,2.786886521545836,0.4719052089046736,2.509504191503096,0.0014740274672910836,1.0009051269699527,6.806674201227519,0.19858147752321953,1.6270971957146734,2017-2020,SPY up
42,Max decorrelation,0.6650381563046908,0.20327004893511025,2.5941661703855816,4.191411865029794,-0.09698386451920304,6.85720412979637,3.3761047278055574,0.6668929979897689,2.599921784764663,0.0018548416850781013,1.1110876307473516,6.710330635306402,0.21724871973521495,1.5946392306789052,2017-2020,SPY up
43,EW,0.03577472268682702,0.27330965771498783,0.12984118333388503,0.18589879536773254,-0.21270450828303633,0.16818977169596802,0.1144042434285804,0.0360623285515278,0.1308459100597046,0.00028760586470077953,0.2718316063799874,11.999999999999998,0.08333333333333333,1.4955433868767654,2021-2026,SPY down
43,Markowitz (λ=3),0.07934090018567308,0.28556144894301133,0.28114467004836935,0.3878489280283515,-0.17261540006802167,0.45963975493732084,0.29103601691568537,0.08184819769040086,0.28927261410019567,0.002507297504727779,2.2952115424444157,1.4422787210205907,0.8118754384771354,1.2108723475247598,2021-2026,SPY down
43,GMV,-0.015554871539840032,0.16981528687984188,-0.22470196533508768,-0.3078274199042586,-0.13843758741799628,-0.11236017493481663,-0.06523665881827327,-0.014620823951810524,-0.21920441784924008,0.0009340475880295074,0.9418740574002349,3.2997853330925464,0.5126215360898452,1.6654454684484734,2021-2026,SPY down
43,Max Sharpe,0.052243058111857366,0.2728823423161832,0.18812675241993349,0.25737846547323767,-0.18121430543131734,0.2882943374007423,0.18577667317360924,0.054484732315766005,0.1958995112382927,0.002241674203908639,2.1026401601392677,1.559316028524935,0.7770528520212897,1.2348852390645766,2021-2026,SPY down
43,Inverse vol,0.01838591014567781,0.238252952262872,0.04048608849404275,0.05719190809070406,-0.19121027136772983,0.0961554523936561,0.06313620072301895,0.018610852866302707,0.041400616372685,0.00022494272062489884,0.21726149044695797,10.890518840800052,0.14868796267142081,1.5764025908259374,2021-2026,SPY down
43,Risk parity (ERC),0.033964064705049646,0.21742573300164744,0.09244940537938795,0.1304788212806406,-0.17470247691979857,0.19441089390301936,0.12363945562444167,0.0342467014186949,0.09369709759020432,0.0002826367136452568,0.269713563667779,9.425115615367435,0.19811284844212435,1.6876160512272393,2021-2026,SPY down
43,Most diversified,0.06351797758202915,0.1953663873176116,0.22407227451677156,0.31149015364417887,-0.15462429949159762,0.41078910488762316,0.24945764292274547,0.06435907073805014,0.22812706479119302,0.0008410931560209889,0.7821505943058238,5.129025248184746,0.321490261420609,1.8241903056984183,2021-2026,SPY down
43,Max decorrelation,0.1305819560410808,0.2347828341877308,0.48301381903978857,0.6856985944621656,-0.18091998329854198,0.721766350296436,0.46483683541411686,0.1314441911780262,0.486319607478962,0.0008622351369453884,0.749991430510962,6.353580916296089,0.22447343611893816,1.7493119056874211,2021-2026,SPY down
44,EW,0.3822646683597639,0.0931533289842713,3.359791161741197,5.259712192208686,-0.036806554402489144,10.385777059694352,2.794198494577455,0.38270718022759964,3.3629973605339964,0.0004425118678357265,0.3211169756782696,11.999999999999998,0.08333333333333333,1.765190893688188,2012-2016,SPY up
44,Markowitz (λ=3),1.4100692336798533,0.3981854410912423,2.3700112696116618,3.8687884991586743,-0.1974271741614838,7.142224669267158,4.740889051765918,1.4117978728330969,2.3718200350079277,0.0017286391532436163,0.7196306194543439,1.4271217502674194,0.8200923451364142,1.0862518074306635,2012-2016,SPY up
44,GMV,0.183589186830307,0.07154920183160093,2.1782765426162287,3.3608180056525394,-0.041560880016295654,4.417355618031267,1.296892099068424,0.18465635190190155,2.190967591642468,0.0010671650715945447,0.901612558257995,5.408837256732269,0.31275922636777653,1.7025769203198728,2012-2016,SPY up
44,Max Sharpe,0.6151416068740996,0.18173356141547015,2.6464607360536765,4.246461372667857,-0.0770234899887473,7.986415663117424,3.474915147776161,0.6180236780747168,2.655714595376847,0.002882071200617231,1.7939283752912254,4.36653731115105,0.355205373171921,1.6361016428364454,2012-2016,SPY up
44,Inverse vol,0.2566759293909686,0.07341133741672524,2.941893110318805,4.448280483133109,-0.032180673112691016,7.976089514726277,1.9418567279661134,0.2570635280625544,2.9458846552431535,0.000387598671585776,0.30906227013900434,10.85057252101165,0.12760999070141416,1.783190996300426,2012-2016,SPY up
44,Risk parity (ERC),0.2802800784128545,0.07283735481948399,3.220226008352379,4.914395442184826,-0.03292030681142777,8.513896301706389,2.108632496692052,0.2807217027696314,3.224682364183717,0.00044162435677685963,0.3456971858224304,10.671214180855022,0.13960997476262443,1.8552102467356888,2012-2016,SPY up
44,Most diversified,0.37957426427723484,0.08030761627900802,3.8589486858996898,6.115525372642901,-0.036362210440382015,10.438701599276238,2.783573711891286,0.38050120387767605,3.8661699667255234,0.0009269396004412123,0.6744880263311148,6.691373961898188,0.26419258932575557,1.974387550570086,2012-2016,SPY up
44,Max decorrelation,0.5074176060077633,0.10737387480595639,3.736419891199396,6.05999654131123,-0.04195682280896329,12.09380434543683,3.5744502868355577,0.5083886748115729,3.7418420526539036,0.0009710688038095938,0.6468883544012484,7.545514442471207,0.21129198006025068,1.8613541310565285,2012-2016,SPY up
45,EW,0.46815016927328656,0.21395719138108243,1.821866710153858,2.6589508178955694,-0.16541407845797562,2.8301712504611434,1.7638482931771504,0.4685859886698791,1.8231984111442097,0.00043581939659254054,0.2988700246401038,11.999999999999998,0.08333333333333333,1.5965258743582964,2017-2020,SPY up
45,Markowitz (λ=3),-0.24290987968656397,0.22331324358666568,-1.2107973324555625,-1.480493040768313,-0.2795172859405487,-0.869033479876551,-0.6400495805732964,-0.23984539959382956,-1.193727844207051,0.003064480092734412,3.999999999999994,1.0000000000000024,0.9999999999999988,1.0000000000000013,2017-2020,SPY up
45,GMV,0.1611394805930355,0.14481260107076593,0.9844598767501714,1.3876718516679032,-0.12907888792908184,1.2483798332812435,0.7034235326082123,0.16185016501927052,0.9887137879606425,0.0007106844262350087,0.6116310253294328,4.5086294585306765,0.32312433218215275,1.5815261713467546,2017-2020,SPY up
45,Max Sharpe,-0.02504705819225339,0.17534832770516956,-0.15564934569319877,-0.20014749884193211,-0.1489995441468197,-0.16810157598584843,-0.10059077930473913,-0.02251420526408432,-0.1409233574572157,0.0025328529281690715,2.587631897586734,2.1181390993468976,0.6131324362538265,1.3416057206621712,2017-2020,SPY up
45,Inverse vol,0.35874720093365475,0.180919392903779,1.6899809431369863,2.421668538457133,-0.1456977689339769,2.4622696940282003,1.4601158264080782,0.35908093560592236,1.6912883382254476,0.0003337346722676049,0.24699646610056275,10.770932930928218,0.1202552192357125,1.607449064965115,2017-2020,SPY up
45,Risk parity (ERC),0.3562418679353061,0.17729109456461195,1.7105165276279835,2.4522363423441016,-0.14938252749407677,2.3847626219166203,1.428495699017115,0.3565828079917772,1.711873514300986,0.00034094005647111736,0.25293217597134243,9.888252012142008,0.18216253863275544,1.6945489975218995,2017-2020,SPY up
45,Most diversified,0.3626584578471026,0.18758155903955237,1.651922615547685,2.3709451967954194,-0.16234570625890055,2.233865411067624,1.382368566342026,0.36347236633925983,1.6549977213597227,0.0008139084921572337,0.6005645563828943,5.237633319031208,0.33519348095233115,1.8408385486116856,2017-2020,SPY up
45,Max decorrelation,0.5294623790993445,0.23953277094636002,1.822475881171345,2.710173943762356,-0.18375094829328664,2.881413043127617,1.8659404745040327,0.5303750661799174,1.824848753999643,0.0009126870805729048,0.6019850853379853,6.647774313338868,0.23714085320993764,1.7609716705595542,2017-2020,SPY up
46,EW,0.42797043656539646,0.09477941453908849,3.639006152413487,5.706088099877694,-0.03641245710861085,11.75340722788492,3.137326646236192,0.4282752365645066,3.64100851370766,0.0003047999991101502,0.2143648168570483,11.999999999999998,0.08333333333333333,1.8321757230480515,2017-2020,SPY up
46,Markowitz (λ=3),0.8252349700548136,0.3336188426998883,1.9237270329209488,2.9332597730115304,-0.19685970709434897,4.191995316031346,2.7798820464123635,0.8299085173185772,1.9311921096132985,0.004673547263763567,2.5789578731699785,1.4068136211234359,0.8301414524431385,1.058526761925044,2017-2020,SPY up
46,GMV,0.2986670547565069,0.06859370950931463,3.6120750013750125,6.41059101595494,-0.02807255329125613,10.639112575824512,2.3320145267760326,0.3004141061391168,3.629846240889009,0.0017470513826098877,1.348194828172169,6.314451472238991,0.2212611632107909,1.7825652585845972,2017-2020,SPY up
46,Max Sharpe,0.3084893748631723,0.09907999539324101,2.6022369448327205,4.16580719289159,-0.03675353141037585,8.39346215248538,2.255805547993084,0.31083681818509823,2.619072961471209,0.002347443321925935,1.7992384101631784,4.007907767295377,0.3962918317063541,1.7016485467302316,2017-2020,SPY up
46,Inverse vol,0.3799886471742131,0.07897740378611492,3.916596296704623,6.4411193809004414,-0.026668489623253966,14.248600222296679,2.9998671990516437,0.3802797774593809,3.918925729853889,0.0002911302851678066,0.21177011057335554,10.961128691128483,0.12580106633128085,1.8662841157309058,2017-2020,SPY up
46,Risk parity (ERC),0.3802018255137287,0.07706248018998214,4.013951965791967,6.6747017703807705,-0.028153535959486886,13.504585216608014,2.966768124399796,0.3805512549256642,4.016950235704293,0.0003494294119354979,0.25390118260600264,10.836885874631715,0.12457857595450991,1.9176202610008208,2017-2020,SPY up
46,Most diversified,0.4022090937674738,0.07772294341023078,4.18410247597531,7.3057321310339525,-0.030899582086361566,13.016651572935045,3.072653765251249,0.40345593263383295,4.195502101896002,0.0012468388663591234,0.8900770372859707,6.805894850859197,0.23249196587627116,2.0258014903721726,2017-2020,SPY up
46,Max decorrelation,0.4364201458341068,0.09399031958657827,3.731511177626797,6.062624758513006,-0.04331711567766672,10.07500474135019,3.045136261433391,0.4377443213908856,3.741199722020998,0.0013241755567787727,0.9230811661391705,7.655755370000694,0.1947506536107047,1.9658830480467113,2017-2020,SPY up
47,EW,0.08765747948957503,0.12196112683345295,0.6702318374122583,0.9726276522256259,-0.06969328384395646,1.2577607863311546,0.5165642240159696,0.08785415977861488,0.6717055312788709,0.00019668028903985224,0.18112178927983114,11.999999999999998,0.08333333333333333,1.6604853406459696,2012-2016,SPY up
47,Markowitz (λ=3),0.40610818930833825,0.20984275322754933,1.6834651311882194,2.5750609115733543,-0.10842172279337281,3.745634904568785,1.9484926228680577,0.4092609158549301,1.6946541028133681,0.003152726546591822,2.227943312182497,1.1265383359722567,0.9430141719543752,1.0493779544148372,2012-2016,SPY up
47,GMV,0.03485361719988034,0.1161268919684556,0.26929826731961415,0.3856519177054615,-0.070429411360178,0.49487304418374245,0.2045047091444929,0.03565231630480126,0.27592046233940165,0.0007986991049209191,0.7734521290572618,6.362602452636413,0.2576252167340898,1.6322411006914233,2012-2016,SPY up
47,Max Sharpe,0.10416355652917031,0.13886586497641737,0.7129739160952455,1.0217549576794873,-0.07295584061799332,1.42776172060829,0.6022552124113335,0.10652708470611505,0.7283755690421232,0.0023635281769447403,2.1392247240065485,4.0416625213242305,0.3399866151669422,1.658462852469273,2012-2016,SPY up
47,Inverse vol,0.06871795479046594,0.11856879696920128,0.5377812284910433,0.7787385543060112,-0.0687238321149114,0.9999144790931386,0.40728066645418975,0.06890924599865089,0.5392874204717163,0.0001912912081849516,0.17914219001328896,11.522353765521496,0.11078477615041409,1.629686993402541,2012-2016,SPY up
47,Risk parity (ERC),0.07801302087363826,0.11917322983403693,0.6083384756391298,0.8811195658287853,-0.06717805728281379,1.161287242130421,0.4666462940268785,0.07822231824640724,0.6099525372886528,0.00020929737276897953,0.19463052522842722,11.595159269195985,0.11004966763136224,1.6812878110258325,2012-2016,SPY up
47,Most diversified,0.09681494686826198,0.12774022618784192,0.7112087965621485,1.0209770416754016,-0.062044857128457975,1.5604024466978115,0.5974576952572692,0.09809080928940017,0.7202680177442794,0.0012758624211381964,1.1642183165549742,7.033890539938776,0.2056944765142766,1.7807383200533684,2012-2016,SPY up
47,Max decorrelation,0.1334975806477141,0.1326309285205155,0.9379009997701558,1.358668681545445,-0.064698925431943,2.063366273187035,0.8105552619581484,0.13467283406493702,0.9456605892043413,0.00117525341722291,1.0380448542417278,6.8325719917557475,0.2329643146749465,1.7555307199207917,2012-2016,SPY up
48,EW,0.30955611110702774,0.14599138042349752,1.888334656285923,2.8270833191052875,-0.05327762491736099,5.81024607585606,2.019577947361356,0.30999701974684246,1.8905037104327942,0.00044090863981471884,0.3386862246998707,11.999999999999998,0.08333333333333333,1.6150459576924399,2021-2026,SPY up
48,Markowitz (λ=3),0.039172969597472074,0.457650548088368,0.2977801054112517,0.4561786918831028,-0.3532358425845342,0.11089749361461652,0.08642954929180346,0.04040801036929609,0.3003959431920671,0.0012350407718240142,1.2151491008561939,1.9912587906213335,0.688365960265156,1.2281102953668073,2021-2026,SPY up
48,GMV,0.2434648280744165,0.1265847025017598,1.747500483539367,2.6205024732409536,-0.08182591578444753,2.9753999786054495,1.3389995976318423,0.24443710923406692,1.7538923873696697,0.0009722811596504233,0.7802261025071164,3.9822749654270124,0.3510882353725371,1.4514795403182212,2021-2026,SPY up
48,Max Sharpe,0.09168324240757464,0.27150650520597597,0.43973877470041045,0.6565070058317978,-0.2544004736386999,0.36038943283487507,0.25869954818695534,0.09389256522068345,0.4471203905326249,0.002209322813108816,2.0483268040530516,3.469632583889932,0.48626299825714164,1.504380702097606,2021-2026,SPY up
48,Inverse vol,0.2677461985661074,0.12734912365344223,1.8898016414045877,2.797726845676889,-0.055122050161132696,4.857333821645459,1.7260357137362907,0.26813767534713984,1.892159758321357,0.00039147678103246264,0.3096759991605872,10.870899138455925,0.12177357519319416,1.58551830721267,2021-2026,SPY up
48,Risk parity (ERC),0.2659655111604895,0.1293114252108328,1.8521794019742854,2.734244631202281,-0.05817370014590573,4.571920137337322,1.6814774574733493,0.2663768107534026,1.8545944892063622,0.0004112995929130836,0.3261061561673806,10.901764525401614,0.13693515850415994,1.6406359913582271,2021-2026,SPY up
48,Most diversified,0.2912757512483457,0.15494290655041776,1.6970221366032812,2.5023222282453683,-0.08822920949161706,3.301352839118668,1.547452449250805,0.29293984429052333,1.7049765370090855,0.0016640930421776279,1.2948616317299155,5.646410031046509,0.27655657371866416,1.7902344384531854,2021-2026,SPY up
48,Max decorrelation,0.3441245789717329,0.18798331320297307,1.6422606683571632,2.4864800728101732,-0.09667250941352423,3.559694281853314,1.7497340121296538,0.3456996449236982,1.6479628045489072,0.0015750659519653265,1.185282563726989,6.12808240342183,0.2311195416980159,1.704237868264524,2021-2026,SPY up
49,EW,0.37048274335786036,0.14445570710735406,2.089527271846042,2.975748711404599,-0.10203599470589819,3.6309024518819593,1.8337462287211168,0.37074170497347936,2.0909422714369232,0.0002589616156190022,0.18804663375800368,11.999999999999998,0.08333333333333333,1.8271235611545573,2017-2020,SPY up
49,Markowitz (λ=3),0.16954138176201483,0.22854628462312063,0.6954031618188572,0.92056330154271,-0.17444569467442794,0.9718863058124413,0.6177593055818931,0.17218480509919565,0.7053465369857161,0.002643423337180817,2.2528162262380116,2.444610122496461,0.4631888806714411,1.2550939086917765,2017-2020,SPY up
49,GMV,0.18866593734118564,0.11332759285426097,1.3707570253138208,1.9018258798980285,-0.10271421543336845,1.8368045410771285,0.9306990974355203,0.18993622520277342,1.380590879190315,0.0012702878615877822,1.0647609651810324,5.514906764920116,0.34438654061545104,1.8594975570395338,2017-2020,SPY up
49,Max Sharpe,0.2396812837223643,0.12053704399752915,1.6443971186015922,2.3898294873028365,-0.0899044755423235,2.6659549736156545,1.2621149819554789,0.2416855151189261,1.6585619713735642,0.0020042313965618064,1.6096978195695264,3.6550487393684747,0.4242555209189979,1.8033638619476378,2017-2020,SPY up
49,Inverse vol,0.29082052669878244,0.1282916573408845,1.8682823376545217,2.580627161143366,-0.10197066307174352,2.852001918376953,1.4399146998664747,0.2911082933278002,1.8701640661382584,0.0002877666290177494,0.22178954695359349,11.11604508120738,0.11701373889108377,1.865534397711415,2017-2020,SPY up
49,Risk parity (ERC),0.2991049219140507,0.12316975592605067,1.9927229456658284,2.7808158090452046,-0.10121194365328734,2.9552334548446924,1.4865167369460177,0.2994366616383095,1.9949601007648976,0.00033173972425881715,0.25428102302522293,10.515378219419828,0.16660246599498704,1.9488704610380168,2017-2020,SPY up
49,Most diversified,0.342832766805242,0.1201215713592827,2.3160849823028387,3.3718230597469447,-0.0992638197803517,3.4537535182894743,1.720496812633353,0.34380701654297785,2.3228408898763075,0.000974249737735855,0.7214462732882597,6.296686561607233,0.30968534699757255,2.0674954370734984,2017-2020,SPY up
49,Max decorrelation,0.5137772209207441,0.16724625895862708,2.421157761080993,3.814750702825444,-0.10242638069766352,5.0160634147298735,2.5380941908362353,0.5148808791310979,2.425971640875239,0.0011036582103538528,0.7244595924760312,7.388213450581276,0.2285717716687956,1.8552409196216626,2017-2020,SPY up
50,EW,0.2368009678299663,0.14594124803540096,1.481051332378721,2.1536483757317995,-0.05626526053759395,4.208653182575177,1.515378191002326,0.23712882030603266,1.4829580825051358,0.00032785247606637036,0.26385462858147224,11.999999999999998,0.08333333333333333,1.6800057080718562,2012-2016,SPY up
50,Markowitz (λ=3),1.1651060018255777,0.5871808333590453,1.595492930173238,2.522560290852966,-0.34556460687715995,3.371601080199007,2.614898005457583,1.169146681209825,1.598453779551255,0.004040679384247348,1.9412594589548289,1.2567195538827658,0.8848542220532398,1.0397069421804317,2012-2016,SPY up
50,GMV,0.02398060832526272,0.12128416894804955,0.19742315936962468,0.2731649426246232,-0.09815083802097335,0.24432403032706074,0.12102198791975072,0.025297888219060427,0.20812194777655593,0.001317279893797707,1.2689839202378081,4.555264323762037,0.35769706387294004,1.4315732956277347,2012-2016,SPY up
50,Max Sharpe,0.08742142531854857,0.18126163492597566,0.5136261968077056,0.7317994126988971,-0.11627615153196924,0.7518431266149423,0.40421204418197826,0.08954842975067545,0.5246667652331588,0.0021270044321268777,1.9301022641896903,4.122750476003457,0.4013489290412914,1.6136268910111355,2012-2016,SPY up
50,Inverse vol,0.16191479619980775,0.11988713975786768,1.2527905983874352,1.7899830543227644,-0.04838994279497577,3.3460423147393974,1.0911440030913597,0.16225218319195767,1.2553992976188255,0.00033738699214991286,0.2881519261604002,10.880513299380183,0.12245695850209151,1.6045315631860655,2012-2016,SPY up
50,Risk parity (ERC),0.1709094532591573,0.12538191004353788,1.2647933366567627,1.810441041460255,-0.04562997750789921,3.7455519944004,1.1735870332733305,0.1713244622650083,1.2678376673070098,0.0004150090058510081,0.3516144772933359,11.120232530372268,0.1306040134818954,1.6523949772109336,2012-2016,SPY up
50,Most diversified,0.20342586334563917,0.15314597830651075,1.2396607447167212,1.7821843159242705,-0.059780520721449015,3.4028787452942137,1.273158094786026,0.20448301472659525,1.245816768670327,0.0010571513809560784,0.8697200360979056,7.144612648269279,0.2286207441324727,1.7464940279260275,2012-2016,SPY up
50,Max decorrelation,0.3889846130933936,0.2286242373344147,1.520980031937151,2.2517129538127043,-0.11784578750477648,3.300793531356625,1.785596212572459,0.3900263203989356,1.524360692845545,0.0010417073055419834,0.7467451270789853,7.277240042919013,0.22220750752661983,1.595446872756944,2012-2016,SPY up
51,EW,0.37613622017207415,0.1743256481712241,1.894207453042965,2.8138424455289806,-0.06856052412035918,5.486192309611877,2.231460907795335,0.37642388088212186,1.8953729635030874,0.0002876607100477102,0.20989139674528906,11.999999999999998,0.08333333333333333,1.5358029956094126,2017-2020,SPY up
51,Markowitz (λ=3),0.5143447655992919,0.3197914417371989,1.4438267643879805,2.2067207744955253,-0.1816040607853826,2.832231632788972,1.8264820619589244,0.5173948460115243,1.4500903478882905,0.0030500804122324254,2.0192935493227524,2.2867861698117857,0.5042815403573992,1.3012309181065131,2017-2020,SPY up
51,GMV,0.12540219792744134,0.12618401953072192,0.9644701977627309,1.3183642627467798,-0.09413322721773909,1.3321778253429488,0.6459594770285805,0.126448667801474,0.9716114638650818,0.0010464698740326739,0.9340635705531203,3.8979563689590018,0.42878188198515377,1.592690045889812,2017-2020,SPY up
51,Max Sharpe,0.39017699919559523,0.24646642155018633,1.442279958249175,2.154685864445106,-0.15138885793318424,2.5773164849938994,1.5520854917893738,0.3938632970574554,1.4526220927208837,0.003686297861860144,2.672440489006342,3.3771678015292412,0.4321314586744496,1.4423801732511992,2017-2020,SPY up
51,Inverse vol,0.3363588172468792,0.1586917878487677,1.879468343804005,2.753143697743707,-0.0688795649023749,4.883288936618731,1.9917082178730146,0.3366865027797148,1.8809426606684372,0.00032768553283557544,0.24651180620400165,11.367367583074897,0.12522781263187469,1.5519174621510774,2017-2020,SPY up
51,Risk parity (ERC),0.3103078085275275,0.1526872517718409,1.8181801317640078,2.652643672142617,-0.0660087212014333,4.701012273523479,1.8692259435635499,0.3106697647817567,1.8198633660637582,0.00036195625422918987,0.2782561240763215,10.962016925981217,0.14093109863143932,1.6109542793999383,2017-2020,SPY up
51,Most diversified,0.23092117604802853,0.13761647280998565,1.5467732824745575,2.2526942481697936,-0.06554116747298033,3.5232997053832906,1.394947127491532,0.23189835987388618,1.5523278841723183,0.0009771838258576526,0.7969749291710014,5.9599510410168355,0.23372971647675692,1.7294361744061457,2017-2020,SPY up
51,Max decorrelation,0.2721724780624486,0.15332653028199186,1.6182424078324746,2.4167666049238434,-0.06613909332074519,4.1151528452700905,1.638220557379576,0.27320884135095347,1.6234165954006199,0.0010363632885048712,0.8172058188779107,6.135130120309256,0.23075359095151576,1.7088708133105848,2017-2020,SPY up
52,EW,0.13589323432870337,0.17846174423752217,0.7446374074476554,1.110459824554413,-0.133258166417781,1.019774157049866,0.5825872526379612,0.13609228859106315,0.7456162933432106,0.00019905426235977686,0.1755045961417881,11.999999999999998,0.08333333333333333,1.5969759752929344,2012-2016,SPY up
52,Markowitz (λ=3),-0.06978532007799809,0.2349239704815352,-0.23497085295723485,-0.3298878040226525,-0.1648859732949517,-0.423233818398637,-0.2634541920431998,-0.06854655990838054,-0.22923750846099925,0.0012387601696175476,1.3387965650577858,1.7921214056431747,0.6820889342336693,1.2273898435503758,2012-2016,SPY up
52,GMV,0.15283363348660162,0.14762357335163173,0.9668086522328914,1.3954748233978391,-0.10630266025946322,1.437721625343766,0.7408224076916189,0.15419809388952088,0.9747970892812463,0.0013644604029192653,1.1843340324888008,6.047462527787061,0.2394855570873452,1.4555906247278791,2012-2016,SPY up
52,Max Sharpe,-0.033072009275831205,0.20788756240374548,-0.10804184492053615,-0.15000027640340463,-0.1444365899721547,-0.22897251508227254,-0.1352989308171851,-0.031400524477108616,-0.09964604187732029,0.001671484798722589,1.7394041560208175,2.2219555594902305,0.6052581862930562,1.2945421257119072,2012-2016,SPY up
52,Inverse vol,0.10472173357812031,0.16061490155921374,0.6354228310525397,0.9251332850421577,-0.11723599585370026,0.8932558026700554,0.4820643704399993,0.1049238395950507,0.6365646537219792,0.00020210601693038122,0.18286651920004582,11.308341931397614,0.1112332695220814,1.5220478178354098,2012-2016,SPY up
52,Risk parity (ERC),0.12523449129868824,0.16543024689894179,0.7328841385862461,1.0780537378978574,-0.12223145650221146,1.0245684284750585,0.5635317936974508,0.12549854150745676,0.7342981087214324,0.00026405020876851815,0.23498079164842592,11.628688309552906,0.10715429491546721,1.575591809168034,2012-2016,SPY up
52,Most diversified,0.20671465102845277,0.1972706319740318,0.9978594792001182,1.5625236237154434,-0.13327702421721255,1.5510149048012423,0.8861337790213467,0.20766675878111185,1.0018221874771414,0.0009521077526590815,0.7911679086922261,7.62331282200836,0.18200084950068002,1.6873726833951728,2012-2016,SPY up
52,Max decorrelation,0.3046924761209484,0.277753342685424,1.0561037683680568,1.7848815286541255,-0.175516557838593,1.7359756815715761,1.1058953353338847,0.3056262447124445,1.058650420976027,0.0009337685914960758,0.7194300762819857,6.6962521744483805,0.2618908764801768,1.5887542149069722,2012-2016,SPY up
53,EW,0.5320930681195704,0.16698746215225624,2.6229985607581146,3.9781798418104315,-0.08223959757750132,6.4700349198345,2.9197445296886495,0.5327754586213171,2.625773964659751,0.000682390501746788,0.4448997021573749,11.999999999999998,0.08333333333333333,1.3984689641857737,2017-2020,SPY up
53,Markowitz (λ=3),0.74878768895093,0.5015035819539087,1.3557226184337174,2.210400119313952,-0.34495959453768354,2.1706533194255946,1.6828217621173585,0.7511328667925006,1.3583746224417912,0.0023451778415706226,1.3515520412643252,1.596281325939843,0.7468153580379085,1.1196755589892335,2017-2020,SPY up
53,GMV,0.32510520992762015,0.12998399506710961,2.20933907009949,3.3863200151849155,-0.09843835889631192,3.3026272844518187,1.6383183762242977,0.326351319690358,2.2170218220194178,0.0012461097627378681,0.9374261648842731,2.87732845014852,0.49355352269771424,1.2164623408994768,2017-2020,SPY up
53,Max Sharpe,0.5538398868218866,0.39747248301362476,1.2980790244519382,2.0775287650051477,-0.30054370689960064,1.8427931582240775,1.3827202307305526,0.5570515088051617,1.3033880837078389,0.0032116219832751813,2.050820631601076,2.511133067976277,0.5374712610547017,1.309953689832255,2017-2020,SPY up
53,Inverse vol,0.4835909990817011,0.1467779378944465,2.7430883867583713,4.1632759513520305,-0.07826321438948491,6.179033187610477,2.712791872052243,0.4841933741599673,2.746039798517504,0.0006023750782662152,0.4050934335281011,10.951338797954495,0.13363848800858236,1.3779581170343524,2017-2020,SPY up
53,Risk parity (ERC),0.4836706998711173,0.14783049109990065,2.7249632564108692,4.122120253178564,-0.07829779669052916,6.177321972198251,2.7127127134982087,0.48432089628605857,2.728157785907008,0.0006501964149412398,0.43692575673686707,10.878962445791599,0.13813601349604487,1.4128195122708238,2017-2020,SPY up
53,Most diversified,0.4692429163009597,0.1754229354684744,2.2658157919782798,3.42287653203724,-0.09029619721447302,5.196707400494466,2.46585545675461,0.47067754431505926,2.2718118211063754,0.0014346280140995482,0.9711711081844285,4.348453566621706,0.35133659547017226,1.5793352803728542,2017-2020,SPY up
53,Max decorrelation,0.5797207598308833,0.23000019724789883,2.0915358521104617,3.271466078071793,-0.13025425302982874,4.450685842082446,2.5177418102057043,0.5813143961691503,2.0961466396410158,0.0015936363382669239,1.003977195817826,4.851989425283179,0.27332907530729367,1.5114902837480302,2017-2020,SPY up
54,EW,0.03492081017032156,0.19443452159908914,0.2197310629019485,0.3158328207900065,-0.16247202995191867,0.21493428857050587,0.13304583416647703,0.03521177297861233,0.22117698850517364,0.00029096280829077337,0.28135714294079694,11.999999999999998,0.08333333333333333,1.564801872007275,2012-2016,SPY up
54,Markowitz (λ=3),0.22909489091461244,0.37461053781807213,0.7075124440754238,1.1255606539250798,-0.27797737594440763,0.8241494119306632,0.6061074167261995,0.2316670055924943,0.7130807061828418,0.002572114677881876,2.09931654830265,1.3652166875422058,0.8682616173411392,1.0726387009412226,2012-2016,SPY up
54,GMV,0.02685523197846007,0.14939384196576866,0.18217572457550363,0.2517584239625307,-0.11227642755902989,0.23918851500989197,0.12651066483108286,0.027745646327951068,0.18798046863845846,0.0008904143494909977,0.8657108554863515,4.4217765255326364,0.28716710967726256,1.3436298464794216,2012-2016,SPY up
54,Max Sharpe,0.15206671211600264,0.21005964166743965,0.7288110851941332,1.103862646282396,-0.17870391175961997,0.8509422687990857,0.5456210182193605,0.15417154621588747,0.7374745089246413,0.0021048340998848225,1.8291343911263753,3.7682467311487193,0.3568013272768435,1.3957760228625455,2012-2016,SPY up
54,Inverse vol,0.04805202394967667,0.17429865267321362,0.29628643038646724,0.4260807458033115,-0.12933223707475894,0.3715394169042385,0.20953017579474628,0.048334502195420015,0.29783363001757657,0.000282478245743345,0.2693937031662653,10.850176615434385,0.12181442920507661,1.5596477674118472,2012-2016,SPY up
54,Risk parity (ERC),0.0488898265870612,0.17591458596575463,0.29971781291743976,0.4303885896114769,-0.13305819218397974,0.3674319167019884,0.20977519017424978,0.049213774538664934,0.3014740698513669,0.00032394795160373135,0.3087784025332125,11.044315630282203,0.1179799108681223,1.5716722725783072,2012-2016,SPY up
54,Most diversified,0.0785548515083474,0.19278414625617346,0.4343010536418711,0.6239564129140115,-0.15308757344726054,0.513136695157102,0.31038604716290824,0.07937675038001513,0.4382416938001888,0.0008218988716677256,0.7638485422887932,7.836274098066344,0.20980092508731357,1.6136266750953785,2012-2016,SPY up
54,Max decorrelation,0.0606109607601546,0.2149468445061529,0.33240546779223257,0.47398066959069224,-0.19699560662094973,0.3076767132009169,0.20408032781949972,0.061455694674056316,0.3361035400889701,0.0008447339139017185,0.7990161526473483,8.02873506311785,0.18020064600440555,1.5835045666902745,2012-2016,SPY up
55,EW,0.4229622524086196,0.11784641586317857,2.9522276815808692,4.564831228239741,-0.04823115567798175,8.76948201765168,2.8533964433729797,0.4233285652062644,2.953989705589886,0.0003663127976447633,0.25981424082473564,11.999999999999998,0.08333333333333333,1.5835659049389266,2012-2016,SPY up
55,Markowitz (λ=3),1.9794342992422185,0.47667752890307663,2.492755594679486,5.00511162899389,-0.19742717416148314,10.02614917449593,6.655189811834468,1.9846591291816882,2.4961890298882863,0.005224829939469711,1.7887153637379178,1.0915450798490525,0.9577390548340841,1.0280643527196698,2012-2016,SPY up
55,GMV,0.14674862389206522,0.09752652748744557,1.3298448647701917,1.8990349237258513,-0.11218540023259116,1.308090211273615,0.6916056605742141,0.1478982056746685,1.3395751828296327,0.0011495817826032706,1.0067001758068133,3.39644152555156,0.4118826410904044,1.3318062588729367,2012-2016,SPY up
55,Max Sharpe,0.9335020386403718,0.26259448548718367,2.5940735220832334,5.217331779349816,-0.07453699333209463,12.524009849461132,5.348448032814344,0.9362673761435549,2.599298079432515,0.002765337503183085,1.4398128513244384,3.1625764441822577,0.43728810472618723,1.3183433621441378,2012-2016,SPY up
55,Inverse vol,0.3276871151191896,0.09907420592047224,2.7907540047816193,4.229160069682813,-0.04753804603771494,6.893154902900608,2.221034668138572,0.3279902164709365,2.792603445074218,0.0003031013517469372,0.23017058484738923,10.671852010586818,0.1345397479802113,1.5659509577898767,2012-2016,SPY up
55,Risk parity (ERC),0.3362702622273466,0.10135034727295524,2.7939725789477317,4.235812729360332,-0.04977732491281395,6.7554908347592235,2.245134651877986,0.3366144356944849,2.7959902150594487,0.0003441734671383312,0.2598074330010449,10.79779796459417,0.1312203303320062,1.5956103977764857,2012-2016,SPY up
55,Most diversified,0.3865264049174686,0.12645206570973555,2.5541125548668266,3.865637240108002,-0.0870762529593524,4.4389416377149455,2.066143611511464,0.3880197326635708,2.561662537431017,0.0014933277461022243,1.0841789263019095,7.039909817699753,0.24330407478623683,1.6766243393681282,2012-2016,SPY up
55,Max decorrelation,0.5018447272088247,0.15153468420002397,2.682030271917298,4.241145680714243,-0.07764320737178365,6.463472391162453,2.825015009769162,0.5032563440892233,2.687650521195362,0.0014116168803985918,0.9462981338351625,7.697207827941307,0.18362930433516644,1.6372662219050294,2012-2016,SPY up
56,EW,0.5204498569658744,0.1710366394547585,2.4257642232249683,3.6660589248240183,-0.09290309283572662,5.602072450764861,2.697986068108725,0.5208984828121535,2.42751632888725,0.00044862584627902713,0.29519690381166996,11.999999999999998,0.08333333333333333,1.6217040145786985,2017-2020,SPY up
56,Markowitz (λ=3),0.4960273624672398,0.2640647067864826,1.5850184177430788,2.591769559156102,-0.14759557737134965,3.360719686195188,2.003377312847904,0.5004828114270523,1.5959201258808093,0.004455448959812536,2.9982645713368976,1.9403899135355007,0.5633749438349916,1.242456573665088,2017-2020,SPY up
56,GMV,0.30523694826711845,0.10903197857367797,2.3244157961905714,3.5061663420228366,-0.05474735942477382,5.575372976417839,1.972485665679491,0.3066005042501039,2.333922175386793,0.0013635559829854316,1.0456565012604673,4.958327105083191,0.2862366770964868,1.4995190787720118,2017-2020,SPY up
56,Max Sharpe,0.25078146009073565,0.1813696767560412,1.2196399827458668,1.8255052284401008,-0.1301819582285334,1.9263918249753993,1.089492252219656,0.2549667026304241,1.2373178962064595,0.0041852425396884385,3.366589828886903,2.282040886863008,0.648760841969924,1.447041209454039,2017-2020,SPY up
56,Inverse vol,0.4286860869956546,0.13782491522027215,2.5209625946803795,3.7306679850265465,-0.07595274389525497,5.644115867451052,2.4363705703325222,0.4291247327122736,2.5232342607724108,0.00043864571661900165,0.30708387313633934,10.626990699992657,0.12501052014502406,1.6295882580536143,2017-2020,SPY up
56,Risk parity (ERC),0.433359982202004,0.13891803492767324,2.525726362022159,3.7529620549287475,-0.07521451855149275,5.761653342304127,2.473310920719429,0.43386825869417556,2.5283972709594718,0.0005082764921715555,0.35411682122418,10.472074510394723,0.13363457503024773,1.6682322691623965,2017-2020,SPY up
56,Most diversified,0.4211298211751462,0.15402972123841122,2.236421706239489,3.355778244035101,-0.08113553693514686,5.190448440758617,2.324943124362869,0.42236836774074193,2.242177454606708,0.001238546565595744,0.8713222477124574,6.380241889406038,0.22150672563954107,1.7671684913210681,2017-2020,SPY up
56,Max decorrelation,0.5753055591611713,0.20665081777661673,2.2117396511980156,3.415531761572323,-0.11049780797723352,5.206488433505439,2.7330714969886705,0.5766280147841594,2.215906090461429,0.0013224556229880502,0.8386183924964519,7.210970153669209,0.1879368345501481,1.6893780545390311,2017-2020,SPY up
57,EW,-0.06912265492678904,0.19326251839996383,-0.41049119068060763,-0.5406304268880897,-0.18402261202585823,-0.3756204423240996,-0.24337025293076286,-0.06896039450315261,-0.4096020743794046,0.0001622604236364289,0.1734752476000958,11.999999999999998,0.08333333333333333,1.8642416210015922,2017-2020,SPY down
57,Markowitz (λ=3),0.005185963816117134,0.24661059256348297,0.03678836228754844,0.05142254639957168,-0.1903078171881607,0.02725039829020623,0.017863672657343198,0.007351757545942084,0.04553425201624434,0.0021657937298249497,2.157773960721256,2.129577020020988,0.6255214185532464,1.2174040435088633,2017-2020,SPY down
57,GMV,-0.07047388130337262,0.17805462157268256,-0.4692425852631494,-0.5930133835876386,-0.20279419583611114,-0.3475142915841948,-0.23274515255740558,-0.06952255581149724,-0.4635704436864043,0.0009513254918753766,1.0191271097709635,6.772444023887047,0.2239931283786745,1.8264678445339113,2017-2020,SPY down
57,Max Sharpe,0.048353854929840345,0.2159307018403841,0.20432539668353863,0.27749349495203113,-0.1944877428062507,0.24862160582536355,0.164196494119123,0.05100504951966034,0.21602521355656046,0.002651194589819994,2.5341529338060775,3.583185696878611,0.40772579037040413,1.4999492949718292,2017-2020,SPY down
57,Inverse vol,-0.06016627150096654,0.1865932190936975,-0.3805528285872626,-0.49478223664400117,-0.18549478662224184,-0.3243555929336953,-0.21074385354916045,-0.059973842241604625,-0.3794699458172867,0.0001924292593619148,0.2038180332138439,11.245685592242307,0.11092251505317413,1.8486201718921125,2017-2020,SPY down
57,Risk parity (ERC),-0.07275554731761058,0.1845330593056326,-0.4599220668746348,-0.5947309160193573,-0.18916823022385798,-0.38460764384967333,-0.2516028377712423,-0.07246798707439062,-0.45827119217821755,0.0002875602432199642,0.30845416692812294,11.284628382784655,0.12018393313100784,1.9087733263033195,2017-2020,SPY down
57,Most diversified,-0.09612176891424751,0.18623417595926642,-0.590987274404488,-0.7588259680920966,-0.19463849005883094,-0.49384769109744936,-0.32623629348309086,-0.09516148634148192,-0.5854542688644467,0.0009602825727655917,1.0539296035624228,8.039487010711355,0.18532038725522554,2.004519065255556,2017-2020,SPY down
57,Max decorrelation,-0.10801859780394829,0.20392286708152244,-0.5880058119330052,-0.7842363415009445,-0.20760416402236792,-0.5203103623312201,-0.3511610388866308,-0.10714266805761541,-0.583330715294722,0.0008759297463328819,0.9739006530936534,8.184960397862312,0.17078479713457673,1.9369986800738992,2017-2020,SPY down
58,EW,0.6153232880442643,0.19566274641432113,2.3622241246175686,3.6661128353078,-0.14376102564589466,4.280181539326934,2.52428905077766,0.6157849435042047,2.3635667667061147,0.00046165545994036883,0.28841590363833797,11.999999999999998,0.08333333333333333,1.8833524190483022,2021-2026,SPY up
58,Markowitz (λ=3),0.18814369113053275,0.27285088350560466,0.633209748345453,0.9005813277557051,-0.17344054488794225,1.0847734089632273,0.6880606941726045,0.19188654450390086,0.644941401564793,0.0037428533733681046,3.108213335708809,1.5377112240490574,0.7911961839636628,1.327321432083043,2021-2026,SPY up
58,GMV,0.3272410359368727,0.1386861249094008,1.8461101341685437,2.7430011417769395,-0.109558389511352,2.986909878799974,1.561574493390281,0.32832662306083016,1.8518265577209336,0.0010855871239574544,0.8205225962411871,5.478924335368486,0.3173162655249007,1.9298975002906196,2021-2026,SPY up
58,Max Sharpe,0.2157208105089803,0.17606813010422614,0.988856291246096,1.4036451675732542,-0.11027650789938859,1.956181009157403,1.0258911595212368,0.21746180529584347,0.9972078584966729,0.0017409947868631814,1.4240568429909735,2.762261275257101,0.5420217949477181,1.7544055046318898,2021-2026,SPY up
58,Inverse vol,0.4358167921671985,0.16030201439834413,2.1083314102486375,3.168592717797748,-0.12270701411336504,3.5516860655134304,1.956906449050382,0.4361938621206398,2.109931797359633,0.00037706995344133354,0.2634799556073692,10.69092135156917,0.13601643101610333,1.980795155156196,2021-2026,SPY up
58,Risk parity (ERC),0.4380827917031933,0.15444802418604545,2.192602302590713,3.286216897037047,-0.11949871383854604,3.6660042408078484,1.995833069096835,0.4385167313853109,2.1945140769073848,0.00043393968211757894,0.3026484372828246,10.164929428034487,0.16819225001115085,2.0654186769115004,2021-2026,SPY up
58,Most diversified,0.4830325544178833,0.15519717718213155,2.381444958846568,3.6158779617504866,-0.12263892470858828,3.938656144985402,2.16957818607022,0.48416217780935145,2.3863267181044914,0.0011296233914681597,0.7629387111321119,6.389457453216095,0.278156030874424,2.182899464964601,2021-2026,SPY up
58,Max decorrelation,0.6705452692709855,0.20423699583858745,2.4363311508354126,3.8358799195350435,-0.14818784475283842,4.5249680929592015,2.701765148646816,0.6717494389471013,2.4397107389763706,0.0012041696761158072,0.7249676772899478,7.957075028435552,0.19072239735244423,1.941053975569285,2021-2026,SPY up
59,EW,0.5500094572632139,0.17506707369968086,2.3757148563122095,3.877101792229641,-0.09562096956198485,5.751975322804886,2.811607868495595,0.5506346814223932,2.378057614782265,0.0006252241591793162,0.40351873179412856,11.999999999999998,0.08333333333333333,1.5632150042914732,2021-2026,SPY up
59,Markowitz (λ=3),1.4641845524526467,0.6876238466268076,1.5943642347118763,2.6528484328166297,-0.39095418440023055,3.7451563658255176,2.9823242147153786,1.4697662831540361,1.597719090998019,0.0055817307013894535,2.246729554181754,1.8254509462250608,0.7501031289175931,1.2463416888844807,2021-2026,SPY up
59,GMV,0.2573007557984468,0.10830170272936156,1.8186924637680522,3.021055692848308,-0.06090380876141532,4.224707141164146,1.599096738474145,0.25837648232176513,1.825737541560726,0.0010757265233183322,0.8618018802594607,4.447226933669728,0.3556690696728967,1.8118759442883952,2021-2026,SPY up
59,Max Sharpe,0.4211791894622494,0.2241919224842924,1.5106788849098178,2.468016644931651,-0.1240422672340834,3.395448977624951,1.879909512887556,0.42408860367423884,1.5192481361773063,0.002909414211989425,2.0697084740602927,2.293996440071936,0.6210374959270787,1.5896174931058238,2021-2026,SPY up
59,Inverse vol,0.34435738316787656,0.11509136647650478,2.300141489231884,3.613507763672435,-0.07143384424013155,4.8206475072276245,2.0086896184018763,0.34472109765708403,2.3024199880743192,0.0003637144892074673,0.27128147645185346,10.720206857396175,0.12630315346932838,1.650377391069065,2021-2026,SPY up
59,Risk parity (ERC),0.3639600983751805,0.10716958239500957,2.5972114163053464,4.166201614602097,-0.0607845197448732,5.987710356235533,2.2636513698750265,0.3644386663246364,2.6001696038729096,0.0004785679494558881,0.3526964777467766,9.181579265523196,0.19783460406947778,1.7728857660131956,2021-2026,SPY up
59,Most diversified,0.5512141146732801,0.13181550462953556,3.1110908703103104,5.258117810846637,-0.04930389268833335,11.179930926705762,3.6918937929094735,0.5525689276013754,3.1166983332234075,0.0013548129280953614,0.8804500429695434,4.313226406012754,0.3480723030990437,1.9719011150680898,2021-2026,SPY up
59,Max decorrelation,0.8984699441199286,0.2120623766106462,2.952931233137293,5.007551586521627,-0.09122363575838355,9.849091593977148,4.698529763628021,0.9004974084535693,2.9577092984248967,0.0020274643336406495,1.0745211723956318,5.7719560112260595,0.2452923184029835,1.808179989707376,2021-2026,SPY up
60,EW,0.06637248161681675,0.20555834582830432,0.2852409582859791,0.3983126486294725,-0.18472460261997103,0.35930504478260034,0.23311115725888198,0.06662109097553826,0.2863720437427458,0.0002486093587215077,0.23477728495070643,11.999999999999998,0.08333333333333333,1.6241855025763068,2017-2020,SPY up
60,Markowitz (λ=3),-0.013662241046231371,0.3587199777613054,0.06603706676865538,0.09259256907115564,-0.3410378304630062,-0.04006077867573513,-0.03097748107433008,-0.01131640552168911,0.07271181544594739,0.0023458355245422613,2.3991750626494044,1.3942944633786052,0.8359505391563095,1.1130039468278914,2017-2020,SPY up
60,GMV,0.10367191613962734,0.17076006638340002,0.5068955615048802,0.6760452416985134,-0.18023766653869178,0.5751956188212857,0.3699428325253829,0.10462398242381532,0.5118793442259412,0.0009520662841879801,0.8682919378038376,5.7930132718529785,0.2502017088546168,1.6490430148756663,2017-2020,SPY up
60,Max Sharpe,-0.002118185226838931,0.2673557335657715,0.025886730415350154,0.03501648314141444,-0.275013227911838,-0.007702121250392964,-0.005648294697852355,0.0006149846134313464,0.036200672349365304,0.0027331698402702775,2.7610432578174238,2.605077302408885,0.4561276069175142,1.301512313986875,2017-2020,SPY up
60,Inverse vol,0.07277519086658346,0.19653302567733189,0.3196709772787798,0.44224591876300706,-0.19148372913801714,0.3800593982276622,0.24967153769370268,0.07300825506408315,0.32077124588132666,0.00023306419749968832,0.21889284346249932,11.471504445512451,0.10862360298477197,1.6029143989169712,2017-2020,SPY up
60,Risk parity (ERC),0.06903062306809793,0.19091725315555336,0.30512334048209855,0.41893366143470556,-0.18574214583590787,0.3716476018807405,0.2415836238163477,0.06928825601980693,0.30638020057873694,0.000257632951708997,0.24274244245461027,11.239653010137424,0.1274221152644553,1.6666102197740131,2017-2020,SPY up
60,Most diversified,0.07434373736098099,0.18641404257296956,0.33472130126585314,0.45160864191538735,-0.16396905216659996,0.453401031344893,0.2816380812477218,0.07523674511458345,0.3391674626658098,0.0008930077536024594,0.8338300936129832,6.510227861032435,0.23425442262096183,1.7961011521714612,2017-2020,SPY up
60,Max decorrelation,0.07217015756127476,0.20610332805779255,0.3114564402517866,0.4329291836872738,-0.15393719612073953,0.46882858321434295,0.2842047508745431,0.07307212321696022,0.3155310935683615,0.000901965655685455,0.8436093149664715,6.774141979088336,0.2032019331442526,1.7524927867927107,2017-2020,SPY up
61,EW,0.10772229475530803,0.25234178719114303,0.4261577493449796,0.5824786890725547,-0.24251195158608185,0.444193756434602,0.31450667416560124,0.10801065895535777,0.427197615340379,0.00028836420004973995,0.25741435251238615,11.999999999999998,0.08333333333333333,1.698363502969905,2017-2020,SPY down
61,Markowitz (λ=3),-0.13969952473672154,0.3748677622731394,-0.2849641042206953,-0.38907857859328115,-0.366274747318556,-0.38140637802480615,-0.2996077431602353,-0.13760834892198137,-0.27861506726317964,0.002091175814740165,2.3999751408757737,1.6909893409131653,0.7267032250260381,1.1591606030936812,2017-2020,SPY down
61,GMV,0.12482718397047599,0.18947488214401945,0.5752445127555904,0.7785531311298256,-0.14129424752477904,0.8834555274345816,0.5173234971449421,0.1259209806677284,0.5804196130506093,0.0010937966972524027,0.9682328948294552,5.473932976017188,0.29493343436376696,1.700143782385239,2017-2020,SPY down
61,Max Sharpe,-0.04906361587519792,0.24563037279517375,-0.19036236153415595,-0.2539755129224543,-0.2562600420602662,-0.19146026622308654,-0.13771854848346463,-0.046378738823267485,-0.1790846368285342,0.0026848770519304344,2.7906489704857247,3.4347713241198417,0.3697746519553188,1.5568824964253674,2017-2020,SPY down
61,Inverse vol,0.09939326038727025,0.22133983361216464,0.41857333545076103,0.5678695519520752,-0.2113955858747545,0.47017661213681994,0.31918647821567686,0.09975337695221431,0.4200676574169739,0.0003601165649440574,0.32403413748961585,10.44241820355542,0.1358925454155454,1.7950114319831028,2017-2020,SPY down
61,Risk parity (ERC),0.11211383752122339,0.21493192931288546,0.47810054313860534,0.6489425816273967,-0.19974317450299195,0.5612899554650066,0.3740329957708655,0.11257753218668154,0.4800611620357385,0.0004636946654581475,0.41341291704594313,9.979302015006443,0.15016719107677134,1.8612305058706682,2017-2020,SPY down
61,Most diversified,0.18700921944538607,0.20832488556138745,0.7995535720846182,1.099580770350988,-0.15365349775714454,1.2170840376244578,0.7372625297855514,0.18809003808439506,0.803991510428397,0.0010808186390089958,0.9058982498035616,6.888858366632407,0.22453897501625508,1.946441301118333,2017-2020,SPY down
61,Max decorrelation,0.20508640842951142,0.24501880702981504,0.7753724150326436,1.0832002903296976,-0.19319996119844862,1.0615240663472671,0.6994762468290415,0.20608082527790805,0.7788007845632136,0.0009944168483966287,0.8187705837182284,8.245210787511354,0.1639085457468241,1.8367880472424623,2017-2020,SPY down
62,EW,0.2364546775382137,0.3378169527797112,0.7795630031091544,1.0953451970712804,-0.29444657499059756,0.8030478111207926,0.5994593248625624,0.23692375345835193,0.7807075096356526,0.00046907592013822885,0.37430233719312744,11.999999999999998,0.08333333333333333,1.3706615566651634,2017-2020,SPY up
62,Markowitz (λ=3),0.31533991943760054,0.4124777843301539,0.855555159725057,1.2469864508928963,-0.29574716400528633,1.066248329035419,0.7968216783819789,0.3206215857192707,0.8653195044937049,0.00528166628167015,3.999999999999997,1.591676976961963,0.7529032755526222,1.124649356850072,2017-2020,SPY up
62,GMV,-0.11178957322472205,0.3601354108209796,-0.16405866309397327,-0.21553621417359095,-0.37881245520330853,-0.2951053263671719,-0.23347256741108602,-0.11013525375570865,-0.158918866711461,0.0016543194690133989,1.8539103743592222,4.471710803746414,0.33456282245957486,1.4242337455468688,2017-2020,SPY up
62,Max Sharpe,0.040385881569528825,0.4213006812844976,0.2911290506951438,0.4023500228448527,-0.35814958098207783,0.11276261013285892,0.08814999128223293,0.043638049349698615,0.29853627929346627,0.00325216778016979,3.1160231240450695,2.596971691763402,0.5147150301271982,1.3087665960070656,2017-2020,SPY up
62,Inverse vol,0.14200222168296706,0.32781406686763886,0.5505866908953784,0.7667920625594777,-0.29947492505876794,0.4741706560410726,0.3554721780399025,0.14228020028491017,0.5513351763090257,0.0002779786019431185,0.24086026634205504,11.477612214175474,0.10761227641691065,1.379461033290489,2017-2020,SPY up
62,Risk parity (ERC),0.11207893260174817,0.33228439751186767,0.468077713848384,0.6433911111874184,-0.31098386609105966,0.36040111665770524,0.27270883810537566,0.11244576312622945,0.4690752127691678,0.0003668305244812764,0.3264097583706461,11.032051100304733,0.13461057813805405,1.4230749767632231,2017-2020,SPY up
62,Most diversified,0.029193635038005983,0.375652551967391,0.25002623855128603,0.3363155527925119,-0.3619460868901132,0.08065741306624256,0.06319706101320544,0.03039602191233537,0.2531248656256708,0.0012023868743293864,1.1558522038264196,5.247573852314375,0.2875193423109421,1.5519168138009056,2017-2020,SPY up
62,Max decorrelation,0.20055624175996312,0.39791474196129833,0.6445827059912184,0.8938337835207238,-0.3528140804275711,0.5684473859912604,0.4429107892815243,0.20215674670672623,0.6479677426810899,0.001600504946763115,1.3115823969607052,5.28261394135236,0.2941172644697062,1.494811547721124,2017-2020,SPY up
63,EW,0.5325998432698762,0.22713293411599256,1.8072424113965289,2.954694098294943,-0.10676074930869806,4.9887233530917525,2.5759233561041786,0.5331405051777369,1.809018456294156,0.0005406619078607289,0.34584008091730145,11.999999999999998,0.08333333333333333,1.3750379808413642,2021-2026,SPY up
63,Markowitz (λ=3),0.2027860787832254,0.23957377658944087,0.713235507989682,1.0564063174417786,-0.15575868486774513,1.3019246981663417,0.792880518947334,0.20433101315191005,0.7186371785683517,0.0015449343686846362,1.2799614408434015,1.4507613686243517,0.8068927899508538,1.088549378037344,2021-2026,SPY up
63,GMV,0.21257851730820554,0.17635702868454378,0.9407651667357493,1.4170344473347882,-0.10989428039979632,1.9343910941938298,1.0127885185975358,0.21360948468278118,0.9457516664201314,0.001030967374575642,0.8436872454072292,4.470070578526089,0.3245549172897054,1.4535379959641257,2021-2026,SPY up
63,Max Sharpe,0.17239642091580154,0.23562501312701323,0.6125498241549884,0.902757236855197,-0.1557586848677449,1.1068173891053572,0.6740589122318535,0.1742952026784046,0.6194646928005751,0.0018987817626030523,1.6133101509380605,1.6856878851567951,0.7631213917957642,1.1177965235165264,2021-2026,SPY up
63,Inverse vol,0.47160226982923303,0.19756084715792233,1.8404423468153237,3.005899973317498,-0.08594215027148644,5.487438565819774,2.5362849097994515,0.4721206604463992,1.8424971817132427,0.0005183906171661867,0.3461461473545394,11.028822639610953,0.11982220149791427,1.4263388424212096,2021-2026,SPY up
63,Risk parity (ERC),0.4266800975505971,0.18847803428207893,1.7552711464690556,2.8206152570544867,-0.08291857196664665,5.145772381635153,2.3326231610226977,0.4271809011823111,1.7574312499543001,0.0005008036317140085,0.34456966974405934,10.241432894866843,0.14973538033532652,1.471729785447136,2021-2026,SPY up
63,Most diversified,0.200419704579059,0.19391864348055848,0.8203716413487964,1.2048069411575484,-0.09851262109256709,2.0344571320535185,1.0096068626568717,0.20125042399027437,0.8240597022366905,0.0008307194112153748,0.6849782661913829,4.665217776285504,0.3015487255111272,1.596970215339688,2021-2026,SPY up
63,Max decorrelation,0.23361301448857685,0.2189307205216257,0.8747462664095598,1.2972634348267524,-0.12593727463234994,1.854994997871487,1.0339728797238836,0.23462198297065218,0.878612517811285,0.001008968482075323,0.8084676898489692,5.157865237100163,0.2549073775909726,1.5368086658049362,2021-2026,SPY up
64,EW,0.030608407091893053,0.22593944219024345,0.12435279875824011,0.17513408317192433,-0.1958847766529489,0.1562572018862001,0.10344704934851875,0.031033689979157675,0.12617909870266228,0.00042528288726462193,0.41286819578368983,11.999999999999998,0.08333333333333333,1.7750873001479333,2021-2026,SPY down
64,Markowitz (λ=3),-0.24022719238570334,0.44162447755654294,-0.46495787418920626,-0.6638980169624288,-0.42826024198187684,-0.5609374133680831,-0.45475160402842674,-0.23828058479144043,-0.4592119570620039,0.0019466075942629057,2.546500647511662,1.5777996591691283,0.7547818260367298,1.2061082682600008,2021-2026,SPY down
64,GMV,0.013263641059068743,0.1746714307264067,0.005080002649906796,0.007053851433166496,-0.172681958884228,0.07680965136584506,0.04864143236076744,0.014354054114383175,0.011263662408793357,0.001090413055314432,1.0802762867782363,4.2132181841391505,0.4094259268022557,1.680921735560998,2021-2026,SPY down
64,Max Sharpe,0.0902540505902405,0.24782971993773767,0.3612706711066223,0.5170405680648964,-0.18443715434801222,0.4893485312614465,0.3173075289587998,0.09259433811272633,0.3699197096474523,0.002340287522485829,2.1467510206014926,3.529689571646013,0.4206579671334927,1.618457577896804,2021-2026,SPY down
64,Inverse vol,0.03848198812142711,0.2071160096643177,0.15280068358798649,0.21461318719041095,-0.18312927101855148,0.2101356484814969,0.13591667150128628,0.03887871473593729,0.15464238708040198,0.0003967266145101789,0.3801321432875792,11.052864877400193,0.13821573595766706,1.8022452734493508,2021-2026,SPY down
64,Risk parity (ERC),0.048615438666764765,0.20309761641925161,0.19960745736316896,0.2804122434339801,-0.173747484753221,0.2798051363783182,0.17759227527000226,0.04901243281001122,0.20147089871347637,0.0003969941432464541,0.3766187727436099,10.71365464439928,0.14875133522001932,1.837445012944804,2021-2026,SPY down
64,Most diversified,0.04409347692148713,0.20580551169480107,0.17868697278691573,0.2498357276930118,-0.16892935117153796,0.26101726322687857,0.16395933255110515,0.045598937505810344,0.18568847805308042,0.001505460584323215,1.4422664198600739,7.758127464592892,0.20508938679818986,1.9058795274261962,2021-2026,SPY down
64,Max decorrelation,0.014350585834495,0.23199542122185238,0.05851251083522585,0.08213265579899108,-0.19750007420237337,0.07266116679931126,0.048237251277904104,0.015783981686780635,0.06461004555558646,0.001433395852285635,1.4155021979639142,7.904128213818553,0.18319736023965985,1.857329737188923,2021-2026,SPY down
65,EW,0.3053591571956451,0.15649731709334472,1.5109666997228044,2.227897452024926,-0.1159613701265092,2.6332834534682585,1.4139526759659242,0.3056191376079167,1.512289458872313,0.00025998041227159874,0.19847884505186186,11.999999999999998,0.08333333333333333,1.6885810206251004,2021-2026,SPY up
65,Markowitz (λ=3),0.3850604289433375,0.3164366958290997,1.0546225634159534,1.511359328189372,-0.1764917329087745,2.181747680739066,1.3926652522026186,0.38758932719915995,1.0605843249360716,0.002528898255822476,1.8009813541137902,1.4953626769700354,0.7670640850619089,1.1104791151853126,2021-2026,SPY up
65,GMV,0.44556187365499467,0.10947882426730042,3.0358896106618016,4.870813986462809,-0.055667592159468815,8.003972443762445,2.8622648264421837,0.4469065679483597,3.044228443289656,0.001344694293365034,0.931792094018278,5.037869039324019,0.30855534502133386,1.6708199019257781,2021-2026,SPY up
65,Max Sharpe,0.6181159921774917,0.17036342648580072,2.663841186777871,4.245326664325133,-0.08524750835830719,7.250839397903148,3.336703406460544,0.6212614283066078,2.676246445160477,0.003145436129116108,1.9344249921767864,4.2358653480859605,0.33233402623897024,1.5253805266751863,2021-2026,SPY up
65,Inverse vol,0.36238603700954397,0.13329948398210248,2.069916634305095,3.124402210558543,-0.09204070149312849,3.937236799923768,1.8870272509523753,0.3627950545053764,2.07228209268219,0.0004090174958324422,0.29953487285052416,10.973629518978173,0.12224679672500455,1.7430265558289142,2021-2026,SPY up
65,Risk parity (ERC),0.3841147026184686,0.12976291511744123,2.2448415329467997,3.4117394965712458,-0.0896234421317953,4.285873131871131,2.0256709734838303,0.38455447579817625,2.2474138019578396,0.0004397731797076698,0.3171308550793071,10.4349550172193,0.15635407091893405,1.7809451529216977,2021-2026,SPY up
65,Most diversified,0.4276501874524592,0.127906563811729,2.5179945627992066,3.8705809415868973,-0.08854171066248695,4.829929128912172,2.2681993599708345,0.42890007946706965,2.5252701363708048,0.0012498920146104542,0.8734583995193215,5.814574284504362,0.3137776582949198,1.8574968029871322,2021-2026,SPY up
65,Max decorrelation,0.3341642862327805,0.15414328647168876,1.6734339628156552,2.474245063539411,-0.11589374430542854,2.8833677627337475,1.5478182904643714,0.33534358171226897,1.6794691276750626,0.0011792954794884736,0.8799478350912362,7.5191527470709225,0.2322289213484898,1.7852990538900486,2021-2026,SPY up
66,EW,0.2743760194120346,0.19452504750429284,1.138503805218201,1.6922100047026847,-0.17073809370519222,1.6069994308697773,1.013437066269676,0.2748005370149089,1.140135111049788,0.00042451760287431917,0.3366626090209983,11.999999999999998,0.08333333333333333,1.8395320169070277,2021-2026,SPY up
66,Markowitz (λ=3),0.23105188050164993,0.5116380089060429,0.5829694819004566,0.8386552719271493,-0.3198689598011315,0.7223329223482616,0.5502952173723115,0.23154066518806093,0.583741214567363,0.0004887846864110035,0.4116351365154315,1.2428464559037447,0.8970912158711424,1.0418492759297608,2021-2026,SPY up
66,GMV,0.2907520319264485,0.13488421374446466,1.665144240305175,2.4118684773238686,-0.11212822346419626,2.593031646660207,1.370642846002633,0.29180022092883884,1.6707359602786278,0.0010481890023903428,0.817674664921131,5.982390594876305,0.27672591170610006,2.0930937962759293,2021-2026,SPY up
66,Max Sharpe,0.3242699710004304,0.18494572208397914,1.3960934016819682,2.0262666674135192,-0.14817058864445154,2.1884908062189385,1.3066414226264529,0.326709570889848,1.4055773459448944,0.002439599889417554,1.855994850107783,4.405387200118463,0.3476793443233973,1.8927469500168497,2021-2026,SPY up
66,Inverse vol,0.28370473719906086,0.1587685004078681,1.40174520721563,2.092387941750467,-0.14152084931959208,2.004685094550128,1.1746594051747847,0.28421454530598345,1.4040718069258502,0.0005098081069225824,0.4010051399092482,10.600385007599558,0.13257908113586964,2.037560340114882,2021-2026,SPY up
66,Risk parity (ERC),0.2933025099088278,0.14527332184313974,1.569458181832499,2.322413251835004,-0.1254988916941917,2.3370924312505488,1.300682711587724,0.2938431150546268,1.5721130986301608,0.0005406051457990113,0.42164754276269467,9.454147403653792,0.18448811156669565,2.194794693221925,2021-2026,SPY up
66,Most diversified,0.296122786011616,0.13882354773238895,1.6516416090178838,2.4189942080213274,-0.11721052863635517,2.526417971634057,1.3632984914252129,0.2970583169405743,1.656472112955784,0.0009355309289582614,0.7269878291214347,5.823988691623265,0.2941345841444093,2.319165620974058,2021-2026,SPY up
66,Max decorrelation,0.2929098576710891,0.17688750899799704,1.3156132708652435,1.9569260396938402,-0.1573203037949844,1.8618693875191177,1.1383083781233996,0.2938282761247928,1.3194069479202937,0.0009184184537036622,0.7169429417578594,7.647827489192529,0.19772588072010272,2.0381241649131105,2021-2026,SPY up
67,EW,0.43854471549572405,0.19402507271088795,1.958453368665221,2.7928301535876496,-0.10935252327154343,4.010375822848942,2.0947668011954357,0.4392781286136529,1.961166152744551,0.0007334131179288494,0.5086525036809464,11.999999999999998,0.08333333333333333,1.346453719941903,2017-2020,SPY up
67,Markowitz (λ=3),0.9517776463729,0.6035310386989796,1.407335473403825,2.1309582928724593,-0.3413796335905319,2.7880328898428384,2.156369650838635,0.9538445910278577,1.4090691653509149,0.002066944654957714,1.0654825608331182,1.3491692244152285,0.8592200704510655,1.0477460642199645,2017-2020,SPY up
67,GMV,0.14628507262047497,0.1387972087511224,1.0335815387747136,1.4108331068042361,-0.09958328734512567,1.4689721189208684,0.7329525160466679,0.14731431311808296,1.0401703301725294,0.0010292404976079972,0.8954732548051488,3.175104771973025,0.39977688322622196,1.2748505952393798,2017-2020,SPY up
67,Max Sharpe,0.6205936064941613,0.4826694177746867,1.2364296874347653,1.8391243053823745,-0.29857381736141086,2.0785265499116394,1.5570355589399685,0.6232736147075817,1.2397347018350893,0.002680008213420404,1.6894618842270033,2.2074765132213274,0.6348030395927526,1.1300524265599163,2017-2020,SPY up
67,Inverse vol,0.3668492804195662,0.17327927549567562,1.8755119721402496,2.640619813298123,-0.10601084034172004,3.460488373047964,1.7807280423256162,0.36730827004598887,1.8775637593360166,0.0004589896264226567,0.33418047699244213,10.982713085702123,0.1294126310839835,1.3426122349719862,2017-2020,SPY up
67,Risk parity (ERC),0.3615125911813726,0.17174563297704443,1.867933658675535,2.6153039139454064,-0.10599630745757382,3.4106149530357173,1.7549469485312412,0.3620100938397912,1.870160076915234,0.0004975026584186359,0.36409647360114,10.610655939008069,0.15165475997443312,1.3663414871418138,2017-2020,SPY up
67,Most diversified,0.3302970433620813,0.17489836881316018,1.704703098447923,2.3421557770991255,-0.10696111961977062,3.088010339983665,1.59593765229384,0.33138538341276114,1.7093637643318316,0.0010883400506798147,0.8191034735280368,5.042821963070955,0.3349466061064128,1.4826291873339124,2017-2020,SPY up
67,Max decorrelation,0.46340757188464865,0.22903490914080143,1.7665494166049247,2.509326761522173,-0.12532205351765224,3.6977336300938872,2.056645431062274,0.4646445121636571,1.770188719845363,0.0012369402790084472,0.8478853715144563,5.6713848282849835,0.2346591666662739,1.4342469556418789,2017-2020,SPY up
68,EW,0.6105605958260081,0.1390732069699371,3.4600026629348153,5.812969263307196,-0.04184615017981885,14.590603752133529,4.304386090507203,0.6112442800574829,3.4630796479366937,0.0006836842314748015,0.42506498305051815,11.999999999999998,0.08333333333333333,1.7098702219822166,2012-2016,SPY up
68,Markowitz (λ=3),0.4266883833688617,0.36878185911771355,1.1331818698344165,1.6795373965356952,-0.2641758044553525,1.6151682938888332,1.1716549483758283,0.4313554167597198,1.1421291252077486,0.004667033390858055,3.2557496472160667,1.8761026745696805,0.6465623362428823,1.2190848909453829,2012-2016,SPY up
68,GMV,0.14593569913826165,0.10635350537498313,1.2830813776538483,1.844172661219429,-0.10335157245421522,1.4120317250413505,0.7176521793118624,0.14745118868248164,1.2940933831271841,0.0015154895442199834,1.335552791437606,4.661523591436406,0.3030493929117889,1.550661622604058,2012-2016,SPY up
68,Max Sharpe,0.2724207090495112,0.18005575871846696,1.3981896213064533,2.0743566343249493,-0.09701593901058703,2.8079995084084364,1.3827343636134544,0.2760017059614548,1.4134930995141282,0.003580996911943579,2.820909272599275,4.7997989077884995,0.27075879072398334,1.548149182826267,2012-2016,SPY up
68,Inverse vol,0.3709678758363275,0.11043642463452773,2.8644776666782956,4.464643136515195,-0.0463892620307772,7.996847968614093,2.534119447629529,0.37146735782327966,2.867173927573988,0.000499481986952155,0.3673180555437328,10.707147718373214,0.1253275436291924,1.6987341203402213,2012-2016,SPY up
68,Risk parity (ERC),0.3795002257052389,0.11174377246180954,2.8878414772871177,4.51384700775615,-0.04941308634903396,7.68015628541402,2.539939673146927,0.3800244640535837,2.8906688544990935,0.0005242383483448076,0.3829460712697702,10.586698939297198,0.1371408876510465,1.7399747003822839,2012-2016,SPY up
68,Most diversified,0.40298937819138625,0.12404113286773044,2.7494352685592056,4.327931053120894,-0.06194084715421455,6.506035947297602,2.4884974067575656,0.40451915412243244,2.75632920436617,0.0015297759310461956,1.1020572362246268,7.407167605129086,0.22655132478459167,1.8146619033816802,2012-2016,SPY up
68,Max decorrelation,0.7683207523548361,0.19189747452485809,3.040575364467454,5.1258961683811,-0.08416951920479909,9.128254023708724,4.171812771582753,0.7702424198935796,3.045485885582056,0.0019216675387434545,1.0980648704186216,8.136942458200519,0.186962176981119,1.693940306342515,2012-2016,SPY up
69,EW,0.39612126810825754,0.20667075626313525,1.5329571579453254,2.3519710889810312,-0.18663877852164856,2.1223953095166164,1.381952819333342,0.39643854989061933,1.5340246279931624,0.00031728178236178906,0.22862148884027617,11.999999999999998,0.08333333333333333,1.6467423665010394,2021-2026,SPY up
69,Markowitz (λ=3),0.37383975022488247,0.3569879641580145,0.9604617942569689,1.3924538367184767,-0.301856194207211,1.2384696998076439,0.9302824134947084,0.3767812711720946,0.9663865152250002,0.0029415209472121173,2.1575472429975426,1.5034611603420407,0.7910280842918012,1.1419044524427187,2021-2026,SPY up
69,GMV,0.11878803189708687,0.15277498711215504,0.5607275947967584,0.8235023450227674,-0.11888285738230842,0.9992023619947441,0.542701394333534,0.1198751640508886,0.5669841409848996,0.0010871321538017398,0.9774945925135005,6.0093270106418055,0.24037744523448978,1.6656909198151515,2021-2026,SPY up
69,Max Sharpe,0.3433591066724293,0.18707898426990496,1.4671640985348284,2.277246661815485,-0.16231274325185563,2.1154168169017367,1.3089684565677324,0.3458036575030994,1.4761743344471265,0.002444550830670078,1.8395347311362664,2.6751908784971974,0.5548643704630619,1.5519221255484008,2021-2026,SPY up
69,Inverse vol,0.27618641627546703,0.16577774398460077,1.3234026844682603,2.0222651227459036,-0.15034513917133852,1.8370159341215244,1.1032226037608126,0.2765018348756565,1.3248273232514356,0.00031541860018946544,0.24896237386530845,10.585936171256762,0.12786166462949622,1.7534382390782852,2021-2026,SPY up
69,Risk parity (ERC),0.2764158480584298,0.16347084961821692,1.3409415968713803,2.0427975127210827,-0.14782273102547594,1.8699143639200655,1.1153772977750556,0.2768017107401801,1.3427229339510174,0.00038586268175033744,0.3041207732482753,10.338191177639466,0.13333921769905796,1.8082305367378002,2021-2026,SPY up
69,Most diversified,0.29308410238913774,0.1704104692368438,1.3693564199990416,2.0669043179990987,-0.1558534496676951,1.8805108453745536,1.1455155393440979,0.294561773540974,1.37595693287478,0.0014776711518362795,1.145890191377725,7.082251881665863,0.2262303806090488,1.891258458416004,2021-2026,SPY up
69,Max decorrelation,0.3741055245092624,0.20249198107638267,1.481961284978219,2.245824583150485,-0.19073839813675997,1.9613540229116722,1.286742745047689,0.3754109443047764,1.486643037117145,0.0013054197955140179,0.9512523420647163,7.888741807142965,0.20249015683878238,1.77490828968444,2021-2026,SPY up
70,EW,0.5292925130665997,0.20158486136741108,2.1983812392226723,3.183267939978975,-0.12410996176009637,4.264706116739592,2.3617536182224375,0.5300463566022156,2.2007771761287476,0.0007538435356158057,0.4947422447367491,11.999999999999998,0.08333333333333333,1.305086187265967,2017-2020,SPY up
70,Markowitz (λ=3),1.8304243812123016,0.679108216791391,1.8682191111111914,3.019353588465891,-0.3545896074487629,5.162092579029666,4.026542514873946,1.8363450791557847,1.871345694272213,0.005920697943483155,2.0862998283784813,1.2222562069742056,0.9012478364985894,1.0397498853353218,2017-2020,SPY up
70,GMV,0.29616276043957956,0.15639107263497196,1.7226330003918102,2.545567777006942,-0.09226641429477711,3.2098652874206723,1.5403769895324082,0.2976538234894177,1.7297313202360187,0.0014910630498381483,1.1549113173806167,4.259671214842376,0.2945112023074861,1.217966500964615,2017-2020,SPY up
70,Max Sharpe,1.457060228155258,0.5075254310898983,2.0228153395615593,3.2010819370600885,-0.2652202461298392,5.493774511625899,3.989538486968928,1.4625386164893537,2.0271679089564922,0.005478388334095641,2.2446857762350443,2.3637837566236497,0.5831789897860171,1.1931977719801607,2017-2020,SPY up
70,Inverse vol,0.43068010679340984,0.1719348142981644,2.156938797645418,3.097747682758023,-0.11241558748850089,3.831142250067986,2.02753532302202,0.43119506358511805,2.159012968204005,0.0005149567917082098,0.3607155590323744,11.34339715955505,0.11411559587106619,1.2802328950730693,2017-2020,SPY up
70,Risk parity (ERC),0.4645635021752741,0.17855928930159423,2.214723732405992,3.1858974802850892,-0.11213635387962995,4.142844725216842,2.1899287589286835,0.465161766722894,2.2169906889073303,0.0005982645476199089,0.4094115685123288,11.34914338962006,0.12010310284710773,1.3045757843189678,2017-2020,SPY up
70,Most diversified,0.6851538115427371,0.24993381637895,2.2058444645343225,3.3086271256115136,-0.13645312353953398,5.021166198106344,2.8976306224526667,0.6867574169598774,2.209584175803907,0.0016036054171402192,0.9555892990833357,4.542394760591723,0.31220213149553433,1.4297172530891173,2017-2020,SPY up
70,Max decorrelation,1.0350389373402837,0.3608828659576998,2.1454704319550046,3.341754108637146,-0.20361269924917746,5.083371229579458,3.4090765633318214,1.0371765728112443,2.1482985036151834,0.002137635470960575,1.0595027849459893,4.294225329527174,0.3510712514076546,1.361225082399678,2017-2020,SPY up
71,EW,0.2293395643709215,0.11605750538046365,1.805302637334873,2.8342643825589047,-0.07762205421290458,2.95456705824714,1.2911660400910934,0.22952628400233221,1.8063853830638874,0.00018671963141070336,0.15378041351051835,11.999999999999998,0.08333333333333333,1.4410569793955643,2012-2016,SPY up
71,Markowitz (λ=3),0.16891924792974522,0.23395028179534552,0.7677572031797152,1.12319101296431,-0.24094180196982162,0.7010790429420904,0.4954489210586652,0.17213831324074524,0.7792256254990326,0.0032190653110000245,2.781042671135161,1.0940056070338517,0.956682998865436,1.0230016824809283,2012-2016,SPY up
71,GMV,0.2767798394287937,0.09662104208095613,2.539415780127277,4.085766412995924,-0.07908000696770201,3.499997661126112,1.5455652706039504,0.2779721637142256,2.5477177945293166,0.0011923242854319227,0.9394951856230123,3.0825675101751404,0.45572439231872897,1.299058196260087,2012-2016,SPY up
71,Max Sharpe,0.178528769066868,0.13717697912020588,1.2388874590608787,1.834277240446447,-0.1480937336667063,1.2055119730363306,0.7196020892115994,0.18157998144160148,1.2564518412968537,0.003051212374733492,2.6088997648401318,3.1243928739678757,0.4443634018388357,1.4015610478604468,2012-2016,SPY up
71,Inverse vol,0.24365368604446913,0.1079965646651775,2.039008877284526,3.252073677824099,-0.07674344790679966,3.174911900496991,1.3785726652393506,0.24394907425634527,2.04079310325667,0.0002953882118761353,0.24017444374392435,11.041074835829516,0.13209518167026268,1.4369168922561486,2012-2016,SPY up
71,Risk parity (ERC),0.23735363990854497,0.1080338484295753,1.9912885476644606,3.1725702075680537,-0.07878545650613389,3.0126580518076413,1.327589192918506,0.23762110454570773,1.99291794132097,0.00026746463716276203,0.2185955725771424,11.034793435016095,0.1307453552114537,1.4577555323974907,2012-2016,SPY up
71,Most diversified,0.2031164646418111,0.11750479051800766,1.6008489927745984,2.468083995126397,-0.10799337834471934,1.8808233222731021,0.976552553058562,0.20415698048007358,1.6072011346404311,0.001040515838262479,0.8743422429013623,5.829664862563812,0.2855081653173652,1.5275741803284864,2012-2016,SPY up
71,Max decorrelation,0.18066676513873037,0.12840688981796844,1.3285527934942039,1.9997724953410922,-0.10468001586857223,1.725895469537958,0.8826790655260595,0.18163628138422983,1.3342664794648758,0.0009695162454994577,0.8305664727686844,6.656271211868956,0.20992268568370404,1.501176705715797,2012-2016,SPY up
72,EW,4.00130865942927e-05,0.17810829841436548,0.0010945430619601207,0.001510293780522559,-0.15709911933818055,0.00025469962379711525,0.0001556329196976388,0.0001979276735535329,0.001983516746174045,0.0001579145869592402,0.15837135519595968,11.999999999999998,0.08333333333333333,1.8116818308387297,2021-2026,SPY down
72,Markowitz (λ=3),-0.03684838594131146,0.24618323992066804,-0.0932588307673024,-0.12794903945155015,-0.22846181972421908,-0.16128903282741902,-0.11218468549023401,-0.033730988824319574,-0.08011560383004124,0.0031173971169918824,3.2343563613218205,2.148179764801022,0.6191740780491192,1.3549859626676488,2021-2026,SPY down
72,GMV,0.0054436129385324605,0.14291973288456056,-0.00040408878299041636,-0.0005570910137193055,-0.13135863490110833,0.04144084583880318,0.023528894613591027,0.00646260206864957,0.006689641752961963,0.0010189891301171095,1.0140700905569013,5.225717404824335,0.2709391071942513,1.6503783784585044,2021-2026,SPY down
72,Max Sharpe,0.014122751916604726,0.18942719391922777,0.08581349894024283,0.1178717778432362,-0.22523490688950776,0.06270232315070437,0.04342323538291865,0.01627929653276805,0.09703996078278404,0.002156544616163325,2.131004222635692,3.562474621514,0.46510362921900206,1.547212089971538,2021-2026,SPY down
72,Inverse vol,0.0025509469496809434,0.16471801570125263,0.0024911930540020316,0.0034321742527243532,-0.14913546213991835,0.017104898547118552,0.010239196490816277,0.0027472551270406598,0.003685061252921467,0.0001963081773597164,0.19671590823275537,11.07301381974842,0.12577313084859681,1.7852246831725913,2021-2026,SPY down
72,Risk parity (ERC),0.0126054239200728,0.16398122813153448,0.06260093413188082,0.08655071588189724,-0.143539902736173,0.08781825596776129,0.05175917284375475,0.012807756117724889,0.06382186206391872,0.00020233219765208865,0.20054943273296655,11.193150439296787,0.12427452085275326,1.8321658638573588,2021-2026,SPY down
72,Most diversified,0.045841919885103444,0.16855017399358754,0.25697890957861874,0.3609867467128453,-0.13042667304223365,0.35147657159252466,0.1989436347792138,0.047021526910089095,0.2636417312486865,0.0011796070249856516,1.1347038608565991,7.413873597650338,0.2227822933970391,1.9339757257047778,2021-2026,SPY down
72,Max decorrelation,0.04567273077149969,0.18297561655313396,0.24962460465364714,0.3523435580660703,-0.14119448738475127,0.32347389489111356,0.18936059139130723,0.04679157850113036,0.2554521889796256,0.0011188477296306676,1.0769107115143903,7.853706811383021,0.18552937275596898,1.9034818098479036,2021-2026,SPY down
73,EW,0.25024220951241505,0.11273285150891708,1.9859209562846845,3.006368847098214,-0.04996888739910099,5.007960403715478,1.668627499025609,0.250474681372602,1.9877785800588335,0.00023247186018693355,0.18468300629711476,11.999999999999998,0.08333333333333333,1.6874984692518298,2012-2016,SPY up
73,Markowitz (λ=3),0.10306450148566637,0.16322207957258839,0.6463033412474322,0.9278419611661592,-0.10902174835693434,0.9453572616377046,0.4930802765541368,0.1074902631387793,0.6709618466295064,0.004425761653112925,3.999999999999993,1.6650723958329905,0.724190339461786,1.185552306400725,2012-2016,SPY up
73,GMV,0.24678016581442996,0.10951963178533355,2.0155330291934637,3.000960982200227,-0.07117187662246938,3.46738315084023,1.4417097637991054,0.2481847376678865,2.0264125450274637,0.0014045718534565488,1.1232548991759268,3.6617309426282834,0.4115246708994708,1.465198525677132,2012-2016,SPY up
73,Max Sharpe,0.18515773672865743,0.12462491084632996,1.3783962642388952,2.0064421529504712,-0.0847510962597261,2.1847237959167827,1.0022010178946903,0.18836541044795752,1.4012718477545147,0.003207673719300086,2.6905288278854784,2.7753021095875137,0.5391151447518642,1.329399864279764,2012-2016,SPY up
73,Inverse vol,0.24913505607367958,0.10821753119566332,2.0559932587409815,3.1075071430388874,-0.04740133166640603,5.255866181714151,1.6901818542420908,0.24952397669606508,2.059065111204919,0.0003889206223854913,0.3104272762581847,10.66194385948857,0.14494452800945734,1.6748776593862256,2012-2016,SPY up
73,Risk parity (ERC),0.24735759856110828,0.107150849366199,2.062085724724479,3.1180694152099977,-0.048072153757930836,5.1455484979243264,1.6705207041527188,0.24772558689013668,2.0650495015990677,0.0003679883290284014,0.2940116775687998,10.729612218945157,0.136358319957579,1.7070380001628473,2012-2016,SPY up
73,Most diversified,0.23633858663921048,0.10733884668207243,1.975898645707137,2.986375372686554,-0.050462293558227955,4.683468981973673,1.5707495947996362,0.2373119958738914,1.9837842838661472,0.000973409234680922,0.7843411012597081,7.803877272489515,0.2097932591842001,1.7805778838690571,2012-2016,SPY up
73,Max decorrelation,0.24468068659848563,0.11490363316415216,1.9116839936183752,2.879221323795676,-0.05661634689378181,4.321732150213298,1.562293409668338,0.24568437943321464,1.919353997584686,0.0010036928347290086,0.8020192722316701,8.001332469792487,0.19441867070551366,1.7411563405665644,2012-2016,SPY up
74,EW,0.08421316593669914,0.2046375623643991,0.3680444450895739,0.5030189151766156,-0.19986161586033702,0.42135737557304237,0.2808400991740207,0.08443332576058116,0.36903928142729936,0.00022015982388201571,0.20254631388506955,11.999999999999998,0.08333333333333333,1.7953405212592308,2017-2020,SPY down
74,Markowitz (λ=3),-0.0015008640055209632,0.3652673798254413,0.10626325545642192,0.14595817264964592,-0.30065520687789316,-0.004991977425258821,-0.0037460239621405407,7.239106988943256e-05,0.11055976677464724,0.0015732550754103958,1.5670667971232934,1.3671834245780627,0.8478386977761873,1.0495236511394381,2017-2020,SPY down
74,GMV,0.12603197660340348,0.14119604069190644,0.7239404589714336,0.9910060128084937,-0.11036865261723428,1.1419182314428595,0.5991005553128613,0.12712513324729913,0.7309262087547265,0.001093156643895643,0.9671063726334421,4.998743482430633,0.34347317949776646,1.92177114297394,2017-2020,SPY down
74,Max Sharpe,0.05255146071459538,0.1603614777485733,0.23429769204815798,0.3257534461447959,-0.12770214234284272,0.41151588963566604,0.2307903657554112,0.05452376851051932,0.24600269312638443,0.0019723077959239443,1.864148862805782,4.087805917501616,0.4015777272473421,1.7352602587863413,2017-2020,SPY down
74,Inverse vol,0.07644307109380288,0.17402647912478322,0.35817034837873674,0.48378901241097244,-0.1566812747196159,0.4878890041621068,0.2978131972318782,0.07677824608326289,0.3599669712861406,0.00033517498946000757,0.31028523526883856,10.774639766299625,0.12572501481798773,1.9412590319448024,2017-2020,SPY down
74,Risk parity (ERC),0.09315923012754235,0.16413173802147857,0.46348761029371083,0.6274439087437276,-0.14104493015777642,0.6604932912039595,0.38648076964972794,0.09361065340772212,0.4660210435998213,0.0004514232801797746,0.41152172889173694,9.989213913412538,0.1693563083597121,2.0206853133680562,2017-2020,SPY down
74,Most diversified,0.14627471871176345,0.15228415567078205,0.7989364692155156,1.097758520471,-0.13013610124929342,1.1240133775911598,0.635600924486473,0.14710203233305652,0.8037487866502556,0.0008273136212930687,0.7193472113975136,6.301527574398286,0.26702695247012276,2.121151188594019,2017-2020,SPY down
74,Max decorrelation,0.16413347637088038,0.19264010645283722,0.7478784823657166,1.046770329046437,-0.17598676862158447,0.9326466850687416,0.5947150190954618,0.1649241719168164,0.7514375274097252,0.0007906955459360265,0.6773142248489058,7.858241518105103,0.1854689024230653,1.9374963134975502,2017-2020,SPY down
75,EW,0.1840704280025105,0.14762218550609985,1.099165116223075,1.4666567872022358,-0.09907890173207023,1.8578165965169342,0.9246104253189077,0.18438542141677017,1.1009549987138658,0.00031499341425966776,0.26646983446064815,11.999999999999998,0.08333333333333333,1.9707327031021327,2017-2020,SPY up
75,Markowitz (λ=3),0.935848570776064,0.3675870392105901,1.9342214785399165,2.93329748744195,-0.15803139806519284,5.92191540563349,3.626878658153135,0.9376214666581624,1.9367515786780223,0.0017728958820983909,0.9150319471559534,1.8194939844100642,0.6499074888666907,1.1659560516554084,2017-2020,SPY up
75,GMV,0.07319198617804012,0.10875100415857873,0.5416950412904308,0.695835504419076,-0.11659199869092662,0.6277616560297979,0.33792562338594945,0.07423296078300856,0.5507388760182591,0.0010409746049684365,0.966369834158761,6.678133859870419,0.2609531607529474,1.9812745991178102,2017-2020,SPY up
75,Max Sharpe,0.3163943655291237,0.16302893094244042,1.660130183107014,2.335088967498781,-0.10150213537269215,3.117120288823456,1.570178722641973,0.3189376899009424,1.6720887099163977,0.0025433243718187004,1.930428995248528,5.42462361688918,0.31104271519153287,1.8155907472067092,2017-2020,SPY up
75,Inverse vol,0.1058999915578458,0.12244792763957521,0.7393108264081651,0.9617204664982193,-0.10162575148575492,1.0420586318880998,0.5252304865697066,0.10620841883075882,0.7415932763352294,0.0003084272729130255,0.27886157011042634,10.70144375659643,0.12623248924887628,2.0827901925513483,2017-2020,SPY up
75,Risk parity (ERC),0.10831785776267777,0.1201692479119949,0.7691949341561138,0.9977361381249994,-0.10165951082804459,1.0654965470559432,0.5371324036139341,0.10869946605229575,0.7720714508275779,0.000381608289617974,0.3441573926606803,10.531520354369224,0.13498885606182726,2.127599914042012,2017-2020,SPY up
75,Most diversified,0.13291205717230858,0.1183708221711078,0.9644776429920128,1.2605016891021286,-0.1032410492077902,1.287395451636688,0.6539626600550638,0.1340347672652864,0.9729764327335512,0.0011227100929778189,0.988913177926169,7.976059422137704,0.19332622917207126,2.195600163882273,2017-2020,SPY up
75,Max decorrelation,0.23249180727440022,0.1530572685716624,1.3273994636505477,1.8087131693910732,-0.10059764220573153,2.311105928297334,1.1589957126014385,0.23342990180367895,1.3323694430774975,0.0009380945292787324,0.7615926463337356,9.20753861360996,0.15299321660540469,1.9679049706792113,2017-2020,SPY up
76,EW,0.18259921312610805,0.1966246687661376,0.7485026569528568,1.1136658660531131,-0.16753483321002827,1.0899178972362988,0.6825250040721185,0.1828952536643893,0.7498172429046953,0.0002960405382812503,0.24759495356792094,11.999999999999998,0.08333333333333333,1.8893495189889682,2021-2026,SPY up
76,Markowitz (λ=3),0.27779990268687116,0.4641201401989664,0.6731670893390649,0.978865980522839,-0.2908815770063071,0.955027491070181,0.7107009361108587,0.27887358649513283,0.6749942167605485,0.0010736838082616718,0.8243542004204152,1.4806641873013089,0.7939114498948957,1.0950399083793005,2021-2026,SPY up
76,GMV,0.15553914314956985,0.1551368265845919,0.7532547842249221,1.1092655147066885,-0.10879395375007739,1.4296671624498178,0.7449408393106411,0.15636714649470718,0.7578026124297395,0.0008280033451373292,0.7196080180911077,5.975673646607428,0.24426830407525296,1.8770604429012985,2021-2026,SPY up
76,Max Sharpe,0.2181497008932054,0.19414333125577235,0.9083038483117652,1.3685735744261094,-0.17396536324803558,1.2539835333897638,0.7962674489464668,0.22026808599242753,0.9174772191477815,0.002118385099222131,1.7277341262518402,4.503812879795723,0.36771617712608584,1.8132684663599696,2021-2026,SPY up
76,Inverse vol,0.18264284802581665,0.1729762251349106,0.8262273892197954,1.2319397151916949,-0.14346783439913824,1.2730578166928386,0.7501723933125152,0.18304368991345754,0.8282150554725315,0.00040084188764089035,0.33788620840900113,10.639941957833814,0.1377130108911487,1.969943993399812,2021-2026,SPY up
76,Risk parity (ERC),0.17417208088398595,0.1686662204416084,0.8004099323380063,1.1889765900395293,-0.1426661382898441,1.2208368641066991,0.7177436543534236,0.1745240158981658,0.8022099891462885,0.0003519350141798494,0.29890408416347314,10.438866751176093,0.13467432817548364,2.0564669647515816,2021-2026,SPY up
76,Most diversified,0.15398447906846102,0.1709224169318557,0.6905598932334592,1.0191641632250386,-0.15215179389655187,1.0120451105108572,0.6106816718965518,0.15460691335705445,0.6937514427804458,0.000622434288593432,0.5376252138981478,6.709703931655909,0.24399687249913893,2.1621946499324816,2021-2026,SPY up
76,Max decorrelation,0.16120937986694983,0.19683017114302206,0.6551974078117039,0.9692078980551885,-0.17286842280963055,0.9325553924008428,0.5907952932297308,0.1617359652713959,0.6575524437766858,0.0005265854044460561,0.449395350160247,7.542335978512595,0.19241473344248994,2.032441886030486,2021-2026,SPY up
77,EW,0.3955269145900411,0.1295881803777176,2.592123207917281,3.9541711306174125,-0.053309447020381096,7.419452586683642,2.5799252575574116,0.39580332729788115,2.593709469578609,0.000276412707840068,0.1978954802710839,11.999999999999998,0.08333333333333333,1.6096907692071292,2012-2016,SPY up
77,Markowitz (λ=3),0.7634425525166821,0.28604487624434594,2.1063679055229945,3.4248319524840145,-0.11135258697859995,6.856082765849011,3.612175102422488,0.7706476487607057,2.1225124554470205,0.0072050962440235455,3.9999999999999987,1.3137869933441257,0.8695885617291785,1.1305683149065784,2012-2016,SPY up
77,GMV,0.14340186153436862,0.11385941664890945,1.1816860251243742,1.7237134407413885,-0.09425824440225306,1.5213720820259717,0.7382021904688099,0.1456141021485673,1.1979566730198419,0.0022122406141986684,1.942275258814191,4.591964128159271,0.2969075310372526,1.499732879214665,2012-2016,SPY up
77,Max Sharpe,0.2746518498857744,0.1350560563987659,1.8209747797830669,2.7313463863637177,-0.09542750152503132,2.8781205155385026,1.4053899668291856,0.27758657233196304,1.8393868310187806,0.0029347224461886423,2.2867561526625133,4.648466665529982,0.34052022545444843,1.4836592341602917,2012-2016,SPY up
77,Inverse vol,0.2833446566865889,0.11741803621189177,2.133497107851286,3.1843273690167777,-0.054620784808697365,5.187487834145354,1.832513378050393,0.28375350402400246,2.136095229725259,0.0004088473374135315,0.3195929446120567,10.937093055537598,0.12299499504067879,1.6140976417179913,2012-2016,SPY up
77,Risk parity (ERC),0.2843994119682305,0.11743277108978191,2.1402479455241115,3.1958122379216114,-0.052063439455707905,5.462555200759998,1.8702681787693523,0.28481293829149723,2.142874121173303,0.0004135263232667441,0.3229812889017529,10.920243405429385,0.1296426830593047,1.6440207903489834,2012-2016,SPY up
77,Most diversified,0.28521091218265515,0.12330242896113827,2.0491921967127187,3.083949242518392,-0.07648246576434459,3.72910194947739,1.6160863967273364,0.2864043042218378,2.0562574131040696,0.0011933920391826724,0.9326398370519937,7.058080415125602,0.22350635059016072,1.7257915286057188,2012-2016,SPY up
77,Max decorrelation,0.39884608336427796,0.1332194124976561,2.5428724545749692,3.922508710098146,-0.050229709986636895,7.9404416921855,2.6549081629709312,0.40013745760975294,2.5495122909037846,0.0012913742454749855,0.9260125468652751,8.091992314036581,0.18387089321626546,1.690189052544516,2012-2016,SPY up
78,EW,0.31383809387460726,0.20525764588225656,1.241819737677521,1.9006280019930335,-0.16519269680010418,1.899830319099248,1.1834341505685235,0.3143826865985131,1.2438353360512804,0.0005445927239058346,0.41511404248846695,11.999999999999998,0.08333333333333333,1.583681096637045,2021-2026,SPY up
78,Markowitz (λ=3),0.20587057086165061,0.24630590409327102,0.7237797781694221,1.0810290671347211,-0.15575868486774547,1.3217277164124435,0.8049406844897865,0.20756802921327866,0.729394871863859,0.001697458351628045,1.4203367894147252,1.4809731315326622,0.7848173016728786,1.1728082651544762,2021-2026,SPY up
78,GMV,0.0768880396399716,0.139083440399806,0.32052408760183515,0.4570026675486267,-0.12072488569733253,0.636886414891594,0.34834332067750523,0.07765532331104752,0.3256259865824301,0.0007672836710759245,0.7145264124432531,3.074147449783686,0.532126319954157,1.5557632557475656,2021-2026,SPY up
78,Max Sharpe,0.31877051209579865,0.20934546734700166,1.2394809312490298,1.8950817320157873,-0.1209725751146935,2.6350642845584953,1.4425795234107406,0.32026917168443503,1.244721095628732,0.0014986595886363752,1.1450702661695478,1.900838289151711,0.6114901382359357,1.2906627512089357,2021-2026,SPY up
78,Inverse vol,0.25723194381150183,0.17170298568384074,1.191193215110699,1.8034687949139072,-0.13019727026246997,1.975709193387369,1.1174413298568096,0.257633993566428,1.1930485381551585,0.00040204975492619255,0.320277112958873,10.606399150952978,0.15417179992961558,1.6718103251952168,2021-2026,SPY up
78,Risk parity (ERC),0.2538565460562734,0.16636954386847855,1.2078358847585242,1.8171319369732624,-0.11910896286263783,2.131296755131962,1.158585859472208,0.2542824508756334,1.209867696452953,0.00042590481936000124,0.34022512464702287,10.048125612338477,0.16526596667806193,1.7066480801064428,2021-2026,SPY up
78,Most diversified,0.23929420424138748,0.16044941720065686,1.1735897117943828,1.722005354022144,-0.08872410622662463,2.69705962019124,1.2679578090253982,0.2402689142449641,1.1783295098890034,0.0009747100035766287,0.7909612719968449,6.736514456167916,0.23413588519786377,1.7785443587918726,2021-2026,SPY up
78,Max decorrelation,0.3143819702070776,0.19534495636759885,1.2969373304698129,1.9365464799559937,-0.1135016473728071,2.769844997707035,1.4725037210514715,0.31557752646029424,1.301458288228805,0.0011955562532166564,0.9149082723000292,7.482815436833282,0.1969298601408157,1.7034680346698388,2021-2026,SPY up
79,EW,0.31017262741486484,0.12100858695505401,2.226009658809026,3.3427060425190502,-0.049805743494415355,6.227647770174218,2.0704989019758635,0.31040088895285955,2.227787038918979,0.00022826153799471172,0.17201550925882864,11.999999999999998,0.08333333333333333,1.759743534177297,2012-2016,SPY up
79,Markowitz (λ=3),0.6626195121811982,0.22177534498708087,2.3674995782068935,3.9031785505235885,-0.0940874304698569,7.042593350378335,3.4140258881118397,0.6680392568030196,2.3849321168141633,0.005419744621821376,3.1971619878775397,1.7627757447673083,0.7366473871441968,1.1427808333765765,2012-2016,SPY up
79,GMV,0.26716390707867,0.1010820711781136,2.3125551166339693,3.482553356062667,-0.03913390767714198,6.8269161690367,1.9201926513745275,0.26842068201107905,2.323488889462853,0.001256774932409055,0.9870269225975268,6.565961214667872,0.2590160299830355,1.7340715446187212,2012-2016,SPY up
79,Max Sharpe,0.331789615572883,0.14488501664733192,1.9940979457352186,3.047166457806077,-0.06644909698615287,4.99313957030934,1.993339835304033,0.335999772709052,2.019570666566478,0.004210157136169013,3.1175630555086604,3.8947962529982387,0.3536932712435996,1.4615306882063666,2012-2016,SPY up
79,Inverse vol,0.2894753425691414,0.11609581509566436,2.1779065007480294,3.2711981182343095,-0.04759580321746282,6.08195099148854,1.9612708238230727,0.28978890383145406,2.18042961185406,0.0003135612623126338,0.2405539733162257,11.557006548992002,0.11173691215079039,1.7493471566338883,2012-2016,SPY up
79,Risk parity (ERC),0.29706895572977343,0.11394147550046037,2.268505253937967,3.4137788190394445,-0.04725287014370061,6.286791782728914,2.0174068963129264,0.2973591644941125,2.2709390022125566,0.0002902087643390505,0.22108297745142216,11.555940305935453,0.11130304295485433,1.782177148579612,2012-2016,SPY up
79,Most diversified,0.29893358918147217,0.10943507439179988,2.37050322467591,3.610902926926788,-0.04977111557081637,6.006166141808441,1.9959361859739049,0.2997982850870802,2.3776785827555007,0.0008646959056080039,0.660338345414298,8.241958793098476,0.18164921678559454,1.8484384607468627,2012-2016,SPY up
79,Max decorrelation,0.31482016144796154,0.11467546996110796,2.3733808022032816,3.6165409215097584,-0.055432714279926354,5.67932069604548,2.0254433753307977,0.31573507334380535,2.3803591023998734,0.0009149118958438063,0.6910251032527316,8.032718843850413,0.20872490561055024,1.83061265528264,2012-2016,SPY up
80,EW,0.12399942534388098,0.3582344734228143,0.48864638899856555,0.675875541745887,-0.3247551713101856,0.3818243289048185,0.2919315260162613,0.12436111822344653,0.4895381820911472,0.00036169287956555607,0.32805777150991183,11.999999999999998,0.08333333333333333,1.4081017011337098,2017-2020,SPY up
80,Markowitz (λ=3),0.41677772925986134,0.5369093338414095,0.9095408609564545,1.2717261249752279,-0.45823033641684907,0.9095376192656119,0.7466053026337852,0.4182682278849785,0.9114847888536252,0.001490498625117187,1.0665828913861106,2.0082781726091365,0.5791211353966532,1.1756908096014915,2017-2020,SPY up
80,GMV,-0.13421531427805977,0.32623164940202903,-0.29615333086495116,-0.3909911293252364,-0.3385409925981232,-0.39645217924136206,-0.306049643119803,-0.1332968227244009,-0.29285468150535765,0.0009184915536588623,1.0684116563810655,4.2712169505447815,0.32440484742501474,1.4100306596838483,2017-2020,SPY up
80,Max Sharpe,0.08852167409414657,0.4868415087128498,0.40757963899399635,0.5593276588350605,-0.4395166119647679,0.2014068903981326,0.16407590078047,0.09076283325964019,0.4118153713928804,0.0022411591654936114,2.0866423371114275,2.8080655682824864,0.5223097225889397,1.3491887169860295,2017-2020,SPY up
80,Inverse vol,0.08027958321229023,0.3346501758244217,0.3797875938422701,0.5242529832855566,-0.3099710274530647,0.2589906026763938,0.19581769890185957,0.08053185362559923,0.3804839295431386,0.000252270413308997,0.23707910778674368,10.974567961961807,0.12186395526127954,1.4367684804259038,2017-2020,SPY up
80,Risk parity (ERC),0.04633695928252446,0.3389099581219822,0.2855718388150764,0.3875418166757794,-0.32318034861516987,0.14337802246045797,0.10949695427530873,0.04669235921882131,0.28657607197762025,0.00035539993629685185,0.3444164822322544,10.412059000108439,0.15674244399503381,1.4766413981741593,2017-2020,SPY up
80,Most diversified,-0.02979530910983652,0.36462547413424273,0.0844191085387699,0.11169022773944373,-0.3653299836311651,-0.08155725082756328,-0.06403049482720032,-0.028891446348620176,0.08700111449414959,0.0009038627612163452,0.9447760257231317,4.993358472452497,0.3436629268251806,1.5689108163672705,2017-2020,SPY up
80,Max decorrelation,0.03456692924781368,0.39183156086136817,0.26884796450151144,0.36058846631987873,-0.37351259552144245,0.09254555177598899,0.07300107658117906,0.035599339091276994,0.27140714162628204,0.001032409843463311,1.015241628217871,5.906999055376238,0.26699356777082417,1.5162514822107604,2017-2020,SPY up
81,EW,0.8191787087485081,0.2596442207923932,2.427490468710175,3.9509157164654956,-0.12598202748652543,6.502345811477946,3.62497282575869,0.8198356004388203,2.4290355357931976,0.0006568916903122446,0.35718305953053164,11.999999999999998,0.08333333333333333,1.2132732993812734,2017-2020,SPY up
81,Markowitz (λ=3),0.6291719350958829,0.40777334893410955,1.3951885077851465,2.172756570869415,-0.2342616869135571,2.685765407845152,1.8822735590950097,0.6332271425054707,1.4009158987717236,0.004055207409587869,2.5531152236000927,1.7080635541516267,0.6807440688932418,1.0981060183282474,2017-2020,SPY up
81,GMV,0.3636610019258919,0.1933672509184027,1.6896703035811538,2.784359186853891,-0.08165952017149447,4.453381567295051,2.001882431389118,0.3653293956543242,1.697346382557301,0.0016683937284323047,1.1897233807257266,2.8999427909748254,0.44242807383072064,1.1626309038784082,2017-2020,SPY up
81,Max Sharpe,0.6702830623040432,0.4005234289277085,1.4751612751167735,2.3367745411382206,-0.21813992410957694,3.072720709150627,2.106881317018161,0.6744784437762716,1.4809886107238168,0.004195381472228421,2.578672950128626,2.0021082603427685,0.5887099546277463,1.1073049773752777,2017-2020,SPY up
81,Inverse vol,0.729391717802027,0.24316204687695617,2.3665663503478958,3.8643580053478486,-0.1223738871187886,5.960354246931822,3.2800241397606076,0.7298782358823876,2.3678860291607524,0.0004865180803605984,0.27739672222553274,11.44478394571922,0.11281340662995146,1.2163147596088144,2017-2020,SPY up
81,Risk parity (ERC),0.7238239756803846,0.24068551222563092,2.375033950019074,3.8897266949978304,-0.1206924523200118,5.9972596609537,3.279785819910209,0.724430996370087,2.376707263784951,0.00060702068970242,0.347165742724172,11.233256518869055,0.1297487981146672,1.2263449181659163,2017-2020,SPY up
81,Most diversified,0.7379629266478387,0.23181740399830733,2.4921831458660613,4.310216007568238,-0.08595529448597294,8.585427239368798,3.9684964533424725,0.7405024348413392,2.4991800750880833,0.0025395081935004615,1.4471304949200596,4.8124033915335875,0.2958002306638108,1.3015268931720185,2017-2020,SPY up
81,Max decorrelation,0.8906416947488998,0.2578014306109158,2.5927635342416933,4.465418121126648,-0.0945583012813278,9.418968854982726,4.577762495268952,0.8933198790696479,2.59858167864776,0.002678184320748178,1.4104370978376006,4.9801383349308574,0.2585940765669242,1.2885010139763513,2017-2020,SPY up
82,EW,0.38576433071819416,0.13890790541882952,2.370253123455761,3.6228574846937254,-0.05979739941741047,6.451189089769612,2.41408390952928,0.386311672140933,2.3731888345915957,0.0005473414227388229,0.39463112444755905,11.999999999999998,0.08333333333333333,1.7438677311492667,2012-2016,SPY up
82,Markowitz (λ=3),1.2723542529951999,0.5528216541904861,1.7460007251363525,2.908057973893158,-0.34130864752186185,3.727869956514072,2.883139181930871,1.2770910071827322,1.7498419066356987,0.004736754187532277,2.0738841102528127,1.9749054337276375,0.6964497198849844,1.1694012541828132,2012-2016,SPY up
82,GMV,0.1962150702224854,0.10951474267514293,1.6289630542405598,2.388955262207081,-0.07940792282795262,2.470975983688811,1.0936811882641906,0.19770444709103852,1.6401042020147492,0.001489376868553105,1.2469554265580312,3.434509402840029,0.45646974976822374,1.4190179667333014,2012-2016,SPY up
82,Max Sharpe,0.24244935852174532,0.15703166073220542,1.4178610775472704,2.07066830524251,-0.06537492025221558,3.708598918153611,1.4660588083851072,0.24512652206161656,1.4313983566180777,0.0026771635398712412,2.157682366938937,2.5697939071367246,0.5690177131646743,1.4383353459766854,2012-2016,SPY up
82,Inverse vol,0.24420349435596855,0.10873053331077077,2.001911136142025,2.912316829397284,-0.06498173531522988,3.7580328252442676,1.4801850270841799,0.244606512341345,2.004925762823597,0.0004030179853764526,0.32392754647250793,10.610785130468681,0.13607387883120511,1.6520151492603303,2012-2016,SPY up
82,Risk parity (ERC),0.26554825873472754,0.11182140671101971,2.10185423082344,3.0755015240726737,-0.06327301693221632,4.1968641865015925,1.6264062716803434,0.2659540261025608,2.1047255072171955,0.00040576736783326517,0.3208540309492164,11.106249393492433,0.12394009121475426,1.7195219856290223,2012-2016,SPY up
82,Most diversified,0.33697300387749984,0.1360172810838075,2.153904007937494,3.2735922592633253,-0.056784954187555914,5.934195222989992,2.1492687587508668,0.33789702819743006,2.15895156406056,0.0009240243199302167,0.6920259453839794,7.677031783513614,0.2249506365178636,1.8321311087131056,2012-2016,SPY up
82,Max decorrelation,0.6036249400779439,0.20947032899552115,2.3281075291664037,3.741043642279193,-0.07347630756199341,8.21523236682319,3.479581440031704,0.6048748727563067,2.331857832806562,0.0012499326783628195,0.7801217987629009,7.353655577701666,0.19100109641049684,1.7178693589729939,2012-2016,SPY up
83,EW,0.0064918091844230474,0.15362113031213961,0.05360070706662114,0.07683330526092673,-0.12303503704800023,0.05276390644634315,0.02910667879964492,0.00662187689712046,0.0544392590690896,0.00013006771269741257,0.12859500658888662,11.999999999999998,0.08333333333333333,1.705287100674504,2012-2016,SPY up
83,Markowitz (λ=3),-0.0695354071761316,0.26910918774533454,-0.1706732571372897,-0.23825820825808827,-0.21844902686880963,-0.31831410820562434,-0.21835647563394148,-0.06853391417372079,-0.1666245902507457,0.0010014930024108137,1.084168483347685,1.474106406469403,0.7907598870649752,1.0888696807731026,2012-2016,SPY up
83,GMV,-0.0009493397258947267,0.13699178346020174,-0.011605620006733472,-0.016516719670090076,-0.10892117995463313,-0.008715841366115728,-0.004544009018620679,-2.9329566990976552e-05,-0.004916535325710818,0.0009200101589037502,0.9165034108743065,6.709646074802717,0.23663469709746457,1.6255181468244284,2012-2016,SPY up
83,Max Sharpe,0.09809544187450125,0.1691880157459378,0.5784145858643728,0.8448564106014111,-0.12890611973137633,0.7609835908405238,0.4285400582108388,0.10037529887341523,0.5908730645210121,0.002279856998913976,2.0615798630847,3.894521958872275,0.3191497457685848,1.6007041738379935,2012-2016,SPY up
83,Inverse vol,0.007848116170581676,0.14682580985924326,0.058321605040537024,0.08382380720358777,-0.11457654276951923,0.06849670954349574,0.03657490268641101,0.00801587246711355,0.05945270131777192,0.00016775629653187352,0.1658200900379468,11.27023677696846,0.10968726375662732,1.6708062806776995,2012-2016,SPY up
83,Risk parity (ERC),0.0055047152570086855,0.14685038642427384,0.042496883026655115,0.06082393868451281,-0.11497694044278739,0.047876689324046116,0.025606073124264578,0.005722830517074673,0.04396949152227563,0.00021811526006598747,0.21597317307985808,11.344043733920465,0.11975575594223757,1.7202065699276583,2012-2016,SPY up
83,Most diversified,-0.0040174738657580145,0.151084802142277,-0.01744713895661075,-0.02444963644296099,-0.11700788078424595,-0.03433507075618218,-0.018513032113116095,-0.0032466577484020487,-0.012363906901357687,0.0007708161173559658,0.7684319777756619,7.622416320545044,0.2369680079055165,1.8192163245083206,2012-2016,SPY up
83,Max decorrelation,-0.017382911167446613,0.16641092172216357,-0.08247213760800896,-0.1160319993579461,-0.13180785500102532,-0.13188069229494245,-0.07498844751127923,-0.016689132786076533,-0.07828581232228828,0.0006937783813700804,0.6995609667245466,7.443167492634852,0.2057054139208957,1.6845679790578694,2012-2016,SPY up
84,EW,0.6212842260410532,0.17721401123778646,2.572881385466038,4.324830721095111,-0.09912327409167698,6.267793631054204,3.1200984861016896,0.6217688793738132,2.574539183869411,0.0004846533327600433,0.2998980203644197,11.999999999999998,0.08333333333333333,1.3828683369198713,2021-2026,SPY up
84,Markowitz (λ=3),0.8972674249931021,0.3424999399828226,1.9122725807500687,3.3657473400140243,-0.19797209248874692,4.5322924747290045,3.0112465147285157,0.9048262756586019,1.92373822316021,0.007558850665499772,3.9999999999999973,1.2441934933997536,0.8965726256750151,1.044680436102369,2021-2026,SPY up
84,GMV,0.30324964811512256,0.11718998730876662,1.950349671650369,2.799717892400095,-0.055070991505648426,5.506522396351251,1.9555536800967495,0.3045441091038499,1.9583489273415118,0.0012944609887273195,0.9973898917219219,3.393123662096274,0.4287530665924244,1.3200660544296354,2021-2026,SPY up
84,Max Sharpe,0.5359555332940236,0.2332795499830038,1.7708106317628014,2.9182567979615626,-0.14693454981186527,3.6475800550671034,2.170435581826674,0.5413331869431384,1.7852943015786649,0.0053776536491148,3.5195826484353887,2.241241311903896,0.575304417677269,1.196603265724384,2021-2026,SPY up
84,Inverse vol,0.4935766594545805,0.1416315881298026,2.599354893955438,4.26216467759433,-0.08035557550971972,6.142407123882499,2.736686448753455,0.494025941847974,2.601395635315323,0.00044928239339347975,0.3019544397507886,10.525105581719718,0.13943373998726333,1.4154231174341412,2021-2026,SPY up
84,Risk parity (ERC),0.4712253477822925,0.13793220929246006,2.555886650468681,4.126905295096818,-0.07987842430236336,5.899281963782433,2.6196879898736207,0.47161870936630046,2.55774098318626,0.0003933615840079341,0.26843235033456003,10.04681469027068,0.1673987982683402,1.4478192276215025,2021-2026,SPY up
84,Most diversified,0.33979907401629617,0.1458545150067724,1.7826176851367839,2.621427754581007,-0.08166497500346204,4.1608911776669375,1.8704710360916876,0.3405607810682416,1.7864140428050161,0.0007617070519454483,0.5703935511225675,4.815383286754578,0.34462910395734003,1.560555676693561,2021-2026,SPY up
84,Max decorrelation,0.3481957174685275,0.1739198295578574,1.5565443459729935,2.350561116441242,-0.11226421728801628,3.1015734655257416,1.6403882006926727,0.3491381448307247,1.5606151088160973,0.0009424273621971846,0.6985803402408746,5.977298167554116,0.23338667070499441,1.5070505882364011,2021-2026,SPY up
85,EW,0.03512940350591642,0.13309859435183832,0.252077565713815,0.3565880096283776,-0.10470569160157828,0.3355061503207425,0.17160931496858084,0.03535365156235537,0.2537054786745277,0.00022424805643894707,0.21660503720514543,11.999999999999998,0.08333333333333333,1.750186743648364,2012-2016,SPY up
85,Markowitz (λ=3),-0.04751558993842131,0.301036204972218,-0.04338499892324294,-0.05883785075902219,-0.23464037605462307,-0.20250389441653438,-0.14199000879279847,-0.04561942472252156,-0.03673670409676504,0.0018961652158997477,2.000000000000001,1.0000000000000018,0.9999999999999991,1.0000000000000009,2012-2016,SPY up
85,GMV,0.09102759305400698,0.1166260544252315,0.7210502359017454,1.0869944903536335,-0.0824434183365349,1.1041220135054493,0.4989360201862563,0.09228941365974563,0.730913948168202,0.0012618206057386505,1.157368807525435,5.576896304199941,0.28964585887363486,1.6341584244483085,2012-2016,SPY up
85,Max Sharpe,0.029219843789788813,0.17966960972534413,0.19551402262973297,0.2698673204156131,-0.15340259411374635,0.19047815950310865,0.1153099631516508,0.03157449268962065,0.20823482827284046,0.002354648899831835,2.2855982263458374,3.015373057090147,0.3848635305678256,1.5378445379550423,2012-2016,SPY up
85,Inverse vol,0.07871939825118579,0.12149051209671796,0.6035730398883895,0.8820623677981753,-0.07435421613877857,1.0587079299479105,0.4514912228364382,0.07892841783940319,0.605170655900492,0.0002090195882173962,0.1937300720302489,10.914609556431902,0.11856130161813433,1.713409992327342,2012-2016,SPY up
85,Risk parity (ERC),0.07355617063713171,0.12131598224575203,0.5647065078701996,0.8242218049673222,-0.08367515785530788,0.8790682028270081,0.40046880316322575,0.07388123416454229,0.567198394797116,0.000325063527410574,0.302967710459359,10.87729649558241,0.1389682073721727,1.7906802789036735,2012-2016,SPY up
85,Most diversified,0.07819658777505545,0.12806177434867433,0.5752096971568731,0.8305984610934927,-0.11062062344175205,0.7068897764459836,0.3712674784512781,0.07953671466401824,0.5848970557271587,0.0013401268889627893,1.2430873633400958,6.447634512529923,0.28211363706170833,1.9013478078313564,2012-2016,SPY up
85,Max decorrelation,-0.0011663468306427616,0.1483232065412294,-1.3456027472115394e-05,-1.8671980807567574e-05,-0.16617151083798232,-0.007018933779689546,-0.004381937146356407,-7.696569261317343e-05,0.007339798110714205,0.0010893811380295881,1.0907332364692268,6.9906850913005485,0.23097443734806494,1.8023690159755075,2012-2016,SPY up
86,EW,0.26208966403671363,0.09455480423643305,2.1180740157594466,3.1807021999281235,-0.0475084300115991,5.5166980675371695,1.7767775307221736,0.262427105691903,2.1212966299137714,0.0003374416551893411,0.26584580532043117,11.999999999999998,0.08333333333333333,1.5780170442106431,2021-2026,SPY up
86,Markowitz (λ=3),0.5151128601492694,0.27537599643811933,1.5128260738317834,2.2500403446260684,-0.20006981149565772,2.574665594466506,1.716643395687685,0.520053394719757,1.525108771973465,0.004940534570487598,3.233918821232367,1.5618664126713906,0.7630627252481232,1.150485335838486,2021-2026,SPY up
86,GMV,0.23020425669993627,0.09910894897288312,1.7667261992922445,2.6673303750223836,-0.0884887378899476,2.6015090980983206,1.2213157097711853,0.23148816352588164,1.7774728223850487,0.001283906825945369,1.0427392928700003,6.063522587590922,0.23019443939203224,1.6671179911320466,2021-2026,SPY up
86,Max Sharpe,0.4343840251808051,0.17990855213673446,1.8901771863613919,2.8943449316003247,-0.12309715560212398,3.5287901093736567,1.9470621398485888,0.43674667756112573,1.8998666020042252,0.002362652380320629,1.6380918603893657,2.5974921912613795,0.5159485489834887,1.3331686727636165,2021-2026,SPY up
86,Inverse vol,0.23355792294888977,0.08987680995902689,1.9689158372041502,2.914406456602406,-0.04735806398657316,4.9317455843445694,1.5849687260425116,0.23388918126559477,1.97226127678306,0.0003312583167049965,0.26720127703439367,11.596460093065286,0.11272975449887465,1.5859214408856839,2021-2026,SPY up
86,Risk parity (ERC),0.24643498014039178,0.08956246433538642,2.0915019934182233,3.105281467114631,-0.05339540284560218,4.615284593937453,1.6065343261195197,0.2468896313660769,2.0960803205689347,0.00045465122568510985,0.3630051872448849,11.372603162235873,0.11583396948508232,1.6296658438784024,2021-2026,SPY up
86,Most diversified,0.32435321376882187,0.10614381494519542,2.351629266004892,3.6818372637184726,-0.09192489563862061,3.528458874121916,1.6900007301791284,0.32577397579160805,2.3624862533476376,0.0014207620227861817,1.0697286446291894,6.5719807568354405,0.20918842620184885,1.7452470334832055,2021-2026,SPY up
86,Max decorrelation,0.34918004862893204,0.10872262971168618,2.4693559659016593,3.9290293434332253,-0.08798942673070331,3.9684319082748156,1.8574451483866476,0.3505700260765283,2.4797922407205046,0.00138997744759628,1.0261998125838798,6.662495626350408,0.1929223580156917,1.7376970962764107,2021-2026,SPY up
87,EW,0.510194362057627,0.12439072884469386,3.031918391210722,5.0921862384280505,-0.06817215342259375,7.4839114864829455,3.0337624373256253,0.5105885309439293,3.033753785078835,0.00039416888630228186,0.2628083730075276,11.999999999999998,0.08333333333333333,1.8052744351748753,2021-2026,SPY up
87,Markowitz (λ=3),1.9252779379571865,0.5201325882315141,2.2417086845850154,3.6248527918588413,-0.2704676252294498,7.118330470509686,5.196885792016947,1.9308888314961679,2.2453382086713405,0.005610893538981365,1.936600495345734,1.0000000000000009,0.9999999999999996,1.0,2021-2026,SPY up
87,GMV,0.26719562739370684,0.09568847516358026,2.0729283346584824,3.098275806994082,-0.05476284707712553,4.87914054244478,1.726484310931233,0.26875201100629487,2.085474370933877,0.0015563836125880304,1.229960654447698,5.584524206675274,0.269321953482739,1.7488287260567876,2021-2026,SPY up
87,Max Sharpe,0.8219321174920473,0.2051048234732349,2.819234289484808,4.977660906137445,-0.09558329911264252,8.599118518847325,4.202465758687663,0.8279802040997148,2.833667198847523,0.0060480866076675355,3.3501568940577964,4.034199262301861,0.3875387963889029,1.453635248377209,2021-2026,SPY up
87,Inverse vol,0.41338519073607016,0.09805790599456685,3.1398083583430334,5.112115070339706,-0.044663196436175445,9.255611414351085,2.857569865176132,0.4137976958586742,3.1424475885685923,0.0004125051226040455,0.2932871698370858,10.618497402878257,0.12992143064897227,1.85033634946596,2021-2026,SPY up
87,Risk parity (ERC),0.40643427913272934,0.09570539177926532,3.1629683381280267,5.140798578023532,-0.04607661911810612,8.820835532462455,2.7823362943806798,0.406760393206709,3.1651599386865557,0.0003261140739796442,0.23285709459455545,10.576978623968495,0.14694463376726896,1.9234834871087723,2021-2026,SPY up
87,Most diversified,0.39818362072665026,0.10035727477251899,2.962017858097322,4.7866165854961,-0.053447874293336195,7.449943070538452,2.594911285414543,0.39901382251741757,2.9676194814366474,0.0008302017907673154,0.5955156850201957,6.3256893386530075,0.2689981796651217,2.057675576735778,2021-2026,SPY up
87,Max decorrelation,0.5466476551422537,0.14021442650009514,2.8749199991647947,4.737376088584494,-0.08152053630718448,6.705643509046409,3.011492067306203,0.5477113180795219,2.879340790220067,0.0010636629372682282,0.6921952723678222,7.51006373064746,0.17778533376105554,1.892567949460506,2021-2026,SPY up
88,EW,0.6052381681346966,0.154320453367056,3.1080073830147628,5.0542202479860086,-0.04564893922281399,13.258537403914447,4.155458813255084,0.6060011656508422,3.110490069684673,0.0007629975161456137,0.4808972784316756,11.999999999999998,0.08333333333333333,1.6483422707059463,2012-2016,SPY up
88,Markowitz (λ=3),0.4083485411032901,0.4434738950517115,0.9779788071168207,1.5294309344385824,-0.35976359731791474,1.1350468589584455,0.8881706674591889,0.4138228847995682,0.9863931970891685,0.005474343696278083,3.9999999999999964,1.0333250293144656,0.9838574878893778,1.0087159016022953,2012-2016,SPY up
88,GMV,0.1655911749518535,0.1143237122474067,1.3459059543500205,1.9493418006843035,-0.07837587562670978,2.1127824554143997,0.9283271875754597,0.16719503964047688,1.357793512236929,0.001603864688623391,1.3774759454718202,3.4346952227058765,0.47268281995986294,1.4044614125595378,2012-2016,SPY up
88,Max Sharpe,0.2839123497239313,0.14462597332609992,1.7600834020987628,2.6072203190782575,-0.07987224369499413,3.5545808730264215,1.5784111205359508,0.2878029576347685,1.7799501127166073,0.003890607910837174,3.0424505530885044,3.1032837865103398,0.4999181299225361,1.4055952455362706,2012-2016,SPY up
88,Inverse vol,0.3135796652501539,0.11924877011803667,2.2982769280110826,3.434889849169919,-0.04763463452836891,6.583018183196112,2.124025072110688,0.31411438147520565,2.3012857375278615,0.0005347162250517457,0.4100647640625129,10.528476431865789,0.1433958698899915,1.609733698421432,2012-2016,SPY up
88,Risk parity (ERC),0.35132585689775886,0.12292521432836769,2.463863226559736,3.7169976406061176,-0.05057602342419387,6.946490315205295,2.333212479041397,0.35190461836519615,2.4668824238212563,0.0005787614674372943,0.4317078948980257,10.694157654917788,0.1333058596655366,1.6552596175836076,2012-2016,SPY up
88,Most diversified,0.5127720123073831,0.14801573691683828,2.832550613548557,4.438041371538279,-0.06176322060008066,8.302222703501855,3.1698924539533273,0.5145497362658003,2.839254695122724,0.0017777239584171323,1.1864137896055222,7.338209148674469,0.228269845037641,1.7452080564550427,2012-2016,SPY up
88,Max decorrelation,1.0977872610633845,0.23191176563873997,3.2885833951004444,5.677824089238336,-0.07465197914261557,14.705400629314402,6.2855701175133225,1.100004375977469,3.2922631457772424,0.0022171149140843838,1.0748075316596997,7.623992250106844,0.20975458229848037,1.6166336550314737,2012-2016,SPY up
89,EW,0.06743923234213134,0.18833513086321174,0.3850199082818158,0.5532280671931662,-0.16358121238216283,0.4122675908806568,0.2558575087072295,0.06767845920080706,0.3862106677885058,0.0002392268586757229,0.22406200893939937,11.999999999999998,0.08333333333333333,1.5980419447743013,2012-2016,SPY up
89,Markowitz (λ=3),0.5311910289046391,0.29791047546876476,1.542614878026008,2.533184020845371,-0.2353481696491161,2.2570433825620966,1.5839985930456657,0.5366922285134768,1.554386887817716,0.005501199608837659,3.6128175899273147,1.655854584301859,0.7223856194125046,1.147083825798344,2012-2016,SPY up
89,GMV,0.16309264243575772,0.14667778667168382,1.0323961833375412,1.5122732622405337,-0.09051924196063321,1.8017455615313995,0.8560428897226946,0.16402914720621653,1.0379295642793127,0.0009365047704588125,0.8043547442546455,4.103979994434701,0.3696981658841981,1.446439194523402,2012-2016,SPY up
89,Max Sharpe,0.23930602336244244,0.23285139025971271,0.992769451991803,1.4799148301945209,-0.19593443706903668,1.2213576487226896,0.808645407180565,0.24150640822262126,1.0003682712466004,0.0022003848601788167,1.777449850374796,3.330642826060637,0.4043299389730568,1.4030040564288746,2012-2016,SPY up
89,Inverse vol,0.09446677388593705,0.17319232505360496,0.547350147545876,0.7951824811283031,-0.1346808650950142,0.7014119921140464,0.4025329199621397,0.09475894039383204,0.5488976766121342,0.00029216650789498644,0.2665651264820289,11.100123295460612,0.12416506461757201,1.5826779952461334,2012-2016,SPY up
89,Risk parity (ERC),0.09029811537789256,0.17384899663091846,0.5240008282678109,0.7562823448376115,-0.14452602713097862,0.6247879165463996,0.36927813549076727,0.09056660117947968,0.5254210349459562,0.000268485801587115,0.24602947485621665,11.02694220383803,0.13827905961893044,1.619310970416664,2012-2016,SPY up
89,Most diversified,0.09193079963859185,0.19691440875579752,0.4920606885452243,0.6879692396900373,-0.21002593455336105,0.437711656106142,0.2965261592422324,0.09294277400370454,0.49675435792447253,0.001011974365112689,0.9283310602163144,6.143853725070435,0.31702225808601625,1.7031994360833007,2012-2016,SPY up
89,Max decorrelation,0.06523355087562721,0.21414673589839184,0.353288153117162,0.4951628971627087,-0.2340141912219582,0.27875895275835805,0.19530173444720014,0.066139575649518,0.35725201732524914,0.0009060247738907901,0.8527951381892526,6.936681023745464,0.24468185922518107,1.6613811567916277,2012-2016,SPY up
90,EW,0.6519043215007596,0.16831427146371664,3.0082411790435004,4.986926392292651,-0.07799702957867849,8.358066006131164,3.66244494665909,0.6524967151678764,3.0104506469975068,0.0005923936671168306,0.35848082108548485,11.999999999999998,0.08333333333333333,1.5544487679885748,2012-2016,SPY up
90,Markowitz (λ=3),1.4815403435430112,0.4269036452638566,2.3119071344367796,4.510928808985659,-0.24125283940823916,6.141027592367538,4.341474040515313,1.4900964611182288,2.3205638687907477,0.00855611757521757,3.4001203844302106,1.3156786397123468,0.868841547219859,1.1379306832461014,2012-2016,SPY up
90,GMV,0.22539503250990878,0.10521563836433095,1.888380467743301,2.844798075752464,-0.12298099154867004,1.8327631747928144,1.010826218613849,0.22643530772540177,1.8954706729388975,0.0010402752154929917,0.855237490614718,3.059835898239619,0.4419439983615733,1.245385360841676,2012-2016,SPY up
90,Max Sharpe,1.1046121699465803,0.2979928491030869,2.6120665380442456,4.66342818269149,-0.20716567786987583,5.332023051812691,3.5961445224180473,1.1111143294856412,2.6228134344719374,0.006502159539060859,3.080272369924211,2.090899207632858,0.6126442260204642,1.2920008942181163,2012-2016,SPY up
90,Inverse vol,0.4212065576090922,0.12627220656417187,2.7679253389483143,4.46243491656766,-0.063052163844312,6.6802871135260755,2.583262605525893,0.4216334544960718,2.7703098578986656,0.0004268968869796108,0.3007176281134982,10.682288649392778,0.13148948400947585,1.4798526675153605,2012-2016,SPY up
90,Risk parity (ERC),0.47423766892832675,0.13592163713825842,2.850599461346757,4.6270524464061795,-0.06805277693678591,6.968674759133565,2.8219567541375064,0.4747387754045769,2.853123728124386,0.0005011064762501238,0.34021603768837977,11.030628696380608,0.12649585544592917,1.5237978907367524,2012-2016,SPY up
90,Most diversified,0.7551642076670129,0.2040610314548406,2.8110496629163118,4.733970094547677,-0.11637117993443225,6.48927172597631,3.4901330569803846,0.7572058657512226,2.8165692987862943,0.002041658084209752,1.167957490983576,6.2282929003139795,0.2660496092871559,1.6319692870503297,2012-2016,SPY up
90,Max decorrelation,1.2578570754177418,0.294314143855114,2.8811659305519766,5.173515929866516,-0.11546210307600446,10.89411193722793,5.837950421258218,1.259825523037271,2.8840552922855482,0.00196844761952919,0.8765070487612568,6.191352301932721,0.2351730655286281,1.53754725191149,2012-2016,SPY up
91,EW,0.15756505650692065,0.12237535665598086,1.183304255745687,1.6865662990709145,-0.09033981738473595,1.744137425426579,0.8278092239020735,0.1578334718849037,1.1851277726147198,0.0002684153779830556,0.23300062193866689,11.999999999999998,0.08333333333333333,1.879029649875296,2012-2016,SPY up
91,Markowitz (λ=3),0.5859397448363342,0.2959499131800602,1.6772327733870016,2.5044388712961,-0.2215447843671411,2.6447914199836116,1.822264808274128,0.5897655734238847,1.6850407501814884,0.0038258285875505393,2.43592929886007,1.935806102500089,0.7387109618501493,1.2529146523584038,2012-2016,SPY up
91,GMV,0.2070851043238151,0.10182025487261538,1.811348133370736,2.694278301622627,-0.05379273635671733,3.8496852614183013,1.3465207085169992,0.20823677862230805,1.8203971948268927,0.001151674298492944,0.9563129151391783,5.133036909503177,0.34794385109536774,1.6601831051175548,2012-2016,SPY up
91,Max Sharpe,0.21895260739249034,0.18213073477742506,1.1289155854867752,1.6047813977663337,-0.11965804440113992,1.8298193697573457,0.9967884763311408,0.22237733257777714,1.1438059662668567,0.0034247251852868033,2.8259414658441555,4.046839873397699,0.32629617340032324,1.6170809693912154,2012-2016,SPY up
91,Inverse vol,0.17625150256817723,0.10952315383792002,1.454881819350634,2.1073831716856906,-0.06869727358618705,2.5656258737408772,1.0447797929474583,0.17654523148442736,1.4570707613184988,0.00029372891625012443,0.25066539255429543,10.610227265165499,0.13756860943712218,1.8423824620690716,2012-2016,SPY up
91,Risk parity (ERC),0.18371615618924197,0.11049757688616886,1.500300725634323,2.1780834031398397,-0.06924205053004495,2.6532454597011874,1.0855231050076852,0.18400530652673885,1.502417266774949,0.00028915033749687957,0.24524150990129479,10.973587727664352,0.13312124307285506,1.8955636167520624,2012-2016,SPY up
91,Most diversified,0.20056582022777092,0.11646275103133268,1.5506885655047191,2.2751620950574756,-0.07004163677525177,2.863522748209648,1.1795100543101906,0.20161425269414446,1.5578692908952725,0.001048432466373539,0.8765427998212613,7.9770072486187305,0.2028914964725892,1.9755974323638865,2012-2016,SPY up
91,Max decorrelation,0.18426509145846093,0.1355164269404218,1.2493834256988618,1.8081324239232126,-0.093818422931639,1.9640608496768923,0.9507098895518946,0.1851642339837345,1.2548042013162657,0.0008991425252735663,0.7624724072437683,8.378606055475839,0.19093167558206067,1.9020891966106546,2012-2016,SPY up
92,EW,0.16567617301305693,0.13791674830848386,1.1536259333219105,1.7539399376860108,-0.09259518719147186,1.7892525307008171,0.8602300785862684,0.16589702974804932,1.155105536935028,0.00022085673499239178,0.18758460544495817,11.999999999999998,0.08333333333333333,1.3697700663242713,2012-2016,SPY up
92,Markowitz (λ=3),0.05426279060938488,0.1617055785422387,0.38433777694116605,0.5698005282174988,-0.15686382226094364,0.3459229147120902,0.21125119968922765,0.05839867148886024,0.4090710401062396,0.004135880879475362,3.8611929443757447,1.8487968789565485,0.6767312531875711,1.134915526121983,2012-2016,SPY up
92,GMV,0.34404728979833066,0.10838056818636542,2.7494235492291463,4.702477275485274,-0.08291393531904878,4.1494507343603155,1.880924431472233,0.3450852574878689,2.7579555918155174,0.0010379676895382328,0.7666599548949191,2.9023215696937,0.46328594825330344,1.2226444605442806,2012-2016,SPY up
92,Max Sharpe,0.16177445873273721,0.12003163866808425,1.2783802909074822,2.0342432433136115,-0.10526111654310066,1.5368871625686809,0.7881398165286111,0.16543487982771454,1.30747459830303,0.0036604210949773286,3.1126713577776126,2.496129456764406,0.47904437573549863,1.219443771219484,2012-2016,SPY up
92,Inverse vol,0.18838310353953025,0.12461520940032256,1.4177186304025204,2.197679982213774,-0.08708029448732313,2.1633264408281767,1.0069639031506623,0.18862100884780864,1.4195093202864626,0.00023790530827838552,0.19809439224013634,10.758236319872672,0.13235578374813045,1.3607743623351891,2012-2016,SPY up
92,Risk parity (ERC),0.19474068681783896,0.12530003717329574,1.4532562657656785,2.2594245343058263,-0.08846961815488108,2.2012154102090995,1.0332736317097242,0.1949789996631841,1.4550251612906233,0.00023831284534514552,0.19749663330070139,10.736718087783471,0.13854674248172136,1.378446926146271,2012-2016,SPY up
92,Most diversified,0.26314325452476717,0.12898923775324136,1.847207384099974,2.9942284356640214,-0.09465113265968383,2.7801384635395037,1.3518711703816837,0.2640566284293002,1.8536486791565503,0.0009133739045330547,0.7154357479889888,5.990357215914679,0.2900603933087017,1.4477923960736852,2012-2016,SPY up
92,Max decorrelation,0.23248457852979154,0.15266712330047782,1.4213185596547333,2.2447257775967193,-0.10360103367677431,2.2440372482684103,1.1418634489787076,0.2334138551990108,1.4267727668153285,0.00092927666921927,0.7448775326059762,6.830389032068643,0.21361178546695936,1.4222476150923058,2012-2016,SPY up
93,EW,0.6950930725809592,0.21387946293537036,2.566759753938486,3.6876185739741034,-0.11445585693553217,6.073023182836976,3.241194167011778,0.6960622162887979,2.5693912821904137,0.0009691437078387377,0.5737205734868486,11.999999999999998,0.08333333333333333,1.3604468278992838,2017-2020,SPY up
93,Markowitz (λ=3),2.5716503320963002,0.700915325210413,2.1644533614913697,3.5585473880161897,-0.3598514424107221,7.146422187078819,5.592350256888829,2.578518280449057,2.167044316976901,0.006867948352756947,1.9854564351391695,1.1685171004549781,0.9257814336157313,1.0303036451642242,2017-2020,SPY up
93,GMV,0.3174540717796446,0.15620606148369998,1.829454711148696,2.6803061111361983,-0.0735677566178069,4.315125081614974,1.8289921928222692,0.31967624916179105,1.8403173501235117,0.002222177382146473,1.6863437406774686,2.0506309230550404,0.6772994842262288,1.1682540277675832,2017-2020,SPY up
93,Max Sharpe,1.8321259301334045,0.562266867395851,2.1306516013661994,3.4328330085836383,-0.3069484752444811,5.968838674549976,4.502107862752709,1.8378946669958105,2.1340806167658273,0.0057687368624059765,2.0846341118508427,1.9726157032119005,0.6689235350249709,1.151939945557845,2017-2020,SPY up
93,Inverse vol,0.5566709020793692,0.18650807218460627,2.456312845515119,3.4789965193144687,-0.09968166974932613,5.584486129488541,2.7877917025543493,0.5574084454538775,2.4588135221739615,0.0007375433745082649,0.4752114750088915,11.079567706913053,0.13137434880824617,1.3344510062255015,2017-2020,SPY up
93,Risk parity (ERC),0.6033799729073466,0.1943010230575604,2.5178807286808222,3.58719293652178,-0.10016917084780608,6.023609537749927,3.014350163672868,0.6042860798209413,2.520726635583153,0.0009061069135947175,0.5671494489497508,11.199287597527633,0.13590812057972998,1.3553198380450662,2017-2020,SPY up
93,Most diversified,0.9376879986038373,0.2662527784783949,2.612384632394295,3.9548495590156674,-0.13332233345332045,7.033240225518148,4.01885230927298,0.9407131754572646,2.6181105277819845,0.0030251768534272916,1.5687894181602946,4.9259935105399935,0.3233623255209186,1.4591888876936912,2017-2020,SPY up
93,Max decorrelation,1.2331464132760068,0.32987859970252426,2.597745937419644,3.979871961103398,-0.17906733716448286,6.886495509470252,4.418813128779696,1.2363858522620745,2.6020317848106846,0.003239438986067711,1.460334744581905,5.158258608419999,0.26141692217230783,1.4278293486407145,2017-2020,SPY up
94,EW,0.038532669134758946,0.29492069963451195,0.2217014964687739,0.2835386319857019,-0.3149788187410093,0.1223341597659694,0.09285454436364235,0.03877668978048887,0.22250063394922767,0.00024402064572992543,0.2377650722660472,11.999999999999998,0.08333333333333333,1.58813899160788,2017-2020,SPY down
94,Markowitz (λ=3),-0.44769168392306546,0.41388623964529,-1.2509748058639316,-1.425323214842815,-0.5191430851976915,-0.8623666512914892,-0.7230827487641539,-0.4459900286841558,-1.2425303495809545,0.0017016552389096384,3.173049071881369,1.834055005650045,0.6771159266602602,1.3086371064991873,2017-2020,SPY down
94,GMV,0.04703838124163173,0.2601160948198751,0.24456582173663288,0.3167537215560221,-0.29167913043646054,0.1612675585368237,0.12009417297576046,0.047548135949841974,0.24643789413341968,0.0005097547082102416,0.4874785252751044,3.7868516871695794,0.4353961752873612,1.6493406974756406,2017-2020,SPY down
94,Max Sharpe,-0.11598771204965108,0.28609642673944247,-0.3422077714712554,-0.4201191134857623,-0.32991903416192814,-0.3515641719317199,-0.2697896646417487,-0.11356534186711265,-0.33234037442195463,0.002422370182538436,2.775501494181725,2.7952164559910115,0.4768249458010508,1.5309073003889717,2017-2020,SPY down
94,Inverse vol,0.015925500727692166,0.27111795644918646,0.13451445646243937,0.171707544561917,-0.29446249022081805,0.05408329161296435,0.040372661843657565,0.016123254772787865,0.1352350408911001,0.00019775404509569938,0.1960130433310449,10.458033445809367,0.14288466806413452,1.6831640512527848,2017-2020,SPY down
94,Risk parity (ERC),0.0064442240120621275,0.2697211230704624,0.09942591204465122,0.12560220834618782,-0.3038514426738823,0.0212084693603992,0.01595691715100783,0.006616804925597908,0.10006440461592807,0.0001725809135357803,0.172613396798813,9.351976335442764,0.18994819754218306,1.7718569690640726,2017-2020,SPY down
94,Most diversified,-0.0310048620700909,0.27690045887007,-0.03168499684511939,-0.03891919473168129,-0.3377770921479607,-0.09179089639539396,-0.07082339991333265,-0.0305790057057459,-0.03008400662872284,0.00042585636434500085,0.44286871431043906,6.480449459650172,0.2715545301869654,1.8789496400480354,2017-2020,SPY down
94,Max decorrelation,-0.023733412376708674,0.30388047160321907,0.022042821839003194,0.027348659033858507,-0.3551052384881902,-0.06683486979169974,-0.05214928409865919,-0.023120824131382944,0.024131564940854427,0.0006125882453257292,0.6352841576181532,7.809755360991172,0.18019361109449494,1.7539086563408843,2017-2020,SPY down
95,EW,0.5269261061014257,0.15518712939169826,2.518936731579037,3.99497891698214,-0.11515357705668983,4.575855301846344,2.449069698537191,0.5273790241650795,2.5206765703425824,0.0004529180636538843,0.29884079414338927,11.999999999999998,0.08333333333333333,1.675709151343476,2021-2026,SPY up
95,Markowitz (λ=3),1.6935180318617493,0.4670399358758971,2.2592081809589852,3.7943171701707366,-0.27046762522945067,6.2614445275106645,4.571298317397807,1.7010772703590402,2.264802611476361,0.007559238497290899,2.8616558343214322,1.4978953192784112,0.7614812884328597,1.0783412784550603,2021-2026,SPY up
95,GMV,0.2521207963749428,0.10947772889301426,1.7010486644691294,2.485562598522918,-0.08903509001957122,2.8317014821855397,1.3337248462644695,0.25301997240610863,1.7073900635048085,0.0008991760311658492,0.7201593977647633,4.510124021089447,0.3691584949532245,1.5785602228494395,2021-2026,SPY up
95,Max Sharpe,0.915799386935604,0.23208311755014266,2.7275381695915395,4.506350417335961,-0.10365639268355464,8.834953283888472,4.496786842132628,0.9211580396693448,2.738221587646283,0.00535865273374081,2.8295733555879754,2.672924853749565,0.5681307396874793,1.295423446480128,2021-2026,SPY up
95,Inverse vol,0.44360890921635265,0.12772810701332055,2.590220611129899,4.0548960792411695,-0.08605692092805262,5.1548312957563205,2.3842644874677585,0.44399742108420903,2.5921624550394675,0.00038851186785637815,0.2705914718657712,10.909236074230996,0.14125442736916793,1.7076386907299415,2021-2026,SPY up
95,Risk parity (ERC),0.4362961104294458,0.12398521809488391,2.623601497218712,4.127276850635535,-0.0843074669012146,5.175058941584214,2.367218853174801,0.43672357050456734,2.625812849941896,0.00042746007512151074,0.2991747491330133,10.99614280077505,0.12214319782748753,1.763312153509553,2021-2026,SPY up
95,Most diversified,0.37495186870527286,0.1308270073599575,2.1589569006044136,3.3748969024474333,-0.08977734846383245,4.176464053806683,1.97574616644373,0.37603584419783376,2.1646529139577537,0.0010839754925608958,0.7918803401972045,6.763609987200412,0.2368526985573684,1.857989454890744,2021-2026,SPY up
95,Max decorrelation,0.4579856531257409,0.1466084055724181,2.3418590914573887,3.753449127111017,-0.09561500452805993,4.789893128032398,2.341260345701371,0.4592158955641952,2.347223157486964,0.0012302424384542654,0.8485808169778537,7.485766932193135,0.2094374912721399,1.8203594171797377,2021-2026,SPY up
96,EW,0.7062016811737606,0.21941010119262222,2.5375825127165568,3.645671195040973,-0.1146580286165334,6.159199575422737,3.2898917675020867,0.7071790017216846,2.540305366311996,0.0009773205479239877,0.5716948871401277,11.999999999999998,0.08333333333333333,1.325974804728639,2017-2020,SPY up
96,Markowitz (λ=3),2.014528611904789,0.6300118515905535,2.0641190821745106,3.3382433611264237,-0.3357581837837069,5.999938971562147,4.623042519620747,2.0214976955268833,2.0678467556037794,0.006969083622094363,2.3091502538847606,1.6614022397168031,0.7456947669174883,1.0956215287519626,2017-2020,SPY up
96,GMV,0.3310487387855514,0.15813770146414638,1.8744566077988774,2.7094852568998107,-0.09968562803801262,3.3209274526445705,1.657849601086625,0.33271292262677266,1.8821725448615678,0.001664183841221245,1.253784359595881,3.5071147693750677,0.42116391815424076,1.243518657457337,2017-2020,SPY up
96,Max Sharpe,1.2488301506746673,0.499274157362624,1.8699163289728378,2.9186303120654933,-0.2826159684786804,4.41882373949749,3.2639258513964844,1.2553164510987789,1.8757376026114805,0.00648630042411158,2.8852013731211468,2.7491407798659475,0.49317297242985325,1.2147255104764612,2017-2020,SPY up
96,Inverse vol,0.5785717011798328,0.19060151476969203,2.4813038491135977,3.535383058825198,-0.11258949964782816,5.138771403990278,2.7215441126597693,0.5791907271393419,2.4834127432708244,0.0006190259595091341,0.39204822993467203,11.206044847133018,0.11620641823247317,1.3089999224963718,2017-2020,SPY up
96,Risk parity (ERC),0.5981040891822642,0.19476093298282146,2.495703174154644,3.5534628109514115,-0.1124997509324106,5.316492563095564,2.8146107774615796,0.5988706824922505,2.49824150492531,0.0007665933099862965,0.4793360874850806,11.083798593533878,0.13604928238289565,1.3353854934872063,2017-2020,SPY up
96,Most diversified,0.7396545622749726,0.24142832627429772,2.407787432082007,3.5116972067700245,-0.12047635475704066,6.139416848780006,3.354802210377857,0.7418036839452538,2.413156674693253,0.00214912167028114,1.2309331966501915,4.63707760007591,0.3416014780856069,1.4730791956959464,2017-2020,SPY up
96,Max decorrelation,1.0854693087522684,0.3213307933058817,2.4448896312729502,3.687551328666298,-0.17283313746144846,6.2804467053917215,3.978509791192964,1.0882235086075696,2.449342094077579,0.0027541998553011204,1.3076945053738838,5.039886582154763,0.26313912769734066,1.4216528224377463,2017-2020,SPY up
97,EW,0.5929815450766049,0.14986269494940413,2.8824378709760086,4.66911743743237,-0.09250000352285193,6.410611053978069,3.080423554414176,0.5936159759163175,2.8850598391897004,0.0006344308397125964,0.3992617022519376,11.999999999999998,0.08333333333333333,1.5486037249053162,2021-2026,SPY up
97,Markowitz (λ=3),2.068143782396667,0.4050393199110477,2.860293901262872,5.212609922783512,-0.1979116348001696,10.449834263078376,6.942138341739883,2.0778696242270267,2.8679319893933206,0.009725841830359627,3.1939005490762393,1.452010272923733,0.8061297788750366,1.0955352975697326,2021-2026,SPY up
97,GMV,0.2408878757178703,0.10705215165278412,1.6475662102732127,2.6328533018752,-0.10252459192615837,2.3495619069751164,1.1894253109059436,0.2420899175562683,1.6568248487886599,0.0012020418383980047,0.9675274495509035,3.7873038285986595,0.4278391046630403,1.4907518444728036,2021-2026,SPY up
97,Max Sharpe,1.027708197380178,0.23254039732709153,2.964714996156329,5.23444550376275,-0.09327824352633418,11.017662410099273,5.317247190525884,1.033753705596825,2.9771244246542605,0.006045508216646844,2.9940600257454815,2.437479524454541,0.5826859966522038,1.2834386503334678,2021-2026,SPY up
97,Inverse vol,0.4779843056819604,0.11507369362389067,3.0616815377666438,4.944580274077885,-0.08493697619455232,5.627517332228944,2.5845794362892818,0.47858427801141934,3.0651919833801204,0.0005999723294589643,0.40658955687581194,10.587258458606081,0.139989142562775,1.5911364675828703,2021-2026,SPY up
97,Risk parity (ERC),0.4509821970401877,0.11181088637968933,2.9825640847846095,4.782055095832699,-0.089138064672456,5.059367159219275,2.384407378922831,0.4515311326624456,2.985962193934005,0.0005489356222578845,0.3787672743558061,9.870925292512794,0.17826375205006506,1.630261439834963,2021-2026,SPY up
97,Most diversified,0.3760812205570174,0.11429060090027358,2.455955938806848,3.8682225006755484,-0.10620290316570846,3.541157627020964,1.8238405705412963,0.37699091355685765,2.461941316887114,0.0009096929998402281,0.660614970738574,4.8894399950494725,0.3540895063027768,1.7366828041866875,2021-2026,SPY up
97,Max decorrelation,0.5103524724601032,0.15760066335179881,2.4098633129862583,3.8259132353156997,-0.11441528995748818,4.460526846103596,2.380205593366453,0.5114301622369843,2.4144773416739227,0.0010776897768811633,0.7135890938765191,6.696479481250999,0.2326571470038279,1.6223771007305583,2021-2026,SPY up
98,EW,0.26229818930014415,0.1189876631637392,1.9577855291548658,2.868748817147113,-0.052927043054585066,4.95584438808775,1.7151851239713087,0.2625459048469645,1.9595011032206677,0.00024771554682034846,0.19589998394352542,11.999999999999998,0.08333333333333333,1.6716347385861403,2012-2016,SPY up
98,Markowitz (λ=3),0.1296848489345772,0.21060332259429124,0.6506358048339803,0.8921235175144852,-0.17367829086106645,0.7466957919243822,0.47385873584109783,0.1319108182681965,0.659945626232417,0.002225969333619293,1.9735572189654687,1.6951578927014144,0.7075339859410488,1.1595101910457064,2012-2016,SPY up
98,GMV,0.17982217727903826,0.11200086693230546,1.4690023765471818,2.1161189148475317,-0.06500641774207017,2.766221913542897,1.08978898966298,0.18104801160574824,1.4789134288422319,0.0012258343267099736,1.0332430782858775,3.328942677597358,0.5081918092941767,1.4932020678124551,2012-2016,SPY up
98,Max Sharpe,0.16212318909494083,0.12651313281930016,1.1945386302996466,1.7136400331191057,-0.0720635813685424,2.2497242853615895,0.9422283774722189,0.16483213798850316,1.2150755559053144,0.002708948893562324,2.2981531879163124,2.1375332737134496,0.652340854449809,1.3070980895464461,2012-2016,SPY up
98,Inverse vol,0.22504092314127533,0.11312656700697968,1.7881861163090786,2.5788620656617782,-0.050088760063242144,4.492842762670474,1.4993855838801717,0.225318596721495,1.790283974498463,0.0002776735802196839,0.22610663284729188,10.937088895280318,0.14089435332663897,1.6525130930534986,2012-2016,SPY up
98,Risk parity (ERC),0.22544236921335248,0.11306374609873325,1.792017941377579,2.5895454440329666,-0.04989624667859982,4.518222997122613,1.5039894207407003,0.22579638894833365,1.794697207872958,0.00035401973498117023,0.28814118907164066,11.153530973840425,0.129595017886911,1.6878459191979682,2012-2016,SPY up
98,Most diversified,0.20610809990230106,0.11820296208794995,1.5844343431446248,2.322413707706714,-0.056928493680929004,3.6204734496838986,1.3133886336879348,0.20694914349427385,1.5906861521163307,0.0008410435919727899,0.6942288077320847,7.962197441973563,0.20544561282141158,1.7693327729938786,2012-2016,SPY up
98,Max decorrelation,0.2505172693522637,0.12305083280538062,1.8207675828957883,2.7434059323867515,-0.05666688028254163,4.420876323227644,1.5990442198151078,0.25129237467638776,1.8261151918136658,0.0007751053241240591,0.6174230055664318,7.5039103872015955,0.21697517047026066,1.7418988326455211,2012-2016,SPY up
99,EW,0.41376151969166086,0.11652705546450771,2.9069207787765117,4.675990778648622,-0.05070166229660833,8.16070915527634,2.7455670586917797,0.41414770714496907,2.9094502107865665,0.0003861874533082066,0.2726197431442105,11.999999999999998,0.08333333333333333,1.6632243624250074,2012-2016,SPY up
99,Markowitz (λ=3),1.621819824679092,0.47970618482314353,2.2073600505357582,4.217234610868268,-0.19044962744426597,8.515741650131128,5.58382477178526,1.6251342450703383,2.2101012959891646,0.0033144203912462977,1.2558278462865253,1.4934019821257807,0.7703743724733514,1.1088316682085395,2012-2016,SPY up
99,GMV,0.1356906463632721,0.07804762264707235,1.4836513632884458,2.162225575164332,-0.04466067871691881,3.038257596203266,0.937992601491938,0.13673082615206078,1.495905534159062,0.0010401797887886755,0.913702607117751,5.792307093946572,0.2610262152721968,1.6702814722459816,2012-2016,SPY up
99,Max Sharpe,0.6637110323393636,0.2293255728673912,2.2701662848161916,4.035313222936233,-0.10176994768873393,6.521679998984978,3.2894444387885553,0.6666418158660659,2.278233614346661,0.0029307835267022853,1.7540460991964302,3.286267968691978,0.3937107280634866,1.5399674982694447,2012-2016,SPY up
99,Inverse vol,0.2707108674508325,0.08981410207000877,2.551832421979095,4.0187220517665025,-0.04116500834548631,6.576237399949795,1.917691010142517,0.27110052808970675,2.555532887126418,0.0003896606388742452,0.30596622838854093,10.969894102294678,0.12317611583182118,1.6939953058710135,2012-2016,SPY up
99,Risk parity (ERC),0.27609140750238903,0.08852958191909341,2.6353602702718346,4.1596426367863835,-0.041194668047783156,6.702115117959946,1.9553954219358627,0.2764732883649068,2.6389972651291402,0.00038188086251778053,0.2987229142985474,10.487403925197055,0.1410122856977561,1.7563851454838935,2012-2016,SPY up
99,Most diversified,0.32684871269903937,0.09762517678573751,2.7985013080733774,4.398067872629937,-0.04498214525459954,7.266187747362233,2.2544066521092545,0.32802445599877017,2.8086650375958575,0.0011757432997308026,0.8829133374052547,5.9017025589565675,0.2784867015028153,1.876995755318063,2012-2016,SPY up
99,Max decorrelation,0.5329636229615329,0.1382501837910642,3.0564136720010278,5.1447629971495905,-0.04701874329514866,11.335131175582132,3.625140652247159,0.5344930423295235,3.0645687285342316,0.0015294193679906698,0.9928177013153998,6.6897166790297495,0.22298112393970737,1.7476734474172724,2012-2016,SPY up
100,EW,0.14443894437121796,0.2655277814663639,0.4990866104809994,0.7368915235478881,-0.20454764961523686,0.7061383723690493,0.47427371235240534,0.14477226615482652,0.5002063526996151,0.00033332178360856446,0.2844116084304964,11.999999999999998,0.08333333333333333,1.4312401726176738,2021-2026,SPY up
100,Markowitz (λ=3),-0.10896928896944347,0.2682808859485737,-0.4347148015594354,-0.567236347338407,-0.21424720739304925,-0.5086147460000858,-0.34676295096919846,-0.10560112292364199,-0.4215586193399091,0.0033681660458014795,3.6763379818168977,2.074264459689576,0.6229556887879686,1.232442875849296,2021-2026,SPY up
100,GMV,0.06377332371252464,0.199873945455792,0.22143336077852316,0.3095875606611919,-0.12333414670808585,0.5170775929837736,0.28555115575712237,0.064934161220217,0.22689936498661267,0.0011608375076923583,1.0786813961116533,3.273524107322462,0.4707667515673648,1.5330849879874322,2021-2026,SPY up
100,Max Sharpe,-0.13808911657683687,0.29415872223388456,-0.4842984974940263,-0.6297359381029498,-0.21079512978588022,-0.6550868453037977,-0.4443091391810813,-0.13514018998197774,-0.4733706835811498,0.002948926594859125,3.3367388530818323,1.402606724557756,0.8495371214958578,1.0859060898619417,2021-2026,SPY up
100,Inverse vol,0.14497722112130518,0.24055806740525829,0.5267519727697219,0.7747155808091448,-0.18382356979313497,0.7886759096477924,0.5108004991515397,0.14530089296642612,0.5279550451855305,0.00032367184512094305,0.27715650150427457,11.128235440331402,0.12978875499057696,1.4786871143071176,2021-2026,SPY up
100,Risk parity (ERC),0.14048514879377816,0.22982500648231474,0.5233304487136617,0.7663213031963837,-0.17372313069808076,0.8086726749009145,0.5132381338599208,0.14084572420705466,0.5247392313141894,0.0003605754132764982,0.31032234894902805,10.013488055573344,0.18164058016585605,1.5325571927518564,2021-2026,SPY up
100,Most diversified,0.04815173830119557,0.20896046174624722,0.1496432498003998,0.21349233915670332,-0.14864625119873986,0.323935100366687,0.1936555973357848,0.04922656729431729,0.15453418298050134,0.0010748289931217236,1.0135547815056352,4.666452069581824,0.34458639478665787,1.6657195223487027,2021-2026,SPY up
100,Max decorrelation,0.007062081610806015,0.23603867283790433,-0.011540986089226449,-0.01646352183277823,-0.17653352038549885,0.04000419634403961,0.025537886332771483,0.008214200496815538,-0.006789625486569101,0.0011521188860095233,1.1221979109197286,5.710467276226147,0.2421617040665081,1.6045614969809283,2021-2026,SPY up
1,SPY (buy & hold),0.16335530713304358,0.1403328048650495,1.1007936438922208,1.5844237624849171,-0.11672354911638017,1.3995059983154627,0.753749686174261,0.16335530713304358,1.1007936438922208,0.0,0.0,,,,2021-2026,SPY up
2,SPY (buy & hold),0.20411777128483832,0.12660702153346656,1.4510719632569409,2.129039572968512,-0.056060577819984414,3.6410215381703512,1.3079393536546289,0.20411777128483832,1.4510719632569409,0.0,0.0,,,,2012-2016,SPY up
3,SPY (buy & hold),0.1628591950549998,0.19246365976676158,0.6841280322146075,1.0229572325224243,-0.1875523733391441,0.8683398250605311,0.5663635920087536,0.1628591950549998,0.6841280322146075,0.0,0.0,,,,2021-2026,SPY up
4,SPY (buy & hold),0.4023918374077702,0.1696333722117928,2.0666922561324483,2.8722008578299114,-0.09440448122954803,4.262423056267206,2.0698691453137634,0.4023918374077702,2.0666922561324483,0.0,0.0,,,,2017-2020,SPY up
5,SPY (buy & hold),-0.06903970969523121,0.16603410053087966,-0.41050955099120273,-0.5605656477755105,-0.13022921640775031,-0.5301399455485203,-0.29987379869702363,-0.06903970969523121,-0.41050955099120273,0.0,0.0,,,,2012-2016,SPY down
6,SPY (buy & hold),-0.005715359810370191,0.15613451266332135,-0.1251640472128133,-0.16051625688133314,-0.10876352344554274,-0.0525484981482035,-0.027377195575361505,-0.005715359810370191,-0.1251640472128133,0.0,0.0,,,,2017-2020,SPY down
7,SPY (buy & hold),0.11716311838344828,0.11636954867006481,0.9276918508387484,1.3533769735303374,-0.07273442213020986,1.6108345258274237,0.6782847155683244,0.11716311838344828,0.9276918508387484,0.0,0.0,,,,2012-2016,SPY up
8,SPY (buy & hold),0.21294855228008003,0.11710648018901643,1.3314358870102099,2.0261683747877637,-0.09974311205185471,2.1349700034361447,1.0661121181730517,0.21294855228008003,1.3314358870102099,0.0,0.0,,,,2021-2026,SPY up
9,SPY (buy & hold),0.3862332977621099,0.1694864904987693,1.9998171845238184,2.776779607865069,-0.09440448122954848,4.091260210656392,1.9867510014136671,0.3862332977621099,1.9998171845238184,0.0,0.0,,,,2017-2020,SPY up
10,SPY (buy & hold),-0.0334698465486013,0.235173440640384,-0.17765066123715234,-0.2503641044737917,-0.22094832111662133,-0.1514826923302811,-0.10428422380324444,-0.0334698465486013,-0.17765066123715234,0.0,0.0,,,,2021-2026,SPY down
11,SPY (buy & hold),0.07653881772776017,0.15197324429828152,0.49866108746412513,0.7060596513766503,-0.12865545516123855,0.594913116057436,0.33473427377356074,0.07653881772776017,0.49866108746412513,0.0,0.0,,,,2021-2026,SPY up
12,SPY (buy & hold),0.3816038553689163,0.12286729127088657,2.3487294797265243,3.5580179355269927,-0.0840563302192775,4.539858620682433,2.073299271556096,0.3816038553689163,2.3487294797265243,0.0,0.0,,,,2021-2026,SPY up
13,SPY (buy & hold),0.20533392356062596,0.19263921898770714,0.8598455947732832,1.3196310421177815,-0.16680300155572725,1.2309965746751022,0.7696087463908752,0.20533392356062596,0.8598455947732832,0.0,0.0,,,,2021-2026,SPY up
14,SPY (buy & hold),0.06245261684784276,0.21001476296867164,0.2108976593452516,0.3082176069522564,-0.16680300155572758,0.37440943067788757,0.23407763962055045,0.06245261684784276,0.2108976593452516,0.0,0.0,,,,2021-2026,SPY up
15,SPY (buy & hold),0.2221090130953136,0.07309314485472468,2.581851201782837,4.175604271372544,-0.029503581363191866,7.528205147745649,1.7150800831709083,0.2221090130953136,2.581851201782837,0.0,0.0,,,,2012-2016,SPY up
16,SPY (buy & hold),0.004514468385289794,0.16595465723718078,0.04726478487137611,0.06578835014019083,-0.13022921640775076,0.034665557467188364,0.019608581637590165,0.004514468385289794,0.04726478487137611,0.0,0.0,,,,2012-2016,SPY up
17,SPY (buy & hold),0.0439824180641224,0.16317008723923251,0.1988331756499496,0.2726284127690491,-0.19348906689917666,0.22731216171010205,0.14986049916207556,0.0439824180641224,0.1988331756499496,0.0,0.0,,,,2017-2020,SPY up
18,SPY (buy & hold),0.15712184978964383,0.12799031995596516,1.1743464229523612,1.8080289671948753,-0.096869916210371,1.621988083982901,0.7980998458989883,0.15712184978964383,1.1743464229523612,0.0,0.0,,,,2012-2016,SPY up
19,SPY (buy & hold),0.14569049245758348,0.12831080318268756,1.0951520300968396,1.6461808690915318,-0.08981086368843383,1.622192310308959,0.7675561325969624,0.14569049245758348,1.0951520300968396,0.0,0.0,,,,2012-2016,SPY up
20,SPY (buy & hold),0.13801918840349536,0.19399342283904086,0.5708755696996645,0.8516880515378662,-0.1875523733391441,0.7358967841687629,0.4799793053375819,0.13801918840349536,0.5708755696996645,0.0,0.0,,,,2021-2026,SPY up
21,SPY (buy & hold),0.17156569610879724,0.196789662891398,0.7013891954684841,1.0502140454181845,-0.18755237333914387,0.9147615306288952,0.5966415582543286,0.17156569610879724,0.7013891954684841,0.0,0.0,,,,2021-2026,SPY up
22,SPY (buy & hold),0.3733864369127309,0.14003956469750997,2.3163808322992856,3.507784978419895,-0.07346154886120215,5.082746589215062,2.1525602611302728,0.3733864369127309,2.3163808322992856,0.0,0.0,,,,2017-2020,SPY up
23,SPY (buy & hold),0.21638775659051457,0.0689700674155823,2.6528615334306886,4.1362351474727195,-0.02610102651527957,8.290392581450424,1.7159872728260068,0.21638775659051457,2.6528615334306886,0.0,0.0,,,,2012-2016,SPY up
24,SPY (buy & hold),0.21446087911028777,0.12802499312068416,1.5534348958792101,2.3513835360309803,-0.07345540127600003,2.9196066645184637,1.2364035800132873,0.21446087911028777,1.5534348958792101,0.0,0.0,,,,2012-2016,SPY up
25,SPY (buy & hold),0.13258825844024513,0.1289708369501897,1.000358884817243,1.5061369761449483,-0.09686991621037089,1.3687248180570868,0.6734815607813041,0.13258825844024513,1.000358884817243,0.0,0.0,,,,2012-2016,SPY up
26,SPY (buy & hold),-0.05739986345322612,0.2311913315910621,-0.3007047798569321,-0.4191823356189699,-0.1914476997218837,-0.29982007376746217,-0.1969473888728592,-0.05739986345322612,-0.3007047798569321,0.0,0.0,,,,2021-2026,SPY down
27,SPY (buy & hold),0.23182308377112926,0.10091153832013856,2.038645180536128,2.9708438346533774,-0.056960093330378436,4.069921066078932,1.4769555678281547,0.23182308377112926,2.038645180536128,0.0,0.0,,,,2012-2016,SPY up
28,SPY (buy & hold),0.04536602225654174,0.16259021163552242,0.20623887467008173,0.28236649238045125,-0.19348906689917666,0.2344629750071671,0.15457482875205872,0.04536602225654174,0.20623887467008173,0.0,0.0,,,,2017-2020,SPY up
29,SPY (buy & hold),0.26537773483644633,0.06841479306051088,3.24152595395346,5.21184869990818,-0.026101026515280235,10.16732942212396,2.104485127282364,0.26537773483644633,3.24152595395346,0.0,0.0,,,,2017-2020,SPY up
30,SPY (buy & hold),-0.1069326456508316,0.21056411465617686,-0.5216483949070743,-0.69777610410843,-0.2300997639033483,-0.4647229698842623,-0.32394038816138326,-0.1069326456508316,-0.5216483949070743,0.0,0.0,,,,2021-2026,SPY down
31,SPY (buy & hold),0.14671680301874468,0.20480907333304424,0.574361203213231,0.8470840399329623,-0.1875523733391441,0.7822711086329046,0.510226367861358,0.14671680301874468,0.574361203213231,0.0,0.0,,,,2021-2026,SPY up
32,SPY (buy & hold),0.1570232288234199,0.16616414938347301,0.7054269452751198,1.0983327006903874,-0.07582727623788876,2.0708013872316804,0.8930538661758738,0.1570232288234199,0.7054269452751198,0.0,0.0,,,,2021-2026,SPY up
33,SPY (buy & hold),0.1154016511177649,0.14651496325768198,0.7514917017448642,1.0660557238870805,-0.12820756361365304,0.9001157799513444,0.5056872317919121,0.1154016511177649,0.7514917017448642,0.0,0.0,,,,2012-2016,SPY up
34,SPY (buy & hold),0.14769123832963205,0.11686268398029223,1.1561710030613723,1.670195314150544,-0.07273442213020975,2.030554914772458,0.8550191473607976,0.14769123832963205,1.1561710030613723,0.0,0.0,,,,2012-2016,SPY up
35,SPY (buy & hold),0.16689999483050633,0.09996402095819377,1.4823798541079933,2.1525252739753267,-0.05524345452701718,3.021172304655256,1.0750855508788009,0.16689999483050633,1.4823798541079933,0.0,0.0,,,,2012-2016,SPY up
36,SPY (buy & hold),0.20619822522254405,0.11712277259538417,1.2748717744362592,1.8641253655043903,-0.09715953518528275,2.1222644265364696,1.0458445493329405,0.20619822522254405,1.2748717744362592,0.0,0.0,,,,2021-2026,SPY up
37,SPY (buy & hold),0.5868010197018003,0.21161679412497758,2.2793709265262554,3.4225137244374455,-0.09440448122954792,6.215817427935146,3.018454183722856,0.5868010197018003,2.2793709265262554,0.0,0.0,,,,2017-2020,SPY up
38,SPY (buy & hold),0.1383511128511914,0.1802997768133415,0.5767932445503563,0.8751534966086735,-0.12883011462818472,1.0739035143334703,0.6046018596634084,0.1383511128511914,0.5767932445503563,0.0,0.0,,,,2021-2026,SPY up
39,SPY (buy & hold),0.204797983363181,0.11293129809984812,1.6469678398980003,2.3582668765816845,-0.05696009333037866,3.595464322281151,1.3047774056308084,0.204797983363181,1.6469678398980003,0.0,0.0,,,,2012-2016,SPY up
40,SPY (buy & hold),0.24706295543295265,0.1160158964966212,1.5788825155758457,2.411770799661714,-0.09974311205185515,2.4769926499236137,1.2369035051822603,0.24706295543295265,1.5788825155758457,0.0,0.0,,,,2021-2026,SPY up
41,SPY (buy & hold),0.18963079172065989,0.19104758315355738,0.8103942393095365,1.2254477784246627,-0.137246649305795,1.3816788437446614,0.799298081871911,0.18963079172065989,0.8103942393095365,0.0,0.0,,,,2021-2026,SPY up
42,SPY (buy & hold),0.3565842522714109,0.12226173609209705,2.5275560958498726,3.8650553302999007,-0.05114139334552914,6.972517347390263,2.359275936117727,0.3565842522714109,2.5275560958498726,0.0,0.0,,,,2017-2020,SPY up
43,SPY (buy & hold),-0.0504315676087953,0.23203064285866512,-0.26624224048164735,-0.371633363941836,-0.19204737005557915,-0.26259962630157463,-0.1726828342922511,-0.0504315676087953,-0.26624224048164735,0.0,0.0,,,,2021-2026,SPY down
44,SPY (buy & hold),0.20486446406260916,0.06857121567548088,2.5299936040013242,3.9007376843591994,-0.026101026515280346,7.848904484376321,1.6246058396502,0.20486446406260916,2.5299936040013242,0.0,0.0,,,,2012-2016,SPY up
45,SPY (buy & hold),0.11126510245360133,0.15465387661114316,0.6475550754207426,0.8651029847531116,-0.12437146162742829,0.8946192397972386,0.4958968562515248,0.11126510245360133,0.6475550754207426,0.0,0.0,,,,2017-2020,SPY up
46,SPY (buy & hold),0.26537773483644633,0.06841479306051088,3.24152595395346,5.21184869990818,-0.026101026515280235,10.16732942212396,2.104485127282364,0.26537773483644633,3.24152595395346,0.0,0.0,,,,2017-2020,SPY up
47,SPY (buy & hold),0.10378699375459277,0.11781731004675343,0.8145836117416585,1.189374507949408,-0.07273442213020986,1.4269308906970113,0.6008471992707772,0.10378699375459277,0.8145836117416585,0.0,0.0,,,,2012-2016,SPY up
48,SPY (buy & hold),0.25079805508348696,0.1297727967614009,1.7529511137183513,2.581683550947084,-0.05114139334552936,4.9040129467925615,1.6593604804881557,0.25079805508348696,1.7529511137183513,0.0,0.0,,,,2021-2026,SPY up
49,SPY (buy & hold),0.15215990074708285,0.12472604400868736,1.006174605422552,1.3445461960996985,-0.10101897290906425,1.5062507206844686,0.7569429817747404,0.15215990074708285,1.006174605422552,0.0,0.0,,,,2017-2020,SPY up
50,SPY (buy & hold),0.1656227814188076,0.11220268204344319,1.359102251295254,1.9245275224071838,-0.05696009333037799,2.907698561134161,1.0551903856873728,0.1656227814188076,1.359102251295254,0.0,0.0,,,,2012-2016,SPY up
51,SPY (buy & hold),0.27557359852509977,0.12906411150855115,1.9167911225847636,2.84344048594295,-0.05114139334552903,5.38846481290075,1.8232834329845193,0.27557359852509977,1.9167911225847636,0.0,0.0,,,,2017-2020,SPY up
52,SPY (buy & hold),0.04054742253087551,0.16624952826528774,0.2594588363461591,0.3628887692894375,-0.13022921640775043,0.31135426941309907,0.17611762383390764,0.04054742253087551,0.2594588363461591,0.0,0.0,,,,2012-2016,SPY up
53,SPY (buy & hold),0.35396265267252236,0.1379665924655655,2.245569592710139,3.3943397005999976,-0.07346154886120182,4.818339092486316,2.0405827977228057,0.35396265267252236,2.245569592710139,0.0,0.0,,,,2017-2020,SPY up
54,SPY (buy & hold),0.0063420122189041805,0.16651858793598756,0.05844118668819123,0.0814655232832212,-0.1302292164077511,0.04869884342271687,0.02754651350448963,0.0063420122189041805,0.05844118668819123,0.0,0.0,,,,2012-2016,SPY up
55,SPY (buy & hold),0.19393737129160615,0.09633325810174673,1.7640126500476214,2.5644374719328895,-0.0552434545270174,3.51059456639807,1.2492466872917645,0.19393737129160615,1.7640126500476214,0.0,0.0,,,,2012-2016,SPY up
56,SPY (buy & hold),0.2962334527493584,0.11857171970858323,2.08826712729546,2.964523525134228,-0.06618368508481476,4.4759286577913215,1.7825663969250078,0.2962334527493584,2.08826712729546,0.0,0.0,,,,2017-2020,SPY up
57,SPY (buy & hold),-0.040339891834787256,0.17500299884766818,-0.2986111230877031,-0.39658291037336985,-0.19348906689917644,-0.20848667307805885,-0.13744938529054437,-0.040339891834787256,-0.2986111230877031,0.0,0.0,,,,2017-2020,SPY down
58,SPY (buy & hold),0.21219158002065575,0.1895282709441619,0.9146492004238941,1.3964647180021845,-0.13724664930579544,1.5460601850313853,0.8943923155144529,0.21219158002065575,0.9146492004238941,0.0,0.0,,,,2021-2026,SPY up
59,SPY (buy & hold),0.20845071124831516,0.12784489553348918,1.2484866018751326,1.8049309371358575,-0.08884972983911354,2.346104052604004,1.1037914188487334,0.20845071124831516,1.2484866018751326,0.0,0.0,,,,2021-2026,SPY up
60,SPY (buy & hold),0.053363220637550945,0.16338464511430642,0.2362739419327777,0.32808523000578554,-0.19348906689917622,0.2757945009128479,0.18182353844166566,0.053363220637550945,0.2362739419327777,0.0,0.0,,,,2017-2020,SPY up
61,SPY (buy & hold),-0.015818129535436598,0.17653155150203065,-0.15291483059921754,-0.20419235538999783,-0.1934890668991771,-0.08175205859915112,-0.05389682723980527,-0.015818129535436598,-0.15291483059921754,0.0,0.0,,,,2017-2020,SPY down
62,SPY (buy & hold),0.16985962692802814,0.3330570199838062,0.6201180911384163,0.8457872634170172,-0.33717249020383333,0.5037766480454609,0.3885414355528877,0.16985962692802814,0.6201180911384163,0.0,0.0,,,,2017-2020,SPY up
63,SPY (buy & hold),0.1765683056946663,0.16589894565382468,0.8071708365433504,1.2608309305031569,-0.07582727623788832,2.3285592527513352,1.0042145307180632,0.1765683056946663,0.8071708365433504,0.0,0.0,,,,2021-2026,SPY up
64,SPY (buy & hold),-0.1299888638623492,0.2411171163494768,-0.5713011111466563,-0.7895173383468198,-0.2449638204750677,-0.5306451524566232,-0.37681883185122067,-0.1299888638623492,-0.5713011111466563,0.0,0.0,,,,2021-2026,SPY down
65,SPY (buy & hold),0.24677207024784087,0.12698695362350654,1.467371452859988,2.0870024868503125,-0.08405633021927716,2.9357940039029575,1.3407420975624513,0.24677207024784087,1.467371452859988,0.0,0.0,,,,2021-2026,SPY up
66,SPY (buy & hold),0.13891581067502212,0.20495490159415816,0.5414547524802944,0.7982638456484376,-0.18755237333914354,0.7406774342643276,0.4830974234776451,0.13891581067502212,0.5414547524802944,0.0,0.0,,,,2021-2026,SPY up
67,SPY (buy & hold),0.323759671006967,0.14829986263129188,1.9479534187126408,2.8176302110333578,-0.09440448122954836,3.429494731502545,1.665392016476611,0.323759671006967,1.9479534187126408,0.0,0.0,,,,2017-2020,SPY up
68,SPY (buy & hold),0.32307750155645776,0.11073986751450579,2.5355901075965597,3.8544833323045062,-0.0555054197178344,5.8206478430186515,2.0775964088112424,0.32307750155645776,2.5355901075965597,0.0,0.0,,,,2012-2016,SPY up
69,SPY (buy & hold),0.17442095927289225,0.19489728125849423,0.7252156321867255,1.0873020282386918,-0.18755237333914399,0.9299853484524737,0.6065710995442813,0.17442095927289225,0.7252156321867255,0.0,0.0,,,,2021-2026,SPY up
70,SPY (buy & hold),0.38390522988376796,0.1556337795012583,2.1517890134856734,3.1006797513257394,-0.09440448122954859,4.066599645310117,1.9747756196548834,0.38390522988376796,2.1517890134856734,0.0,0.0,,,,2017-2020,SPY up
71,SPY (buy & hold),0.26939501178281233,0.12282353649960637,1.973703846991934,3.0456847265830063,-0.07345540127600048,3.6674636187826493,1.5531082330157808,0.26939501178281233,1.973703846991934,0.0,0.0,,,,2012-2016,SPY up
72,SPY (buy & hold),-0.06382272228574137,0.2018075196946851,-0.3034829448918916,-0.4061973864007925,-0.23009976390334796,-0.27736978605744994,-0.19334373805983224,-0.06382272228574137,-0.3034829448918916,0.0,0.0,,,,2021-2026,SPY down
73,SPY (buy & hold),0.21837346387873713,0.11624588980025914,1.7071378186900987,2.4316100759107844,-0.0569600933303781,3.8337975082332534,1.3912674186494833,0.21837346387873713,1.7071378186900987,0.0,0.0,,,,2012-2016,SPY up
74,SPY (buy & hold),-0.04168358018027429,0.1751135500466073,-0.30688356972205105,-0.40754558633340554,-0.19348906689917644,-0.21543119127239801,-0.142027710335779,-0.04168358018027429,-0.30688356972205105,0.0,0.0,,,,2017-2020,SPY down
75,SPY (buy & hold),0.12523484610374291,0.11347052582381892,0.941314383723352,1.2318363454109513,-0.10101897290906392,1.2397160899317183,0.6230001292484769,0.12523484610374291,0.941314383723352,0.0,0.0,,,,2017-2020,SPY up
76,SPY (buy & hold),0.12487444903390221,0.20459049778823926,0.48208080726147245,0.7102696154006949,-0.18755237333914432,0.6658110841823162,0.4342668001095686,0.12487444903390221,0.48208080726147245,0.0,0.0,,,,2021-2026,SPY up
77,SPY (buy & hold),0.25705076126978676,0.1132555083239019,2.0247718673232664,2.9345650236254164,-0.0569600933303781,4.512821981854018,1.6376822657000618,0.25705076126978676,2.0247718673232664,0.0,0.0,,,,2012-2016,SPY up
78,SPY (buy & hold),0.19559210573594155,0.19356447410787775,0.8171050965190573,1.2533727077905883,-0.16680300155572747,1.17259344203465,0.7330955971088954,0.19559210573594155,0.8171050965190573,0.0,0.0,,,,2021-2026,SPY up
79,SPY (buy & hold),0.21141250213513518,0.10394660754782861,1.8184258401290256,2.61627097013309,-0.05696009333037744,3.71158981269412,1.34691881005794,0.21141250213513518,1.8184258401290256,0.0,0.0,,,,2012-2016,SPY up
80,SPY (buy & hold),0.14055078770898644,0.3323340744561465,0.5438325663851361,0.7401264110067659,-0.33717249020383344,0.4168512906376739,0.32149961596040516,0.14055078770898644,0.5438325663851361,0.0,0.0,,,,2017-2020,SPY up
81,SPY (buy & hold),0.7433820871157197,0.2396040586400919,2.431846889705386,3.9908366849780776,-0.09440448122954814,7.874436440238017,3.823893782767034,0.7433820871157197,2.431846889705386,0.0,0.0,,,,2017-2020,SPY up
82,SPY (buy & hold),0.21383883595093334,0.112448310672318,1.7194950095351398,2.466915507153369,-0.056960093330378325,3.7541868955626767,1.3623770947997174,0.21383883595093334,1.7194950095351398,0.0,0.0,,,,2012-2016,SPY up
83,SPY (buy & hold),0.03598005919191172,0.15178004765443415,0.24276703003188627,0.34420229772835953,-0.11910260432196629,0.30209296762854965,0.1642155706147602,0.03598005919191172,0.24276703003188627,0.0,0.0,,,,2012-2016,SPY up
84,SPY (buy & hold),0.3189556740691408,0.1230960917803644,1.959724273731164,3.0472645708381423,-0.09974311205185538,3.197771430104559,1.5968294014881306,0.3189556740691408,1.959724273731164,0.0,0.0,,,,2021-2026,SPY up
85,SPY (buy & hold),0.10997928934280488,0.12039258893639511,0.8453475324923831,1.236043575606495,-0.07273442213020931,1.5120665858308426,0.6366958478021314,0.10997928934280488,0.8453475324923831,0.0,0.0,,,,2012-2016,SPY up
86,SPY (buy & hold),0.2672937361996519,0.12406105062645903,1.6736508166915396,2.4409316905649283,-0.08884972983911321,3.008379841825749,1.415377911460967,0.2672937361996519,1.6736508166915396,0.0,0.0,,,,2021-2026,SPY up
87,SPY (buy & hold),0.353129604340056,0.12417283774103119,2.151703768839851,3.2197247240987683,-0.08405633021927728,4.201106608138243,1.9185952687383894,0.353129604340056,2.151703768839851,0.0,0.0,,,,2021-2026,SPY up
88,SPY (buy & hold),0.24719710025336616,0.1153959015638612,1.9214253503405134,2.7567782301055064,-0.056960093330378214,4.339829621057342,1.5749041365122798,0.24719710025336616,1.9214253503405134,0.0,0.0,,,,2012-2016,SPY up
89,SPY (buy & hold),0.0063420122189041805,0.16651858793598756,0.05844118668819123,0.0814655232832212,-0.1302292164077511,0.04869884342271687,0.02754651350448963,0.0063420122189041805,0.05844118668819123,0.0,0.0,,,,2012-2016,SPY up
90,SPY (buy & hold),0.24299082592478305,0.12016107317945528,1.7861990823884504,2.7198394918869147,-0.056060577819984636,4.334433132406298,1.557028875063324,0.24299082592478305,1.7861990823884504,0.0,0.0,,,,2012-2016,SPY up
91,SPY (buy & hold),0.11715523365084857,0.11391416948966816,0.9504002699718629,1.313422864505553,-0.07273442213020964,1.6107261214108017,0.6782390690058019,0.11715523365084857,0.9504002699718629,0.0,0.0,,,,2012-2016,SPY up
92,SPY (buy & hold),0.17733022595174086,0.12831167036560728,1.307660841931083,1.9829552719674297,-0.0898108636884336,1.9744852534424355,0.9342469788390027,0.17733022595174086,1.307660841931083,0.0,0.0,,,,2012-2016,SPY up
93,SPY (buy & hold),0.40612605278385017,0.1696604774344017,2.082110114464748,2.894090858878847,-0.09440448122954825,4.301978544814398,2.0890776293593047,0.40612605278385017,2.082110114464748,0.0,0.0,,,,2017-2020,SPY up
94,SPY (buy & hold),-0.09163986362710053,0.25791949227214367,-0.3062103821073758,-0.3798741471539316,-0.29109730060197037,-0.31480835939596563,-0.23431474337984434,-0.09163986362710053,-0.3062103821073758,0.0,0.0,,,,2017-2020,SPY down
95,SPY (buy & hold),0.29785763860092085,0.12449782235165226,1.7983383122098164,2.6534769929820694,-0.08657410258530729,3.440493516030636,1.596457570871774,0.29785763860092085,1.7983383122098164,0.0,0.0,,,,2021-2026,SPY up
96,SPY (buy & hold),0.4520669436207194,0.17346179686377172,2.2261375225228233,3.138206726379556,-0.09440448122954859,4.788617422953673,2.325393636821204,0.4520669436207194,2.2261375225228233,0.0,0.0,,,,2017-2020,SPY up
97,SPY (buy & hold),0.29457172181618585,0.11102389493236915,1.974482046017459,2.9981734821862,-0.0997431120518546,2.9533038999529455,1.4747528402366792,0.29457172181618585,1.974482046017459,0.0,0.0,,,,2021-2026,SPY up
98,SPY (buy & hold),0.1853352554178309,0.11202641847113773,1.5102981123116228,2.1440040660989363,-0.05696009333037788,3.253773731423789,1.1807794674773,0.1853352554178309,1.5102981123116228,0.0,0.0,,,,2012-2016,SPY up
99,SPY (buy & hold),0.2190427866347544,0.07317043657595193,2.545959024645069,4.113227733075974,-0.02950358136319209,7.424277884718991,1.6914033135535465,0.2190427866347544,2.545959024645069,0.0,0.0,,,,2012-2016,SPY up
100,SPY (buy & hold),0.05017035250041735,0.21814342359290542,0.16102787049914039,0.2342438656419568,-0.16680300155572703,0.3007760773636678,0.1880426839573553,0.05017035250041735,0.16102787049914039,0.0,0.0,,,,2021-2026,SPY up
